{
    "850f305d-14db-4c75-b547-79470a557ea3-58921": {
        "articles": {
            "resultCount": 19,
            "results": [
                {
                    "body": "Northwestern Mutual Life Insurance is exploring a possible sale of its Russell Investments asset management business, which has $247 billion in assets under management, according to four people familiar with the situation.\n The Milwaukee-based insurer is discussing selling the Russell subsidiary because it has decided it is not a core part of its business, the people said.\n All of the sources wished to remain anonymous because they are not permitted to speak to the media.\n A Northwestern Mutual spokeswoman declined to comment.\n Seattle-based Russell provides pension consulting, investment management, transition management services and indexes.\n The company was founded in Tacoma in 1936.  Northwestern Mutual Life bought it in 1999.  The parent company then moved Russell to Seattle in 2010.  At that time, several current and former Russell employees believed that Northwestern Mutual Life made that move to better position the company to be sold.  Those employees believed such a sale would happen within five years of the Seattle move.\n If the firm does decide to run a sales process, it is unclear if it will sell the entire business at once or break it up, two of the sources said.\n Northwestern Mutual Life bought the Seattle office building Russell occupies in 2009 from the ashes of Washington Mutual's collapse.  The life insurance giant paid $115 million for it then.  It sold the tower in 2012 for $480 million.\n It could not be determined how much Northwestern would receive if it decides to sell the firm.  Northwestern bought Russell, which was then called Frank Russell Company, for $1.2 billion.",
                    "date": "2014-01-07",
                    "eventUri": "155915",
                    "id": "1859737",
                    "isDuplicate": false,
                    "lang": "eng",
                    "sim": 0.7325,
                    "source": {
                        "title": "The News Tribune",
                        "uri": "www.thenewstribune.com"
                    },
                    "time": "23:56:00",
                    "title": "Northwestern Mutual Life wants to sell Russell Investments",
                    "uri": "148586815",
                    "url": "http://www.thenewstribune.com/2014/01/07/2982296/northwestern-mutual-life-wants.html#storylink%3Drss",
                    "wgt": 1
                },
                {
                    "body": "Northwestern Mutual Life Insurance is exploring a possible sale of its Russell Investments asset management business, which has $247 billion in assets under management, according to four people familiar with the situation.\n The Milwaukee-based insurer is discussing selling the Russell subsidiary because it has decided it is not a core part of its business, the people said.\n All of the sources wished to remain anonymous because they are not permitted to speak to the media.\n A Northwestern Mutual spokeswoman declined to comment.\n Seattle-based Russell provides pension consulting, investment management, transition management services and indexes.\n The company was founded in Tacoma in 1936.  Northwestern Mutual Life bought it in 1999.  The parent company then moved Russell to Seattle in 2010.  At that time, several current and former Russell employees believed that Northwestern Mutual Life made that move to better position the company to be sold.  Those employees believed such a sale would happen within five years of the Seattle move.\n If the firm does decide to run a sales process, it is unclear if it would sell the entire business at once or break it up, two of the sources said.\n Northwestern Mutual Life bought the Seattle office building Russell occupies in 2009 from the ashes of Washington Mutual's collapse.  The life insurance giant paid $115 million for it then.  It sold the tower in 2012 for $480 million.\n It could not be determined how much Northwestern would receive if it decides to sell the firm.  Northwestern bought Russell, which was then called Frank Russell Co., for $1.2 billion.  Staff writer Kathleen Cooper contributed to this report.",
                    "date": "2014-01-08",
                    "eventUri": "155915",
                    "id": "1909811",
                    "isDuplicate": false,
                    "lang": "eng",
                    "sim": 0.7289,
                    "source": {
                        "title": "The News Tribune",
                        "uri": "www.thenewstribune.com"
                    },
                    "time": "10:09:00",
                    "title": "Northwestern Mutual explores sale of Russell Investments",
                    "uri": "148713792",
                    "url": "http://www.thenewstribune.com/2014/01/08/2982949/northwestern-mutual-explores-sale.html#storylink%3Drss",
                    "wgt": 1
                },
                {
                    "body": "On Tuesday, Reuters reported that Northwestern Mutual Life Insurance is exploring the sale of Russell Investments, which moved from Tacoma to downtown Seattle during the recession, helping to fill the crater left by the implosion of Washington Mutual.\n Northwestern is \"discussing selling the Russell subsidiary because it has decided it is not a core part of its business,\" according to four sources.  The company declined to comment.  \"If the firm decides to go ahead with a sale, it is unclear if the business would be sold in its entirety or broken up, two of the sources said.\" \"\nI'm inclined to take it seriously, and the sale could be bad news for Seattle if a new owner decided to move Russell to a major financial center such as San Francisco or New York.\n The move to Seattle has already proved highly profitable for the Milwaukee-based insurer.\n Northwestern Mutual sold the 42-story tower to CommonWealth Partners in 2012 for $480 million, in what was said to be the single largest deal for a Western office building since 2006.  It acquired the former WaMu headquarters in 2009 from JPMorgan Chase for $115 million.  It was renamed the Russell Investments Center.\n Russell has $287 billion in assets under management and runs the Russell indices.  But, according to the story, the unit was badly mauled by the financial meltdown, including the exposure of its money market funds to the collapse of Lehman Bros.\n Northwestern Mutual bought the former Frank Russell Co., a pillar of the Tacoma business community, in 1999.  In 2009, Russell moved to Seattle with about 900 employees.\n If a sale happens and Russell is in danger of moving, new Mayor Ed Murray has his first economic crisis.",
                    "date": "2014-01-08",
                    "eventUri": "155915",
                    "id": "1982886",
                    "isDuplicate": false,
                    "lang": "eng",
                    "sim": 0.7056,
                    "source": {
                        "title": "blogs.seattletimes.com",
                        "uri": "blogs.seattletimes.com"
                    },
                    "time": "20:37:00",
                    "title": "It's always something: The Russell rumor | Jon Talton",
                    "uri": "148886847",
                    "url": "http://blogs.seattletimes.com/jontalton/2014/01/08/its-always-something-the-russell-rumor/?syndication=rss",
                    "wgt": 1
                },
                {
                    "body": "Once again, the allegedly troubled pairing of Russell and Northwestern Mutual is dogged by reports of a desire to split.\n (January 9, 2013) \u00e2\u0080\" Breaking news reports of Northwestern Mutual\u00e2\u0080\u0099s intention to sell its asset management and consulting subsidiary have become a nearly annual event.\u00c2 \u00c2\n\u00e2\u0080\u009cNorthwestern Mutual Mulls Selling Russell Investments, Sources Say,\u00e2\u0080\u009d read one headline\u00e2\u0080\"in August, 2010.  And likewise in February, 2012: \u00e2\u0080\u009cMore Speculation about Northwestern Mutual Selling Russell Investments.\u00e2 \u00e2\u0080\u009d\nAccording to industry insiders, this latest flare-up is only a continuation of the problems wrought by an ill-conceived buyout.\n \u00e2\u0080\u009cIt is a transaction that didn\u00e2\u0080\u0099t work,\u00e2\u0080\u009d said one asset management veteran.  \u00e2\u0080\u009cThere is no synergy at all.  It has always been known that Russell would come back on the market.\u00e2 \u00e2\u0080\u009d\u00c2\nIf Russell did sell in the near future\u00e2\u0080\"in its entirety to a single buyer\u00e2\u0080\"industry experts suggested that Northwestern might roughly break even on its investment.  The insurer appraised its fair value holdings of Russell common stock at $1.5 billion as of the close of 2012, according to its most recent annual financial statements.\u00c2 \u00c2\nNorthwestern owns 92.6% of the private firm.\n By all accounts, Russell\u00e2\u0080\u0099s mature core businesses\u00e2\u0080\"investment consulting and asset management\u00e2\u0080\"are in healthy shape.  Similarly, its 156-year-old parent company has earned top-notch financial strength ratings among insurers.\u00c2 \u00c2\n\"Fitch\u00e2\u0080\u0099s ratings reflect Northwestern\u00e2\u0080\u0099s leading competitive position in the US individual life insurance market, extremely strong balance sheet fundamentals, and stable earnings profile,\u00e2\u0080\u009d wrote the agency, affirming its AAA grade in August 2013.\u00c2\nIt remains unclear, however, to what extent either company has benefitted from joining forces.\n \u00e2\u0080\u009cIn the late 1990s, Frank Russell, in the fresh air of the Pacific Northwest, and with a restless and hard-driving chief executive in Mike Phillips, saw the future and adjusted accordingly,\u00e2\u0080\u009d aiCIO Founder Charlie Ruffel wrote in a December 2013 column, recounting the consultancy\u00e2\u0080\u0099s expansion into transition and overlay management, portfolio rebalancing, and the packaging of investment products, among other lucrative services.\n \u00e2\u0080\u009cMike Phillip\u00e2\u0080\u0099s Russell turns out to have been something of a singular creature in this regard: No other consulting firm has come even close to reinventing itself,\u00e2\u0080\u009d Ruffel argued.  \u00e2\u0080\u009cRussell turned itself into a profit machine.\u00e2 \u00e2\u0080\u009d\nThe Milwaukee-based insurer purchased Frank Russell Company for an estimated $1.2 billion in 1999.  At the time, Northwestern Mutual led the nation in life insurance sales, and its Tacoma-based acquisition was the world\u00e2\u0080\u0099s largest pension consultant.\n Russell CEO Mike Phillips stayed on until 2004 despite the ownership change, and chaired its board until his retirement in 2008.  Since Phillips stepped down, Russell has had four CEOs in nine years.  \u00c2\nCraig Ueland (2004-2008) resigned unexpectedly in June of that year, although a spokeswoman at the time called it a mutual decision between him and the board.  The months following brought public outcry over a proposed relocation to Seattle, fatal losses to its hedge fund program, and massive drawdowns in its money market funds.  According to US Securities and Exchange Commission filings, Northwestern provided a $403 million capital backstop to prevent a single fund from breaking the buck.\u00c2 \u00c2\nNorthwestern executive (and current CEO) John Schlifske stepped in after Ueland to head Russell during the hunt for a permanent replacement.  However, Australian Andrew Doman\u00e2\u0080\u0099s tenure as CEO (2009-2011) lasted only slightly longer than the time spent searching for him.  Russell looked internally for its next and current chief executive, 28-year firm veteran Len Brennan.\n Reports of Northwestern shopping for a buyer for the division have popped up several times since Brennan took the helm.  Neither he nor anyone else from Russell has spoken publically about the possibility.\n However, when a spate of articles came out in 2010, Northwestern\u00e2\u0080\u0099s spokespeople were quoted saying that Russell Investments was not for sale.  This time around, when reached by aiCIO, both organizations refused to remark either way.\n \u00e2\u0080\u009cWe don\u00e2\u0080\u0099t comment on rumors or speculation,\u00e2\u0080\u009d a Russell spokeswoman said.",
                    "date": "2014-01-09",
                    "eventUri": "155915",
                    "id": "2081986",
                    "isDuplicate": false,
                    "lang": "eng",
                    "sim": 0.6862,
                    "source": {
                        "title": "aiCIO magazine",
                        "uri": "www.ai-cio.com"
                    },
                    "time": "14:53:00",
                    "title": "Russell Investments Rumored for Sale -- Again",
                    "uri": "149133283",
                    "url": "http://www.ai-cio.com/channel/NEWSMAKERS/Russell_Investments_Rumored_for_Sale%E2%80%94Again.html",
                    "wgt": 1
                },
                {
                    "body": "New York -- Northwestern Mutual Life Insurance is exploring a possible sale of its Russell Investments asset management business, which has $247 billion in assets under management, according to four people familiar with the situation.\n The Milwaukee-based insurer is discussing selling the Russell subsidiary because it has decided it is not a core part of its business, the people said on Tuesday.\n All of the sources wished to remain anonymous because they are not permitted to speak to the media.\n A Northwestern Mutual spokeswoman declined to comment.\n Seattle-based Russell provides pension consulting, investment management, transition management services and indexes such as the Russell 1000 Global Index.\n If the firm decides to go ahead with a sale, it is unclear if the business would be sold in its entirety or broken up, two of the sources said.\n It could not be determined how much Northwestern would receive if it decides to sell the firm.  Northwestern bought Russell, which was then called Frank Russell Company, in 1999 for $1.2 billion.\n Russell's roots date back to 1936 when founder Frank Russell established a brokerage firm in Tacoma, Wash.  Over the years it has grown as a consultant to pension plans and provider of asset management, and in 1984 it introduced its own indexes.  Today, Russell's indexes have $4.1 trillion in assets benchmarked to them, according to Russell's website.\n Russell and many of its peers encountered hurdles during the 2008 financial crisis.  That year, the firm shut down its hedge fund of funds operation.  Russell's money market funds had more than 5% exposure to securities of Lehman Brothers Holdings Inc., which went under in 2008.  As a result, Northwestern Mutual put $764 million into those money funds to protect investors.",
                    "date": "2014-01-08",
                    "eventUri": "155915",
                    "id": "1868901",
                    "isDuplicate": false,
                    "lang": "eng",
                    "sim": 0.662,
                    "source": {
                        "title": "FreshMKE",
                        "uri": "www.jsonline.com"
                    },
                    "time": "01:24:00",
                    "title": "Report: Northwestern Mutual considers selling Russell Investments",
                    "uri": "148606296",
                    "url": "http://www.jsonline.com/business/report-northwestern-mutual-considers-selling-russell-investments-b99179755z1-239177491.html",
                    "wgt": 1
                },
                {
                    "body": "Rumors are floating that Northwestern Mutual Life Insurance Co. is exploring the sale of its Seattle-based Russell Investments asset management business.\n Reuters reports Milwaukee-based Northwestern Mutual is putting Russell Investments up for sale because it's not part of its core business.\n If purchased, there's a chance the acquiring company could move Russell Investments out of Seattle, which the city has called home for the past three years.  The company had been located in Tacoma, Wash., , for 75 years.\n It's not the first time Russell sale rumors floated: Similar rumors happened in 2010 and again in early 2012.",
                    "date": "2014-01-09",
                    "eventUri": "155915",
                    "id": "2101935",
                    "isDuplicate": false,
                    "lang": "eng",
                    "sim": 0.621,
                    "source": {
                        "title": "Business Journal",
                        "uri": "www.bizjournals.com"
                    },
                    "time": "17:38:00",
                    "title": "Northwestern Mutual reportedly puts Russell Investments up for sale",
                    "uri": "149183449",
                    "url": "http://www.bizjournals.com/milwaukee/news/2014/01/09/russell-investments-reportedly-up-for.html?ana=RSS&s=article_search&utm_source=feedburner&utm_medium=feed&utm_campaign=Feed%253A%2Bbizj_national%2B%2528Bizjournals%2BNational%2BFeed%2529",
                    "wgt": 1
                },
                {
                    "body": "Plus-size reality star Austin 'Chumlee' Russell has lost 75lbs thanks to his slender chef girlfriend.\n The 31-year-old, who is known for his humorous antics on the hit TV series Pawn Stars, started dating culinary whizz Tany Hyjazi last year and has been shedding the pounds ever since.\n He debuted his slimmer physique on the beach this New Year's while on vacation in Hawaii.\n One Instagram photo shows him emerging from the ocean dressed in board shorts and a tank top, smiling at the camera.\n A bikini-clad Ms Hyjazi is seen by his side, with her breast implants - a birthday present from Russell - on display.\n Fans were quick to compliment Russell on his new look, with many commenting that he looks 'great'.\n Russell revealed to the Review Journal that he has sworn off junk food and now sticks to a well-balanced diet.\n Every morning the Las Vegas-based star likes to start the day with a 'juice smoothie'.\n He also works out six days a week.\n While his girlfriend spurred him on to lose weight, Russell was also concerned about his health.\n 'My dad died from pancreatic cancer at 54, two weeks before the show aired,' he said.\n 'I'm making sure I'm eating my vegetables and staying away from the red meat.' '\nRussell has followed in the footsteps of fellow Pawn Star personality, Corey 'Big Hoss' Harrison, who also became concerned about the impact his size was having on his health.\n But instead of slimming naturally, Harrison had lap-Band gastric band fitted.  The surgery saw him lose more than 100lbs in just five months.",
                    "date": "2014-01-09",
                    "eventUri": "155915",
                    "id": "2053614",
                    "isDuplicate": false,
                    "lang": "eng",
                    "sim": 0.3883,
                    "source": {
                        "title": "Mail Online",
                        "uri": "www.dailymail.co.uk"
                    },
                    "time": "10:21:00",
                    "title": "Chubby Chumlee, no more! Pawn Stars' lead character loses 75lbs thanks to his slender chef girlfriend",
                    "uri": "149058931",
                    "url": "http://www.dailymail.co.uk/femail/article-2536058/Chubby-Chumlee-no-Pawn-Stars-lead-character-loses-75lbs-thanks-slender-chef-girlfriend.html?ITO=1490&ns_mchannel=rss&ns_campaign=1490",
                    "wgt": 1
                },
                {
                    "body": "AS the Newcastle Knights stand firm despite a public outcry to sack Russell Packer, the Newcastle Herald can reveal club official Ben Rogers is facing two assault charges after an incident at a charity fund-raiser.\n AS the Newcastle Knights stand firm despite a public outcry to sack Russell Packer, the Newcastle Herald can reveal club official Ben Rogers is facing two assault charges after an incident at a charity fund-raiser.\n Mr Rogers, pictured, the former five-eighth who played 30 games for the Knights between 2009 and 2011, is now employed as the club's community and charity support manager.\n In the early hours of September 1 last year, Mr Rogers is alleged to have punched two men in an incident captured on closed-circuit television at a taxi rank outside Wests New Lambton.\n He was charged with two counts of assault occasioning actual bodily harm and has appeared twice in Newcastle Local Court.\n The matter has been adjourned until January 20.\n He has pleaded not guilty.\n The Herald was unable to contact Mr Rogers yesterday but he issued a statement via Twitter last night.\n ''I was involved in an incident in August last year,'' he tweeted.\n ''It goes before the court soon & I intend on defending the charges against me.' ''\nThe incident occurred a few hours after the Down Town Ball, a charity function in support of Down Syndrome NSW, for which Mr Rogers is the Hunter Region ambassador.\n He was not arrested on the night of the alleged incident but was charged by Newcastle Police on October 8.\n The Herald has been told a verbal stoush turned physical and two men suffered facial injuries.\n One of them required stitches in hospital.\n Mr Rogers joined the Knights in 2009 after stints with Penrith, South Sydney and St George Illawarra.\n He played 19 NRL games in his first season at Newcastle.  He was forced to retire from rugby league during the 2011 season after a second shoulder reconstruction.\n He then started working with Hunter Sports Group as a corporate sales executive and was nominated by the Knights that season for the Ken Stephen Medal, awarded each season to the player the NRL ruled had made the most outstanding contribution to the community that year.\n On Mr Rogers's LinkedIn internet profile, he states that: ''I work across all levels of the organisation (e.g. executive, corporate partners, charity partners, players, volunteers and supporters) and manage a number of significant professional relationships.\n ''The strong profile of the Newcastle Knights is used to make a positive difference to people's lives and my role is responsible for all aspects of this strategy.' ''\nAsked for a comment yesterday, the Knights replied with a text message, which read: ''The club is aware of an incident last year.  In accordance with club policy, [the] club won't make any comment until the legal process is complete.' ''\nPacker, Newcastle's major off-season signing, was jailed for two years for an assault labelled ''cowardly and deplorable'' by magistrate Greg Grogin.\n The former Warriors prop bashed a man unconscious and stomped on his head, leaving him with facial fractures.\n Knights officials released a statement on Tuesday that said they would defer any decision on Packer's future with the club until after his appeal date on February 11.",
                    "date": "2014-01-08",
                    "eventUri": "155915",
                    "id": "1941690",
                    "isDuplicate": false,
                    "lang": "eng",
                    "sim": 0.3815,
                    "source": {
                        "title": "Newcastle Herald",
                        "uri": "www.theherald.com.au"
                    },
                    "time": "15:08:00",
                    "title": "Another Knight, another fight",
                    "uri": "148794885",
                    "url": "http://www.theherald.com.au/story/2012761/another-knight-another-fight/?src=rss",
                    "wgt": 1
                },
                {
                    "body": "For years, Mark Russell and Meiyin Wang, the co-curators of the Under the Radar festival, worked in a ridiculously cramped office.  Seated at desks just a few feet from each other, they could look up from an email or conference call to smile, to roll their eyes, to grimace.\n It's a little trickier now that those desks sit 3,800 miles apart.\n Over the summer, Russell moved to Lausanne, Switzerland, while Wang remains in New York.  \"Because of the distance and time difference, communicating something that would have taken a look needs to be articulated,\" Russell explains, in a conference room at the Public Theater.  \"Thank God there's this thing called Google Hangouts.\" \"\nUTR, which celebrates its 10th anniversary this year, stands as perhaps New York's most eclectic, breathless, and exhilarating festival of performance.  Running for a week and a half every January at the Public Theater and partner venues, it combines hometown favorites with foreign icons.  This iteration, for example, which begins January 8, mixes locals like 600 Highwaymen and Edgar Oliver with the Belgian troupe tg STAN and the Argentinian artist Lola Arias.\n Russell started UTR shortly after leaving his job of 20 years as artistic director of P.S. 122.  A man of \"vision and unflashy ambition,\" according to the writer-director Tim Crouch, Russell wanted experimental local companies to be able to reap the rewards (spatial, financial) of regional and international theaters.  So he conceived a festival that would run in tandem with the annual conference of the Association of Performing Arts Presenters.  (It has since inspired a panoply of overlapping January festivals -- COIL, Other Forces, American Realness, etc.) ) In an email, Crouch, who has brought two shows to UTR from England, recalls those early days as offering \"not much money, but a really good tote bag -- and limitless goodwill.\" \"\nSince its first years, UTR has helped to launch the careers of several local artists and companies, like Tarell Alvin McCraney and Nature Theater of Oklahoma.  Nature Theater's Kelly Copper credits the festival with introducing her company to \"the people who have supported, commissioned, and presented our work in Europe for the last seven years.\" \" UTR has itself become more international, familiarizing New Yorkers with artists from many a continent, though visa troubles scuppered a Cambodian troupe and Antarctica has yet to be represented.\n Wang has worked for the festival since its second year.  She and Russell make a visually dissonant pair.  He's rumpled, graying, and cheerful.  She's sleek, half his age, and more self-contained.  Their taste, they say, differs, too.  \"I love physical theater where people roll around on each other,\" says Russell.  \"She can't stand that.\" \"\nThey attribute UTR's provocative programming to these aesthetic differences and overlaps even as they say they invariably make errors in curation, such as failing to provide adequate context for a work or struggling with how to help artists relax and enjoy the experience.  And they have programmed some flops, which they don't seem to mind.  \"If we're not making mistakes, we're not doing our job,\" Russell says.  \"This year is going to be more ragged and more adventurous than others.\" \"\n\"We would be in trouble if everybody liked everything,\" adds Wang.\n Trying to co-curate such a jauntily eccentric festival from across an ocean would seem difficult, but Russell and Wang claim to have grown skilled at programming transatlantically, helped in part by Russell's frequent visits.  \"He's back all the time,\" Wang wails in mock complaint.  (It helps that he brings chocolate.) ) But they may soon find themselves at adjoining desks again.  As much as Russell enjoys Switzerland (\"Everything works.  Everything runs on exact time.  And the chocolate is amazing\"), he is already plotting his return to Manhattan: \"I miss New York like it's a part of my body.\" \"",
                    "date": "2014-01-07",
                    "eventUri": "155915",
                    "id": "1849190",
                    "isDuplicate": false,
                    "lang": "eng",
                    "sim": 0.3751,
                    "source": {
                        "title": "Village Voice",
                        "uri": "www.villagevoice.com"
                    },
                    "time": "22:13:00",
                    "title": "The Same Wavelength",
                    "uri": "148563095",
                    "url": "http://www.villagevoice.com/2014-01-08/theater/mark-russel-meiyin-wang-under-the-radar/",
                    "wgt": 1
                },
                {
                    "body": "RUSSELL Packer faces the prospect of deportation and the end of his professional rugby league career if he fails to have his jail sentence reduced to less than a year.\n RUSSELL Packer faces the prospect of deportation and the end of his professional rugby league career if he fails to have his jail sentence reduced to less than a year.\n The disgraced Knight was jailed for two years on Monday after Downing Centre Local Court magistrate Greg Grogin sentenced him for a ''cowardly and deplorable'' assault.\n Packer pleaded guilty to bashing a man unconscious and stomping on his head, leaving his victim with a fractured eye socket.\n His barrister lodged an immediate appeal against the severity of the sentence, which will be heard on February 11.\n Packer's legal team remain optimistic he will receive a reduced term on appeal, because he received the maximum sanction for a first offender.\n Knights management have declared that they will wait until after the Febuary 11 hearing to decide his future at the club.\n It appears the Knights still hold out some hope that Packer, who is only 24, will be able to resume his career at some point.\n But a lawyer who specialises in such matters told the Newcastle Herald yesterday that the former New Zealand Test prop would be ''liable'' to be deported to his home country - and banned forever from re-entering Australia - if he was jailed for longer than one year.\n ''Section 501 of the Migration Act talks about the character test,'' Turners Coulson Immigration Lawyers principal solicitor Ray Turner said yesterday.\n ''You automatically fail the character test if you are sentenced to more than 12 months [in jail].\n ''Let's say his sentence stood after the appeal, he would be liable to removal and cancellation of his visa.  If that were to happen, he can't re-enter Australia for any reason.  So effectively that does kill his NRL career.' ''\nTurner said the potential loss of livelihood could be used as an argument at the appeal hearing.\n ''My view is whoever is representing him needs to be putting those matters squarely before the judge,'' he said.\n ''I have in other cases given expert advice along those lines to courts who are considering appropriate penalties for non-citizens.' ''\nTurner said the outcome of such a submission would ''pretty much depend on which judge you get''.\n He said that if Packer was to fail the character test, he would be able to apply for dispensation from the Minister for Immigration or, potentially, the Minister for Appeals tribunal.\n ''But if he got cancelled, he can't come back into Australia for any reason at all,'' he said.\n The option of playing in the English Super League would also appear unlikely.\n Other NRL players with criminal records, such as Todd Carney and Michael Crocker, were refused visas and work permits by British customs officials.\n ''He would have a battle in the UK as well,'' Turner said of Packer.\n Packer signed a four-year deal with Newcastle at the end of last season, after seeking a release from the last year of his deal at the Warriors.\n His father, Russell senior, was quoted this week as saying his son was ''on $400,000'' at the Knights, although it was not specified whether that was in Australian or New Zealand dollars.\n Given Packer debuted in the NRL at the age of 18, and has therefore been a professional footballer all his adult life, it would seem unlikely he would find an alternative career path anywhere near as lucrative.\n It is understood Packer's legal advisers are still exploring the feasibility of an expedited Supreme Court bail application that may allow him to be released at least until the February 11 appeal.",
                    "date": "2014-01-09",
                    "eventUri": "155915",
                    "id": "2080694",
                    "isDuplicate": false,
                    "lang": "eng",
                    "sim": 0.3621,
                    "source": {
                        "title": "Newcastle Herald",
                        "uri": "www.theherald.com.au"
                    },
                    "time": "14:42:00",
                    "title": "Packer could be deported if two-year sentence stands",
                    "uri": "149130031",
                    "url": "http://www.theherald.com.au/story/2015006/packer-could-be-deported-if-two-year-sentence-stands/?src=rss",
                    "wgt": 1
                },
                {
                    "body": "THE man savagely assaulted by Newcastle Knights recruit Russell Packer claims he didn't provoke the beating and never pressed for charges to be laid.\n THE man savagely assaulted by Newcastle Knights recruit Russell Packer claims he didn't provoke the beating and never pressed for charges to be laid.\n Enoka ''Lester'' Time, a 22-year-old semi-professional rugby league player living in Sydney but originally from Auckland, said he didn't know Packer, 24, when the two began arguing in Martin Place in the early hours of November 29 last year.\n ''I only knew of him but we weren't friends or anything like that,'' Mr Time told the New Zealand Herald.\n Mr Time said he and two female friends had been smoking outside a nightclub, not far from a group of young men, including Packer, who had earlier been asked to leave the Chambers Hotel nightclub.\n ''This random guy - apparently Packer's mate - walked over and asked one of the girls for a smoke,'' Mr Time said.  ''She said, 'Nah'.\n ''Then Packer walked over and snatched the ciggies off her ...  I go: 'What are you up to?  Give the ciggies back'.\n ''I stood up and then bang, [Packer] hit me straight away.\n ''I didn't stand up to have a fight or throw any punches.  I was pretty drunk that night and so was he.' ''\nCourt documents state Packer punched the victim a number of times causing him to fall before throwing an ''upper-cut'' punch and then stomping on the victim's face as he lay motionless on the ground.\n Packer pleaded guilty to two counts of assault occasioning actual bodily harm in Sydney's Downing Centre Local Court on Monday and was sentenced to two years' jail.  His lawyers immediately lodged a severity appeal, which has been set down for February 11.\n Mr Time suffered two fractures to the side of his face, including a broken eye socket, lacerations and severe bruising, he said.\n He was left in a neck brace for two weeks.\n Mr Time posted disparaging comments on his Facebook page on Monday regarding what Packer could expect to face in jail.\n He has since closed the account and said he regretted writing the status, saying it was fuelled by anger.\n The post, and a belief by some that Mr Time shouldn't have co-operated with police, have led to him receiving abuse and threats on social media.\n Former Newcastle Knight Cooper Vuna, who tweeted that he was a good friend of Packer, posted ''Unheard of for Pacific Islanders to press charges'' on his account.\n But police were compelled to arrest Packer after viewing closed-circuit television footage of the incident.\n Mr Time said he felt Packer's sentence was tough on his family.\n ''Even though he did that to me, I honestly feel for his missus and kids,'' Mr Time said.",
                    "date": "2014-01-09",
                    "eventUri": "155915",
                    "id": "2080813",
                    "isDuplicate": false,
                    "lang": "eng",
                    "sim": 0.3618,
                    "source": {
                        "title": "Newcastle Herald",
                        "uri": "www.theherald.com.au"
                    },
                    "time": "14:42:00",
                    "title": "Packer victim tells of beating",
                    "uri": "149130029",
                    "url": "http://www.theherald.com.au/story/2015004/packer-victim-tells-of-beating/?src=rss",
                    "wgt": 1
                },
                {
                    "body": "There was a satisfying moment in the disgrace that is Russell Packer's vicious attack on a fellow citizen.\n As the hero of the hour, Sydney magistrate Greg Grogan, passed a two-year jail sentence for a despicable act, NRL forward Packer was - according to reports - struck by confusion.  Having thought his freedom was safe thanks to the work of his lawyers, he suddenly faced the enormity of the crime.  Having told his dad that everything would be \"sweet\", it had turned out sour.  Hey, I'm a league star, get me out of here.  Packer's rude awakening contrasted the smugness that preceded it.\n Somewhere down the track let's hope that Packer can rebuild his life and sort out his issues, and that his family is okay.  After all, they are also victims.\n But it's difficult to give a toss about Packer himself right now.  The failure of those around him to properly acknowledge what Packer did is also extremely annoying.\n Maybe they can do a better job when the appeal against the sentence is over.\n Late-night altercations are one thing.  They aren't good, and the perpetrators need dealing with but people make mistakes and punches get thrown in the heat of often drunken moments.  The point at which Packer crossed a major line was when he attacked a motionless Enoka Time on the ground and stomped on his head.\n What followed the sentencing was so inevitable.  Poor Rusty has been picked on.  Other people have done far worse, and got far less.  Blah, blah, blah.\n There's a simple retort.  Packer got what he deserves, and if others are being treated too leniently, then the justice system needs to do something about that.  Considering the risk to a life, Packer deserved even more.  We're a sicker than ever society if defence lawyers don't think a prison sentence might result from these circumstances.\n The NRL was already on the right track by refusing to register his contract.  The New Zealand Rugby League should follow suit with some sort of ban on the former Kiwi.  Both organisations face tricky balancing acts.\n His family, the Newcastle club, mentor David Lomax, and former Warriors teammate Ben Matulino are among those in the Packer support group.  As per usual, there's hardly a mention of the victim.  The Knights' description of Packer acting \"inappropriately\" does not fit the severity of the crime.\n This is what we should hear from Camp Packer.  They love their man and will support him forever.  But he has done wrong, very wrong.  Having committed a wicked crime, they accept he will do some time.  They will do all they can to help Enoka Time get his life back on track and deal with the emotional aftermath which quite clearly involves an anger he revealed via a social media account.\n I'm not an entirely neutral observer.  Nearly 25 years ago, a gang of robbers in the central city relieved me of loose change and shoes by punching and kicking my head and body while I lay on the ground.  Outnumbered by maybe eight to one, I played the subservient rag doll, fearing most of all they might have knives.\n There were varying consequential emotions, including a sense of humiliation and powerlessness.  Sporadically, I lapsed into a loony fantasy and imagined exacting revenge the way a Clint Eastwood character would.  Maybe the gang's escape from justice and my failure to seek proper victim support contributed to a gross and pathetic overreaction when, a year or so later, our house was burgled.\n There was one relief point at the time of the attack.  Having been so viciously thorough in extracting every last cent and returning for the shoes, this gang of master criminals failed to find a wallet in an inside jacket pocket.  You'll go far lads.\n There was even a bit of light relief.  The young man who took my statement at Auckland central was laid up with a broken leg suffered at the police academy.  He kept moaning about how the injury was stuffing up his budding career, without any great interest in my plight.  He seemed to see us as brothers in the arms of misfortune.  In some ways, it was an excellent tonic of humour which encouraged a new perspective.\n Over plenty of time, I learned to deal with the anger, partly by turning the situation around and silently wishing the best for those attackers and also realising they may be victims of life circumstances.  None of us is perfect, either.  We can all hurt others.  But it took some time to reach that point.\n And there was still no excuse for the crime and I'm certain of this: more obvious signs of genuine remorse from Packer would help his main victim, and he might even help himself.",
                    "date": "2014-01-08",
                    "eventUri": "155915",
                    "id": "1985346",
                    "isDuplicate": false,
                    "lang": "eng",
                    "sim": 0.3496,
                    "source": {
                        "title": "The New Zealand Herald",
                        "uri": "www.nzherald.co.nz"
                    },
                    "time": "21:00:00",
                    "title": "Chris Rattue: A bit more remorse would help Packer",
                    "uri": "148892718",
                    "url": "http://www.nzherald.co.nz/sport/news/article.cfm?c_id=4&objectid=11183305&ref=rss",
                    "wgt": 1
                },
                {
                    "body": "The National Theatre has been trumpeting its big new year production of King Lear, directed by Sam Mendes and starring Simon Russell Beale.  But a plucky little theatre could be in danger of undercutting them with another Shakespearean production which -- miraculously -- also features a star performance by Russell Beale.\n As of next week he'll be cursing his daughters and railing against the fates at the National, but simultaneously doomed for a certain term to walk the night as the Ghost of Hamlet's father at the West End's New Diorama theatre.\n That he can be in both at the same time is a trick of mirrors.  The 52-year-old actor has pre-recorded a virtual performance projected amid the real-life cast of The Faction company's production of Hamlet, which stars Jonny McPherson and opened last night.\n Russell Beale agreed to take part in the unusual performance method as a favour to The Faction's artistic director Mark Leipacher.  The two men became friends after working together on Catching the Light, Leipacher's book on the creative partnership that Russell Beale and director Sam Mendes have forged over the past two decades.  They hit it off so well that Leipacher is now writing Russell Beale's authorised biography, published by Oberon Books in 2015.\n Russell Beale is too busy acting -- double-time -- to talk to the Londoner but one person who has seen the Hamlet says it is as if he is in the room: \"You can see him breathing.\" \" A National spokesman said magnanimously: \"It's wonderful that the talents of this actor can be shared on both sides of the Thames.\" \"",
                    "date": "2014-01-09",
                    "eventUri": "155915",
                    "id": "2066217",
                    "isDuplicate": false,
                    "lang": "eng",
                    "sim": 0.3488,
                    "source": {
                        "title": "London Evening Standard",
                        "uri": "www.standard.co.uk"
                    },
                    "time": "12:22:00",
                    "title": "One man, two plays: that's the magic of Simon Russell Beale",
                    "uri": "149093978",
                    "url": "http://www.standard.co.uk/news/londoners-diary/one-man-two-plays-thats-the-magic-of-simon-russell-beale-9049090.html",
                    "wgt": 1
                },
                {
                    "body": "FALMOUTH, Trelawny -- TRELAWNY businessman Keith Russell says the annual Christmas treat he initiated over three decades ago for the more than 7,000 primary school students across the constituency of North Trelawny, is a legacy he wants his children to perpetuate.\n \"I hope it will continue after our lives.  I hope it is something I can leave for my children.  We enjoy doing it and we see Trelawny as a part of our extended family,\" Russell told the Jamaica Observer West.\n Russell revealed that the yearly treat which comes around during \"Christmas week\", has been in existence since 1981, a year after he became Member of Parliament for North Trelawny on the Jamaica Labour Party's (JLP) ticket.  He said it was born out of the need to assess the educational needs of the primary schools across the constituency at the end of the year, among other reasons.\n \"In 1981 I started for a number of reasons.  One of them is that having visited schools in early September when school starts back, by December was a good time to find out the things that were committed and were supposed to be done, how they were doing,\" he noted.\n He added:\"At least you change the perception of these kids when they become adults that no matter where you come from politically, you do have a responsibility and ought to look out for all the people.\" \"\nHe explained that over the years during the two-day treat, the students, as well as some parents, have received tangible gifts such as a book of the history of Trelawny and the most recent, a ring with the words of the Lord's prayer.\n Despite hanging up his political boots in 1995 after losing his seat six years prior, Russell continued arguably the biggest treat in the parish through his Keith Edward Russell Family Foundation (KERFF).\n In fact, it was in 1995 that he expanded the treat to include an annual gospel concert, staged in the historic Water Square in Trelawny's capital, Falmouth, which has attracted hundreds of patrons, including adults and children.  Over the years top gospel acts such as Grace Thrillers, Carlene Davis and Goddy Goddy have performed at the concert.\n Meanwhile, the philanthropic Russell revealed that funding for the annual treat forms part of the family's expenses during the last part of the year.\n \"It's a commitment.  You build it in the expenditure in the last quarter of the year as a family with my wife and the kids.... who are now adults, you build that in, just like paying the JPS bills.  This is something that needs to be done no matter where the money comes from,\" said the former politician.\n Russell, who reluctantly gave the Observer West an exclusive interview, conceded that over the years he has deliberately shied away from the media about the treat.\n But perhaps the best kept secret has been the tertiary programme which sees the KERFF funding several tertiary students in the parish.\n \"Remember, we don't usually do the PR.  This is something special between us (KERFF and the students),\" the developer said.\n His wife, Paula chipped in: \"We don't do this for any self-aggrandisement.  We just do it really because we want to and we feel that this is how we can give back a little of what we have been blessed with.\" \"\nBut Russell believes that there is still much more KERFF should be doing for the children in the parish.\n \"We are not doing a quarter of as much as we would like.  But our objective will be met one day with God's blessing.\" \"\nHowever, several citizens expressed their appreciation for KERFF's generosity.\n \" I certainly look forward to the gospel concert every year,\" Jennifer, a resident of Falmouth, told the Observer West.",
                    "date": "2014-01-09",
                    "eventUri": "155915",
                    "id": "2085075",
                    "isDuplicate": false,
                    "lang": "eng",
                    "sim": 0.3448,
                    "source": {
                        "title": "Jamaica Observer",
                        "uri": "www.jamaicaobserver.com"
                    },
                    "time": "15:21:00",
                    "title": "'33 years and going strong'",
                    "uri": "149142076",
                    "url": "http://www.jamaicaobserver.com/westernnews/-33-years-and-going-strong-_15753661",
                    "wgt": 1
                },
                {
                    "body": "She also appears, with son Reece, 16, on Channel 4 show, The Undateables\nFrom online dating and Tinder to meeting through friends, there's no shortage of ways to find your perfect partner.\n But as London athlete Mary Russell, 44, revealed during an appearance on ITV's This Morning, things are a little more difficult when you're different.\n Ms Russell, who was born with achondroplasia, the commonest form of dwarfism, told hosts Phillip Schofield and Christine Bleakley that she's yet to experience true love.\n Although she has a 16-year-old son, Reece, she revealed that her first marriage came about after she decided she wanted to emulate friends who were settling down and having children.\n 'All my friends were married and had children, and I hadn't, and I just wanted to feel what that was all about,' she explained.\n 'So I guess when the first guy came along, when I was 21-ish, I just said \"yes, it's great, he's interested in me\" and off I went.\n 'Of course, I have my boy, my son, but [he] was the only thing that was genuine [in that relationship].' '\nNow Reece, who also has achondroplasia and appeared alongside Ms. Russell on This Morning, is helping his mother to find her Mr Right by vetting online dating profiles.\n 'I've only seen about three so far,' he admitted.  'Mum thinks I'm overprotective but I just want my mum to be safe and know that [boyfriends] care for her.' '\nMs. Russell, who stars in tonight's episode of Channel 4 documentary series, The Undateables, says she hopes potential suitors will see past her diminutive stature and revealed that she's looking for someone with a 'good heart'.\n 'I just want to find a guy that's not afraid to walk into a room with me,' she reveals in a trailer for The Undateables.  'Somebody who loves my every being.' '\nSadly, that has proved difficult to find to date, with Ms. Russell left blinking back tears as she told This Morning of the challenges of finding love when you're different.\n 'It shouldn't be an issue,' she said of her condition, adding: I don't want it to be an issue.  It's the last thing I want to think about right now or I'm going to get emotional, but it shouldn't be an issue.' '",
                    "date": "2014-01-09",
                    "eventUri": "155915",
                    "id": "2117540",
                    "isDuplicate": false,
                    "lang": "eng",
                    "sim": 0.3294,
                    "source": {
                        "title": "Mail Online",
                        "uri": "www.dailymail.co.uk"
                    },
                    "time": "19:43:00",
                    "title": "Woman with dwarfism sobs as she tells This Morning of her struggle to find love",
                    "uri": "149217349",
                    "url": "http://www.dailymail.co.uk/femail/article-2536562/Woman-dwarfism-sobs-tells-This-Morning-struggle-love.html?ITO=1490&ns_mchannel=rss&ns_campaign=1490",
                    "wgt": 1
                },
                {
                    "body": "Newcastle Knights community and charity support manager Ben Rogers.  Photo: Simone De Peak\nAs the Newcastle Knights stand firm despite a public outcry to sack jailed thug Russell Packer, Fairfax Media can reveal club official Ben Rogers is facing two assault charges after an incident at a charity fundraiser.\n Rogers, the former five-eighth who played 30 games for the Knights between 2009 and 2011, is the club's community and charity support manager.\n In the early hours of September 1 last year, Rogers is alleged to have punched two men in an incident captured on closed-circuit television at a taxi rank outside Wests Leagues in New Lambton.  He was charged with two counts of assault occasioning actual bodily harm and has appeared twice in Newcastle Local Court.  The matter has been adjourned until January 20.\n The incident occurred a few hours after the Down Town Ball, a charity function in support of Down Syndrome NSW, for which Rogers is the Hunter Region ambassador.\n Advertisement\nHe was not arrested on the night of the alleged incident but was charged by Newcastle police on October 8.  Rogers has pleaded not guilty to both charges.\n Fairfax Media has been told that a verbal stoush turned physical and two men suffered facial injuries, one of whom required stitches in hospital.\n Rogers joined the Knights in 2009 and played 19 NRL games in his first season but missed out on the club's play-off appearance when he was suspended in the penultimate round.\n Rogers was forced to retire from rugby league in 2011 after a second shoulder reconstruction.\n He then started working with Hunter Sports Group and was nominated by the Knights that season for the Ken Stephen Medal, awarded each season to the player the NRL ruled had made the most outstanding contribution to the community.\n Asked for a comment yesterday, the Knights replied with a text message, which read: ''The club is aware of an incident last year.  In accordance with club policy, [the] club won't make any comment until the legal process is complete.' ''\nMeanwhile, Knights coach Wayne Bennett has added Kevin Walters to his coaching staff on a part-time basis.",
                    "date": "2014-01-08",
                    "eventUri": "155915",
                    "id": "1952393",
                    "isDuplicate": false,
                    "lang": "eng",
                    "sim": 0.3163,
                    "source": {
                        "title": "The Age",
                        "uri": "www.theage.com.au"
                    },
                    "time": "16:37:00",
                    "title": "Newcastle Knights take another hit with Ben Rogers charged with assault",
                    "uri": "148819582",
                    "url": "http://www.theage.com.au/rugby-league/league-news/newcastle-knights-take-another-hit-with-ben-rogers-charged-with-assault-20140108-30hln.html",
                    "wgt": 1
                },
                {
                    "body": "Crain's Chicago Business recently released its annual list of \"40 Under 40,\" highlighting innovators and entrepreneurs from around the city.\n Evanston is well represented.\n Among the 40 people on the list, at least nine have ties to Evanston, according to Patch's unofficial count.\n That includes:\nAtul Khosla, Northwestern grad and COO of the Chicago FireMike McGee, Northwestern grad and Starter League co-founderNeal Sales-Griffin, Starter League co-founder and Northwestern gradIliana Mora, COO of Erie Family Health Center, which just opened in EvanstonElizabeth Gerber, design professor at Northwestern UniversityVeronica Roth, Northwestern grad and author of the \"Divergent\" trilogyCourtney VanLonkhuyzen, lawyer for Motorola Mobility and Northwestern Law School gradKelly Amonte-Hiller, head coach of the Northwestern women's lacrosse teamHeather Brilliant, global director of equity and credit research with Morningstar and an NU gradTo see the full list of \"40 Under 40\" in 2013, visit Crain's Chicago Business.",
                    "date": "2014-01-09",
                    "eventUri": "155915",
                    "id": "2005051",
                    "isDuplicate": false,
                    "lang": "eng",
                    "sim": 0.2908,
                    "source": {
                        "title": "evanston.patch.com",
                        "uri": "evanston.patch.com"
                    },
                    "time": "00:02:00",
                    "title": "9 of Chicago's '40 Under 40' Have Evanston Ties",
                    "uri": "148935858",
                    "url": "http://evanston.patch.com/groups/business-news/p/9-of-chicagos-40-under-40-have-evanston-ties",
                    "wgt": 1
                },
                {
                    "body": "She looks as fit as she did 20 years ago, and if riding a bike is how Jodhi Meares stays in shape at 42, then spinning class is about to get booked out.\n The fashion designer, former model and TV personality showed off her new ride on Instagram while vacationing in Hawaii.\n Meares posed in white denim shorts, a tank top and flip flops on the blue and green bicycle, looking extremely lithe.\n The former Mrs James Packer is tri-coastal, splitting her time between Sydney, Hawaii and New York.\n She's currently engaged to Noiseworks rocker Jon Stevens, 51, who already has two children.\n Meares has been very coy about her relationship, which follows a three year marriage to Packer.\n In an interview with Daily Life, she said: 'I don't like to talk to much about my personal life but I'm very, very happy.' '\nShe wed Packer in 1999 before divorcing him in 2002 and walking away with a multi-million dollar property portfolio and fashion label that became Tigerlily.\n Her bikini line was a fitting choice for the former glamour model, who has a body to kill for.",
                    "date": "2014-01-08",
                    "eventUri": "155915",
                    "id": "1932547",
                    "isDuplicate": false,
                    "lang": "eng",
                    "sim": 0.264,
                    "source": {
                        "title": "Mail Online",
                        "uri": "www.dailymail.co.uk"
                    },
                    "time": "13:50:00",
                    "title": "Jodhi Meares, 42, keeps in shape on a bicycle in Hawaii",
                    "uri": "148773259",
                    "url": "http://www.dailymail.co.uk/tvshowbiz/article-2535694/A-reason-start-spinning-Jodhi-Meares-42-keeps-shape-bicycle-Hawaii.html?ITO=1490&ns_mchannel=rss&ns_campaign=1490",
                    "wgt": 1
                },
                {
                    "body": "Abstract: We summarize the properties of the new periodic, small amplitude, variable stars recently discovered in the open cluster NGC 3766.  They are located in the region of the Hertzsprung-Russell diagram between \\delta\\ Sct and slowly pulsating B stars, a region where no sustained pulsation is predicted by standard models.  The origin of their periodic variability is currently unknown.  We also discuss how the Gaia mission, to be launched at the end of 2013, can contribute to our knowledge of those stars.",
                    "date": "2014-01-09",
                    "eventUri": "155915",
                    "id": "2014159",
                    "isDuplicate": false,
                    "lang": "eng",
                    "sim": 0.2031,
                    "source": {
                        "title": "Arxiv.org",
                        "uri": "arxiv.org"
                    },
                    "time": "01:38:00",
                    "title": "On the new late B- and early A-type periodic variable stars. (arXiv:1309.6612v2 [astro-ph.SR] UPDATED)",
                    "uri": "148956037",
                    "url": "http://arxiv.org/abs/1309.6612",
                    "wgt": 1
                }
            ]
        },
        "info": {
            "articleCount": 19,
            "averageDate": "2014-01-09",
            "avgCos": 0.3201,
            "categories": [],
            "customDate": false,
            "customLocation": false,
            "eventUri": "155915",
            "extractedDate": "",
            "extractedDateEnd": "",
            "id": "155915",
            "lang": "eng",
            "location": {
                "country": {
                    "labelEng": "United States",
                    "lat": 39.76,
                    "long": -98.5,
                    "wikiUri": "http://en.wikipedia.org/wiki/United_States"
                },
                "labelEng": "Milwaukee",
                "lat": 43.0389,
                "long": -87.90647,
                "wikiUri": "http://en.wikipedia.org/wiki/Milwaukee"
            },
            "storyDate": "2014-01-09",
            "storyDateEnd": "",
            "uri": "850f305d-14db-4c75-b547-79470a557ea3-58921",
            "variance": 0.4238
        }
    },
    "e7e700df-6a06-44ea-a4f3-f736278fc36b-23169": {
        "articles": {
            "resultCount": 10,
            "results": [
                {
                    "body": "La directora australiana Jane Campion, la \u00fanica mujer que ha obtenido la Palma de Oro del Festival de Cannes, ser\u00e1 la presidenta del jurado en la edici\u00f3n que se celebrar\u00e1 del 14 al 25 de mayo pr\u00f3ximos, anunciaron hoy los organizadores.\n \"Es otra leyenda del cine\" despu\u00e9s de Steven Spielberg que presidi\u00f3 el jurado el pasado a\u00f1o, destac\u00f3 en un comunicado el Festival de Cannes, que record\u00f3 que Campion se hizo con el m\u00e1ximo galard\u00f3n del certamen en 1993 por El Piano.\n Ya en 1986 la australiana hab\u00eda obtenido la Palma de Oro por un cortometraje, \"caso \u00fanico en la historia del Festival de Cannes\", se\u00f1al\u00f3 el certamen en su comunicado.\n La propia interesada cont\u00f3 que 1986 fue la primera vez que acudi\u00f3 a la cita que se celebra en la ciudad francesa de la Costa Azul y desde entonces su \"admiraci\u00f3n por la reina de las manifestaciones del cine no ha hecho m\u00e1s que crecer\".\n \"Es el pa\u00eds de las estrellas, de las fiestas, de las playas y del negocio, pero nunca se pierde de vista lo que es el festival: una celebraci\u00f3n del cine como arte y una celebraci\u00f3n del cine del mundo entero\", se\u00f1al\u00f3.\n El presidente del festival, Gilles Jacob, destac\u00f3 c\u00f3mo Cannes marc\u00f3 la carrera cinematogr\u00e1fica de la directora, que ha dado muestras desde entonces de su estilo.\n \"Hab\u00eda nacido Jane Campion.  Y un estilo con ella.  Luego llegaron Sweetie, El Piano o recientemente Bright Star, esa maravillosa pel\u00edcula en la que la poes\u00eda circula como nunca.  Sorpr\u00e9ndanse de que despu\u00e9s de tantas emociones la llame mi Lady Jane\", coment\u00f3 Jacob.\n Jane Campion naci\u00f3 en una familia de artistas, estudi\u00f3 antropolog\u00eda y luego pintura antes de decantarse por el cine, donde se estren\u00f3 con cortometrajes, uno de los cuales fue el galardonado en Cannes.\n Su primer largometraje fue Sweetie, filme seleccionado igualmente para la competici\u00f3n oficial del Festival de Cannes.  El Piano se llev\u00f3 tambi\u00e9n el Oscar al mejor gui\u00f3n original.\n Su \u00faltima cinta para el cine, Bright Star, una biograf\u00eda novelada del poeta Keats y de su musa, volvi\u00f3 a estar en 2009 en la competici\u00f3n del certamen cinematogr\u00e1fico franc\u00e9s.  M\u00e1s recientemente, la directora australiana ha realizado una serie para la televisi\u00f3n, Top of the Lake, con gran \u00e9xito de p\u00fablico y de cr\u00edtica.",
                    "date": "2014-01-07",
                    "eventUri": "73520",
                    "id": "1762590",
                    "isDuplicate": false,
                    "lang": "spa",
                    "sim": 0.9972,
                    "source": {
                        "title": "La Voz de Galicia",
                        "uri": "www.lavozdegalicia.es"
                    },
                    "time": "09:02:00",
                    "title": "Jane Campion, elegida presidenta del Festival de Cannes",
                    "uri": "148355544",
                    "url": "http://www.lavozdegalicia.es/noticia/ocioycultura/2014/01/07/jane-campion-elegida-presidenta-festival-cannes/00031389080932318144818.htm",
                    "wgt": 1
                },
                {
                    "body": "La plataforma m\u00e1s completa de informaci\u00f3n y servicios econ\u00f3micos para iPad.\n Par\u00eds, 7 ene (EFE).- - La directora australiana Jane Campion, la \u00fanica mujer que ha obtenido la Palma de Oro del Festival de Cannes, ser\u00e1 la presidenta del jurado en la edici\u00f3n que se celebrar\u00e1 del 14 al 25 de mayo pr\u00f3ximos, anunciaron hoy los organizadores.\n \"Es otra leyenda del cine\" despu\u00e9s de Steven Spielberg que presidi\u00f3 el jurado el pasado a\u00f1o, destac\u00f3 en un comunicado el Festival de Cannes, que record\u00f3 que Campion se hizo con el m\u00e1ximo galard\u00f3n del certamen en 1993 por \"The Piano\".\n Ya en 1986 la australiana hab\u00eda obtenido la Palma de Oro por un cortometraje, \"caso \u00fanico en la historia del Festival de Cannes\", se\u00f1al\u00f3 el certamen en su comunicado.\n La propia interesada cont\u00f3 que 1986 fue la primera vez que acudi\u00f3 a la cita que se celebra en la ciudad francesa de la Costa Azul y desde entonces su \"admiraci\u00f3n por la reina de las manifestaciones del cine no ha hecho m\u00e1s que crecer\".\n \"Es el pa\u00eds de las estrellas, de las fiestas, de las playas y del negocio, pero nunca se pierde de vista lo que es el festival: una celebraci\u00f3n del cine como arte y una celebraci\u00f3n del cine del mundo entero\", se\u00f1al\u00f3.\n El presidente del festival, Gilles Jacob, destac\u00f3 c\u00f3mo Cannes marc\u00f3 la carrera cinematogr\u00e1fica de la directora, que ha dado muestras desde entonces de su estilo.\n \"Hab\u00eda nacido Jane Campion.  Y un estilo con ella.  Luego llegaron 'Sweetie', 'The Piano' o recientemente 'Bright Star', esa maravillosa pel\u00edcula en la que la poes\u00eda circula como nunca.  Sorpr\u00e9ndanse de que despu\u00e9s de tantas emociones la llame mi Lady Jane\", coment\u00f3 Jacob.\n Jane Campion naci\u00f3 en una familia de artistas, estudi\u00f3 antropolog\u00eda y luego pintura antes de decantarse por el cine, donde se estren\u00f3 con cortometrajes, uno de los cuales fue el galardonado en Cannes.\n Su primer largometraje fue \"Sweetie\", filme seleccionado igualmente para la competici\u00f3n oficial del Festival de Cannes.\n \"The Piano\" se llev\u00f3 tambi\u00e9n el Oscar al mejor gui\u00f3n original.\n Su \u00faltima cinta para el cine, \"Bright Star\", una biograf\u00eda novelada del poeta Keats y de su musa, volvi\u00f3 a estar en 2009 en la competici\u00f3n del certamen cinematogr\u00e1fico franc\u00e9s.\n M\u00e1s recientemente, la directora australiana ha realizado una serie para la televisi\u00f3n, \"Top of the Lake\", con gran \u00e9xito de p\u00fablico y de cr\u00edtica.",
                    "date": "2014-01-07",
                    "eventUri": "73520",
                    "id": "1785295",
                    "isDuplicate": false,
                    "lang": "spa",
                    "sim": 0.9925,
                    "source": {
                        "title": "El Economista",
                        "uri": "www.eleconomista.es"
                    },
                    "time": "13:02:00",
                    "title": "La australiana Jane Campion ser\u00e1 la presidenta del Festival de Cannes",
                    "uri": "148416680",
                    "url": "http://www.eleconomista.es/cine/noticias/5439135/01/14/La-australiana-Jane-Campion-sera-la-presidenta-del-Festival-de-Cannes.html",
                    "wgt": 1
                },
                {
                    "body": "Arrastre los portlets debajo de este mensaje para anidarlos.\n La directora australiana Jane Campion, la \u00fanica mujer que ha obtenido la Palma de Oro del Festival de Cannes, ser\u00e1 la presidenta del jurado en la edici\u00f3n que se celebrar\u00e1 del 14 al 25 de mayo pr\u00f3ximos, anunciaron hoy los organizadores.\n \"Es otra leyenda del cine\" despu\u00e9s de Steven Spielberg que presidi\u00f3 el jurado el pasado a\u00f1o, destac\u00f3 en un comunicado el Festival de Cannes, que record\u00f3 que Campion se hizo con el m\u00e1ximo galard\u00f3n del certamen en 1993 por \"El Piano\".\n Ya en 1986 la australiana hab\u00eda obtenido la Palma de Oro por un cortometraje, \"caso \u00fanico en la historia del Festival de Cannes\", se\u00f1al\u00f3 el certamen en su comunicado.\n La propia interesada cont\u00f3 que 1986 fue la primera vez que acudi\u00f3 a la cita que se celebra en la ciudad francesa de la Costa Azul y desde entonces su \"admiraci\u00f3n por la reina de las manifestaciones del cine no ha hecho m\u00e1s que crecer\".\n \"Es el pa\u00eds de las estrellas, de las fiestas, de las playas y del negocio, pero nunca se pierde de vista lo que es el festival: una celebraci\u00f3n del cine como arte y una celebraci\u00f3n del cine del mundo entero\", se\u00f1al\u00f3.\n El presidente del festival, Gilles Jacob, destac\u00f3 c\u00f3mo Cannes marc\u00f3 la carrera cinematogr\u00e1fica de la directora, que ha dado muestras desde entonces de su estilo.\n \"Hab\u00eda nacido Jane Campion.  Y un estilo con ella.  Luego llegaron 'Sweetie', 'El Piano' o recientemente 'Bright Star', esa maravillosa pel\u00edcula en la que la poes\u00eda circula como nunca.  Sorpr\u00e9ndanse de que despu\u00e9s de tantas emociones la llame mi Lady Jane\", coment\u00f3 Jacob.\n Jane Campion naci\u00f3 en una familia de artistas, estudi\u00f3 antropolog\u00eda y luego pintura antes de decantarse por el cine, donde se estren\u00f3 con cortometrajes, uno de los cuales fue el galardonado en Cannes.\n Su primer largometraje fue \"Sweetie\", filme seleccionado igualmente para la competici\u00f3n oficial del Festival de Cannes.\n \"El Piano\" se llev\u00f3 tambi\u00e9n el Oscar al mejor gui\u00f3n original.\n Su \u00faltima cinta para el cine, \"Bright Star\", una biograf\u00eda novelada del poeta Keats y de su musa, volvi\u00f3 a estar en 2009 en la competici\u00f3n del certamen cinematogr\u00e1fico franc\u00e9s.\n M\u00e1s recientemente, la directora australiana ha realizado una serie para la televisi\u00f3n, \"Top of the Lake\", con gran \u00e9xito de p\u00fablico y de cr\u00edtica.",
                    "date": "2014-01-07",
                    "eventUri": "73520",
                    "id": "1764298",
                    "isDuplicate": false,
                    "lang": "spa",
                    "sim": 0.9924,
                    "source": {
                        "title": "La Razon",
                        "uri": "www.larazon.es"
                    },
                    "time": "09:21:00",
                    "title": "La australiana Jane Campion, elegida presidenta del Festival de Cannes",
                    "uri": "148360570",
                    "url": "http://www.larazon.es/detalle_normal/noticias/4997887/portada/la-australiana-jane-campion-elegida-presidenta-del-festival-de-cannes",
                    "wgt": 1
                },
                {
                    "body": "Jane Campion posa durante la presentaci\u00f3n de 'S\u00f3lo Dios perdona', el pasado 22 de mayo de 2013 VALERY HACHE\nLa directora australiana Jane Campion, la \u00fanica mujer que ha obtenido la Palma de Oro del Festival de Cannes, ser\u00e1 la presidenta del jurado en la edici\u00f3n que se celebrar\u00e1 del 14 al 25 de mayo pr\u00f3ximos, anunciaron hoy los organizadores.\n \"Es otra leyenda del cine\" despu\u00e9s de Steven Spielberg, que presidi\u00f3 el jurado el pasado a\u00f1o, destac\u00f3 en un comunicado el Festival de Cannes, que record\u00f3 que Campion se hizo con el m\u00e1ximo galard\u00f3n del certamen en 1993 por 'El Piano'.\n Ya en 1986 la australiana hab\u00eda obtenido la Palma de Oro por un cortometraje, \"caso \u00fanico en la historia del Festival de Cannes\", se\u00f1al\u00f3 el certamen en su comunicado.\n La propia interesada cont\u00f3 que 1986 fue la primera vez que acudi\u00f3 a la cita que se celebra en la ciudad francesa de la Costa Azul y desde entonces su \"admiraci\u00f3n por la reina de las manifestaciones del cine no ha hecho m\u00e1s que crecer\".\n \"Es el pa\u00eds de las estrellas, de las fiestas, de las playas y del negocio, pero nunca se pierde de vista lo que es el festival: una celebraci\u00f3n del cine como arte y una celebraci\u00f3n del cine del mundo entero\", se\u00f1al\u00f3.\n El presidente del festival, Gilles Jacob, destac\u00f3 c\u00f3mo Cannes marc\u00f3 la carrera cinematogr\u00e1fica de la directora, que ha dado muestras desde entonces de su estilo.\n \"Hab\u00eda nacido Jane Campion.  Y un estilo con ella.  Luego llegaron 'Sweetie', 'El Piano' o recientemente 'Bright Star', esa maravillosa pel\u00edcula en la que la poes\u00eda circula como nunca.  Sorpr\u00e9ndanse de que despu\u00e9s de tantas emociones la llame mi Lady Jane\", coment\u00f3 Jacob.\n Jane Campion naci\u00f3 en una familia de artistas, estudi\u00f3 antropolog\u00eda y luego pintura antes de decantarse por el cine, donde se estren\u00f3 con cortometrajes, uno de los cuales fue el galardonado en Cannes.\n Su primer largometraje fue 'Sweetie', filme seleccionado igualmente para la competici\u00f3n oficial del Festival de Cannes.  'El Piano' se llev\u00f3 tambi\u00e9n el Oscar al mejor gui\u00f3n original.  Su \u00faltima cinta para el cine, 'Bright Star', una biograf\u00eda novelada del poeta Keats y de su musa, volvi\u00f3 a estar en 2009 en la competici\u00f3n del certamen cinematogr\u00e1fico franc\u00e9s.\n M\u00e1s recientemente, la directora australiana ha realizado una serie para la televisi\u00f3n, 'Top of the Lake', con gran \u00e9xito de p\u00fablico y de cr\u00edtica.",
                    "date": "2014-01-07",
                    "eventUri": "73520",
                    "id": "1770078",
                    "isDuplicate": false,
                    "lang": "spa",
                    "sim": 0.9894,
                    "source": {
                        "title": "ELMUNDO",
                        "uri": "www.elmundo.es"
                    },
                    "time": "10:31:00",
                    "title": "La 'jefa' de Cannes",
                    "uri": "148377120",
                    "url": "http://www.elmundo.es/cultura/2014/01/07/52cbbe49268e3eab448b456d.html",
                    "wgt": 1
                },
                {
                    "body": "La directora australiana Jane Campion, la \u00fanica mujer que ha obtenido la Palma de Oro del Festival de Cannes, ser\u00e1 la presidenta del jurado en la edici\u00f3n que se celebrar\u00e1 del 14 al 25 de mayo pr\u00f3ximos, anunciaron hoy los organizadores.\n \"Es otra leyenda del cine\" despu\u00e9s de Steven Spielberg que presidi\u00f3 el jurado el pasado a\u00f1o, destac\u00f3 en un comunicado el Festival de Cannes, que record\u00f3 que Campion se hizo con el m\u00e1ximo galard\u00f3n del certamen en 1993 por \"The Piano\".\n Ya en 1986 la australiana hab\u00eda obtenido la Palma de Oro por un cortometraje, \"caso \u00fanico en la historia del Festival de Cannes\", se\u00f1al\u00f3 el certamen en su comunicado.\n La propia interesada cont\u00f3 que 1986 fue la primera vez que acudi\u00f3 a la cita que se celebra en la ciudad francesa de la Costa Azul y desde entonces su \"admiraci\u00f3n por la reina de las manifestaciones del cine no ha hecho m\u00e1s que crecer\".\n \"Es el pa\u00eds de las estrellas, de las fiestas, de las playas y del negocio, pero nunca se pierde de vista lo que es el festival: una celebraci\u00f3n del cine como arte y una celebraci\u00f3n del cine del mundo entero\", se\u00f1al\u00f3.\n El presidente del festival, Gilles Jacob, destac\u00f3 c\u00f3mo Cannes marc\u00f3 la carrera cinematogr\u00e1fica de la directora, que ha dado muestras desde entonces de su estilo.\n \"Hab\u00eda nacido Jane Campion.  Y un estilo con ella.  Luego llegaron 'Sweetie', 'The Piano' o recientemente 'Bright Star', esa maravillosa pel\u00edcula en la que la poes\u00eda circula como nunca.  Sorpr\u00e9ndanse de que despu\u00e9s de tantas emociones la llame mi Lady Jane\", coment\u00f3 Jacob.\n Jane Campion naci\u00f3 en una familia de artistas, estudi\u00f3 antropolog\u00eda y luego pintura antes de decantarse por el cine, donde se estren\u00f3 con cortometrajes, uno de los cuales fue el galardonado en Cannes.\n Su primer largometraje fue \"Sweetie\", filme seleccionado igualmente para la competici\u00f3n oficial del Festival de Cannes.\n \"The Piano\" se llev\u00f3 tambi\u00e9n el Oscar al mejor gui\u00f3n original.\n Su \u00faltima cinta para el cine, \"Bright Star\", una biograf\u00eda novelada del poeta Keats y de su musa, volvi\u00f3 a estar en 2009 en la competici\u00f3n del certamen cinematogr\u00e1fico franc\u00e9s.\n M\u00e1s recientemente, la directora australiana ha realizado una serie para la televisi\u00f3n, \"Top of the Lake\", con gran \u00e9xito de p\u00fablico y de cr\u00edtica.\n EFE - Agencia EFE - Todos los derechos reservados.  Est\u00e1 prohibido todo tipo de reproducci\u00f3n sin autorizaci\u00f3n escrita de la Agencia EFE S/A.",
                    "date": "2014-01-07",
                    "eventUri": "73520",
                    "id": "1762914",
                    "isDuplicate": false,
                    "lang": "spa",
                    "sim": 0.9857,
                    "source": {
                        "title": "Terra",
                        "uri": "entretenimiento.terra.com.mx"
                    },
                    "time": "09:06:00",
                    "title": "La australiana Jane Campion ser\u00e1 la presidenta del Festival de Cannes",
                    "uri": "148356453",
                    "url": "http://entretenimiento.terra.com.mx/cultura/la-australiana-jane-campion-sera-la-presidenta-del-festival-de-cannes%2C0db83eb0d9963410VgnCLD2000000dc6eb0aRCRD.html",
                    "wgt": 1
                },
                {
                    "body": "La directora australiana Jane Campion, la \u00fanica mujer que ha obtenido la Palma de Oro del Festival de Cannes, ser\u00e1 la presidenta del jurado en la edici\u00f3n que se celebrar\u00e1 del 14 al 25 de mayo pr\u00f3ximos, anunciaron hoy los organizadores.\n \"Es otra leyenda del cine\" despu\u00e9s de Steven Spielberg que presidi\u00f3 el jurado el pasado a\u00f1o, destac\u00f3 en un comunicado el Festival de Cannes, que record\u00f3 que Campion se hizo con el m\u00e1ximo galard\u00f3n del certamen en 1993 por El Piano.  Ya en 1986 la australiana hab\u00eda obtenido la Palma de Oro por un cortometraje, \"caso \u00fanico en la historia del Festival de Cannes\", se\u00f1al\u00f3 el certamen en su comunicado.\n La propia interesada cont\u00f3 que 1986 fue la primera vez que acudi\u00f3 a la cita que se celebra en la ciudad francesa de la Costa Azul y desde entonces su \"admiraci\u00f3n por la reina de las manifestaciones del cine no ha hecho m\u00e1s que crecer\".  \"Es el pa\u00eds de las estrellas, de las fiestas, de las playas y del negocio, pero nunca se pierde de vista lo que es el festival: una celebraci\u00f3n del cine como arte y una celebraci\u00f3n del cine del mundo entero\", se\u00f1al\u00f3.\n El presidente del festival, Gilles Jacob, destac\u00f3 c\u00f3mo Cannes marc\u00f3 la carrera cinematogr\u00e1fica de la directora, que ha dado muestras desde entonces de su estilo.  \"Hab\u00eda nacido Jane Campion.  Y un estilo con ella.  Luego llegaron Sweetie, El Piano o recientemente 'Bright Star, esa maravillosa pel\u00edcula en la que la poes\u00eda circula como nunca.  Sorpr\u00e9ndanse de que despu\u00e9s de tantas emociones la llame mi Lady Jane\", coment\u00f3 Jacob.\n Jane Campion naci\u00f3 en una familia de artistas, estudi\u00f3 antropolog\u00eda y luego pintura antes de decantarse por el cine, donde se estren\u00f3 con cortometrajes, uno de los cuales fue el galardonado en Cannes.  Su primer largometraje fue Sweetie, filme seleccionado igualmente para la competici\u00f3n oficial del Festival de Cannes.  El Piano se llev\u00f3 tambi\u00e9n el Oscar al mejor gui\u00f3n original.  Su \u00faltima pel\u00edcula para el cine, Bright Star, una biograf\u00eda novelada del poeta Keats y de su musa, volvi\u00f3 a estar en 2009 en la competici\u00f3n del certamen cinematogr\u00e1fico franc\u00e9s.",
                    "date": "2014-01-07",
                    "eventUri": "73520",
                    "id": "1768229",
                    "isDuplicate": false,
                    "lang": "spa",
                    "sim": 0.9844,
                    "source": {
                        "title": "EL PA\u00cdS",
                        "uri": "cultura.elpais.com"
                    },
                    "time": "10:09:00",
                    "title": "Jane Campion, al mando del Festival de Cannes",
                    "uri": "148371502",
                    "url": "http://cultura.elpais.com/cultura/2014/01/07/actualidad/1389087862_472271.html",
                    "wgt": 1
                },
                {
                    "body": "\"Es otra leyenda del cine\" despu\u00e9s de Steven Spielberg que presidi\u00f3 el jurado el pasado a\u00f1o, destac\u00f3 en un comunicado el Festival de Cannes, que record\u00f3 que Campion se hizo con el m\u00e1ximo galard\u00f3n del certamen en 1993 por The Piano.\n Ya en 1986 la australiana hab\u00eda obtenido la Palma de Oro por un cortometraje, \"caso \u00fanico en la historia del Festival de Cannes\", se\u00f1al\u00f3 el certamen en su comunicado.\n La propia interesada cont\u00f3 que 1986 fue la primera vez que acudi\u00f3 a la cita que se celebra en la ciudad francesa de la Costa Azul y desde entonces su \"admiraci\u00f3n por la reina de las manifestaciones del cine no ha hecho m\u00e1s que crecer\".\n \"Es el pa\u00eds de las estrellas, de las fiestas, de las playas y del negocio, pero nunca se pierde de vista lo que es el festival: una celebraci\u00f3n del cine como arte y una celebraci\u00f3n del cine del mundo entero\", se\u00f1al\u00f3.\n El presidente del festival, Gilles Jacob, destac\u00f3 c\u00f3mo Cannes marc\u00f3 la carrera cinematogr\u00e1fica de la directora, que ha dado muestras desde entonces de su estilo.\n \"Hab\u00eda nacido Jane Campion.  Y un estilo con ella.  Luego llegaron Sweetie, The Piano o recientemente Bright Star, esa maravillosa pel\u00edcula en la que la poes\u00eda circula como nunca.  Sorpr\u00e9ndanse de que despu\u00e9s de tantas emociones la llame mi Lady Jane\", coment\u00f3 Jacob.\n Jane Campion naci\u00f3 en una familia de artistas, estudi\u00f3 antropolog\u00eda y luego pintura antes de decantarse por el cine, donde se estren\u00f3 con cortometrajes, uno de los cuales fue el galardonado en Cannes.  Su primer largometraje fue Sweetie, filme seleccionado igualmente para la competici\u00f3n oficial del Festival de Cannes.\n The Piano se llev\u00f3 tambi\u00e9n el Oscar al mejor gui\u00f3n original.  Su \u00faltima cinta para el cine, Bright Star, una biograf\u00eda novelada del poeta Keats y de su musa, volvi\u00f3 a estar en 2009 en la competici\u00f3n del certamen cinematogr\u00e1fico franc\u00e9s.\n M\u00e1s recientemente, la directora australiana ha realizado una serie para la televisi\u00f3n, Top of the Lake, con gran \u00e9xito de p\u00fablico y de cr\u00edtica.",
                    "date": "2014-01-07",
                    "eventUri": "73520",
                    "id": "1763120",
                    "isDuplicate": false,
                    "lang": "spa",
                    "sim": 0.9801,
                    "source": {
                        "title": "ABC Color",
                        "uri": "www.abc.com.py"
                    },
                    "time": "09:08:00",
                    "title": "Jane Campion ser\u00e1 presidenta del Festival de Cannes",
                    "uri": "148357079",
                    "url": "http://www.abc.com.py/espectaculos/cine-y-tv/jane-campion-sera-presidenta-del-festival-de-cannes-1203345.html",
                    "wgt": 1
                },
                {
                    "body": "\"Es otra leyenda del cine\" despu\u00e9s de Steven Spielberg que presidi\u00f3 el jurado el pasado a\u00f1o, destac\u00f3 en un comunicado el Festival de Cannes, que record\u00f3 que Campion se hizo con el m\u00e1ximo galard\u00f3n del certamen en 1993 por \"The Piano\".\n Ya en 1986 la australiana hab\u00eda obtenido la Palma de Oro por un cortometraje, \"caso \u00fanico en la historia del Festival de Cannes\", se\u00f1al\u00f3 el certamen en su comunicado.\n La propia interesada cont\u00f3 que 1986 fue la primera vez que acudi\u00f3 a la cita que se celebra en la ciudad francesa de la Costa Azul y desde entonces su \"admiraci\u00f3n por la reina de las manifestaciones del cine no ha hecho m\u00e1s que crecer\".\n \"Es el pa\u00eds de las estrellas, de las fiestas, de las playas y del negocio, pero nunca se pierde de vista lo que es el festival: una celebraci\u00f3n del cine como arte y una celebraci\u00f3n del cine del mundo entero\", se\u00f1al\u00f3.\n El presidente del festival, Gilles Jacob, destac\u00f3 c\u00f3mo Cannes marc\u00f3 la carrera cinematogr\u00e1fica de la directora, que ha dado muestras desde entonces de su estilo.\n \"Hab\u00eda nacido Jane Campion.  Y un estilo con ella.  Luego llegaron 'Sweetie', 'The Piano' o recientemente 'Bright Star', esa maravillosa pel\u00edcula en la que la poes\u00eda circula como nunca.  Sorpr\u00e9ndanse de que despu\u00e9s de tantas emociones la llame mi Lady Jane\", coment\u00f3 Jacob.\n Jane Campion naci\u00f3 en una familia de artistas, estudi\u00f3 antropolog\u00eda y luego pintura antes de decantarse por el cine, donde se estren\u00f3 con cortometrajes, uno de los cuales fue el galardonado en Cannes.\n Su primer largometraje fue \"Sweetie\", filme seleccionado igualmente para la competici\u00f3n oficial del Festival de Cannes.\n \"The Piano\" se llev\u00f3 tambi\u00e9n el Oscar al mejor gui\u00f3n original.\n Su \u00faltima cinta para el cine, \"Bright Star\", una biograf\u00eda novelada del poeta Keats y de su musa, volvi\u00f3 a estar en 2009 en la competici\u00f3n del certamen cinematogr\u00e1fico franc\u00e9s.\n M\u00e1s recientemente, la directora australiana ha realizado una serie para la televisi\u00f3n, \"Top of the Lake\", con gran \u00e9xito de p\u00fablico y de cr\u00edtica.",
                    "date": "2014-01-07",
                    "eventUri": "73520",
                    "id": "1785206",
                    "isDuplicate": false,
                    "lang": "spa",
                    "sim": 0.9799,
                    "source": {
                        "title": "ultimahora",
                        "uri": "www.ultimahora.com"
                    },
                    "time": "13:01:00",
                    "title": "La australiana Jane Campion ser\u00e1 la presidenta del Festival de Cannes",
                    "uri": "148416442",
                    "url": "http://www.ultimahora.com/la-australiana-jane-campion-sera-la-presidenta-del-festival-cannes-n756348.html",
                    "wgt": 1
                },
                {
                    "body": "La directora australiana Jane Campion, la \u00fanica mujer que ha obtenido la Palma de Oro del Festival de Cannes, ser\u00e1 la presidenta del jurado en la edici\u00f3n que se celebrar\u00e1 del 14 al 25 de mayo pr\u00f3ximos, han anunciado hoy los organizadores.\n Campion \"es otra leyenda del cine\", ha se\u00f1alado en un comunicado el Festival de Cannes, recordando que Steven Spielberg presidi\u00f3 el jurado el pasado a\u00f1o.  Campion se hizo con el m\u00e1ximo galard\u00f3n del certamen en 1993 por 'El Piano' y ya en 1986 la australiana hab\u00eda obtenido la Palma de Oro por un cortometraje, \"caso \u00fanico en la historia del Festival de Cannes\", se\u00f1ala la nota.\n La propia Campion cont\u00f3 que 1986 fue la primera vez que acudi\u00f3 a la cita que se celebra en la ciudad francesa de la Costa Azul y desde entonces su \"admiraci\u00f3n por la reina de las manifestaciones del cine no ha hecho m\u00e1s que crecer\".  \"Es el pa\u00eds de las estrellas, de las fiestas, de las playas y del negocio, pero nunca se pierde de vista lo que es el festival: una celebraci\u00f3n del cine como arte y una celebraci\u00f3n del cine del mundo entero\", se\u00f1al\u00f3.\n Destacada carrera\nEl presidente del festival, Gilles Jacob, destac\u00f3 c\u00f3mo Cannes marc\u00f3 la carrera cinematogr\u00e1fica de la directora, que ha dado muestras desde entonces de su estilo.  \"Hab\u00eda nacido Jane Campion.  Y un estilo con ella.  Luego llegaron 'Sweetie', 'El Piano' o recientemente 'Bright Star', esa maravillosa pel\u00edcula en la que la poes\u00eda circula como nunca.  Sorpr\u00e9ndanse de que despu\u00e9s de tantas emociones la llame mi Lady Jane\", coment\u00f3 Jacob.\n Jane Campion naci\u00f3 en una familia de artistas, estudi\u00f3 antropolog\u00eda y pintura antes de decantarse por el cine, donde se estren\u00f3 con cortometrajes, uno de los cuales fue el galardonado en Cannes.\n Su primer largometraje fue 'Sweetie', filme seleccionado igualmente para la competici\u00f3n oficial del festival.  'El Piano' se llev\u00f3 tambi\u00e9n el Oscar al mejor gui\u00f3n original.  Su \u00faltima cinta, 'Bright Star', una biograf\u00eda novelada del poeta Keats y de su musa, volvi\u00f3 a estar en el 2009 en la competici\u00f3n del certamen cinematogr\u00e1fico franc\u00e9s.\n M\u00e1s recientemente, la directora australiana ha realizado una serie para la televisi\u00f3n, 'Top of the Lake', con gran \u00e9xito de p\u00fablico y de cr\u00edtica.",
                    "date": "2014-01-07",
                    "eventUri": "73520",
                    "id": "1775970",
                    "isDuplicate": false,
                    "lang": "spa",
                    "sim": 0.9755,
                    "source": {
                        "title": "El Peri\u00f3dico",
                        "uri": "www.elperiodicoextremadura.com"
                    },
                    "time": "11:34:00",
                    "title": "Jane Campion, presidenta del jurado del festival de Cannes",
                    "uri": "148393161",
                    "url": "http://www.elperiodicoextremadura.com/noticias/escenarios/jane-campion-presidenta-jurado-festival-cannes_779086.html",
                    "wgt": 1
                },
                {
                    "body": "Se trata de la \u00fanica mujer que ha obtenido la Palma de Oro del Festival de Cannes, y ser\u00e1 la presidenta del jurado en la edici\u00f3n que se celebrar\u00e1 del 14 al 25 de mayo.\n La directora australiana Jane Campion, la \u00fanica mujer que ha obtenido la Palma de Oro del Festival de Cannes, ser\u00e1 la presidenta del jurado en la edici\u00f3n que se celebrar\u00e1 del 14 al 25 de mayo pr\u00f3ximos.\n \"Es otra leyenda del cine\" despu\u00e9s de Steven Spielberg que presidi\u00f3 el jurado el pasado a\u00f1o, ha destacado en un comunicado el Festival de Cannes, que record\u00f3 que Campion se hizo con el m\u00e1ximo galard\u00f3n del certamen en 1993 por \"El Piano\".\n Ya en 1986 la australiana hab\u00eda obtenido la Palma de Oro por un cortometraje, \"caso \u00fanico en la historia del Festival de Cannes\", ha se\u00f1alado el certamen en su comunicado.  La propia interesada cont\u00f3 que 1986 fue la primera vez que acudi\u00f3 a la cita que se celebra en la ciudad francesa de la Costa Azul y desde entonces su \"admiraci\u00f3n por la reina de las manifestaciones del cine no ha hecho m\u00e1s que crecer\".\n El presidente del festival, Gilles Jacob, ha destacado c\u00f3mo Cannes marc\u00f3 la carrera cinematogr\u00e1fica de la directora, que ha dado muestras desde entonces de su estilo.  \"Hab\u00eda nacido Jane Campion.  Y un estilo con ella.  Luego llegaron 'Sweetie', 'El Piano' o recientemente 'Bright Star', esa maravillosa pel\u00edcula en la que la poes\u00eda circula como nunca.  Sorpr\u00e9ndanse de que despu\u00e9s de tantas emociones la llame mi Lady Jane\", ha comentado Jacob.\n La \u00faltima cinta de Jane Campion, \"Bright Star\", una biograf\u00eda novelada del poeta Keats y de su musa, volvi\u00f3 a estar en 2009 en la competici\u00f3n del certamen cinematogr\u00e1fico franc\u00e9s.  M\u00e1s recientemente, la directora australiana ha realizado una serie para la televisi\u00f3n, \"Top of the Lake\", con gran \u00e9xito de p\u00fablico y de cr\u00edtica.",
                    "date": "2014-01-07",
                    "eventUri": "73520",
                    "id": "1762321",
                    "isDuplicate": false,
                    "lang": "spa",
                    "sim": 0.9246,
                    "source": {
                        "title": "Euskadi Irratia",
                        "uri": "www.eitb.com"
                    },
                    "time": "08:58:00",
                    "title": "Jane Campion, presidenta del Festival de Cannes 2014",
                    "uri": "148354690",
                    "url": "http://www.eitb.com/es/cultura/cine/detalle/1885524/festival-cannes-2014--jane-campion-presidenta-jurado/?utm_campaign=General&utm_medium=RSS&utm_source=Cine",
                    "wgt": 1
                }
            ]
        },
        "info": {
            "articleCount": 10,
            "averageDate": "2014-01-07",
            "avgCos": 0.6931,
            "categories": [],
            "customDate": false,
            "customLocation": false,
            "eventUri": "73520",
            "extractedDate": "",
            "extractedDateEnd": "",
            "id": "73520",
            "lang": "spa",
            "location": {
                "country": {
                    "labelEng": "France",
                    "lat": 46,
                    "long": 2,
                    "wikiUri": "http://en.wikipedia.org/wiki/France"
                },
                "labelEng": "Cannes",
                "lat": 43.55135,
                "long": 7.01275,
                "wikiUri": "http://en.wikipedia.org/wiki/Cannes"
            },
            "storyDate": "2014-01-07",
            "storyDateEnd": "",
            "uri": "e7e700df-6a06-44ea-a4f3-f736278fc36b-23169",
            "variance": 0.0196
        }
    },
    "meta": {
        "CCAArticleMatchCount": 9,
        "CCAArticleMatchRatio": 0.04639175257731959,
        "CCAAvgCosSim": 0.6807222222222221,
        "CCAAvgMatchWgt": 20.22222222222222,
        "_articleUri1": "148586815",
        "_articleUri2": "148355544",
        "_datetime": "2015-01-19 23:02:07",
        "_ruleBasedShouldMerge": false,
        "_storyUri1": "850f305d-14db-4c75-b547-79470a557ea3-58921",
        "_storyUri2": "e7e700df-6a06-44ea-a4f3-f736278fc36b-23169",
        "_username": "Evgenia Belyaeva",
        "artCount1": 19,
        "artCount2": 10,
        "avgCosSimStory1": 0.3201,
        "avgCosSimStory2": 0.6931,
        "categorySim": 0,
        "conceptCosSim": 0.002200836407332288,
        "conceptJaccardSim": 0.01204819277108434,
        "coreTime1": 122903.9333333333,
        "coreTime2": 122889.0333333333,
        "coreTimeStDev1": 13.27894797936598,
        "coreTimeStDev2": 1.338220211073543,
        "entityCosSim": 0.003636276729456286,
        "entityJaccardSim": 0.02777777777777778,
        "extractedDateJaccardSim": 0,
        "extractedDatesStory1": 0,
        "extractedDatesStory2": 2,
        "hasSameLocation": 0,
        "keywordCosSim": 0,
        "keywordJaccardSim": 0,
        "lang1": "eng",
        "lang2": "spa",
        "matchingDateCount": 0,
        "matchingDateRatio": 0,
        "ratioAnnotatedArticlesStory1": 1,
        "ratioAnnotatedArticlesStory2": 1,
        "shouldMerge": false,
        "storyQuality1": 5,
        "storyQuality2": 29,
        "timeAvg1": 122928.1192982456,
        "timeAvg2": 122890.3866666667,
        "timeStDev1": 14.60886463156401,
        "timeStDev2": 1.534144712861004,
        "varianceStory1": 0.4238,
        "varianceStory2": 0.0196
    }
}