{
    "b738a3b7-2db3-4d38-88c8-76c4eb4f835b-297116": {
        "articles": {
            "resultCount": 5,
            "results": [
                {
                    "body": "Hannover - Ein Konvoi mit Wrackteilen des in der Ukraine abgest\u00fcrzten malaysischen Passagierflugzeugs hat am Montag Deutschland durchquert. Die Wrackteile des Fluges MH17 werden zu Untersuchungen in die Niederlande gebracht, wo die Maschine gestartet war.\n\nDeutsche Polizisten begleiteten den aus mehreren Lastwagen bestehenden Konvoi. Er fuhr durch Sachsen, Brandenburg, Sachsen-Anhalt und Niedersachsen und sollte in der Nacht zum Dienstag die deutsch-niederl\u00e4ndische Grenze \u00fcberqueren, wie die Polizei mitteilte. Weitere drei Transporte sollen in den n\u00e4chsten Tagen folgen. Die Boeing 777 der Malaysia Airlines war am 17. Juli \u00fcber der Ostukraine abgest\u00fcrzt, vermutlich nach Raketenbeschuss. Alle 298 Insassen starben. Unklar ist bis heute, wer verantwortlich ist.",
                    "date": "2014-12-08",
                    "eventUri": "1980344",
                    "id": "27515694",
                    "isDuplicate": false,
                    "lang": "deu",
                    "sim": 0.9717,
                    "source": {
                        "title": "www.abendzeitung-muenchen.de",
                        "uri": "www.abendzeitung-muenchen.de"
                    },
                    "time": "12:41:00",
                    "title": "Deutschland: Konvoi mit MH17-Wrackteilen durchquert Deutschland",
                    "uri": "232549228",
                    "url": "http://www.abendzeitung-muenchen.de/inhalt.deutschland-konvoi-mit-mh17-wrackteilen-durchquert-deutschland.62d988bc-b76c-4995-9f29-d30d587a755a.html",
                    "wgt": 1
                },
                {
                    "body": "Hannover (dpa) - Ein Konvoi mit Wrackteilen des in der Ukraine abgest\u00fcrzten malaysischen Passagierflugzeugs hat am Montag Deutschland durchquert. Die Wrackteile des Fluges MH17 werden zu Untersuchungen in die Niederlande gebracht, wo die Maschine gestartet war.\n\nDeutsche Polizisten begleiteten den aus mehreren Lastwagen bestehenden Konvoi. Er fuhr durch Sachsen, Brandenburg, Sachsen-Anhalt und Niedersachsen und sollte in der Nacht zum Dienstag die deutsch-niederl\u00e4ndische Grenze \u00fcberqueren, wie die Polizei mitteilte. Weitere drei Transporte sollen in den n\u00e4chsten Tagen folgen. Die Boeing 777 der Malaysia Airlines war am 17. Juli \u00fcber der Ostukraine abgest\u00fcrzt, vermutlich nach Raketenbeschuss. Alle 298 Insassen starben. Unklar ist bis heute, wer verantwortlich ist.\n\nMitteilung",
                    "date": "2014-12-08",
                    "eventUri": "1980344",
                    "id": "27515693",
                    "isDuplicate": false,
                    "lang": "deu",
                    "sim": 0.9693,
                    "source": {
                        "title": "ZEITmagazin",
                        "uri": "www.zeit.de"
                    },
                    "time": "10:41:00",
                    "title": "Konflikte: Konvoi mit MH17-Wrackteilen durchquert Deutschland",
                    "uri": "232549239",
                    "url": "http://www.zeit.de/news/2014-12/08/konflikte-konvoi-mit-mh17-wrackteilen-durchquert-deutschland-08072009",
                    "wgt": 1
                },
                {
                    "body": "G\u00f6rlitz/Magdeburg - Ein Konvoi mit Wrackteilen des in der Ukraine abgest\u00fcrzten malaysischen Passagierflugzeugs hat am Montag Deutschland durchquert. Die Wrackteile des Fluges MH17 werden zu Untersuchungen in die Niederlande gebracht, wo die Maschine gestartet war.\n\nDeutsche Polizisten begleiteten den aus mehreren Lastwagen bestehenden Konvoi. Er fuhr durch Sachsen, Brandenburg, Sachsen-Anhalt, Nordrhein-Westfalen und Niedersachsen und sollte in der Nacht zum Dienstag die deutsch-niederl\u00e4ndische Grenze \u00fcberqueren, wie die Polizei mitteilte. Weitere drei Transporte sollen in den n\u00e4chsten Tagen folgen.\n\nDie Boeing 777 der Malaysia Airlines war am 17. Juli \u00fcber der Ostukraine abgest\u00fcrzt, vermutlich nach Raketenbeschuss. Alle 298 Insassen starben. Unklar ist bis heute, wer verantwortlich ist.",
                    "date": "2014-12-10",
                    "eventUri": "1980344",
                    "id": "27679929",
                    "isDuplicate": false,
                    "lang": "deu",
                    "sim": 0.9529,
                    "source": {
                        "title": "Schwarzwalder Bote",
                        "uri": "www.schwarzwaelder-bote.de"
                    },
                    "time": "01:47:00",
                    "title": "MH17-Wrackteile: Konvoi passiert Deutschland",
                    "uri": "232949568",
                    "url": "http://www.schwarzwaelder-bote.de/inhalt.mh17-wrackteile-konvoi-passiert-deutschland.e12981fc-c598-4883-aa34-5a28d2062df3.html",
                    "wgt": 1
                },
                {
                    "body": "Deutsche Polizisten begleiteten den aus mehreren Lastwagen bestehenden Konvoi. Er fuhr durch Sachsen, Brandenburg, Sachsen-Anhalt und Niedersachsen und sollte in der Nacht zum Dienstag die deutsch-niederl\u00e4ndische Grenze \u00fcberqueren, wie die Polizei mitteilte. Weitere drei Transporte sollen in den n\u00e4chsten Tagen folgen. Die Boeing 777 der Malaysia Airlines war am 17. Juli \u00fcber der Ostukraine abgest\u00fcrzt, vermutlich nach Raketenbeschuss. Alle 298 Insassen starben. Unklar ist bis heute, wer verantwortlich ist.",
                    "date": "2014-12-08",
                    "eventUri": "1980344",
                    "id": "27515709",
                    "isDuplicate": false,
                    "lang": "deu",
                    "sim": 0.8745,
                    "source": {
                        "title": "swp.de",
                        "uri": "www.swp.de"
                    },
                    "time": "05:41:00",
                    "title": "G\u00f6rlitz/Magdeburg Konvoi mit MH17-Wrackteilen durchquert Deutschland",
                    "uri": "232549244",
                    "url": "http://www.swp.de/schwaebisch_hall/nachrichten/politik/Konvoi-mit-MH17-Wrackteilen-durchquert-Deutschland%3Bart1157828%2C2939817",
                    "wgt": 1
                },
                {
                    "body": "Ein Konvoi mit Wrackteilen der in der Ukraine abgest\u00fcrzten Passagiermaschine mit der Flugnummer MH17 hat am fr\u00fchen Montagmorgen Sachsen-Anhalt erreicht. Wie ein Polizeisprecher mitteilte, begleiteten Beamte die Lastwagen. Der Konvoi hatte am sp\u00e4ten Sonntagabend die deutsch-polnische Grenze \u00fcberquert und war \u00fcber Sachsen weiter nach Brandenburg gefahren.\n\nMehr zu Sachsen-Anhalt Quiz: Kennen Sie sich in Sachsen-Anhalt aus?\n\nDie Wrackteile sollen zu Untersuchungen in die Niederlande gebracht werden. Die malaysische Maschine war am 17. Juli \u00fcber der Ostukraine abgest\u00fcrzt, vermutlich nach Raketenbeschuss. Dabei kamen alle 298 Insassen ums Leben. Weitere drei Transporte sollen in der n\u00e4chsten Woche folgen.",
                    "date": "2014-12-08",
                    "eventUri": "1980344",
                    "id": "27484924",
                    "isDuplicate": false,
                    "lang": "deu",
                    "sim": 0.7608,
                    "source": {
                        "title": "T-online.de",
                        "uri": "www.t-online.de"
                    },
                    "time": "10:49:00",
                    "title": "Konvoi mit MH17-Wrackteilen unterwegs in die Niederlande",
                    "uri": "232476270",
                    "url": "http://www.t-online.de/regionales/id_72084640/konvoi-mit-mh17-wrackteilen-unterwegs-in-die-niederlande.html",
                    "wgt": 1
                }
            ]
        },
        "info": {
            "articleCount": 5,
            "averageDate": "2014-12-08",
            "avgCos": 0.6405,
            "categories": [],
            "customDate": false,
            "customLocation": false,
            "eventUri": "1980344",
            "extractedDate": "",
            "extractedDateEnd": "",
            "id": "1956568",
            "lang": "deu",
            "location": {
                "country": {
                    "labelEng": "Germany",
                    "lat": 51.5,
                    "long": 10.5,
                    "wikiUri": "http://en.wikipedia.org/wiki/Germany"
                },
                "labelEng": "Hanover",
                "lat": 52.37052,
                "long": 9.73322,
                "wikiUri": "http://en.wikipedia.org/wiki/Hanover"
            },
            "storyDate": "2014-12-08",
            "storyDateEnd": "",
            "uri": "b738a3b7-2db3-4d38-88c8-76c4eb4f835b-297116",
            "variance": 0.0897
        }
    },
    "e7e700df-6a06-44ea-a4f3-f736278fc36b-373714": {
        "articles": {
            "resultCount": 5,
            "results": [
                {
                    "body": "Las primeras piezas del fuselaje del Boeing-777 de Malasyan Airlines que fue derribado el pasado 17 de julio en el este de Ucrania, presuntamente por rebeldes prorrusos, llegaran ma\u00f1ana a Holanda para ayudar a la reconstrucci\u00f3n de la tragedia, en la que fallecieron 298 personas.\n\nLo restos del avi\u00f3n se depositar\u00e1n en la base de a\u00e9rea de Gilze-Rijen, procedentes de Ucrania, de donde salieron por carretera hace una semana, informaron hoy las autoridades de la Junta holandesa de Seguridad.\n\nUna vez el fuselaje se encuentre en lugar la investigaci\u00f3n, se seguir\u00e1 un protocolo fijado por el que cada una de las piezas y restos ser\u00e1 fotografiado, escaneado y categorizado.\n\nLa investigaci\u00f3n y la reconstrucci\u00f3n se llevar\u00e1n a cabo por expertos en un hangar dispuesto especialmente para este fin.\n\nA la vez que se investigar\u00e1n las piezas del avi\u00f3n recuperadas en el lugar de la tragedia, en Holanda contin\u00faa el proceso de identificaci\u00f3n de los restos humanos hallados en Ucrania.\n\nHasta ahora se han identificado a 289 v\u00edctimas mortales, la mayor\u00eda holandesas.",
                    "date": "2014-12-08",
                    "eventUri": "1980344",
                    "id": "27489035",
                    "isDuplicate": false,
                    "lang": "spa",
                    "sim": 0.918,
                    "source": {
                        "title": "Metro Mexico City",
                        "uri": "www.publimetro.com.mx"
                    },
                    "time": "13:37:00",
                    "title": "El fuselaje del MH17 llega ma\u00f1ana a Holanda para ayudar a la reconstrucci\u00f3n",
                    "uri": "232485697",
                    "url": "http://www.publimetro.com.mx/noticias/el-fuselaje-del-mh17-llega-manana-a-holanda-para-ayudar-a-la-reconstruccion/enlh%212485573/",
                    "wgt": 1
                },
                {
                    "body": "Varios camiones que transportan piezas del fuselaje del avi\u00f3n de pasajeros del vuelo MH17, accidentado en Ucrania, aparcados en un \u00e1rea de descanso cerca de Hannover (Alemania) hoy, lunes 8 de diciembre de 2014./JULIAN STRATENSCHULTE (EFE)\n\nLas primeras piezas del fuselaje del Boeing-777 de Malasyan Airlines que fue derribado el pasado 17 de julio en el este de Ucrania, presuntamente por rebeldes prorrusos, llegaran ma\u00f1ana a Holanda para ayudar a la reconstrucci\u00f3n de la tragedia, en la que fallecieron 298 personas.\n\nLo restos del avi\u00f3n se depositar\u00e1n en la base de a\u00e9rea de Gilze-Rijen, procedentes de Ucrania, de donde salieron por carretera hace una semana, informaron hoy las autoridades de la Junta holandesa de Seguridad.\n\nUna vez el fuselaje se encuentre en lugar la investigaci\u00f3n, se seguir\u00e1 un protocolo fijado por el que cada una de las piezas y restos ser\u00e1 fotografiado, escaneado y categorizado.\n\nLa investigaci\u00f3n y la reconstrucci\u00f3n se llevar\u00e1n a cabo por expertos en un hangar dispuesto especialmente para este fin.\n\nA la vez que se investigar\u00e1n las piezas del avi\u00f3n recuperadas en el lugar de la tragedia, en Holanda contin\u00faa el proceso de identificaci\u00f3n de los restos humanos hallados en Ucrania.\n\nHasta ahora se han identificado a 289 v\u00edctimas mortales, la mayor\u00eda holandesas.",
                    "date": "2014-12-08",
                    "eventUri": "1980344",
                    "id": "27486816",
                    "isDuplicate": false,
                    "lang": "spa",
                    "sim": 0.9106,
                    "source": {
                        "title": "El Dia",
                        "uri": "eldia.es"
                    },
                    "time": "13:13:00",
                    "title": "El fuselaje del MH17 llega ma\u00f1ana a Holanda para ayudar a la reconstrucci\u00f3n",
                    "uri": "232480060",
                    "url": "http://eldia.es/2014-12-08/SOCIEDAD/29-fuselaje-MH17-llega-manana-Holanda-ayudar-reconstruccion.htm",
                    "wgt": 1
                },
                {
                    "body": "Lo restos del avi\u00f3n se depositar\u00e1n en la base de a\u00e9rea de Gilze-Rijen, procedentes de Ucrania, de donde salieron por carretera hace una semana, informaron las autoridades de la Junta holandesa de Seguridad. Una vez el fuselaje se encuentre en lugar la investigaci\u00f3n, se seguir\u00e1 un protocolo fijado por el que cada una de las piezas y restos ser\u00e1 fotografiado, escaneado y categorizado.\n\nLa investigaci\u00f3n y la reconstrucci\u00f3n se llevar\u00e1n a cabo por expertos en un hangar dispuesto especialmente para este fin. A la vez que se investigar\u00e1n las piezas del avi\u00f3n recuperadas en el lugar de la tragedia, en Holanda contin\u00faa el proceso de identificaci\u00f3n de los restos humanos hallados en Ucrania. Hasta ahora se han identificado a 289 v\u00edctimas mortales, la mayor\u00eda holandesas.",
                    "date": "2014-12-08",
                    "eventUri": "1980344",
                    "id": "27489737",
                    "isDuplicate": false,
                    "lang": "spa",
                    "sim": 0.8253,
                    "source": {
                        "title": "El Peri\u00f3dico",
                        "uri": "www.elperiodico.com"
                    },
                    "time": "13:46:00",
                    "title": "El fuselaje del MH17 de Malasyan Airlines accidentado llega ma\u00f1ana a Holanda",
                    "uri": "232487702",
                    "url": "http://www.elperiodico.com/es/noticias/internacional/fuselaje-del-mh17-accidentado-llega-manana-holanda-3754031?utm_source=rss-noticias&utm_medium=feed&utm_campaign=internacional",
                    "wgt": 1
                },
                {
                    "body": "08 de diciembre de 2014, 08:46Holanda, 8 dic (PL) La Junta Holandesa de Seguridad inform\u00c3\u00b3 hoy que los primeros pedazos del fuselaje del avi\u00c3\u00b3n Boeing-777 de Malasyan Airlines, derribado en julio \u00c3\u00baltimo en Ucrania, llegar\u00c3\u00a1n ma\u00c3\u00b1ana a la base a\u00c3\u00a9rea de Gilze-Rijen. Tras comprobarse que es la manera m\u00c3\u00a1s eficiente para su conservaci\u00c3\u00b3n, las partes se trasladan por v\u00c3\u00ada terrestre hacia Holanda procedentes de lugar del siniestro (Donetsk). De acuerdo con la Junta, cuando el fuselaje est\u00c3\u00a9 en el lugar de la investigaci\u00c3\u00b3n se seguir\u00c3\u00a1 un protocolo para fotografiar, escanear y categorizar cada pieza recuperada.",
                    "date": "2014-12-08",
                    "eventUri": "1980344",
                    "id": "27491627",
                    "isDuplicate": false,
                    "lang": "spa",
                    "sim": 0.5627,
                    "source": {
                        "title": "Prensa Latina",
                        "uri": "www.prensa-latina.cu"
                    },
                    "time": "14:08:00",
                    "title": "Esperan en Holanda primeros restos de avi\u00f3n de Malasyan Airlines",
                    "uri": "232492540",
                    "url": "http://www.prensa-latina.cu/index.php?option=com_content&task=view&id=3351291&Itemid=1",
                    "wgt": 1
                },
                {
                    "body": "Un convoy formado por ocho camiones cargados con los restos de fuselaje del avi\u00f3n de las l\u00edneas a\u00e9reas malasias, ca\u00eddo el pasado 17 de julio sobre Ucrania, ha llegado a Holanda. El viaje comenz\u00f3 el pasado martes y finalizar\u00e1 este mediod\u00eda en la base militar holandesa de Gilze-Rijen (sur del pa\u00eds). La reconstrucci\u00f3n parcial del aparato se prolongar\u00e1 hasta 2016, y servir\u00e1 para averiguar las causas de un siniestro que caus\u00f3 298 muertos de diez nacionalidades (196 holandeses). Solo se han recogido los pedazos de la cabina del piloto y de pasajeros, alas y cola necesarios para que los expertos comprueben si la nave fue derribada \"por objetos de alta energ\u00eda que la atravesaron\". Ello confirmar\u00eda las conclusiones provisionales del Consejo Nacional de Seguridad, y abrir\u00eda un proceso pol\u00edtico de consecuencias imprevisibles. El vuelo MH17 cay\u00f3 en la provincia ucrania de Donetsk, escenario de la lucha entre rebeldes prorrusos y fuerzas afines a Kiev. Ambas partes siguen ech\u00e1ndose la culpa de lo ocurrido, pero solo una deber\u00e1 responder ante la comunidad internacional.\n\nUna vez en la base a\u00e9rea militar, los pedazos ser\u00e1n fotografiados, escaneados y ordenados. El Gobierno holand\u00e9s, que considera un atentado la tragedia, no ha querido negociar directamente con los rebeldes prorrusos que controlan la zona del desastre. De ah\u00ed que la llegada del fuselaje se haya dilatado tanto. La mediaci\u00f3n de la Organizaci\u00f3n para la Seguridad y la Cooperaci\u00f3n en Europa ha sido esencial, pero las familias de las v\u00edctimas critican el retraso. Sobre todo porque entre la chapa destrozada del Boeing 777 aparecieron nuevos restos humanos (ya han sido identificados 292 de los 298 fallecidos). La espera es terrible para los parientes de los seis que faltan.\n\nAlgunos han decidido actuar por su cuenta, como una madre alemana. Seg\u00fan el rotativo germano Bild, ha denunciado al Gobierno de Ucrania ante el Tribunal Europeo de Derechos Humanos, en Estrasburgo. Ella sostiene que Kiev debi\u00f3 haber cerrado su espacio a\u00e9reo a vuelos comerciales porque hab\u00eda una guerra en su territorio. Exige, por tanto, una indemnizaci\u00f3n de 800.000 euros. En Holanda, los retrasos (burocr\u00e1ticos) en las compensaciones prometidas por Malaysian Airlines comprometen las finanzas de los que perdieron a sus seres queridos. Entre los muertos hab\u00eda familias enteras con casas de propiedad cuyas hipotecas deben abonar. Tambi\u00e9n hay hijos adolescentes que se han quedado hu\u00e9rfanos. En B\u00e9lgica, Arthur Flieger, abogado de varias familias, pretende demostrar que el Gobierno de La Haya, y la compa\u00f1\u00eda a\u00e9rea KLM, sab\u00edan que los cielos ucranios no eran seguros. \"Nunca debieron autorizar el vuelo\", asegura. El MH17 cubr\u00eda la ruta entra \u00c1msterdam y Kuala Lumpur, y la mitad de sus pasajeros, seg\u00fan Flieger, compr\u00f3 un billete a KLM. Al llegar al aeropuerto de \u00c1msterdam-Schiphol, supieron que viajar\u00edan con Malaysian Airlines, socio de la compa\u00f1\u00eda holandesa.",
                    "date": "2014-12-09",
                    "eventUri": "1980344",
                    "id": "27594039",
                    "isDuplicate": false,
                    "lang": "spa",
                    "sim": 0.525,
                    "source": {
                        "title": "EL PA\u00cdS",
                        "uri": "internacional.elpais.com"
                    },
                    "time": "10:01:00",
                    "title": "Llegan a Holanda restos del avi\u00f3n derribado en Ucrania",
                    "uri": "232735861",
                    "url": "http://internacional.elpais.com/internacional/2014/12/09/actualidad/1418117429_928131.html",
                    "wgt": 1
                }
            ]
        },
        "info": {
            "articleCount": 5,
            "averageDate": "2014-12-08",
            "avgCos": 0.5291,
            "categories": [],
            "customDate": false,
            "customLocation": false,
            "eventUri": "1980344",
            "extractedDate": "",
            "extractedDateEnd": "",
            "id": "1970199",
            "lang": "spa",
            "storyDate": "2014-12-08",
            "storyDateEnd": "",
            "uri": "e7e700df-6a06-44ea-a4f3-f736278fc36b-373714",
            "variance": 0.22
        }
    },
    "meta": {
        "CCAArticleMatchCount": 6,
        "CCAArticleMatchRatio": 0.08108108108108109,
        "CCAAvgCosSim": 0.8185083333333334,
        "CCAAvgMatchWgt": 40.83333333333334,
        "_articleUri1": "232485697",
        "_articleUri2": "232549228",
        "_datetime": "2015-02-19 21:50:03",
        "_ruleBasedShouldMerge": false,
        "_storyUri1": "e7e700df-6a06-44ea-a4f3-f736278fc36b-373714",
        "_storyUri2": "b738a3b7-2db3-4d38-88c8-76c4eb4f835b-297116",
        "_username": "Evgenia Belyaeva",
        "artCount1": 5,
        "artCount2": 5,
        "avgCosSimStory1": 0.5291,
        "avgCosSimStory2": 0.6405,
        "categorySim": 0,
        "conceptCosSim": 0.2610982498556163,
        "conceptJaccardSim": 0.1525423728813559,
        "coreTime1": 130933.2166666667,
        "coreTime2": 130930.8166666667,
        "coreTimeStDev1": 8.138638979856355,
        "coreTimeStDev2": 16.09507309016823,
        "entityCosSim": 0.2744653635819435,
        "entityJaccardSim": 0.1739130434782609,
        "extractedDateJaccardSim": 0,
        "extractedDatesStory1": 3,
        "extractedDatesStory2": 0,
        "hasSameLocation": 0,
        "keywordCosSim": 0.2929793425476121,
        "keywordJaccardSim": 0.1388888888888889,
        "lang1": "spa",
        "lang2": "deu",
        "matchingDateCount": 0,
        "matchingDateRatio": 0,
        "ratioAnnotatedArticlesStory1": 1,
        "ratioAnnotatedArticlesStory2": 1,
        "shouldMerge": false,
        "storyQuality1": 9,
        "storyQuality2": 16,
        "timeAvg1": 130937.75,
        "timeAvg2": 130937.93,
        "timeStDev1": 8.138638979856355,
        "timeStDev2": 16.09507309016823,
        "varianceStory1": 0.22,
        "varianceStory2": 0.0897
    }
}