{
    "850f305d-14db-4c75-b547-79470a557ea3-640979": {
        "articles": {
            "resultCount": 5,
            "results": [
                {
                    "body": "An MP has called for the chief of Greater Manchester Police to be suspended immediately after an investigation was launched into the handling of a sexual abuse case.\n\nSir Peter Fahy, the Chief Constable of GMP, could face criminal misconduct proceedings over allegations made by a whistleblower in the force.\n\nThe Independent Police Complaints Commission (IPCC) announced on Tuesday that he was under investigation alongside other serving officers and had been served a criminal and gross misconduct notice.\n\nSimon Danczuk, the Labour MP for Rochdale, insisted that Sir Peter should be suspended, adding that he has raised concerns over force's handling of sexual abuse \"for some time\".\n\n\"With the Chief Constable now under investigation for what is a very serious matter, it is only right and proper that he's suspended until the inquiries are completed,\" he added.\n\n\"I cannot stress how important it is for the public to have full confidence in the police and the statements we've heard today suggest that those at the top are not taking this investigation seriously.\n\n\"If any frontline officer were facing serious allegations like this they would be suspended immediately and it should not be different for the Chief Constable.\"\n\nSimon Danczuk, the Labour MP for Rochdale But the calls were rebuffed by Tony Lloyd, Manchester's elected Police and Crime Commissioner, who said that despite the \"serious allegations\", the investigation was in its early stages.\n\n\"Nothing has been placed before me at this time by the IPCC which would make me consider the position of the Chief Constable.\n\n\"I have asked the IPCC to update me regularly on the progress of the investigation and I will keep this decision under review.\n\n\"I understand that this investigation will cause uncertainty and will be of concern to the people of Greater Manchester.\"\n\nA Detective Superintendent and a Detective Chief Inspector, whose names have not been released were also served with criminal and gross misconduct notices for their roles in the same investigation.\n\nTerry Sweeney, GMP's Assistant Chief Constable, has been served with a gross misconduct notice for his oversight role in the disposal of body parts belonging to victims of the serial killer Dr Harold Shipman.\n\nAn investigation has been launched into whether police officers misled families over the disposal of human remains from victims of Dr Harold Shipman The separate cases emerged in the same cache of documents from the whistleblower, who the IPCC said made a number of allegations including cronyism among senior officers, failure to follow correct procedures, failure to investigate complaints properly and corruption.\n\nThe IPCC announced the probe into the allegations in March, saying there would be three separate investigations.\n\nOne is examining claims that police misled families and the public when disposing of human tissue from Dr Shipman's victims.\n\nRemains from 12 of the GP's victims were kept for more than a decade by GMP before they were allegedly secretly destroyed in 2011 without the families' permission.\n\nThe remains reportedly belonged to Kathleen Grundy, Joan Melia, Winifred Mellor, Bianka Pomfret, Ivy Lomas, Marie Quinn, Irene Turner, Jean Lilley, Muriel Grimshaw, Alice Kitchen, Elizabeth Mellor and Sally Ashworth.\n\nSir Peter said: \"As a Chief Constable, you face making complex decisions on a daily basis about many high-risk and challenging situations.\n\n\"It is right that this decision-making is scrutinised and that I am held to account as part of this investigation.\"",
                    "date": "2014-08-12",
                    "eventUri": "1119049",
                    "id": "17053492",
                    "isDuplicate": false,
                    "lang": "eng",
                    "sim": 0.825,
                    "source": {
                        "title": "The Independent",
                        "uri": "www.independent.co.uk"
                    },
                    "time": "15:00:00",
                    "title": "Calls for Sir Peter Fahy to be suspended during Greater Manchester Police ... - The Independent",
                    "uri": "203242408",
                    "url": "http://www.independent.co.uk/news/uk/crime/calls-for-sir-peter-fahy-to-be-suspended-during-greater-manchester-police-misconduct-probe-9664415.html",
                    "wgt": 1
                },
                {
                    "body": "The Chief Constable of Greater Manchester Police, Sir Peter Fahy, could face criminal misconduct proceedings over allegations that an investigation into a suspected sex offender was poorly handled.\n\nHe and three other serving officers are under investigation by the Independent Police Complaints Commission (IPCC) over allegations made by a whistleblower in the force.\n\nAs well as the sexual abuse investigation, the probe concerns the disposal of body parts from Harold Shipman's victims.\n\nA Detective Superintendent and a Detective Chief Inspector, whose names have not been released, were served with criminal and gross misconduct notices for their roles in the same investigation.\n\nA retired officer could also be served with a criminal and gross misconduct notice concerning the case.\n\nTerry Sweeney, GMP's Assistant Chief Constable, is also being investigated for his oversight role in the disposal of body parts belonging to Dr Shipman's victims.\n\nThe watchdog did not go into detail about the allegations, which emerged in a cache of GMP documents from one whistleblower relating to three investigations.\n\nAn investigation has been launched into whether police officers misled families over the disposal of human remains from victims of Harold Shipman The officer made a number of allegations including cronyism among senior officers, failure to follow correct procedures, failure to investigate complaints properly and corruption.\n\nThe IPCC announced the probe into the claims earlier this year, saying there would be three separate investigations.\n\nOne is examining claims that police misled families and the public when disposing of human tissue from Dr Shipman's victims.\n\nRemains from 12 of the GP's victims were kept for more than a decade by GMP for evidence in case of an appeal before they were allegedly secretly destroyed in 2011 without relatives' permission.\n\nThe remains reportedly belonged to Kathleen Grundy, Joan Melia, Winifred Mellor, Bianka Pomfret, Ivy Lomas, Marie Quinn, Irene Turner, Jean Lilley, Muriel Grimshaw, Alice Kitchen, Elizabeth Mellor and Sally Ashworth.\n\nDr Shipman was found guilty of 15 murders in 2000 but was suspected of many more. He was found hanged in his cell at Wakefield Prison in 2004.\n\nA major incident room has been set up and relatives of his victims are being informed of progress.\n\nIn March, the IPCC said the allegations relating to a Detective Chief Inspector included claims of the unauthorised bugging of a police station office.\n\nRegarding the sexual abuse investigation, the watchdog is examining claims it was badly handled and officers then covered up alleged failings.\n\nSir Peter said: \"As a Chief Constable, you face making complex decisions on a daily basis about many high-risk and challenging situations.\n\n\"It is right that this decision-making is scrutinised and that I am held to account as part of this investigation.\"\n\nAfter joining the police in 1981, he worked in Surrey, Hertfordshire and the West Midlands and served for five years as Chief Constable of Cheshire, before moving to Manchester.\n\nThe married father-of-four was awarded the Queen's Police Medal in January 2004 and a knighthood in June 2012.\n\nAnnouncing the probe in March, IPCC Comissioner Jan Williams said: \"These are serious allegations and the gravity and nature of the allegations, and the fact that they are made against senior officers within the force means they must be investigated independently.\n\n\"We will also look at the wider organisational response by Greater Manchester Police in each of these investigations.\n\n\"We know that the families involved will have been through very distressing times, and we will be sensitive to this as we conduct our investigations.\n\n\"We have a statutory duty to conduct independent investigations in circumstances such as these, but we will make sure that we communicate with the families and do whatever we can to avoid further distress.\"",
                    "date": "2014-08-12",
                    "eventUri": "1119049",
                    "id": "17048164",
                    "isDuplicate": false,
                    "lang": "eng",
                    "sim": 0.7826,
                    "source": {
                        "title": "The Independent",
                        "uri": "www.independent.co.uk"
                    },
                    "time": "13:12:00",
                    "title": "Greater Manchester Police head Sir Peter Fahy in criminal misconduct probe ... - The Independent",
                    "uri": "203223300",
                    "url": "http://www.independent.co.uk/news/uk/crime/greater-manchester-police-head-sir-peter-fahy-in-criminal-misconduct-probe-over-sex-offender-investigation-9663768.html",
                    "wgt": 1
                },
                {
                    "body": "The chief constable of Greater Manchester Police, Sir Peter Fahy, is being criminally investigated over an allegedly bungled sex probe that put a teenage boy at risk\n\nSir Peter Fahy, is being criminally investigated over an allegedly bungled sex investigation that put a teenage boy at risk.\n\nThe chief constable of Greater Manchester Police, two current officers and one retired detective are facing a criminal probe into allegations a boy of 14 was allowed to walk into an apartment of a suspected paedophile while it was under surveillance.\n\nThey are to be interviewed over claims senior officers ignored appeals from colleagues on the grounds to abandon the covert operation and move in to protect the child.\n\nSenior officers are said to have allowed the encounter to continue in the hope of getting better evidence against the suspected paedophile.\n\nThe youngster later claimed he was raped.\n\nAlong with Mr Fahy, the MEN understands one of the officers under investigation is Detective Superintendant Dominic Scally, a senior figure in the force's Major Incident Team.\n\nAnother is his former boss, the now retired Detective Chief Superintendant Darren Shenton who was the \u00a390,000-a-year boss of GMP's serious crime division until he left at the end of last year.\n\nAfter setting up his own business, Mr Shenton returned to the force as a \u00a3400-day consultant to help GMP fight charges that it breached health and safety rules after an officer shot dead Anthony Grainger, 36, in March, 2012. The appointment was considered controversial by some colleagues.\n\nNow all three senior officers, and a detective chief inspector, face a battle to clear their names and save their reputations.\n\nEach has been formally handed a notice by the Independent Police Complaints Commission informing them they may have breached professional standards of behaviour AND that they are under criminal investigation over the allegedly poorly handled sex case.\n\nThe MEN revealed last month that Sir Peter expected to be officially notified he was under investigation and colleagues said he was 'relaxed' about it.\n\nThe detectives are accused of handling the investigation poorly while Sir Peter is alleged to have supported them.\n\nIt is understood the IPCC, which is conducting the investigation, is still considering whether more cases could be brought against Sir Peter and other senior officers, particularly over the controversial secret disposal of body parts of the victims of Harold Shipman.\n\nAssistant Chief Constable Terry Sweeney has been served with a gross misconduct notice for his 'oversight role' in the Shipman matter. He was moved from a secondment at the fresh police investigation into the Hillsborough disaster in May when the whistleblower probe was announced.\n\nA major incident room has now been set up and the surviving families of Shipman's victims are being kept informed.\n\nRead: Greater Manchester's police and crime commissioner dismisses calls for Sir Peter Fahy to be suspended\n\nRead: Rochdale MP calls for GMP chief to be suspended over probe into allegedly mishandled sex offence case\n\nRead: Police chief Sir Peter Fahy under criminal investigation over allegations of mishandled sex offence case\n\nThe MEN revealed in November that police kept the human remains of the killer GPs victims for 12 years and then secretly destroyed them without informing bereaved relatives.\n\nThe whistleblower later told the IPCC that Sir Peter and others had misled the MEN and the public over how it had handled the affair.\n\nOur story prompted the case against senior officers to unravel and the IPCC to mount a serious probe into the claims, which included allegations of corruption and cronyism. It is alleged that bosses promoted friends into critical roles which were beyond them.\n\nA friend of the whistleblower, a serving detective chief inspector, told the MEN: \"He took all these claims to senior leaders and acted professionally and properly. But he was ostracised. He is relentless, though. He is determined to see justice is done.\"\n\nSir Peter said: \"As a chief constable you face making complex decisions on a daily basis about many high risk and challenging situations. It is right that this decision-making is scrutinised and that I am held to account as part of this investigation.\"",
                    "date": "2014-08-12",
                    "eventUri": "1119049",
                    "id": "17054588",
                    "isDuplicate": false,
                    "lang": "eng",
                    "sim": 0.742,
                    "source": {
                        "title": "men",
                        "uri": "www.manchestereveningnews.co.uk"
                    },
                    "time": "15:41:00",
                    "title": "Sir Peter Fahy facing criminal investigation over alleged botched sex enquiry that put boy at risk",
                    "uri": "203247737",
                    "url": "http://www.manchestereveningnews.co.uk/news/greater-manchester-news/sir-peter-fahy-facing-criminal-7601781",
                    "wgt": 1
                },
                {
                    "body": "Simon Danczuk said Sir Peter Fahy should be suspended after being served with criminal and gross misconduct notices by the Independent Police Complaints Commission\n\nRochdale MP Simon Danczuk has called for the chief constable of Greater Manchester Police to be suspended after a criminal probe was launched into the force's alleged mishandling of a sex offence case.\n\nSir Peter Fahy and two other officers have been served with criminal and gross misconduct notices by the Independent Police Complaints Commission, it was confirmed this morning.\n\nIt follows claims by a whistleblower that he gave support to an allegedly badly-handled investigation into a suspected sex offender.\n\nThe notice informs the officers their conduct or actions may have breached their standards of professional behaviour.\n\nNow Mr Danczuk - who has repeatedly challenged Sir Peter's approach to sex offence cases in the past - has called for him to be suspended, despite the police commissioner insisting there is currently 'no case' for that to happen.\n\nThe Rochdale Labour MP said: \"I have raised concerns for some time about the leadership of Greater Manchester Police in relation to how it tackles sexual abuse.\n\n\"With the chief constable now under investigation for what is a very serious matter it is only right and proper that he's suspended until the inquiries are completed.\n\n\"I cannot stress how important it is for the public to have full confidence in the police and the statements we've heard today suggest that those at the top are not taking this investigation seriously.\n\n\"If any frontline officer were facing serious allegations like this they would be suspended immediately and it should not be different for the chief constable.\"\n\nPolice Commissioner Tony Lloyd told a press conference this morning that while it could happen at some point in the future, he had taken legal advice by a QC and proposes 'not to take that action'.\n\nThat's the proportionate response now, he said, adding: \"I will respond proportionately and accordingly as I'm made aware of any developments.\"\n\nListen to Tony Lloyd's statement below ...",
                    "date": "2014-08-12",
                    "eventUri": "1119049",
                    "id": "17046483",
                    "isDuplicate": false,
                    "lang": "eng",
                    "sim": 0.669,
                    "source": {
                        "title": "men",
                        "uri": "www.manchestereveningnews.co.uk"
                    },
                    "time": "12:30:00",
                    "title": "Rochdale MP calls for GMP chief to be suspended over probe into allegedly mishandled sex offence case",
                    "uri": "203216213",
                    "url": "http://www.manchestereveningnews.co.uk/news/greater-manchester-news/rochdale-mp-calls-gmp-chief-7600667",
                    "wgt": 1
                },
                {
                    "body": "The Sun's crime reporter has been charged following accusations he made corrupt payments to a police officer.\n\nAnthony France has been bailed and will appear at Westminster Magistrates Court on August 21.\n\nThe 41-year-old faces two charges of conspiring to commit misconduct in public office between March 31, 2008 and July 1, 2011 and July 19, 2009 and August 14, 2009, respectively.\n\nCharges are being brought under Scotland Yard's Operation Elveden, which is being run alongside two other inquiries - Operation Weeting, which looked at alleged phone hacking, and Operation Tuleta, examining claims of computer hacking and other privacy breaches.\n\nGregor McGill, a senior lawyer at the Crown Prosecution Service, said: \"In April 2014 the CPS received a file from the Metropolitan Police and we have today authorised the police to charge Anthony France with two offences of conspiracy to commit misconduct in public office.\n\nHe added: \"May I remind all concerned that criminal proceedings against Anthony France will now be commenced and of his right to a fair trial. It is extremely important that there should be no reporting, commentary or sharing of information online which could in any way prejudice these proceedings.\"\n\nThe first charge states that France, between March 31 2008 and July 1 2011, conspired with Timothy Edwards - a police officer previously charged in relation to Operation Elveden - and with others unknown to commit misconduct in public office.\n\nThe second charge states that France, between July 19 2009 and August 14 2009, conspired together with others to commit misconduct in public office.",
                    "date": "2014-08-12",
                    "eventUri": "1119049",
                    "id": "17055937",
                    "isDuplicate": false,
                    "lang": "eng",
                    "sim": 0.4008,
                    "source": {
                        "title": "London Evening Standard",
                        "uri": "www.standard.co.uk"
                    },
                    "time": "16:13:00",
                    "title": "The Sun's crime reporter Anthony France faces 'misconduct' charges",
                    "uri": "203253198",
                    "url": "http://www.standard.co.uk/news/crime/the-suns-crime-reporter-anthony-france-faces-misconduct-charges-9664285.html",
                    "wgt": 1
                }
            ]
        },
        "info": {
            "articleCount": 5,
            "averageDate": "2014-08-12",
            "avgCos": 0.4836,
            "categories": [],
            "customDate": false,
            "customLocation": false,
            "eventUri": "1119049",
            "extractedDate": "",
            "extractedDateEnd": "",
            "id": "1115500",
            "lang": "eng",
            "location": {
                "country": {
                    "labelEng": "United Kingdom",
                    "lat": 54.75844,
                    "long": -2.69531,
                    "wikiUri": "http://en.wikipedia.org/wiki/United_Kingdom"
                },
                "labelEng": "Manchester",
                "lat": 53.48095,
                "long": -2.23743,
                "wikiUri": "http://en.wikipedia.org/wiki/Manchester"
            },
            "storyDate": "2014-08-12",
            "storyDateEnd": "",
            "uri": "850f305d-14db-4c75-b547-79470a557ea3-640979",
            "variance": 0.2662
        }
    },
    "b738a3b7-2db3-4d38-88c8-76c4eb4f835b-170439": {
        "articles": {
            "resultCount": 9,
            "results": [
                {
                    "body": "W\u00fcrzburg (dpa) - Eine Serie von Sch\u00fcssen auf deutschen Autobahnen sorgte jahrelang f\u00fcr Aufsehen - jetzt beginnt der Prozess gegen den mutma\u00dflichen T\u00e4ter. Der 58 Jahre alte Fernfahrer aus der Eifel muss sich von heute an vor dem Landgericht W\u00fcrzburg verantworten.\n\nEr soll von 2008 bis 2013 mehr als 700 Mal vom Steuer aus geschossen und vor allem Autotransporter ins Visier genommen haben. 170 F\u00e4lle sind angeklagt, f\u00fcnf davon als versuchter Mord.\n\nBeim folgenschwersten Angriff wurde 2009 eine Gesch\u00e4ftsfrau in den Hals getroffen und lebensgef\u00e4hrlich verletzt. Ein anderer Schuss lie\u00df Fensterglas zersplittern, das zwei Insassen verletzte.\n\nDer Mann hatte die Sch\u00fcsse bei der Polizei zugegeben, betonte aber nach Angaben der Ermittler, er habe niemanden verletzen wollen. Seine Verteidiger weisen deshalb den Vorwurf des versuchten Mordes zur\u00fcck. Der Mann soll aus Frust \u00fcber r\u00fccksichtsloses Verhalten im Stra\u00dfenverkehr gehandelt haben.\n\nDer Sch\u00fctze hatte die Polizei jahrelang in Atem gehalten. Erst mit Hilfe einer breit angelegten Erfassung von Kennzeichen war das Bundeskriminalamt ihm schlie\u00dflich im vergangenen Jahr auf die Spur gekommen. F\u00fcr den Prozess sind neun Verhandlungstage bis Mitte September angesetzt. Artikel vom: 11.08.2014",
                    "date": "2014-08-11",
                    "eventUri": "1072244",
                    "id": "16992655",
                    "isDuplicate": false,
                    "lang": "deu",
                    "sim": 0.9381,
                    "source": {
                        "title": "www.wnoz.de",
                        "uri": "www.wnoz.de"
                    },
                    "time": "05:44:00",
                    "title": "Prozess um Schuss-Serie auf Autobahnen beginnt",
                    "uri": "202948975",
                    "url": "http://www.wnoz.de/index.php?kat=10&redaktion=1&artikel=110663522",
                    "wgt": 1
                },
                {
                    "body": "Mit einem Fahndungsplakat im Internet suchte das Bundeskriminalamt nach Hinweisen auf eine Serie von Sch\u00fcssen auf Lastwagen.\n\nEine Serie von Sch\u00fcssen auf deutschen Autobahnen sorgte jahrelang f\u00fcr Aufsehen - jetzt beginnt der Prozess gegen den mutma\u00dflichen T\u00e4ter. Der 58 Jahre alte Fernfahrer aus der Eifel muss sich von heute an vor dem Landgericht W\u00fcrzburg verantworten.\n\nEr soll von 2008 bis 2013 mehr als 700 Mal vom Steuer aus geschossen und vor allem Autotransporter ins Visier genommen haben. 170 F\u00e4lle sind angeklagt, f\u00fcnf davon als versuchter Mord.\n\nBeim folgenschwersten Angriff wurde 2009 eine Gesch\u00e4ftsfrau in den Hals getroffen und lebensgef\u00e4hrlich verletzt. Ein anderer Schuss lie\u00df Fensterglas zersplittern, das zwei Insassen verletzte.\n\nDer Mann hatte die Sch\u00fcsse bei der Polizei zugegeben, betonte aber nach Angaben der Ermittler, er habe niemanden verletzen wollen. Seine Verteidiger weisen deshalb den Vorwurf des versuchten Mordes zur\u00fcck. Der Mann soll aus Frust \u00fcber r\u00fccksichtsloses Verhalten im Stra\u00dfenverkehr gehandelt haben.\n\nDer Sch\u00fctze hatte die Polizei jahrelang in Atem gehalten. Erst mit Hilfe einer breit angelegten Erfassung von Kennzeichen war das Bundeskriminalamt ihm schlie\u00dflich im vergangenen Jahr auf die Spur gekommen. F\u00fcr den Prozess sind neun Verhandlungstage bis Mitte September angesetzt.",
                    "date": "2014-08-11",
                    "eventUri": "1072244",
                    "id": "16993369",
                    "isDuplicate": false,
                    "lang": "deu",
                    "sim": 0.9187,
                    "source": {
                        "title": "www.uena.de",
                        "uri": "www.uena.de"
                    },
                    "time": "06:10:00",
                    "title": "Prozess um Schuss-Serie auf Autobahnen beginnt",
                    "uri": "202952669",
                    "url": "http://www.uena.de/nachrichten/brennpunkte/4146459/prozess-um-schuss-serie-auf-autobahnen-beginnt",
                    "wgt": 1
                },
                {
                    "body": "Er hielt die Polizei jahrelang in Atem. Von 2008 bis 2013 soll ein Lkw-Fahrer mehr als 700 Mal auf andere Fahrzeuge geschossen haben. Daf\u00fcr muss sich der 58-J\u00e4hrige nun vor Gericht verantworten.\n\nEine Serie von Sch\u00fcssen auf deutschen Autobahnen sorgte jahrelang f\u00fcr Aufsehen - jetzt beginnt der Prozess gegen den mutma\u00dflichen T\u00e4ter. Der 58 Jahre alte Fernfahrer aus der Eifel muss sich von heute an vor dem Landgericht W\u00fcrzburg verantworten. Er soll von 2008 bis 2013 mehr als 700 Mal vom Steuer aus geschossen und vor allem Autotransporter ins Visier genommen haben. 170 F\u00e4lle sind angeklagt, f\u00fcnf davon als versuchter Mord.\n\nBeim folgenschwersten Angriff wurde 2009 eine Gesch\u00e4ftsfrau in den Hals getroffen und lebensgef\u00e4hrlich verletzt. Ein anderer Schuss lie\u00df Fensterglas zersplittern, das zwei Insassen verletzte. Der Mann hatte die Sch\u00fcsse bei der Polizei zugegeben, betonte aber nach Angaben der Ermittler, er habe niemanden verletzen wollen. Seine Verteidiger weisen deshalb den Vorwurf des versuchten Mordes zur\u00fcck. Der Mann soll aus Frust \u00fcber r\u00fccksichtsloses Verhalten im Stra\u00dfenverkehr gehandelt haben.\n\nDer Sch\u00fctze hatte die Polizei jahrelang in Atem gehalten. Erst mit Hilfe einer breit angelegten Erfassung von Kennzeichen war das Bundeskriminalamt ihm schlie\u00dflich im vergangenen Jahr auf die Spur gekommen. F\u00fcr den Prozess sind neun Verhandlungstage bis Mitte September angesetzt.",
                    "date": "2014-08-11",
                    "eventUri": "1072244",
                    "id": "16993209",
                    "isDuplicate": false,
                    "lang": "deu",
                    "sim": 0.9167,
                    "source": {
                        "title": "N24.de",
                        "uri": "www.n24.de"
                    },
                    "time": "06:05:00",
                    "title": "Attacken auf Autobahnen - Amoksch\u00fctze kommt vor Gericht",
                    "uri": "202952110",
                    "url": "http://www.n24.de/n24/Nachrichten/Panorama/d/5211684/amokschuetze-kommt-vor-gericht.html",
                    "wgt": 1
                },
                {
                    "body": "Er soll von 2008 bis 2013 mehr als 700 Mal vom Steuer aus geschossen und vor allem Autotransporter ins Visier genommen haben. 170 F\u00e4lle sind angeklagt, f\u00fcnf davon als versuchter Mord.\n\nBeim folgenschwersten Angriff wurde 2009 eine Gesch\u00e4ftsfrau in den Hals getroffen und lebensgef\u00e4hrlich verletzt. Ein anderer Schuss lie\u00df Fensterglas zersplittern, das zwei Insassen verletzte.\n\nDer Mann hatte die Sch\u00fcsse bei der Polizei zugegeben, betonte aber nach Angaben der Ermittler, er habe niemanden verletzen wollen. Seine Verteidiger weisen deshalb den Vorwurf des versuchten Mordes zur\u00fcck. Der Mann soll aus Frust \u00fcber r\u00fccksichtsloses Verhalten im Stra\u00dfenverkehr gehandelt haben.\n\nDer Sch\u00fctze hatte die Polizei jahrelang in Atem gehalten. Erst mit Hilfe einer breit angelegten Erfassung von Kennzeichen war das Bundeskriminalamt ihm schlie\u00dflich im vergangenen Jahr auf die Spur gekommen. F\u00fcr den Prozess sind neun Verhandlungstage bis Mitte September angesetzt.",
                    "date": "2014-08-11",
                    "eventUri": "1072244",
                    "id": "16992457",
                    "isDuplicate": false,
                    "lang": "deu",
                    "sim": 0.8627,
                    "source": {
                        "title": "Schaumburger Zeitung",
                        "uri": "www.dewezet.de"
                    },
                    "time": "05:34:00",
                    "title": "Prozess um Schuss-Serie auf Autobahnen beginnt",
                    "uri": "202947722",
                    "url": "http://www.dewezet.de/portal/nachrichten/politik_Prozess-um-Schuss-Serie-auf-Autobahnen-beginnt-_arid%2C637579.html",
                    "wgt": 1
                },
                {
                    "body": "Er soll von 2008 bis 2013 mehr als 700 Mal vom Steuer aus geschossen und vor allem Autotransporter ins Visier genommen haben. 170 F\u00e4lle sind angeklagt, f\u00fcnf davon als versuchter Mord.\n\nBeim folgenschwersten Angriff wurde 2009 eine Gesch\u00e4ftsfrau in den Hals getroffen und lebensgef\u00e4hrlich verletzt. Ein anderer Schuss lie\u00df Fensterglas zersplittern, das zwei Insassen verletzte.\n\nDer Mann hatte die Sch\u00fcsse bei der Polizei zugegeben, betonte aber nach Angaben der Ermittler, er habe niemanden verletzen wollen. Seine Verteidiger weisen deshalb den Vorwurf des versuchten Mordes zur\u00fcck.\n\nDer Mann soll aus Frust \u00fcber r\u00fccksichtsloses Verhalten im Stra\u00dfenverkehr gehandelt haben.\n\nDer Sch\u00fctze hatte die Polizei jahrelang in Atem gehalten. Erst mit Hilfe einer breit angelegten Erfassung von Kennzeichen war das Bundeskriminalamt ihm schlie\u00dflich im vergangenen Jahr auf die Spur gekommen. F\u00fcr den Prozess sind neun Verhandlungstage bis Mitte September angesetzt.",
                    "date": "2014-08-11",
                    "eventUri": "1072244",
                    "id": "16992930",
                    "isDuplicate": false,
                    "lang": "deu",
                    "sim": 0.7163,
                    "source": {
                        "title": "Rheinische Post (RP)",
                        "uri": "www.rp-online.de"
                    },
                    "time": "05:53:00",
                    "title": "Fernfahrer aus dem Kreis Euskirchen: Mutma\u00dflicher Autobahnsch\u00fctze vor Gericht",
                    "uri": "202950321",
                    "url": "http://www.rp-online.de/nrw/panorama/mutmasslicher-autobahnschuetze-vor-gericht-aid-1.4445079",
                    "wgt": 1
                },
                {
                    "body": "W\u03ccrzburg (dpa) - Eine Serie von Sch\u03ccssen auf deutschen Autobahnen sorgte jahrelang f\u03ccr Aufsehen - jetzt beginnt der Prozess gegen den mutma\u03aflichen T\u03b4ter. Der 58 Jahre alte Fernfahrer aus der Eifel muss sich von heute an vor dem Landgericht W\u03ccrzburg verantworten. Er soll von 2008 bis 2013 mehr als 700 Mal vom Steuer aus geschossen und vor allem Autotransporter ins Visier genommen haben. 170 F\u03b4lle sind angeklagt, f\u03ccnf davon als versuchter Mord.\n\nBeim folgenschwersten Angriff wurde 2009 eine Gesch\u03b4ftsfrau in den Hals getroffen und lebensgef\u03b4hrlich verletzt. Ein anderer Schuss lie\u03af Fensterglas zersplittern, das zwei Insassen verletzte.\n\nDer Mann hatte die Sch\u03ccsse bei der Polizei zugegeben, betonte aber nach Angaben der Ermittler, er habe niemanden verletzen wollen. Seine Verteidiger weisen deshalb den Vorwurf des versuchten Mordes zur\u03ccck. Der Mann soll aus Frust \u03ccber r\u03cccksichtsloses Verhalten im Stra\u03afenverkehr gehandelt haben.\n\nDer Sch\u03cctze hatte die Polizei jahrelang in Atem gehalten. Erst mit Hilfe einer breit angelegten Erfassung von Kennzeichen war das Bundeskriminalamt ihm schlie\u03aflich im vergangenen Jahr auf die Spur gekommen. F\u03ccr den Prozess sind neun Verhandlungstage bis Mitte September angesetzt.",
                    "date": "2014-08-11",
                    "eventUri": "1072244",
                    "id": "16991589",
                    "isDuplicate": false,
                    "lang": "deu",
                    "sim": 0.6994,
                    "source": {
                        "title": "Giessener Allgemeine Zeitung",
                        "uri": "www.giessener-allgemeine.de"
                    },
                    "time": "04:46:00",
                    "title": "Prozess um Schuss-Serie auf Autobahnen beginnt",
                    "uri": "202942385",
                    "url": "http://www.giessener-allgemeine.de/Home/Nachrichten/Aus-aller-Welt/Artikel%2C-Prozess-um-Schuss-Serie-auf-Autobahnen-beginnt-_arid%2C514516_regid%2C1_puid%2C1_pageid%2C13.html",
                    "wgt": 1
                },
                {
                    "body": "W\u00fcrzburg (dpa) - F\u00fcr mehrere hundert Sch\u00fcsse auf andere Lastwagen muss sich ein Fernfahrer seit heute vor dem Landgericht W\u00fcrzburg verantworten. Er ist unter anderem wegen versuchten Mordes angeklagt. Der 58-J\u00e4hrige habe den m\u00f6glichen Tod anderer Menschen billigend in Kauf genommen, sagt die Staatsanwaltschaft. Die Verteidigung weist den Vorwurf des versuchten Mordes strikt zur\u00fcck. Die mysteri\u00f6se Serie von Sch\u00fcssen auf deutschen Fernstra\u00dfen hatte jahrelang f\u00fcr Aufsehen gesorgt und die Ermittler in Atem gehalten.",
                    "date": "2014-08-11",
                    "eventUri": "1072244",
                    "id": "17000320",
                    "isDuplicate": false,
                    "lang": "deu",
                    "sim": 0.5421,
                    "source": {
                        "title": "www.wetterauer-zeitung.de",
                        "uri": "www.wetterauer-zeitung.de"
                    },
                    "time": "11:06:00",
                    "title": "Fernfahrer wegen Sch\u00fcssen auf Lkws vor Gericht",
                    "uri": "202991595",
                    "url": "http://www.wetterauer-zeitung.de/Home/Nachrichten/Uebersicht/Newsticker/Artikel%2C-Fernfahrer-wegen-Schuessen-auf-Lkws-vor-Gericht-_arid%2C514601_regid%2C3_puid%2C1_pageid%2C18.html",
                    "wgt": 1
                },
                {
                    "body": "W\u00fcrzburg - Der Prozess gegen den mutma\u00dflichen Autobahnsch\u00fctzen hat begonnen.\n\nEin 58 Jahre alter Fernfahrer aus der Eifel soll \u00fcber Jahre hinweg vom Steuer auf andere Lastwagen geschossen haben. Seit heute muss er sich vor dem Landgericht W\u00fcrzburg unter anderem wegen versuchten Mordes verantworten. Bei f\u00fcnf Sch\u00fcssen wirft die Anklage ihm vor, dass er den m\u00f6glichen Tod anderer billigend in Kauf genommen habe - die Verteidigung weist dies zur\u00fcck. Der Mann soll von 2008 bis 2013 mehr als 700 Mal zur Waffe gegriffen haben, angeklagt sind 170 F\u00e4lle. Drei Menschen wurden verletzt.",
                    "date": "2014-08-11",
                    "eventUri": "1072244",
                    "id": "16997314",
                    "isDuplicate": false,
                    "lang": "deu",
                    "sim": 0.5113,
                    "source": {
                        "title": "Bild",
                        "uri": "www.bild.de"
                    },
                    "time": "09:01:00",
                    "title": "news: Prozess um Autobahn-Sch\u00fcsse",
                    "uri": "202974678",
                    "url": "http://www.bild.de/bildlive/2014/09-prozess-autobahnschuesse-37194498.bild.html",
                    "wgt": 1
                },
                {
                    "body": "Der Schuss durch die geschlossene Eingangst\u00fcr einer Wohnung in Ottakring galt eigentlich dem Komplizen, mit dem sich der Sch\u00fctze \u00fcber den Verkauf von Einbruchsbeute nicht hatte einigen k\u00f6nnen. Doch die Kugel traf die Lebensgef\u00e4hrtin des auserw\u00e4hlten Opfers. Die 27-J\u00e4hrige wurde durch das in Bauch und Becken eingedrungene Projektil lebensgef\u00e4hrlich verletzt und verlor bei der Notoperation einen Teil ihres Darmes.\n\nVer\u00fcbt wurde das Attentat am 27. September 2013, am Mittwoch stand der 34-j\u00e4hrige Sch\u00fctze wegen versuchten Mordes in Wien vor Gericht. Er hatte den Anschlag angek\u00fcndigt und der Lebensgef\u00e4hrtin seines ehemaligen Partners angek\u00fcndigt, es werde sich erst zeigen, ob dieser das \u00fcberlebt. Er platzierte sich vor der mit einer Milchglasscheibe versehenen Wohnungst\u00fcr, klopfte, trat dagegen und feuerte schlie\u00dflich aus einer Entfernung von eineinhalb Meter, als er laut Anklage hinter der Scheibe \"deutliche Umrisse einer Person\" wahrnahm. Der 34-J\u00e4hrige schoss noch ein zweites Mal durch die zersplitterte Scheibe, der Schuss ging aber ins Leere, der Kontrahent war aufs WC gefl\u00fcchtet.\n\nDas Urteil stand zu Redaktionsschluss noch aus.",
                    "date": "2014-08-20",
                    "eventUri": "1072244",
                    "id": "17565075",
                    "isDuplicate": false,
                    "lang": "deu",
                    "sim": 0.2529,
                    "source": {
                        "title": "kurier.at",
                        "uri": "kurier.at"
                    },
                    "time": "15:21:00",
                    "title": "Schuss durch Eingangst\u00fcr traf Freundin des Gegners",
                    "uri": "205013886",
                    "url": "http://kurier.at/chronik/wien/schuss-durch-eingangstuer-traf-freundin-des-gegners/81.212.601",
                    "wgt": 1
                }
            ]
        },
        "info": {
            "articleCount": 9,
            "averageDate": "2014-08-12",
            "avgCos": 0.5229,
            "categories": [],
            "customDate": false,
            "customLocation": false,
            "eventUri": "1072244",
            "extractedDate": "",
            "extractedDateEnd": "",
            "id": "1152604",
            "lang": "deu",
            "storyDate": "2014-08-12",
            "storyDateEnd": "",
            "uri": "b738a3b7-2db3-4d38-88c8-76c4eb4f835b-170439",
            "variance": 0.2822
        }
    },
    "meta": {
        "CCAArticleMatchCount": 28,
        "CCAArticleMatchRatio": 0.4827586206896552,
        "CCAAvgCosSim": 0.7577178571428574,
        "CCAAvgMatchWgt": 49.53571428571429,
        "_articleUri1": "203242408",
        "_articleUri2": "202948975",
        "_datetime": "2015-02-19 21:50:33",
        "_ruleBasedShouldMerge": false,
        "_storyUri1": "850f305d-14db-4c75-b547-79470a557ea3-640979",
        "_storyUri2": "b738a3b7-2db3-4d38-88c8-76c4eb4f835b-170439",
        "_username": "Evgenia Belyaeva",
        "artCount1": 5,
        "artCount2": 9,
        "avgCosSimStory1": 0.4836,
        "avgCosSimStory2": 0.5229,
        "categorySim": 0,
        "conceptCosSim": 0.01494856831465232,
        "conceptJaccardSim": 0.01265822784810127,
        "coreTime1": 128100.5,
        "coreTime2": 128068.7666666667,
        "coreTimeStDev1": 1.434240023302175,
        "coreTimeStDev2": 70.59767820086442,
        "entityCosSim": 0,
        "entityJaccardSim": 0,
        "extractedDateJaccardSim": -1,
        "extractedDatesStory1": 0,
        "extractedDatesStory2": 0,
        "hasSameLocation": -1,
        "keywordCosSim": 0.01995287428420003,
        "keywordJaccardSim": 0.01694915254237288,
        "lang1": "eng",
        "lang2": "deu",
        "matchingDateCount": 0,
        "matchingDateRatio": 0,
        "ratioAnnotatedArticlesStory1": 1,
        "ratioAnnotatedArticlesStory2": 1,
        "shouldMerge": false,
        "storyQuality1": 7,
        "storyQuality2": 11,
        "timeAvg1": 128102.52,
        "timeAvg2": 128095.7407407407,
        "timeStDev1": 1.434240023302175,
        "timeStDev2": 70.59767820086442,
        "varianceStory1": 0.2662,
        "varianceStory2": 0.2822
    }
}