{
    "850f305d-14db-4c75-b547-79470a557ea3-51808": {
        "articles": {
            "resultCount": 20,
            "results": [
                {
                    "body": "NASA/JPL-Caltech/University of Western Ontario/Stony Brook UniversitySwirling, stormy clouds may be ever-present on cool celestial orbs called brown dwarfs.  New observations from NASA's Spitzer Space Telescope suggest that most brown dwarfs are roiling with one or more planet-sized storms similar to Jupiter's \"Great Red Spot.\" \"\n\"As the brown dwarfs spin on their axis, the alternation of what we think are cloud-free and cloudy regions produces a periodic brightness variation that we can observe,\" said Stanimir Metchev of the University of Western Ontario, Canada.  \"These are signs of patchiness in the cloud cover.\" \"\nBrown dwarfs form as stars do but lack the mass to fuse atoms continually and blossom into full-fledged stars.  They are, in some ways, the massive kin to Jupiter.\n Scientists think that the cloudy regions on brown dwarfs take the form of torrential storms accompanied by winds and possibly lightning more violent than that at Jupiter or any other planet in our solar system.  However, the brown dwarfs studied so far are too hot for water rain; instead, astronomers believe the rain in these storms, like the clouds themselves, is made of hot sand, molten iron, or salts.\n In a Spitzer program named \"Weather on Other Worlds,\" astronomers used the infrared space telescope to watch 44 brown dwarfs as they rotated on their axes for up to 20 hours.  Previous results had suggested that some brown dwarfs have turbulent weather, so the scientists had expected to see a small fraction vary in brightness over time; however, to their surprise, half of the brown dwarfs showed the variations.  When you take into account that half of the objects would be oriented in such a way that their storms would be either hidden or always in view and unchanging, the results indicate that most, if not all, brown dwarfs are racked by storms.\n \"We needed Spitzer to do this,\" said Metchev.  \"Spitzer is in space, above the thermal glow of the Earth's atmosphere, and it has the sensitivity required to see variations in the brown dwarfs' brightness.\" \"\nThe results led to another surprise as well.  Some of the brown dwarfs rotated much more slowly than any previously measured, a finding that could not have been possible without Spitzer's long uninterrupted observations from space.  Astronomers had thought that brown dwarfs sped up to fast rotations when they formed and contracted, and that this rotation didn't wind down with age.\n \"We don't yet know why these particular brown dwarfs spin so slowly, but several interesting possibilities exist,\" said Aren Heinze of Stony Brook University, New York.  \"A brown dwarf that rotates slowly may have formed in an unusual way, or it may even have been slowed down by the gravity of a yet undiscovered planet in a close orbit around it.\" \"\nThe work may lead to a better understanding of not just brown dwarfs, but also their \"little brothers\" -- the gas giant planets.  Researchers say that studying the weather on brown dwarfs will open new windows onto weather on planets outside our solar system, which are harder to study under the glare of their stars.  Brown dwarfs are weather laboratories for planets, and according to the new results, those laboratories are everywhere.",
                    "date": "2014-01-07",
                    "eventUri": "134206",
                    "id": "1858811",
                    "isDuplicate": false,
                    "lang": "eng",
                    "sim": 0.9337,
                    "source": {
                        "title": "Astronomy.com",
                        "uri": "www.astronomy.com"
                    },
                    "time": "23:46:00",
                    "title": "Spitzer probes weather on brown dwarfs",
                    "uri": "148584699",
                    "url": "http://www.astronomy.com/news/2014/01/spitzer-probes-weather-on-brown-dwarfs",
                    "wgt": 1
                },
                {
                    "body": "Swirling, stormy clouds may be ever-present on cool celestial orbs called brown dwarfs.  New observations from NASA's Spitzer Space Telescope suggest that most brown dwarfs are roiling with one or more planet-size storms akin to Jupiter's \"Great Red Spot.\" \"\n\"As the brown dwarfs spin on their axis, the alternation of what we think are cloud-free and cloudy regions produces a periodic brightness variation that we can observe,\" said Stanimir Metchev of the University of Western Ontario, Canada.  \"These are signs of patchiness in the cloud cover.\" \"\nMetchev is principal investigator of the brown dwarf research.  The results were presented at a news conference today at the 223rd annual meeting of the American Astronomical Society in Washington by Metchev's colleague, Aren Heinze, of Stony Brook University, New York.\n Brown dwarfs form as stars do, but lack the mass to fuse atoms continually and blossom into full-fledged stars.  They are, in some ways, the massive kin to Jupiter.\n Scientists think that the cloudy regions on brown dwarfs take the form of torrential storms, accompanied by winds and, possibly, lightning more violent than that at Jupiter or any other planet in our solar system.  However, the brown dwarfs studied so far are too hot for water rain; instead, astronomers believe the rain in these storms, like the clouds themselves, is made of hot sand, molten iron or salts.\n In a Spitzer program named \"Weather on Other Worlds,\" astronomers used the infrared space telescope to watch 44 brown dwarfs as they rotated on their axis for up to 20 hours.  Previous results had suggested that some brown dwarfs have turbulent weather, so the scientists had expected to see a small fraction vary in brightness over time.  However, to their surprise, half of the brown dwarfs showed the variations.  When you take into account that half of the objects would be oriented in such a way that their storms would be either hidden or always in view and unchanging, the results indicate that most, if not all, brown dwarfs are racked by storms.\n \"We needed Spitzer to do this,\" said Metchev.  \"Spitzer is in space, above the thermal glow of the Earth's atmosphere, and it has the sensitivity required to see variations in the brown dwarfs' brightness.\" \"\nThe results led to another surprise as well.  Some of the brown dwarfs rotated much more slowly than any previously measured, a finding that could not have been possible without Spitzer's long, uninterrupted observations from space.  Astronomers had thought that brown dwarfs sped up to very fast rotations when they formed and contracted, and that this rotation didn't wind down with age.\n \"We don't yet know why these particular brown dwarfs spin so slowly, but several interesting possibilities exist,\" said Heinze.  \"A brown dwarf that rotates slowly may have formed in an unusual way -- or it may even have been slowed down by the gravity of a yet-undiscovered planet in a close orbit around it.\" \"\nThe work may lead to a better understanding of not just brown dwarfs but their \"little brothers\": the gas-giant planets.  Researchers say that studying the weather on brown dwarfs will open new windows onto weather on planets outside our solar system, which are harder to study under the glare of their stars.  Brown dwarfs are weather laboratories for planets, and, according to the new results, those laboratories are everywhere.\n Other researchers on the team include: Daniel Apai and Davin Flateau of the University of Arizona, Tucson; Mark Marley of NASA Ames Research Center, Moffett Field; Jacqueline Radigan of the Space Telescope Science Institute, Baltimore, Md.; Etienne Artigau of Universite de Montreal, Canada; Adam Burgasser of University of California San Diego; Peter Plavchan of NASA's Exoplanet Science Institute at the California Institute of Technology, Pasadena; and Bertrand Goldman of Max-Planck Institute for Astronomy, Germany.",
                    "date": "2014-01-08",
                    "eventUri": "134206",
                    "id": "1906420",
                    "isDuplicate": false,
                    "lang": "eng",
                    "sim": 0.9321,
                    "source": {
                        "title": "TG Daily",
                        "uri": "www.tgdaily.com"
                    },
                    "time": "09:30:00",
                    "title": "Stormy stars? NASA's Spitzer probes weather on brown dwarfs",
                    "uri": "148704102",
                    "url": "http://www.tgdaily.com/space-features/84881-stormy-stars-nasas-spitzer-probes-weather-on-brown-dwarfs",
                    "wgt": 1
                },
                {
                    "body": "Jan. 7, 2014 -- Swirling, stormy clouds may be ever-present on cool celestial orbs called brown dwarfs.  New observations from NASA's Spitzer Space Telescope suggest that most brown dwarfs are roiling with one or more planet-size storms akin to Jupiter's \"Great Red Spot.\" \"\n\"As the brown dwarfs spin on their axis, the alternation of what we think are cloud-free and cloudy regions produces a periodic brightness variation that we can observe,\" said Stanimir Metchev of the University of Western Ontario, Canada.  \"These are signs of patchiness in the cloud cover.\" \"\nMetchev is principal investigator of the brown dwarf research.  The results were presented at a news conference today at the 223rd annual meeting of the American Astronomical Society in Washington by Metchev's colleague, Aren Heinze, of Stony Brook University, New York.\n Brown dwarfs form as stars do, but lack the mass to fuse atoms continually and blossom into full-fledged stars.  They are, in some ways, the massive kin to Jupiter.\n Scientists think that the cloudy regions on brown dwarfs take the form of torrential storms, accompanied by winds and, possibly, lightning more violent than that at Jupiter or any other planet in our solar system.  However, the brown dwarfs studied so far are too hot for water rain; instead, astronomers believe the rain in these storms, like the clouds themselves, is made of hot sand, molten iron or salts.\n In a Spitzer program named \"Weather on Other Worlds,\" astronomers used the infrared space telescope to watch 44 brown dwarfs as they rotated on their axis for up to 20 hours.  Previous results had suggested that some brown dwarfs have turbulent weather, so the scientists had expected to see a small fraction vary in brightness over time.  However, to their surprise, half of the brown dwarfs showed the variations.  When you take into account that half of the objects would be oriented in such a way that their storms would be either hidden or always in view and unchanging, the results indicate that most, if not all, brown dwarfs are racked by storms.\n \"We needed Spitzer to do this,\" said Metchev.  \"Spitzer is in space, above the thermal glow of the Earth's atmosphere, and it has the sensitivity required to see variations in the brown dwarfs' brightness.\" \"\nThe results led to another surprise as well.  Some of the brown dwarfs rotated much more slowly than any previously measured, a finding that could not have been possible without Spitzer's long, uninterrupted observations from space.  Astronomers had thought that brown dwarfs sped up to very fast rotations when they formed and contracted, and that this rotation didn't wind down with age.\n \"We don't yet know why these particular brown dwarfs spin so slowly, but several interesting possibilities exist,\" said Heinze.  \"A brown dwarf that rotates slowly may have formed in an unusual way -- or it may even have been slowed down by the gravity of a yet-undiscovered planet in a close orbit around it.\" \"\nThe work may lead to a better understanding of not just brown dwarfs but their \"little brothers\": the gas-giant planets.  Researchers say that studying the weather on brown dwarfs will open new windows onto weather on planets outside our solar system, which are harder to study under the glare of their stars.  Brown dwarfs are weather laboratories for planets, and, according to the new results, those laboratories are everywhere.\n Other authors include: Daniel Apai and Davin Flateau of University of Arizona, Tucson; Mark Marley of NASA's Ames Research Center, Moffett Field; Jacqueline Radigan of Space Telescope Science Institute, Baltimore, Md.; Etienne Artigau of Universite de Montreal, Canada; Adam Burgasser of University of California San Diego; Peter Plavchan of NASA's Exoplanet Science Institute at the California Institute of Technology, Pasadena; and Bertrand Goldman of Max-Planck Institute for Astronomy, Germany.",
                    "date": "2014-01-08",
                    "eventUri": "134206",
                    "id": "1874798",
                    "isDuplicate": false,
                    "lang": "eng",
                    "sim": 0.9296,
                    "source": {
                        "title": "ScienceDaily",
                        "uri": "www.sciencedaily.com"
                    },
                    "time": "02:38:00",
                    "title": "Stormy stars? Probing weather on brown dwarfs",
                    "uri": "148619566",
                    "url": "http://www.sciencedaily.com/releases/2014/01/140107170600.htm?utm_source=feedburner&utm_medium=feed&utm_campaign=Feed%253A%2Bsciencedaily%2B%2528ScienceDaily%253A%2BLatest%2BScience%2BNews%2529",
                    "wgt": 1
                },
                {
                    "body": "Swirling, stormy clouds may be ever-present on cool celestial orbs called brown dwarfs.  New observations from NASA's Spitzer Space Telescope suggest that most brown dwarfs are roiling with one or more planet-size storms akin to Jupiter's \"Great Red Spot.\" \"\n\"As the brown dwarfs spin on their axis, the alternation of what we think are cloud-free and cloudy regions produces a periodic brightness variation that we can observe,\" said Stanimir Metchev of the University of Western Ontario, Canada.  \"These are signs of patchiness in the cloud cover.\" \"\nMetchev is principal investigator of the brown dwarf research.  The results were presented at a news conference today at the 223rd annual meeting of the American Astronomical Society in Washington by Metchev's colleague, Aren Heinze, of Stony Brook University, New York.\n Brown dwarfs form as stars do, but lack the mass to fuse atoms continually and blossom into full-fledged stars.  They are, in some ways, the massive kin to Jupiter.\n Scientists think that the cloudy regions on brown dwarfs take the form of torrential storms, accompanied by winds and, possibly, lightning more violent than that at Jupiter or any other planet in our solar system.  However, the brown dwarfs studied so far are too hot for water rain; instead, astronomers believe the rain in these storms, like the clouds themselves, is made of hot sand, molten iron or salts.\n In a Spitzer program named \"Weather on Other Worlds,\" astronomers used the infrared space telescope to watch 44 brown dwarfs as they rotated on their axis for up to 20 hours.  Previous results had suggested that some brown dwarfs have turbulent weather, so the scientists had expected to see a small fraction vary in brightness over time.  However, to their surprise, half of the brown dwarfs showed the variations.  When you take into account that half of the objects would be oriented in such a way that their storms would be either hidden or always in view and unchanging, the results indicate that most, if not all, brown dwarfs are racked by storms.\n \"We needed Spitzer to do this,\" said Metchev.  \"Spitzer is in space, above the thermal glow of the Earth's atmosphere, and it has the sensitivity required to see variations in the brown dwarfs' brightness.\" \"\nThe results led to another surprise as well.  Some of the brown dwarfs rotated much more slowly than any previously measured, a finding that could not have been possible without Spitzer's long, uninterrupted observations from space.  Astronomers had thought that brown dwarfs sped up to very fast rotations when they formed and contracted, and that this rotation didn't wind down with age.\n \"We don't yet know why these particular brown dwarfs spin so slowly, but several interesting possibilities exist,\" said Heinze.  \"A brown dwarf that rotates slowly may have formed in an unusual way -- or it may even have been slowed down by the gravity of a yet-undiscovered planet in a close orbit around it.\" \"\nThe work may lead to a better understanding of not just brown dwarfs but their \"little brothers\": the gas-giant planets.  Researchers say that studying the weather on brown dwarfs will open new windows onto weather on planets outside our solar system, which are harder to study under the glare of their stars.  Brown dwarfs are weather laboratories for planets, and, according to the new results, those laboratories are everywhere.\n Other researchers on the team include: Daniel Apai and Davin Flateau of the University of Arizona, Tucson; Mark Marley of NASA Ames Research Center, Moffett Field; Jacqueline Radigan of the Space Telescope Science Institute, Baltimore, Md.; Etienne Artigau of Universite de Montreal, Canada; Adam Burgasser of University of California San Diego; Peter Plavchan of NASA's Exoplanet Science Institute at the California Institute of Technology, Pasadena; and Bertrand Goldman of Max-Planck Institute for Astronomy, Germany.\n NASA's Jet Propulsion Laboratory, Pasadena, Calif., manages the Spitzer Space Telescope mission for NASA's Science Mission Directorate, Washington.  Science operations are conducted at the Spitzer Science Center at the California Institute of Technology in Pasadena.  Spacecraft operations are based at Lockheed Martin Space Systems Company, Littleton, Colorado.  Data are archived at the Infrared Science Archive housed at the Infrared Processing and Analysis Center at Caltech.  Caltech manages JPL for NASA.F For more information about Spitzer, visit http://spitzer.caltech.edu and http://www.nasa.gov/spitzer .",
                    "date": "2014-01-08",
                    "eventUri": "134206",
                    "id": "1872799",
                    "isDuplicate": false,
                    "lang": "eng",
                    "sim": 0.9009,
                    "source": {
                        "title": "ScienceBlog.com",
                        "uri": "scienceblog.com"
                    },
                    "time": "02:10:00",
                    "title": "Stormy Stars? NASA's Spitzer Probes Weather on Brown Dwarfs",
                    "uri": "148614570",
                    "url": "http://scienceblog.com/69355/stormy-stars-nasas-spitzer-probes-weather-on-brown-dwarfs/?utm_source=feedburner&utm_medium=feed&utm_campaign=Feed%253A%2Bscienceblogrssfeed%2B%2528ScienceBlog.com%2529",
                    "wgt": 1
                },
                {
                    "body": "Washington: New observations from NASA's Spitzer Space Telescope have suggested that most brown dwarfs also feature one or more Jupiter's \"Great Red Spot\" like planet-size storms.\n Stanimir Metchev of the University of Western Ontario, Canada, said that as the brown dwarfs spin on their axis, the alternation of what they think are cloud-free and cloudy regions produces a periodic brightness variation that they can observe, asserting that these are signs of patchiness in the cloud cover.\n Scientists think that the cloudy regions on brown dwarfs take the form of torrential storms, accompanied by winds and, possibly, lightning more violent than that at Jupiter or any other planet in our solar system.\n However, the brown dwarfs studied so far are too hot for water rain; instead, astronomers believe the rain in these storms, like the clouds themselves, is made of hot sand, molten iron or salts.\n In a Spitzer program named \"Weather on Other Worlds,\" astronomers used the infrared space telescope to watch 44 brown dwarfs as they rotated on their axis for up to 20 hours.  However, to their surprise, half of the brown dwarfs showed the variations.\n When you take into account that half of the objects would be oriented in such a way that their storms would be either hidden or always in view and unchanging, the results indicate that most, if not all, brown dwarfs are racked by storms.",
                    "date": "2014-01-08",
                    "eventUri": "134206",
                    "id": "1895844",
                    "isDuplicate": false,
                    "lang": "eng",
                    "sim": 0.8635,
                    "source": {
                        "title": "Zee News",
                        "uri": "zeenews.india.com"
                    },
                    "time": "07:15:00",
                    "title": "Storms as big as Jupiter's 'great red spot' discovered on brown dwarfs",
                    "uri": "148671961",
                    "url": "http://zeenews.india.com/news/space/storms-as-big-as-jupiter-s-great-red-spot-discovered-on-brown-dwarfs_902355.html",
                    "wgt": 1
                },
                {
                    "body": "WASHINGTON -- Violent storm clouds and molten-iron rain may be common occurrences on the failed stars known as brown dwarfs, new research suggests.\n Astronomers used NASA's infrared Spitzer Space Telescope to observe brown dwarfs, finding changes in brightness that they believe signify the presence of storm clouds.  These storms appear to last at least several hours, and may be as tempestuous as the famous Great Red Spot on Jupiter.\n \"A large fraction of brown dwarfs show cyclical variability in brightness, suggesting clouds or storms,\" study researcher Aren Heinze of Stony Brook University said in a news conference here today (Jan. 7) at the 223rd meeting of the American Astronomical Society.  [Photos: Most Powerful Storms of the Solar System]\nBrown dwarfs are cool, star-like objects that don't have enough mass to fuse hydrogen into helium, the main energy source for stars.  They can be considered the giant cousins of planets like Jupiter.\n Heinze and his colleagues measured the brightness of 44 brown dwarfs for up to 20 hours, as part of Spitzer's \"Weather on Other Worlds\" program.\n Previous research suggested that brown dwarfs had stormy weather 5 to 10 percent of the time, so the scientists expected to see some variation in brightness.  But surprisingly, almost half of the brown dwarfs observed showed such variation.  Taking into account the fact that about half of the brown dwarfs are oriented such that storms are hidden, or simply unchanging, the data suggest that turbulent storms on brown dwarfs are common.\n \"We're talking about cloud masses larger than the Earth forming and dissipating over the timescale of just a few hours in some of these objects,\" Heinze told SPACE.c com.\n These clouds are much too hot to be composed of water.  Instead, astronomers believe they are made up of sand and molten iron.\n Spitzer monitored the storms for less than a day, so astronomers don't know whether the storms persist for months or years, like Jupiter's Great Red Spot.  In some cases, the storms are clearly dynamic and rapidly changing, Heinze said.\n The brightness observations were only possible because Spitzer is above Earth's atmosphere, where our planet's glowing heat doesn't obscure them.\n Another surprise from Spitzer's observations was how slowly the brown dwarfs rotated.  Conventional thinking held that brown dwarfs spin quickly when they form and contract, without slowing down as the orbs age.  The team doesn't know why the brown dwarfs spin so slowly.  They may have formed in an unusual way, or they may be dragged by gravity from an unknown closely orbiting planet.\n Studying weather on brown dwarfs could widen scientists' understanding of weather on giant planets outside the solar system, which are harder to see because of the glare of their host stars, researchers said.",
                    "date": "2014-01-07",
                    "eventUri": "134206",
                    "id": "1851594",
                    "isDuplicate": false,
                    "lang": "eng",
                    "sim": 0.848,
                    "source": {
                        "title": "Yahoo! News",
                        "uri": "news.yahoo.com"
                    },
                    "time": "22:40:00",
                    "title": "Storms on 'Failed Stars' Rain Molten Iron",
                    "uri": "148568617",
                    "url": "http://news.yahoo.com/storms-39-failed-stars-39-rain-molten-iron-214136743.html",
                    "wgt": 1
                },
                {
                    "body": "New data from the Spitzer Space Telescope suggest most brown dwarfs are roiling with one or more planet-size storms akin to Jupiter's \"Great Red Spot,\" NASA's Jet Propulsion Laboratory in Pasadena, Calif., reported Tuesday.\n Brown dwarfs form in the same manner stars do, but lack the mass to fuse atoms continually and blossom into full-fledged stars.\n \"As the brown dwarfs spin on their axis, the alternation of what we think are cloud-free and cloudy regions produces a periodic brightness variation that we can observe,\" Stanimir Metchev of the University of Western Ontario, Canada, said.  \"These are signs of patchiness in the cloud cover.\" \"\n\"We needed Spitzer to do this,\" he said.  \"Spitzer is in space, above the thermal glow of the Earth's atmosphere, and it has the sensitivity required to see variations in the brown dwarfs' brightness.\" \"\nIn a Spitzer program named \"Weather on Other Worlds,\" astronomers used the infrared space telescope to observe 44 brown dwarfs.\n Scientists say they think the cloudy regions on brown dwarfs take the form of torrential storms, accompanied by winds and, possibly, lightning more violent than that at Jupiter or any other planet in our solar system.\n However, brown dwarfs studied so far are too hot for water rain; instead, astronomers say they believe the rain in these storms, like the clouds themselves, is made of hot sand, molten iron or salts.",
                    "date": "2014-01-07",
                    "eventUri": "134206",
                    "id": "1859077",
                    "isDuplicate": false,
                    "lang": "eng",
                    "sim": 0.8463,
                    "source": {
                        "title": "United Press International (UPI)",
                        "uri": "www.upi.com"
                    },
                    "time": "23:49:00",
                    "title": "NASA: Planet-size storms may be roiling surface of brown dwarf stars",
                    "uri": "148585243",
                    "url": "http://www.upi.com/Science_News/2014/01/07/NASA-Planet-size-storms-may-be-roiling-surface-of-brown-dwarf-stars/UPI-24741389137760/",
                    "wgt": 1
                },
                {
                    "body": "NASA/JPL-Caltech/University of Western Ontario/Stony Brook University\nBrown dwarfs may be cooler than stars like our sun, but that doesn't mean they're less dramatic.  New data suggest that most -- maybe all -- brown dwarfs are home to enormous, planet-sized storms that rain molten iron, hot sand, or salts.  Maybe I'll just retire to Southern California.\n Brown dwarfs are star-like bodies that are somewhere in size between planets and stars.  They start life in much the way stars do, but they never achieve the mass needed to trigger a nuclear reaction in their cores.  So they burn cooler and dimmer than stars.  Yet they're still much too hot for liquid water, which explains their unpleasant-sounding rain.  Astronomers are interested in studying their weather as a proxy for what the weather is like on giant gas exoplanets -- distant planets like our own Jupiter.\n For this study, astronomers from the U.S. and Canada observed 44 brown dwarfs using NASA's Spitzer Space Telescope.  Spitzer detects infrared light -- perfect for observing brown dwarfs, which are too cool to emit visible light.  (Fun fact: When the Spitzer telescope was first proposed, scientists had only theorized brown dwarfs existed.) ) The astronomers in this project looked for slight variations in the brightness of the infrared light Spitzer detected, which would indicate varying cloud cover and turbulent weather.\n They found half of the brown dwarfs they examined had such variation.  Considering that they expected that half of the objects they observed would be oriented in such a way that their storms wouldn't be visible or would always appear in the same position, the new Spitzer results suggest nearly all brown dwarfs are racked by storms.  The storms are likely similar to Jupiter's Great Red Spot, with high winds and possibly lightning.\n The study, led by Stanimir Metchev of the University of Western Ontario in Canada, is part of the team's \"Weather on Other Worlds\" project.  They focus on brown dwarf weather because it's easier to observe than planetary weather, which may be obscured by the brightness of planets' stars.\n Metchev's team member Aren Heinze of Stony Brook University, New York, presented their work today at the annual meeting of the American Astronomical Society in Washington, D.C. You can also see their analysis of the cloud cover on just one brown dwarf, published last spring in The Astrophysical Journal.",
                    "date": "2014-01-07",
                    "eventUri": "134206",
                    "id": "1849339",
                    "isDuplicate": false,
                    "lang": "eng",
                    "sim": 0.8356,
                    "source": {
                        "title": "Popular Science",
                        "uri": "www.popsci.com"
                    },
                    "time": "22:15:00",
                    "title": "Brown Dwarfs Racked By Planet-Sized Storms Of Molten Iron",
                    "uri": "148563432",
                    "url": "http://www.popsci.com/article/technology/brown-dwarfs-racked-planet-sized-storms-molten-iron",
                    "wgt": 1
                },
                {
                    "body": "This illustration shows what the weather might look like on cool star-like bodies known as brown dwarfs.  These giant balls of gas start out life like stars but lack the mass to sustain nuclear fusion at their cores, so they fade and cool with time.  Credit: NASA/JPL-Caltech/University of Western Ontario/Stony Brook University\nHurricanes as large as planets may sweep across the face of brown dwarfs -- failed stars bigger than planets but smaller than real stars.\n A new study looks at 44 brown dwarfs using the infrared camera of NASA's Spitzer space telescope.  The astronomers report that they recorded periodic changes in brightness and saw the largest variations ever seen in these failed stars.  That suggests the brown dwarfs see very turbulent weather.  (Related: \"Coldest Star Found -- No Hotter Than Fresh Coffee.\" \")\n\"As the brown dwarfs spin on their axis, the alternation of what we think are cloud-free and cloudy regions produces a periodic brightness variation that we can observe,\" study co-author Stanimir Metchev, astronomer at the University of Western Ontario, Canada, said in a statement.\n \"These are signs of patchiness in the cloud cover.\" \"\nBrown dwarfs have masses ranging from 10 to 80 times that of Jupiter, not enough to spark the nuclear fusion that powers stars.  Instead, their atmosphere becomes cool and cloudy over time, becoming similar to those of gas giant planets.\n Metchev and his team believe these colossal storms, complete with high winds and lightning, are most likely much larger than any storms seen in our solar system, and could be even larger than the Great Red Spot on Jupiter.  That oval, hurricane-like storm on the Jovian giant is so large that it could easily swallow three Earths.  It has raged for at least three centuries.\n On brown dwarfs, however, the storms would not swirl among clouds made of water or hydrogen, but of hot sand, molten iron, and perhaps salt.\n What's exciting to scientists is that the study's failed stars appear to share many of the same characteristics as their little cousins, Jupiter-like gas giant planets.  This discovery will help our understanding of atmosphere dynamics not just on brown dwarfs, but also on planets inside and outside our solar system.\n Since brown dwarfs are common across the galaxy, they make for a convenient weather laboratory for planets, say the researchers, who hope to do further studies.  (See also: \"Surprisingly Close Star System Discovered.\" \")",
                    "date": "2014-01-08",
                    "eventUri": "134206",
                    "id": "1967857",
                    "isDuplicate": false,
                    "lang": "eng",
                    "sim": 0.8136,
                    "source": {
                        "title": "newswatch.nationalgeographic.com",
                        "uri": "newswatch.nationalgeographic.com"
                    },
                    "time": "18:38:00",
                    "title": "Monster Storms Raging on Failed Stars",
                    "uri": "148854835",
                    "url": "http://newswatch.nationalgeographic.com/2014/01/08/monster-storms-raging-on-failed-stars/",
                    "wgt": 1
                },
                {
                    "body": "The scene seems like a storm over a sea of lava somewhere in Mordor, but you are looking at the surface of a failed star -- the weather on a brown dwarf based on new data from the Spitzer Space Telescope.  It's spectacular.  Even more so when you think that's not water falling from the sky.\n Published in a NASA article titled Stormy Stars?  NASA's Spitzer Probes Weather on Brown Dwarfs, this artist rendering is based on the findings of a study of \"44 brown dwarfs as they rotated on their axis for up to 20 hours.\" \" The artists did a great job because the storms must be really spectacular, according to their description:\nScientists think that the cloudy regions on brown dwarfs take the form of torrential storms, accompanied by winds and, possibly, lightning more violent than that at Jupiter or any other planet in our solar system.  However, the brown dwarfs studied so far are too hot for water rain; instead, astronomers believe the rain in these storms, like the clouds themselves, is made of hot sand, molten iron or salts.\n A team of scientists lead by principal investigator Stanimir Metchev -- from the University of Western Ontario -- found that half of the brown dwarfs showed the variations that indicate these massive storm systems.  They actually postulate that most have weather systems:\nWhen you take into account that half of the objects would be oriented in such a way that their storms would be either hidden or always in view and unchanging, the results indicate that most, if not all, brown dwarfs are racked by storms.\n Brown dwarfs are failed stars that don't have enough mass and pressure to ignite the fusion of hydrogen in their cores.",
                    "date": "2014-01-08",
                    "eventUri": "134206",
                    "id": "1974005",
                    "isDuplicate": false,
                    "lang": "eng",
                    "sim": 0.8004,
                    "source": {
                        "title": "www.gizmodo.com.au",
                        "uri": "www.gizmodo.com.au"
                    },
                    "time": "19:26:00",
                    "title": "Most Failed Stars Have Clouds And Rain, Says NASA",
                    "uri": "148867792",
                    "url": "http://www.gizmodo.com.au/2014/01/most-failed-stars-have-clouds-and-rain-says-nasa/",
                    "wgt": 1
                },
                {
                    "body": "The first weather forecast for a brown dwarf is in - and it's not looking good up there.\n Astronomers predict it will rain molten iron and \"snow\" hot sand, with lightning and hurricanes likely.\n New observations with Nasa's Spitzer telescope reveal surprisingly turbulent storm clouds circling these \"failed stars\".\n The weather report was given at the 223rd meeting of the American Astronomical Society in Washington DC.\n It is the most detailed ever for a world outside our Solar System.\n \"So let's all sing the forecast for our nearest brown dwarf: Let it snow (rocks) let it snow (sand) let it snow (gems),\" said Prof Adam Burgasser of the University of California.\n Brown dwarfs are \"failed stars\" which lack the mass to keep fusing atoms and blossom into fully-fledged suns.\n They were known to be hot and hostile.  But when astronomers pointed Spitzer at 44 different brown dwarfs, they were surprised to find almost half showed clear evidence of weather - dynamic storm systems with unpredictable patterns.\n \"This is not like Jupiter's Great Red Spot.  The storms on brown dwarfs are much more violent and variable.  This is weather, not climate,\" says Dr Aren Heinze, of Stony Brook University, New York.\n \"The rain is too hot to be water.  It is probably molten iron or silicates (sand).\" \"\nAs the brown dwarfs revolved on their axes, the team used Spitzer to look for changes in the brightness coming from their surfaces - signs of patchiness in the cloud cover.\n Their results show evidence for a \"weather scaling law\" which would allow forecasts to be made.\n \"This makes us 'astro-meteorologists'.  We can tell you how cloudy it's going to be, what the temperature is and how windy it's going to be that day,\" said Prof Burgasser.\n \"We hope to expand this forecast to exoplanets - we might find weather laws there too.\" \"\nHis team picked one special brown dwarf system - Luhman 16AB, home of the closest pair of brown dwarfs to Earth.\n At just 6.5 light-years away, it is the third-closest system of any kind to our Sun, and the closest to the nearby star of Alpha Centauri.\n Their telescopes detected hurricane-force winds of 100-400mph, temperatures up to 1,227C (2,240F; 1,500 Kelvin), and found clouds covering 50% of the brown dwarfs' surfaces.\n One storm cloud was so huge it covered 20% of its dwarf, whereas the Great Red Spot covers just 1% of Jupiter.\n \"It turns out the Great Red Spot is not so great after all,\" said Prof Burgasser.\n Another interesting result was that some brown dwarfs rotate much more slowly than expected.\n \"This means it's possible they harbour undiscovered planets - you could have a planet orbiting a brown dwarf and slowing down its rotation,\" said Dr Heinze.",
                    "date": "2014-01-07",
                    "eventUri": "134206",
                    "id": "1855790",
                    "isDuplicate": false,
                    "lang": "eng",
                    "sim": 0.7256,
                    "source": {
                        "title": "BBC",
                        "uri": "www.bbc.co.uk"
                    },
                    "time": "23:19:00",
                    "title": "Violent storms rage on brown dwarfs",
                    "uri": "148578205",
                    "url": "http://www.bbc.co.uk/news/science-environment-25647657#sa-ns_mchannel%3Drss%26ns_source%3DPublicRSS20-sa",
                    "wgt": 1
                },
                {
                    "body": "A team of international researchers led by a Western \u00adUniversity professor has found what's believed to be violent \u00adhurricane-type storms in failed stars known as brown dwarfs.\n The discovery is significant because some of the celestial orbs have atmospheres similar to planets outside our solar system, meaning researchers down the road could study whether those planets have atmospheres that could sustain life.\n \"The neat thing is we can actually learn a whole bunch of stuff about the brown dwarfs themselves and in particular how cold or how hot their atmospheres are and whether it rains and what sort of stuff it rains,\" said Stanimir Metchev, an associate professor in Western's department of physics and astronomy.\n \"On some of them we're finding that the clouds we're observing are probably made of iron or sand.\" \"\nThe findings were discovered from images captured on NASA's infrared Spitzer Space Telescope during the last two years and presented Tuesday in Washington, D.C., at an annual meeting of the American Astronomical Society.\n Metchev led a team of eight international researchers in Canada, the U.S. and Germany that watched 44 brown dwarfs as they spun on their axes, trying to determine whether storms and weather are common in the \u00aduniverse.\n The team discovered they could track which brown dwarfs had violent planet-size storms similar to Jupiter's Great Red Spot by measuring how bright they were.  As the brown dwarfs spun on their axes, the brightness of the brown dwarfs changed as the storms came in and out of view.\n Metchev and his team want to apply their findings to study weather on exoplanets -- faint planets orbiting bright stars outside our solar system.\n Some colder brown dwarfs have temperatures similar to Earth's atmosphere and in the long term, the research could study the possibility that other atmospheres may be habitable.\n The technique developed by Metchev's research team -- studying the brightness of brown dwarfs -- could help researchers in the future study the makeup of other planetary atmospheres outside our solar system to find water clouds, which could sustain life.\n Learning about the atmospheres of brown dwarfs will allow researchers to study the atmospheres of more Earth-like planets in the future, Metchev added.\n \"That is say 10 years into the future.  We're really just taking the first steps in that direction with this,\" said Metchev.",
                    "date": "2014-01-08",
                    "eventUri": "134206",
                    "id": "1882751",
                    "isDuplicate": false,
                    "lang": "eng",
                    "sim": 0.7187,
                    "source": {
                        "title": "The London Free Press",
                        "uri": "www.lfpress.com"
                    },
                    "time": "04:21:00",
                    "title": "Western professor helps discover failed stars, known as brown dwarfs, contain violent, planet-size storms",
                    "uri": "148638613",
                    "url": "http://www.lfpress.com/2014/01/07/western-professor-helps-discover-failed-stars-known-as-brown-dwarfs-contain-violent-planet-size-storms",
                    "wgt": 1
                },
                {
                    "body": "The atmosphere of a brown dwarf 6.5 light-years from Earth rains molten iron and has hurricane-force winds.  Here's how astronomers know that - and why that information is useful.\n Earthlings have received weather reports from Mars, Venus, Titan, and other objects in the solar system.  But a weather report for an object 6.5 light-years away?\n Meet Luhman 16B, a \"partly cloudy\" brown dwarf boasting searing temperatures, hurricane-force winds, and precipitation that varies from molten-iron rain to hot \"snows\" of sand-like or rock-like grains.\n Luhman 16B's weather is intriguing for what it implies about the nature of brown dwarfs, researchers say.  It also points to astronomers' growing ability to directly observe smaller, dimmer objects in the quest to discover and characterize Earth-like planets orbiting other stars.\n Such efforts have received a boost from a new instrument bolted to the back of Gemini South, an 8-meter telescope located high in Chile's Atacama Desert.  The new camera, the Gemini Planet Imager (GPI), is designed to overcome the twin hurdles of the distorting effects of Earth's atmosphere and the blinding effect of a host star's light to spot and characterize Jupiter-class planets at Jupiter-like distances from their host stars.\n On Tuesday, astronomers released a pair of \"first light\" images from the new camera, one of which shows the planet Beta Pictoris B, some 62.4 light-years away, orbiting its star.  Beta Pictoris B is about eight times more massive than Jupiter and orbits its star at a distance of 8 astronomical units (AU), or eight times the distance between Earth and the sun.  Jupiter orbits at about 5 AU.\n The camera \"is the first of the next generation of instruments designed to directly image extra-solar planets,\" said Bruce Macintosh, an astrophysicist at the Lawrence Livermore National Laboratory, who led the instrument's design team.  He unveiled the images during a briefing at the winter meeting of the American Astronomical Society in Washington.\n The approach used to characterize Luhman 16B will fit well with GPI's capabilities, according to Adam Burgasser, an astronomer at the University of California at San Diego, who led the team analyzing Luhman 16B.\n \"The observations we see on brown dwarfs are also something we are going to be looking forward to as we study exoplanets\" and monitor them with GPI, he said during the briefing.\n Brown dwarfs are cool, faint objects that failed to gain enough mass to become stars.  The gravity from these lightweights isn't strong enough to compress and heat the dwarfs' centers to a level where fusion reactions begin.  These reactions release the energy that lights up a star.\n But brown dwarfs still emit heat, so they can be detected at infrared and near-infrared wavelengths.\n Researchers have noted weather features on brown dwarfs before, typically after observing them with space-based observatories.\n A survey of 44 brown dwarfs conducted by a team led by Stanimir Metchev, a researcher at the University of Western Ontario, found that virtually all of them sport clouds.\n Although the brown dwarfs in question appear as tiny dots of light, researchers can glean information about the composition of a brown dwarf's atmosphere by capturing its spectrum.  And they can detect clouds by subtle, irregular changes in the amount of the brown dwarf's light reaching their telescope, in this case, NASA's Spitzer Space Telescope.  The deeper and longer the dips in light, the larger the cloud mass, which in turn implies powerful storms.\n For his team's work, Dr. Burgasser focused on Luhman 16B, using ground-based observatories in Chile, Hawaii, Australia, and South Africa to observe the Luhman16AB system at infrared, optical, and radio wavelengths.\n Based on their observations, the researchers estimate that about 40 to 60 percent of Luhman 16B is covered by clouds, which display a temperature of some 2,240 degrees Fahrenheit.  The space between clouds allowed them to probe a slightly lower layer of the brown dwarf's atmosphere, where the temperatures were several hundred degrees warmer.\n The team detected winds ranging in speed from 100 to 400 miles an hour.  And as they monitored Luhman 16B's rotation, they could tease from the data how the fraction of the surface covered by clouds changed as the world turned.\n \"That gives us an idea of the size of the cloud features themselves,\" Burgasser said.  One cloud structure appeared to blanket 15 to 25 percent of the dwarf's surface.  Jupiter's Great Red Spot covers 1 percent of that planet's surface.\n \"The Great Red Spot is not so great,\" he quipped.\n The data led the researchers to conclude that most brown dwarfs sport clouds that condense out of iron vapor, raining molten iron and \"snows\" of hot sand -and to make the unexpected observation that some of these stellar wannabes rotate more slowly than previously thought.\n Variability pointing to cloud cover has been detected from space, Burgasser says, \"but it's one of the first times it's been convincingly detected from the ground.\" \"\nAnd therein lies one reason researchers are looking forward to using the GPI, another ground-based tool.\n Researchers will begin using the camera in earnest later this year after completing a set of tests to ensure that it is operating as expected.  Researchers will aim the camera at some 600 stars in the hope of detecting planetary systems that could more closely mimic our solar system than do many of the systems discovered to date.\n In addition, astronomers will use the camera to study rings and disks of material surrounding stars and to hunt for evidence of planets being born.  Moreover, astronomers will turn the camera on locals such as Saturn's moon Titan, Jupiter's Galilean satellites, and Neptune and Uranus.",
                    "date": "2014-01-07",
                    "eventUri": "134206",
                    "id": "1854768",
                    "isDuplicate": false,
                    "lang": "eng",
                    "sim": 0.671,
                    "source": {
                        "title": "The Christian Science Monitor",
                        "uri": "www.csmonitor.com"
                    },
                    "time": "23:08:00",
                    "title": "Weather report for a distant 'brown dwarf'? No problem: partly cloudy.",
                    "uri": "148575497",
                    "url": "http://www.csmonitor.com/Science/2014/0107/Weather-report-for-a-distant-brown-dwarf-No-problem-partly-cloudy",
                    "wgt": 1
                },
                {
                    "body": "According to the conclusions of a new scientific study led by University of Western Ontario expert Stanimir Metchev, it would appear that most brown dwarfs in the Universe feature at least one atmospheric disturbance similar to the Great Red Spot on Jupiter.\n Brown dwarfs, also known as failed stars, are objects much larger than gas giants, but smaller than actual stars.  They are unable to conduct nuclear fusion, since their formation processes were interrupted before the cloud of molecular hydrogen from which they collapsed could ignite.\n The Great Red Spot is a massive storm in Jupiter's southern hemisphere, composed of a persistent anticyclone.  Gian Domenico Cassini, for whom the NASA Cassini probe around Saturn is named, was the first to observe this feature, between 1665 and 1713.\n According to some researchers, the storm has been raging in the Jovian atmosphere for 184 years.  Other astronomers say that the event may have begun unfolding nearly 350 years ago.  The debate on the age of the GRS is still ongoing in the international astronomical community.\n The new investigation, based on data collected by the NASA Spitzer Space Telescope, suggests that most brown dwarfs feature at least one or two swirling storms such as the GRS in their atmospheres.\n \"As the brown dwarfs spin on their axis, the alternation of what we think are cloud-free and cloudy regions produces a periodic brightness variation that we can observe.  These are signs of patchiness in the cloud cover,\" Metchev said.\n Details of the investigation were presented by Stony Brook University investigator and study team member Aren Heinze, at the 223rd annual meeting of the American Astronomical Society (AAS), held in Washington DC.\n Heinze said that, most likely, the GRS-like features on brown dwarfs resemble torrential rains, and come packed with intense winds and extreme lightning.  Since these objects are very hot, the rain most likely does not contain water, but rather molten iron, salts or sand.\n After studying a sample of 44 brown dwarfs, the research group was able to determine that more than half of these objects displayed the brightness variations associated with massive storms.  Before the study began, scientists predicted that only a small sample of the study population would showcase these signs.\n Furthermore, many of the brown dwarfs were spinning around their axis in a way that would make any potential storms invisible from our vantage point here on Earth.  This implies that most, if not all, brown dwarfs have at least one GRS-like feature in their atmosphere.\n \"We needed Spitzer to do this.  Spitzer is in space, above the thermal glow of the Earth's atmosphere, and it has the sensitivity required to see variations in the brown dwarfs' brightness,\" Metchev explains.\n The telescope was used to analyze each of the celestial orbs for at least 20 hours.  This prolonged exposure time helped the team discover that a percentage of the brown dwarfs rotates around their axi a lot slower than previous studies led astronomers to believe.\n In theory, these objects should start to spin very fast as they collapse from their hydrogen clouds, and then maintain this speed throughout their life span. \"We don't yet know why these particular brown dwarfs spin so slowly, but several interesting possibilities exist,\" Heinze said at the AAS meeting today.\n \"A brown dwarf that rotates slowly may have formed in an unusual way - or it may even have been slowed down by the gravity of a yet-undiscovered planet in a close orbit around it,\" he added.\n Studies such as this one could lead not only to a better understanding of brown dwarfs, but to new knowledge about gas giants and exoplanetary weather patterns as well.  However, it is very difficult to study regular exoplanets since they usually orbit very close to their parent stars.  This make brown dwarfs the perfect space weather laboratories.",
                    "date": "2014-01-07",
                    "eventUri": "134206",
                    "id": "1853073",
                    "isDuplicate": false,
                    "lang": "eng",
                    "sim": 0.6507,
                    "source": {
                        "title": "softpedia",
                        "uri": "news.softpedia.com"
                    },
                    "time": "22:53:00",
                    "title": "Brown Dwarfs Feature Great Red Spot-like Storms",
                    "uri": "148572039",
                    "url": "http://news.softpedia.com/news/Brown-Dwarfs-Feature-Great-Red-Spot-Like-Storms-414549.shtml",
                    "wgt": 1
                },
                {
                    "body": "Abstract: M-dwarfs demonstrate two types of activity: 1) strong (kilogauss) almost axisymmetric poloidal magnetic fields; and 2) considerably weaker nonaxisymmetric fields, sometimes including a substantial toroidal component.  Dynamo bistability has been proposed as an explanation.  However it is not straightforward to obtain such a bistability in dynamo models.  On the other hand, the solar magnetic dipole at times of magnetic field inversion becomes transverse to the rotation axis, while the magnetic field becomes weaker at times far from that of inversion.  Thus the\nSun resembles a star with the second type of activity.  We suggest that M-dwarfs can have magnetic cycles, and that M-dwarfs with the second type of activity can just be stars observed at times of magnetic field inversion.  Then the relative number of M-dwarfs with the second type of activity can be used in the framework of this model to determine parameters of stellar convection near the surface.",
                    "date": "2014-01-09",
                    "eventUri": "134206",
                    "id": "2014414",
                    "isDuplicate": false,
                    "lang": "eng",
                    "sim": 0.3853,
                    "source": {
                        "title": "Arxiv.org",
                        "uri": "arxiv.org"
                    },
                    "time": "01:40:00",
                    "title": "Magnetic fields in fully convective M-dwarfs: oscillatory dynamos vs bistability. (arXiv:1401.1764v1 [astro-ph.SR])",
                    "uri": "148956004",
                    "url": "http://arxiv.org/abs/1401.1764",
                    "wgt": 1
                },
                {
                    "body": "Abstract: We present an analysis of X-Shooter spectra of the polluted hydrogen-rich white dwarfs (DAZ) NLTT 888 and NLTT 53908.  The spectra of NLTT 53908 show strong, Zeeman-split calcium lines (CaII H&K and Ca I $\\lambda 4226$) and the star appears to be a close relative of the polluted magnetic white dwarf (DAZH) NLTT 10480, while the spectra of NLTT 888 show narrow lines of calcium and iron.  A comparison of the DAZ NLTT 888 and the DAZH NLTT 53908 with other class members illustrates the diversity of environment and formation circumstances surrounding these objects.  In particular, we find that the incidence of magnetism in old, polluted white dwarfs significantly exceeds that found in the general white dwarf population which suggests an hypothetical link between a crowded planetary system and magnetic field generation.",
                    "date": "2014-01-08",
                    "eventUri": "134206",
                    "id": "1869894",
                    "isDuplicate": false,
                    "lang": "eng",
                    "sim": 0.2974,
                    "source": {
                        "title": "Arxiv.org",
                        "uri": "arxiv.org"
                    },
                    "time": "01:36:00",
                    "title": "The polluted atmospheres of cool white dwarfs and the magnetic field connection. (arXiv:1401.1249v1 [astro-ph.SR])",
                    "uri": "148608077",
                    "url": "http://arxiv.org/abs/1401.1249",
                    "wgt": 1
                },
                {
                    "body": "NATIONAL HARBOR, Md. -- What's with all the mini-Neptunes?\n As astronomers peer deep into our galaxy, studying starlight for the telltale twinkle of orbiting planets, they are seeing something unexpected: Most planets detected so far appear to be smaller than Neptune but larger than Earth, in a size range that does not exist in our solar system.\n Here we have four rocky planets, of which Earth is the largest, and two gas giants, Jupiter and Saturn.  Uranus and Neptune, sometimes lumped with Jupiter and Saturn and sometimes labeled ice giants, have rocky cores with gaseous envelopes.  The smaller of the two, Neptune, has a radius four times that of Earth.  Pluto, recently demoted from planet status, is a dwarf planet.\n But now astronomers have found that most planets detected around distant stars are what you might call off-size worlds, as if rounded up from an outlet mall.\n The findings were presented Monday at the annual meeting of the American Astronomical Society, held at National Harbor, Md.\nAstronomer Geoff Marcy of the University of California presented data showing that about 85 percent of planets found by NASA's Kepler space telescope are \"mini-Neptunes\" or \"super-Earths.\" \" Marcy noted that these planets orbit close to their parent stars and that it is possible, with advances in instrument sensitivity, that scientists will discover an abundance of small, rocky planets at more distant orbits.\n But that's not what we see so far.  Instead, there seems to be a distinct cosmic preference for this intermediate range of planet.  These planets also seem to follow a pronounced pattern: Up to about twice the diameter of Earth, they are rocky and dense.  But beyond that the average density plummets dramatically, suggesting that the bigger worlds are enveloped in gas.",
                    "date": "2014-01-07",
                    "eventUri": "134206",
                    "id": "1792534",
                    "isDuplicate": false,
                    "lang": "eng",
                    "sim": 0.2528,
                    "source": {
                        "title": "The Denver Post",
                        "uri": "www.denverpost.com"
                    },
                    "time": "14:14:00",
                    "title": "\"Super-Earths,\" \"mini-Neptunes\" abound outside our solar system",
                    "uri": "148435078",
                    "url": "http://www.denverpost.com/nationworld/ci_24858415/super-earths-mini-neptunes-abound-outside-our-solar?source=rss",
                    "wgt": 1
                },
                {
                    "body": "Abstract: Mineral clouds in substellar atmospheres play a special role as a catalyst for a variety of charge processes.  If clouds are charged, the surrounding environment becomes electrically activated, and ensembles of charged grains are electrically discharging (e.g. by lightning), which significantly infuences the local chemistry creating conditions similar to those thought responsible for life in early planetary atmospheres.  We note that such lightning discharges contribute also to the ionisation state of the atmosphere.  We apply scaling laws for electrical discharge processes from laboratory measurements and numerical experiments to Drift-Phoenix model atmosphere results to model the discharge's propagation downwards (as lightning) and upwards (as sprites) through the atmospheric clouds.  We evaluate the spatial extent and energetics of lightning discharges.  The atmospheric volume affected (e.g. by increase of temperature or electron number) is larger in a brown dwarf atmosphere ($10^8 -~10^{10}$m$^3$) than in a giant gas planet's ($10^4 -~10^{6}$m$^3$).  Our results suggest that the total dissipated energy in one event is $<10^{12}$ J for all models of initial solar metallicity.  First attempts to show the infuence of lightning on the local gas phase indicate an increase of small carbohydrate molecules like CH and CH$_2$ at the expense of CO and CH$_4$.  Dust forming molecules are destroyed and the cloud particle properties are frozen-in unless enough time is available for complete evaporation.  We summarise instruments potentially suitable to observe lightning on extrasolar objects.",
                    "date": "2014-01-08",
                    "eventUri": "134206",
                    "id": "1869811",
                    "isDuplicate": false,
                    "lang": "eng",
                    "sim": 0.194,
                    "source": {
                        "title": "Arxiv.org",
                        "uri": "arxiv.org"
                    },
                    "time": "01:35:00",
                    "title": "Ionisation in atmospheres of brown dwarfs and extrasolar planets VI: Properties of large-scale discharge events. (arXiv:1312.6789v3 [astro-ph.EP] UPDATED)",
                    "uri": "148608164",
                    "url": "http://arxiv.org/abs/1312.6789",
                    "wgt": 1
                },
                {
                    "body": "The power of the sun in the palm of our hands.  Or on our spacecraft.  Whichever.\n It's expensive to get a new telescope into space to search for alien worlds, so NASA scientists came up with an ingenious way to reactivate the defunct Kepler space telescope.  It was unable to properly aim its field of vision after losing too many of its stabilizing gyroscopes, but it now balances itself against photon energy from the sun.\n Its two remaining gyroscopic wheels are be able to form a kind of tripod with photon energy from the sun to again point its view back out into the universe for its K2 mission of searching for previously unknown planets.  It can't just aim anywhere, because light from the sun will prevent it from noticing the tiny dots of planets passing in front of stars.\n Here's how NASA explains the process of using the sun's energy to balance Kepler, because it's pretty amazing:\nHow will K2 work?  By using the Sun as a 'third wheel!' http://t.co/kiPk5FMOIG #aas223 pic.twitter.com/j8WqV2ZRF2\n-- NASA Kepler (@NASAKepler) January 6, 2014\nThey've tweeted a few pictures of what it's seeing since its reactivation, and it has apparently already discovered some new planets, so we're glad they were able to bring Kepler back -- even if their methods make us feel like cave men who barely understand how fire works by comparison.",
                    "date": "2014-01-07",
                    "eventUri": "134206",
                    "id": "1854025",
                    "isDuplicate": false,
                    "lang": "eng",
                    "sim": 0.1631,
                    "source": {
                        "title": "www.geekosystem.com",
                        "uri": "www.geekosystem.com"
                    },
                    "time": "23:02:00",
                    "title": "NASA Scientists Use Photons from the Sun to Balance Kepler Space Telescope, Because Science is Amazing",
                    "uri": "148574007",
                    "url": "http://www.geekosystem.com/kepler-k2-mission/",
                    "wgt": 1
                },
                {
                    "body": "The silent missiles that flit between the planets have been blamed for some of the largest exterminations that life on Earth has had to endure: However you like your mass extinctions, high on the list of potential triggers is usually a close encounter with a meteorite.\n Recently, however, a remarkable discovery has cast these aerial assaults into a surprising new light -- because, as well as destroying life, it now seems that ancient collisions might also have helped create it.\n In September 2013, a study appeared in the journal Nature Geoscience that set out to test an extraordinary theory regarding life's deep roots.  Researchers had previously hypothesized that, through a process known as shock synthesis, the extreme conditions generated by meteorite impacts -- specifically ones involving comets -- might be able to forge the fundamental chemicals of biology.  With the shock as a catalyst, the theory went, the organic (carbon-bearing) molecules present in the ice of comets -- such as ammonia and methanol, a simple alcohol -- could be transformed into amino acids, the crucial components of proteins, and therefore of life.  [Did Comet Impacts Spur Life on Earth? ]\nIt was a powerful idea, but with a complete lack of experimental evidence, an idea was all it was.  To remedy the situation, a team of planetary scientists -- led by Zita Martins of Imperial College London -- set about re-creating an apocalypse in their lab.  By preparing mixtures of ice and organic molecules that mimicked the composition of a comet, and shooting each of them with a high-velocity steel pellet, they managed to replicate in miniature the conditions created when one of those colossal bodies collides with a planet.  The researchers then passed the shattered residue from the pellet shots through a mass spectrometer, to measure what new molecules, if any, had been produced by the shock.  Amazingly, the paper reports that the impacts generated not just one amino acid, but eight of them.\n This experiment, though a simple one on the surface, has returned a result with the potential to radically change our perception of how life might first have arisen.  \"We have showed experimentally for the first time that amino acids can be produced when a comet impacts a planetary surface,\" Martins said in a statement.  At once destructive and creative, the scaled-down impacts have revealed that the bombardment of the young Earth -- already thought to have given us our moon -- might also have left behind some of the essential ingredients of life.\n But thrillingly, aside from this already ground-breaking insight, another possibility has been raised: the implications of these findings might not be confined to the Earth.  Practically every extraterrestrial surface scientists have imaged is covered with the scars of ancient meteor collisions; and if a comet strike could create amino acids on our planet, it could potentially do the same on others.  According to Martins and her colleagues, their discoveryalso \"increases the chances of life originating and being widespread throughout the solar system.\" \"\nIt's a tantalizing prospect.  So tantalizing, in fact, that it has inspired a new voyage to a gas giant.  Within the next decade, the European Space Agency's JUpiter Icy Moon Explorer (JUICE) will travel to the Jovian moons, with the goal of evaluating the potential presence of habitable environments -- primarily on Ganymede, Europa and Callisto, each of which are believed to contain a subterranean water ocean.  The starting chemicals used in the shock synthesis study may be present on the surfaces of these icy satellites.  Even with current data, scientists believe ammonia, at least, is present as a \"volatile ice\" in the crusts of Ganymede and Callisto.  [Did Asteroid Impacts Spark Life's 'Left-Handed' Molecules? ]\nWith the unprecedented resolution JUICE will provide, researchers might, in the not too distant future, be in a position to see whether the countless, unseen collisions with these alien worlds left something more than craters and dust.",
                    "date": "2014-01-07",
                    "eventUri": "134206",
                    "id": "1839599",
                    "isDuplicate": false,
                    "lang": "eng",
                    "sim": 0.1338,
                    "source": {
                        "title": "LiveScience.com",
                        "uri": "www.livescience.com"
                    },
                    "time": "20:43:00",
                    "title": "The Meteoric Rise of Life?",
                    "uri": "148542291",
                    "url": "http://www.livescience.com/42377-meteorite-life-origins.html?utm_source=feedburner&utm_medium=feed&utm_campaign=Feed%253A%2BLivesciencecom%2B%2528LiveScience.com%2BScience%2BHeadline%2BFeed%2529",
                    "wgt": 1
                }
            ]
        },
        "info": {
            "articleCount": 20,
            "averageDate": "2014-01-08",
            "avgCos": 0.4655,
            "categories": [],
            "customDate": false,
            "customLocation": false,
            "eventUri": "134206",
            "extractedDate": "",
            "extractedDateEnd": "",
            "id": "134206",
            "lang": "eng",
            "storyDate": "2014-01-08",
            "storyDateEnd": "",
            "uri": "850f305d-14db-4c75-b547-79470a557ea3-51808",
            "variance": 0.3083
        }
    },
    "e7e700df-6a06-44ea-a4f3-f736278fc36b-28152": {
        "articles": {
            "resultCount": 6,
            "results": [
                {
                    "body": "la tercera / Un equipo de astr\u00f3nomos present\u00f3 hoy en el congreso de la Sociedad Americana de Astronom\u00eda, un exoplaneta que tiene una masa similar al de la Tierra y que orbita una enana roja que se encuentra a unos 200 a\u00f1os luz de la Tierra.\n Eso s\u00ed, el llamado KOI-314c, detectado por el telescopio espacial Kepler, tiene un di\u00e1metro un 60 por ciento m\u00e1s grande, por lo que tiene una atm\u00f3sfera m\u00e1s densa y gaseosa.\n \"Este planeta podr\u00eda tener la misma masa que la Tierra, pero ciertamente no se parece a la Tierra.  Lo cual prueba que no existe una ll\u00ednea divisoria clara entre mundos rocosos como la Tierra y los m\u00e1s esponjosos, como son los mundos de agua o los gigantes gaseosos\", se\u00f1al\u00f3 David Kipping, investigador del Centro de Astrof\u00edsica Harvard-Smithsonian (EEUU) y autor principal del hallazgo.\n Seg\u00fan los detalles entregados, el planeta se demora 23 d\u00edas en dar una vuelta a su estrella, y la temperatura de la superficie ser\u00eda de unos 104 grados Celsius, por lo que no ser\u00eda posible que se desarrolla la vida como la conocemos en nuestro planeta.\n En tanto, su densa atm\u00f3sfera, de miles de kil\u00f3metros de espesor, estar\u00eda compuesta por hidr\u00f3geno y helio.",
                    "date": "2014-01-07",
                    "eventUri": "82480",
                    "id": "1859389",
                    "isDuplicate": false,
                    "lang": "spa",
                    "sim": 0.746,
                    "source": {
                        "title": "www.entornointeligente.com",
                        "uri": "www.entornointeligente.com"
                    },
                    "time": "22:12:00",
                    "title": "CHILE: Detectan exoplaneta con la masa similar al de la Tierra - EntornoInteligente",
                    "uri": "148585964",
                    "url": "http://www.entornointeligente.com/articulo/1826727/CHILE-Detectan-exoplaneta-con-la-masa-similar-al-de-la-Tierra-07012014",
                    "wgt": 1
                },
                {
                    "body": "es un 60% mayor que nuestro planeta, a pesar de que su masa es id\u00e9ntica.  Esta peculiaridad, por su parte, se\u00f1ala que el KOI-314c debe tener un ambiente gaseoso muy denso.\n \"Este planeta podr\u00eda tener la misma masa que la Tierra, pero ciertamente no es parecido a la Tierra\", explica David Kipping, del Centro Harvard-Smithsonian para Astrof\u00edsica (CFA), EE.UU., el autor principal del descubrimiento.  \"Esto demuestra que no hay una l\u00ednea divisoria clara entre los mundos rocosos como la Tierra y los planetas m\u00e1s esponjosos como mundos de agua o gigantes de gas\", a\u00f1adi\u00f3.\n El equipo de Kipping obtuvo las caracter\u00edsticas del planeta a partir de los datos de la sonda Kepler de la NASA.  Seg\u00fan los datos de la sonda el KOI-314c orbita una estrella enana oscura y roja ubicada a unos 200 a\u00f1os luz.  Rodea a su estrella cada 23 d\u00edas y tiene una temperatura de alrededor de 93\u00ba C, que, por su parte, es demasiado caliente para albergar vida tal y como la conocemos.\n De acuerdo con los astr\u00f3nomos el KOI-314c es solo un 30% m\u00e1s denso que el agua, lo que sugiere que el planeta est\u00e1 envuelto por una atm\u00f3sfera de hidr\u00f3geno y helio de cientos de millas de espesor.  Es probable que el planeta haya comenzado su vida como un mini-Neptuno y perdido parte de sus gases de la atm\u00f3sfera a trav\u00e9s del tiempo, evaporada por la intensa radiaci\u00f3n de su estrella.\n Para calcular el peso del KOI-314c, el equipo se bas\u00f3 en una t\u00e9cnica conocida como variaciones del tiempo de tr\u00e1nsito (TTV) que se utiliza si m\u00e1s de un planeta orbita alrededor de una estrella.  De acuerdo con el segundo autor del estudio, David Nesvorny del Southwest Research Institute, EE.UU., la Kepler detect\u00f3 a dos planetas en tr\u00e1nsito frente a la misma estrella.  Al medir el tiempo en que ocurrieron estos tr\u00e1nsitos y calcular la diferencia, los astr\u00f3nomos fueron capaces de medir su masa.",
                    "date": "2014-01-07",
                    "eventUri": "82480",
                    "id": "1826911",
                    "isDuplicate": false,
                    "lang": "spa",
                    "sim": 0.7269,
                    "source": {
                        "title": "Cubadebate",
                        "uri": "www.cubadebate.cu"
                    },
                    "time": "18:05:00",
                    "title": "Descubren primer planeta con la misma masa que la Tierra",
                    "uri": "148514686",
                    "url": "http://www.cubadebate.cu/noticias/2014/01/07/descubren-primer-planeta-con-la-misma-masa-que-la-tierra/",
                    "wgt": 1
                },
                {
                    "body": "Recreaci\u00f3n art\u00edstica del planeta KOI-314c, orbitando a su estrella roja (a la izquierda) situada a 200 a\u00f1os luz de la Tierra.\n Madrid- los astr\u00f3nomos buscaban lunas fuera de nuestro Sistema Solar y por causalidad se encontraron con un nuevo e interesante planeta que vuelve a poner de manifiesto la gran variedad de mundos que existen.  Un equipo de especialistas estadounidenses ha descubierto un peque\u00f1o objeto celeste que tiene un peso similar al de la Tierra aunque su di\u00e1metro es mayor (un 60% m\u00e1s grande) y cuenta con una atm\u00f3sfera mucho m\u00e1s densa y gaseosa.\n \"Este planeta podr\u00eda tener la misma masa que la Tierra pero ciertamente no se parece a la Tierra\", ha explicado David Kipping, investigador del Centro de Astrof\u00edsica Harvard-Smithsonian, Estados Unidos, y autor principal de este hallazgo, que ha sido presentado durante el congreso American Astronomical Society, en Washington.\n Seg\u00fan ha detallado, KOI-314c, como ha sido bautizado este planeta, tiene un sat\u00e9lite natural de color rojo.  Se trata de una d\u00e9bil estrella que se encuentra a unos 200 a\u00f1os luz de la Tierra.  Este planeta tarda 23 d\u00edas en dar una vuelta a su estrella y los cient\u00edficos creen que se trata de un mundo extremadamente c\u00e1lido en el que no ser\u00eda posible que se desarrollara la vida como la conocemos en la Tierra.  Seg\u00fan sus c\u00e1lculos, la temperatura en su superficie podr\u00eda ser de unos 104\u00ba Celsius.\n Para David Kipping, las caracter\u00edsticas de este nuevo exoplaneta, es decir, que se encuentra fuera de nuestro Sistema Solar, muestran que no hay una clara l\u00ednea divisoria entre los mundos rocosos como la Tierra y los planetas similares a los gigantes gaseosos.\n Los cient\u00edficos creen que este mundo est\u00e1 envuelto por una atm\u00f3sfera muy densa, de miles de kil\u00f3metros de espesor, compuesta por hidr\u00f3geno y helio.  Seg\u00fan especulan, en su origen podr\u00eda haber sido parecido a un mini Neptuno y haber ido perdiendo parte de los gases de su atm\u00f3sfera con el paso del tiempo debido a las altas temperaturas y a la radiaci\u00f3n que ten\u00eda que soportar al estar cerca de su estrella.",
                    "date": "2014-01-08",
                    "eventUri": "82480",
                    "id": "1877491",
                    "isDuplicate": false,
                    "lang": "spa",
                    "sim": 0.7068,
                    "source": {
                        "title": "Prensa Libre de Guatemala",
                        "uri": "www.prensalibre.com"
                    },
                    "time": "03:09:00",
                    "title": "Descubren planeta que pesa como la Tierra pero con una atm\u00f3sfera m\u00e1s densa",
                    "uri": "148625174",
                    "url": "http://www.prensalibre.com/vida/ciencia/Sistema_solar-planeta-exoplaneta-KOI-314c_0_1061894069.html",
                    "wgt": 1
                },
                {
                    "body": "La nave espacial Kepler ha hallado cinco nuevos planetas rocosos entre una serie de mundos, que tambi\u00e9n han sido encontrados recientemente por la prol\u00edfica sonda de la NASA.\n Durante la reuni\u00f3n de la Sociedad Astron\u00f3mica Americana, la agencia espacial estadounidense ha explicado que los planetas var\u00edan en tama\u00f1o, desde un 10 hasta un 80 por ciento m\u00e1s grandes que la Tierra.\n Geoff Marcy, uno de los autores del trabajo, ha destacado que de dos de los nuevos mundos rocosos, denominados Kepler-99b y Kepler-406b, ya se sabe que son un 40 por ciento m\u00e1s grande en tama\u00f1o que la Tierra y que tienen una densidad similar al plomo.\n En este sentido, ha explicado que las mediciones de densidad dictan la composici\u00f3n qu\u00edmica posible de los planetas extra\u00f1os.\n De este modo, saben que los m\u00e1s peque\u00f1os tienen un n\u00facleo rocoso y que las proporciones de hidr\u00f3geno o helio, entre otros componentes, var\u00edan dram\u00e1ticamente.",
                    "date": "2014-01-08",
                    "eventUri": "82480",
                    "id": "1864789",
                    "isDuplicate": false,
                    "lang": "spa",
                    "sim": 0.6788,
                    "source": {
                        "title": "www.rpp.com.pe",
                        "uri": "www.rpp.com.pe"
                    },
                    "time": "00:43:00",
                    "title": "La NASA descubre cinco nuevos planetas rocosos",
                    "uri": "148597555",
                    "url": "http://www.rpp.com.pe/2014-01-07-la-nasa-descubre-cinco-nuevos-planetas-rocosos-noticia_660160.html",
                    "wgt": 1
                },
                {
                    "body": "La agencia espacial estadounidense explic\u00f3 que para llevar a cabo este hallazgo y obtener datos de esos mundos se realizaron observaciones de seguimiento con mediciones Doppler de sus soles.\n El equipo midi\u00f3 la oscilaci\u00f3n del reflejo de la estrella anfitriona causada por el tir\u00f3n gravitacional que, sobre ella, ejerce el planeta en \u00f3rbita.  A mayor masa del planeta, m\u00e1s grande es la atracci\u00f3n gravitatoria y, por tanto, mayor el movimiento oscilatorio.\n Dos de los nuevos mundos rocosos, Kepler-99b y Kepler-406b, de tama\u00f1o superior en un 40 % al de la Tierra y con una densidad similar a la del plomo, orbitan su estrella en menos de cinco y tres d\u00edas, respectivamente, por lo cual los investigadores estiman son demasiado calientes para sostener la vida.  PL",
                    "date": "2014-01-08",
                    "eventUri": "82480",
                    "id": "1970709",
                    "isDuplicate": false,
                    "lang": "spa",
                    "sim": 0.6078,
                    "source": {
                        "title": "spanish.ruvr.ru",
                        "uri": "spanish.ruvr.ru"
                    },
                    "time": "19:00:00",
                    "title": "Hallan cinco nuevos planetas terrestres",
                    "uri": "148860722",
                    "url": "http://spanish.ruvr.ru/news/2014_01_08/Hallan-cinco-nuevos-planetas-terrestres-8025/",
                    "wgt": 1
                },
                {
                    "body": "M\u00e1s de tres cuartos de los potenciales planetas detectados por Kepler tienen un tama\u00f1o que va desde el de la Tierra hasta el de Neptuno, cerca de cuatro veces m\u00e1s grande.\n Tales planetas dominan el censo gal\u00e1ctico pero est\u00e1n ausentes de nuestro sistema solar, destacan los astr\u00f3nomos, que reconocen adem\u00e1s que ignoran hasta este momento c\u00f3mo se han formado as\u00ed como la mayor parte de su composici\u00f3n.  Podr\u00edan ser rocosos, gaseosos o constituidos por agua.\n Estos cient\u00edficos informaron los resultados de cuatro a\u00f1os de observaciones con telescopios terrestres para confirmar los descubrimientos de exoplanetas realizados por Kepler y presentaron sus trabajos en la conferencia anual de la American Astronomical Society, reunida esta semana en Washington.\n \"Esta maravillosa avalancha de datos en cuanto a esos planetas denominados como 'mini-Neptuno' nos revela la mayor\u00eda de las veces solo la estructura que los envuelve\", explic\u00f3 Geoff Marcy, profesor de astronom\u00eda de la Universidad de California, en Berkeley, quien dirigi\u00f3 los an\u00e1lisis de alta precisi\u00f3n realizados desde tierra.\n \"Pero estamos a\u00fan ante interrogantes dif\u00edciles, como las de saber c\u00f3mo esos planetas enigm\u00e1ticos se formaron y por qu\u00e9 nuestro sistema solar est\u00e1 desprovisto de ellos pese a que son los m\u00e1s numerosos en la galaxia\", destac\u00f3.\n Utilizando uno de los m\u00e1s poderosos telescopios terrestres, desde el \"Keck Observatory\" en Hawai, estos cient\u00edficos confirmaron la presencia de 41 exoplanetas descubiertos por Kepler y determinaron la masa de 16 de ellos.  Con la masa y el di\u00e1metro, han podido deducir la densidad de esos planetas caracterizados ya sea como rocosos, gaseosos, o de una combinaci\u00f3n de ambos.\n Las medidas de la densidad podr\u00eda potencialmente determinar la composici\u00f3n de esos extra\u00f1os planetas.  As\u00ed, las medidas de densidad sugieren que estos 'mini-Neptuno' tienen un n\u00facleo rocoso pero que las proporciones de hidr\u00f3geno, helio y de mol\u00e9culas ricas en hidr\u00f3geno en su capa exterior var\u00edan enormemente, y en algunos casos no cuentan con capa exterior.",
                    "date": "2014-01-07",
                    "eventUri": "82480",
                    "id": "1820086",
                    "isDuplicate": false,
                    "lang": "spa",
                    "sim": 0.5817,
                    "source": {
                        "title": "El Periodiquito",
                        "uri": "www.elperiodiquito.com"
                    },
                    "time": "16:54:00",
                    "title": "Nuestro sistema solar es una excepci\u00f3n en nuestra galaxia",
                    "uri": "148500233",
                    "url": "http://www.elperiodiquito.com/modules.php?name=News&file=article&sid=131733",
                    "wgt": 1
                }
            ]
        },
        "info": {
            "articleCount": 6,
            "averageDate": "2014-01-08",
            "avgCos": 0.4771,
            "categories": [],
            "customDate": false,
            "customLocation": false,
            "eventUri": "82480",
            "extractedDate": "",
            "extractedDateEnd": "",
            "id": "93765",
            "lang": "spa",
            "storyDate": "2014-01-08",
            "storyDateEnd": "",
            "uri": "e7e700df-6a06-44ea-a4f3-f736278fc36b-28152",
            "variance": 0.2724
        }
    },
    "meta": {
        "CCAArticleMatchCount": 3,
        "CCAArticleMatchRatio": 0.025,
        "CCAAvgCosSim": 0.5398666666666666,
        "CCAAvgMatchWgt": 55.66666666666666,
        "_articleUri1": "148585964",
        "_articleUri2": "148584699",
        "_datetime": "2015-01-19 23:02:06",
        "_ruleBasedShouldMerge": false,
        "_storyUri1": "e7e700df-6a06-44ea-a4f3-f736278fc36b-28152",
        "_storyUri2": "850f305d-14db-4c75-b547-79470a557ea3-51808",
        "_username": "Evgenia Belyaeva",
        "artCount1": 6,
        "artCount2": 20,
        "avgCosSimStory1": 0.4771,
        "avgCosSimStory2": 0.4655,
        "categorySim": 0,
        "conceptCosSim": 0.2807730873043211,
        "conceptJaccardSim": 0.2083333333333333,
        "coreTime1": 122896.9,
        "coreTime2": 122902.25,
        "coreTimeStDev1": 8.65344477543542,
        "coreTimeStDev2": 5.190266058897973,
        "entityCosSim": 0.4131638932560764,
        "entityJaccardSim": 0.1739130434782609,
        "extractedDateJaccardSim": 0,
        "extractedDatesStory1": 0,
        "extractedDatesStory2": 1,
        "hasSameLocation": 0,
        "keywordCosSim": 0.240827289616681,
        "keywordJaccardSim": 0.2244897959183674,
        "lang1": "spa",
        "lang2": "eng",
        "matchingDateCount": 0,
        "matchingDateRatio": 0,
        "ratioAnnotatedArticlesStory1": 1,
        "ratioAnnotatedArticlesStory2": 1,
        "shouldMerge": false,
        "storyQuality1": 8,
        "storyQuality2": 13,
        "timeAvg1": 122905.3416666667,
        "timeAvg2": 122907.6316666667,
        "timeStDev1": 8.65344477543542,
        "timeStDev2": 8.404700900224189,
        "varianceStory1": 0.2724,
        "varianceStory2": 0.3083
    }
}