{
    "eng-0880EE54-9D81-4F9B-A595-3A4BE1CAA3BA-1369": {
        "articles": {
            "resultCount": 20,
            "results": [
                {
                    "body": "BEIRUT: One million people have been wounded during Syria's civil war and diseases are spreading as regular supplies of medicine fail to reach patients, the World Health Organisation's Syria representative said.\n\nA plunge in vaccination rates from 90 percent before the war to 52 percent this year and contaminated water have added to the woes, allowing typhoid and hepatitis to advance, Elizabeth Hoff said in an interview late on Thursday.\n\nMore than 200,000 people have been killed in Syria's conflict, which began in March 2011 with popular protests against President Bashar al-Assad and spiralled into civil war after a crackdown by his security forces.\n\n\"In Syria, they have a million people injured as a direct result of the war. You can see it in the country when you travel around. You see a lot of amputees,\" said Hoff. \"This is the biggest problem.\"\n\nShe said a collapsed health system, where over half of public hospitals are out of service, has meant that treatments for diseases and injuries are irregular.\n\nHoff said that Assad's government -- which demands to sign off on aid convoys -- is still blocking surgical supplies, such as bandages and syringes, from entering rebel-held areas.\n\nAid workers say Damascus argues that the equipment would be used to help insurgents.\n\n\"What has been a problem is the regularity of supply,\" she said. \"The (government) approvals are sporadic.\"\n\nSyrian officials could not be reached for comment on Thursday or Friday.\n\nMore than 6,500 cases of typhoid were reported this year across Syria and 4,200 cases of measles, the deadliest disease for Syrian children, Hoff said.\n\nThere was just one reported case of polio, which can paralyse children within hours, in 2014 following a vaccination drive, but other new diseases appeared, including myiasis, a tropical disease spread by flies which is also known as screw-worm, with 10 cases seen in the outskirts of Damascus.\n\nSyrian activists in the Eastern Ghouta district of Damascus said that tuberculosis was also spreading due to poor sanitary conditions and a government siege on the area, blocking aid.\n\nThe United Nations called on Thursday for more than $8.4 billion to help nearly 18 million people in need in Syria and across the region in 2015.\n\nHoff said that the WHO delivered more than 13.5 million treatments of lifesaving medicines and medical supplies in 2014, up nearly threefold from the year before.\n\nBut the problems were growing at an even faster pace, Hoff said, with poor water access and deepening poverty worsening the health crisis: \"The needs are not possible to believe.\"",
                    "date": "2014-12-19",
                    "eventUri": "2066223",
                    "id": "28712504",
                    "isDuplicate": false,
                    "lang": "eng",
                    "sim": 0.9823,
                    "source": {
                        "title": "Economic Times",
                        "uri": "economictimes.indiatimes.com"
                    },
                    "time": "11:23:00",
                    "title": "One million people wounded, diseases spreading in Syria: WHO",
                    "uri": "235541828",
                    "url": "http://economictimes.indiatimes.com/news/international/world-news/one-million-people-wounded-diseases-spreading-in-syria-who/articleshow/45574274.cms",
                    "wgt": 1
                },
                {
                    "body": "BEIRUT - One million people have been wounded during Syria's civil war and diseases are spreading as regular supplies of medicine fail to reach patients, the World Health Organisation's Syria representative said.\n\nA plunge in vaccination rates from 90 percent before the war to 52 percent this year and contaminated water have added to the woes, allowing typhoid and hepatitis to advance, Elizabeth Hoff said in an interview late on Thursday.\n\nMore than 200,000 people have been killed in Syria's conflict, which began in March 2011 with popular protests against President Bashar al-Assad and spiralled into civil war after a crackdown by his security forces.\n\n\"In Syria, they have a million people injured as a direct result of the war. You can see it in the country when you travel around. You see a lot of amputees,\" said Hoff. \"This is the biggest problem.\"\n\nShe said a collapsed health system, where over half of public hospitals are out of service, has meant that treatments for diseases and injuries are irregular.\n\nHoff said that Assad's government -- which demands to sign off on aid convoys -- is still blocking surgical supplies, such as bandages and syringes, from entering rebel-held areas.\n\nAid workers say Damascus argues that the equipment would be used to help insurgents.\n\n\"What has been a problem is the regularity of supply,\" she said. \"The (government) approvals are sporadic.\"\n\nSyrian officials could not be reached for comment on Thursday or Friday.\n\nMore than 6,500 cases of typhoid were reported this year across Syria and 4,200 cases of measles, the deadliest disease for Syrian children, Hoff said.\n\nThere was just one reported case of polio, which can paralyse children within hours, in 2014 following a vaccination drive, but other new diseases appeared, including myiasis, a tropical disease spread by flies which is also known as screw-worm, with 10 cases seen in the outskirts of Damascus.\n\nSyrian activists in the Eastern Ghouta district of Damascus said that tuberculosis was also spreading due to poor sanitary conditions and a government siege on the area, blocking aid.\n\nThe United Nations called on Thursday for more than $8.4 billion to help nearly 18 million people in need in Syria and across the region in 2015. Hoff said that the WHO delivered more than 13.5 million treatments of lifesaving medicines and medical supplies in 2014, up nearly threefold from the year before.\n\nBut the problems were growing at an even faster pace, Hoff said, with poor water access and deepening poverty worsening the health crisis: \"The needs are not possible to believe.\"",
                    "date": "2014-12-19",
                    "eventUri": "2066223",
                    "id": "28776807",
                    "isDuplicate": false,
                    "lang": "eng",
                    "sim": 0.9823,
                    "source": {
                        "title": "news.sudanvisiondaily.com",
                        "uri": "news.sudanvisiondaily.com"
                    },
                    "time": "23:11:00",
                    "title": "One Million People Wounded, Diseases Spreading in Syria - WHO",
                    "uri": "235700039",
                    "url": "http://news.sudanvisiondaily.com/details.html?rsnpid=244055",
                    "wgt": 1
                },
                {
                    "body": "BEIRUT - One million people have been wounded during Syria's civil war and diseases are spreading as regular supplies of medicine fail to reach patients, the World Health Organisation's Syria representative said.\n\nA plunge in vaccination rates from 90 percent before the war to 52 percent this year and contaminated water have added to the woes, allowing typhoid and hepatitis to advance, Elizabeth Hoff said in an interview late on Thursday.\n\nMore than 200,000 people have been killed in Syria's conflict, which began in March 2011 with popular protests against President Bashar al-Assad and spiralled into civil war after a crackdown by his security forces.\n\n\"In Syria, they have a million people injured as a direct result of the war. You can see it in the country when you travel around. You see a lot of amputees,\" said Hoff. \"This is the biggest problem.\"\n\nShe said a collapsed health system, where over half of public hospitals are out of service, has meant that treatments for diseases and injuries are irregular.\n\nHoff said that Assad's government, which demands to sign off on aid convoys, is still blocking surgical supplies, such as bandages and syringes, from entering rebel-held areas.\n\nAid workers say Damascus argues that the equipment would be used to help insurgents.\n\n\"What has been a problem is the regularity of supply,\" she said. \"The (government) approvals are sporadic.\"\n\nSyrian officials could not be reached for comment on Thursday or Friday.\n\nMore than 6,500 cases of typhoid were reported this year across Syria and 4,200 cases of measles, the deadliest disease for Syrian children, Hoff said.\n\nThere was just one reported case of polio, which can paralyse children within hours, in 2014 following a vaccination drive, but other new diseases appeared, including myiasis, a tropical disease spread by flies which is also known as screw-worm, with 10 cases seen in the outskirts of Damascus.\n\nSyrian activists in the Eastern Ghouta district of Damascus said that tuberculosis was also spreading due to poor sanitary conditions and a government siege on the area, blocking aid.\n\nThe United Nations called on Thursday for more than $8.4 billion to help nearly 18 million people in need in Syria and across the region in 2015. Hoff said that the WHO delivered more than 13.5 million treatments of lifesaving medicines and medical supplies in 2014, up nearly threefold from the year before.\n\nBut the problems were growing at an even faster pace, Hoff said, with poor water access and deepening poverty worsening the health crisis: \"The needs are not possible to believe.\"",
                    "date": "2014-12-19",
                    "eventUri": "2066223",
                    "id": "28731745",
                    "isDuplicate": false,
                    "lang": "eng",
                    "sim": 0.9823,
                    "source": {
                        "title": "ewn.co.za",
                        "uri": "ewn.co.za"
                    },
                    "time": "14:53:00",
                    "title": "Million people wounded, diseases spreading in Syria - WHO",
                    "uri": "235592370",
                    "url": "http://ewn.co.za/2014/12/19/One-million-people-wounded-diseases-spreading-in-Syria-WHO",
                    "wgt": 1
                },
                {
                    "body": "One million people have been wounded during Syria's civil war and diseases are spreading as regular supplies of medicine fail to reach patients, the World Health Organization's Syria representative said.\n\nA plunge in vaccination rates from 90 percent before the war to 52 percent this year and contaminated water have added to the woes, allowing typhoid and hepatitis to advance, Elizabeth Hoff said in an interview late on Thursday.\n\nMore than 200,000 people have been killed in Syria's conflict, which began in March 2011 with popular protests against President Bashar al-Assad and spiraled into civil war after a crackdown by his security forces.\n\n\"In Syria, they have a million people injured as a direct result of the war. You can see it in the country when you travel around. You see a lot of amputees,\" said Hoff. \"This is the biggest problem.\"\n\nShe said a collapsed health system, where over half of public hospitals are out of service, has meant that treatments for diseases and injuries are irregular.\n\nHoff said that Assad's government -- which demands to sign off on aid convoys -- is still blocking surgical supplies, such as bandages and syringes, from entering rebel-held areas.\n\nAid workers say Damascus argues that the equipment would be used to help insurgents.\n\n\"What has been a problem is the regularity of supply,\" she said. \"The (government) approvals are sporadic.\"\n\nSyrian officials could not be reached for comment on Thursday or Friday.\n\nMore than 6,500 cases of typhoid were reported this year across Syria and 4,200 cases of measles, the deadliest disease for Syrian children, Hoff said.\n\nThere was just one reported case of polio, which can paralyze children within hours, in 2014 following a vaccination drive, but other new diseases appeared, including myiasis, a tropical disease spread by flies which is also known as screw-worm, with 10 cases seen in the outskirts of Damascus.\n\nSyrian activists in the Eastern Ghouta district of Damascus said that tuberculosis was also spreading due to poor sanitary conditions and a government siege on the area, blocking aid.\n\nThe United Nations called on Thursday for more than $8.4 billion to help nearly 18 million people in need in Syria and across the region in 2015.\n\nHoff said that the WHO delivered more than 13.5 million treatments of lifesaving medicines and medical supplies in 2014, up nearly threefold from the year before.\n\nBut the problems were growing at an even faster pace, Hoff said, with poor water access and deepening poverty worsening the health crisis: \"The needs are not possible to believe.\"",
                    "date": "2014-12-19",
                    "eventUri": "2066223",
                    "id": "28724411",
                    "isDuplicate": false,
                    "lang": "eng",
                    "sim": 0.9797,
                    "source": {
                        "title": "bdnews24.com",
                        "uri": "bdnews24.com"
                    },
                    "time": "13:34:00",
                    "title": "Diseases spreading in Syria: WHO",
                    "uri": "235573385",
                    "url": "http://bdnews24.com/world/2014/12/19/diseases-spreading-in-syria-who",
                    "wgt": 1
                },
                {
                    "body": "Beirut - One million people have been wounded during Syria's civil war and diseases are spreading as regular supplies of medicine fail to reach patients, the World Health Organisation's Syria representative said.\n\nA plunge in vaccination rates from 90 percent before the war to 52 percent this year and contaminated water have added to the woes, allowing typhoid and hepatitis to advance, Elizabeth Hoff said in an interview late on Thursday.\n\nMore than 200,000 people have been killed in Syria's conflict, which began in March 2011 with popular protests against President Bashar al-Assad and spiralled into civil war after a crackdown by his security forces.\n\n\"In Syria, they have a million people injured as a direct result of the war. You can see it in the country when you travel around. You see a lot of amputees,\" said Hoff. \"This is the biggest problem.\"\n\nShe said a collapsed health system, where over half of public hospitals are out of service, has meant that treatments for diseases and injuries are irregular.\n\nHoff said that Assad's government - which demands to sign off on aid convoys - is still blocking surgical supplies, such as bandages and syringes, from entering rebel-held areas.\n\nAid workers say Damascus argues that the equipment would be used to help insurgents.\n\n\"What has been a problem is the regularity of supply,\" she said. \"The (government) approvals are sporadic.\"\n\nSyrian officials could not be reached for comment on Thursday or Friday.\n\nMore than 6,500 cases of typhoid were reported this year across Syria and 4,200 cases of measles, the deadliest disease for Syrian children, Hoff said.\n\nThere was just one reported case of polio, which can paralyse children within hours, in 2014 following a vaccination drive, but other new diseases appeared, including myiasis, a tropical disease spread by flies which is also known as screw-worm, with 10 cases seen in the outskirts of Damascus.\n\nSyrian activists in the Eastern Ghouta district of Damascus said that tuberculosis was also spreading due to poor sanitary conditions and a government siege on the area, blocking aid.\n\nThe United Nations called on Thursday for more than $8.4 billion to help nearly 18 million people in need in Syria and across the region in 2015.\n\nHoff said that the WHO delivered more than 13.5 million treatments of life saving medicines and medical supplies in 2014, up nearly threefold from the year before.\n\nBut the problems were growing at an even faster pace, Hoff said, with poor water access and deepening poverty worsening the health crisis: \"The needs are not possible to believe.\"",
                    "date": "2014-12-19",
                    "eventUri": "2066223",
                    "id": "28724454",
                    "isDuplicate": false,
                    "lang": "eng",
                    "sim": 0.9763,
                    "source": {
                        "title": "Independent Online",
                        "uri": "www.iol.co.za"
                    },
                    "time": "13:34:00",
                    "title": "Million wounded in Syrian civil war",
                    "uri": "235573413",
                    "url": "http://www.iol.co.za/news/world/million-wounded-in-syrian-civil-war-1.1797571",
                    "wgt": 1
                },
                {
                    "body": "PanARMENIAN.Net - One million people have been wounded during Syria's civil war and diseases are spreading as regular supplies of medicine fail to reach patients, the World Health Organization's Syria representative said, according to Reuters.\n\nA plunge in vaccination rates from 90 percent before the war to 52 percent this year and contaminated water have added to the woes, allowing typhoid and hepatitis to advance, Elizabeth Hoff said in an interview late on Thursday, Dec 19.\n\nMore than 200,000 people have been killed in Syria's conflict, which began in March 2011 with popular protests against President Bashar al-Assad and spiraled into civil war after a crackdown by his security forces.\n\n\"In Syria, they have a million people injured as a direct result of the war. You can see it in the country when you travel around. You see a lot of amputees,\" said Hoff. \"This is the biggest problem.\"\n\nShe said a collapsed health system, where over half of public hospitals are out of service, has meant that treatments for diseases and injuries are irregular.\n\nHoff said that Assad's government -- which demands to sign off on aid convoys -- is still blocking surgical supplies, such as bandages and syringes, from entering rebel-held areas.\n\nAid workers say Damascus argues that the equipment would be used to help insurgents.\n\n\"What has been a problem is the regularity of supply,\" Hoff said. \"The (government) approvals are sporadic.\"\n\nMore than 6,500 cases of typhoid were reported this year across Syria and 4,200 cases of measles, the deadliest disease for Syrian children, Hoff said.\n\nThere was just one reported case of polio, which can paralyze children within hours, in 2014 following a vaccination drive, but other new diseases appeared, including myiasis, a tropical disease spread by flies which is also known as screw-worm, with 10 cases seen in the outskirts of Damascus.\n\nSyrian activists in the Eastern Ghouta district of Damascus said that tuberculosis was also spreading due to poor sanitary conditions and a government siege on the area, blocking aid.\n\nThe United Nations called on Thursday for more than $8.4 billion to help nearly 18 million people in need in Syria and across the region in 2015.\n\nHoff said that the WHO delivered more than 13.5 million treatments of lifesaving medicines and medical supplies in 2014, up nearly threefold from the year before.\n\nBut the problems were growing at an even faster pace, Hoff said, with poor water access and deepening poverty worsening the health crisis: \"The needs are not possible to believe.\"",
                    "date": "2014-12-19",
                    "eventUri": "2066223",
                    "id": "28717155",
                    "isDuplicate": false,
                    "lang": "eng",
                    "sim": 0.9725,
                    "source": {
                        "title": "PanARMENIAN.Net",
                        "uri": "www.panarmenian.net"
                    },
                    "time": "12:18:00",
                    "title": "One million people wounded in Syria, diseases spreading: WHO",
                    "uri": "235554522",
                    "url": "http://www.panarmenian.net/eng/news/186392/",
                    "wgt": 1
                },
                {
                    "body": "Beirut: One million people have been wounded during Syria's civil war and diseases are spreading as regular supplies of medicine fail to reach patients, the World Health Organisation's Syria representative said.\n\nA plunge in vaccination rates from 90 per cent before the war to 52 per cent this year and contaminated water have added to the woes, allowing typhoid and hepatitis to advance, Elizabeth Hoff said in an interview late on Thursday.\n\nMore than 200,000 people have been killed in Syria's conflict, which began in March 2011 with popular protests against President Bashar Al Assad and spiralled into civil war after a crackdown by his security forces.\n\n\"In Syria, they have a million people injured as a direct result of the war. You can see it in the country when you travel around. You see a lot of amputees,\" said Hoff. \"This is the biggest problem.\" She said a collapsed health system, where over half of public hospitals are out of service, has meant that treatments for diseases and injuries are irregular.\n\nHoff said that Al Assad's government -- which demands to sign off on aid convoys -- is still blocking surgical supplies, such as bandages and syringes, from entering rebel-held areas.\n\nAid workers say Damascus argues that the equipment would be used to help insurgents.\n\n\"What has been a problem is the regularity of supply,\" she said. \"The (government) approvals are sporadic.\" Syrian officials could not be reached for comment on Thursday or Friday.\n\nMore than 6,500 cases of typhoid were reported this year across Syria and 4,200 cases of measles, the deadliest disease for Syrian children, Hoff said.\n\nThere was just one reported case of polio, which can paralyse children within hours, in 2014 following a vaccination drive, but other new diseases appeared, including myiasis, a tropical disease spread by flies which is also known as screw-worm, with 10 cases seen in the outskirts of Damascus.\n\nSyrian activists in the Eastern Ghouta district of Damascus said that tuberculosis was also spreading due to poor sanitary conditions and a government siege on the area, blocking aid.\n\nThe United Nations called on Thursday for more than $8.4 billion to help nearly 18 million people in need in Syria and across the region in 2015.\n\nHoff said that the WHO delivered more than 13.5 million treatments of lifesaving medicines and medical supplies in 2014, up nearly threefold from the year before.\n\nBut the problems were growing at an even faster pace, Hoff said, with poor water access and deepening poverty worsening the health crisis: \"The needs are not possible to believe.\"",
                    "date": "2014-12-19",
                    "eventUri": "2066223",
                    "id": "28739061",
                    "isDuplicate": false,
                    "lang": "eng",
                    "sim": 0.9709,
                    "source": {
                        "title": "gulfnews.com",
                        "uri": "gulfnews.com"
                    },
                    "time": "16:10:00",
                    "title": "Diseases add to misery in war-torn Syrian",
                    "uri": "235611287",
                    "url": "http://gulfnews.com/news/region/syria/diseases-add-to-misery-in-war-torn-syrian-1.1429348?utm_content=1.1429348&utm_medium=RSS&utm_source=Feeds&utm_campaign=Diseases%2Badd%2Bto%2Bmisery%2Bin%2Bwar-torn%2BSyrian&localLinksEnabled=false&utm_term=News%2BRSS%2Bfeed",
                    "wgt": 1
                },
                {
                    "body": "By Oliver Holmes\n\nBEIRUT, Dec 19 (Reuters) - One million people have been wounded during Syria's civil war and diseases are spreading as regular supplies of medicine fail to reach patients, the World Health Organization's Syria representative said.\n\nA plunge in vaccination rates from 90 percent before the war to 52 percent this year and contaminated water have added to the woes, allowing typhoid and hepatitis to advance, Elizabeth Hoff said in an interview late on Thursday.\n\nMore than 200,000 people have been killed in Syria's conflict, which began in March 2011 with popular protests against President Bashar al-Assad and spiraled into civil war after a crackdown by his security forces.\n\n\"In Syria, they have a million people injured as a direct result of the war. You can see it in the country when you travel around. You see a lot of amputees,\" said Hoff. \"This is the biggest problem.\"\n\nShe said a collapsed health system, where over half of public hospitals are out of service, has meant that treatments for diseases and injuries are irregular.\n\nHoff said that Assad's government -- which demands to sign off on aid convoys -- is still blocking surgical supplies, such as bandages and syringes, from entering rebel-held areas.\n\nAid workers say Damascus argues that the equipment would be used to help insurgents.\n\n\"What has been a problem is the regularity of supply,\" she said. \"The (government) approvals are sporadic.\"\n\nSyrian officials could not be reached for comment on Thursday or Friday.\n\nMore than 6,500 cases of typhoid were reported this year across Syria and 4,200 cases of measles, the deadliest disease for Syrian children, Hoff said.\n\nThere was just one reported case of polio, which can paralyze children within hours, in 2014 following a vaccination drive, but other new diseases appeared, including myiasis, a tropical disease spread by flies which is also known as screw-worm, with 10 cases seen in the outskirts of Damascus.\n\nSyrian activists in the Eastern Ghouta district of Damascus said that tuberculosis was also spreading due to poor sanitary conditions and a government siege on the area, blocking aid.\n\nThe United Nations called on Thursday for more than $8.4 billion to help nearly 18 million people in need in Syria and across the region in 2015.\n\nHoff said that the WHO delivered more than 13.5 million treatments of lifesaving medicines and medical supplies in 2014, up nearly threefold from the year before.\n\nBut the problems were growing at an even faster pace, Hoff said, with poor water access and deepening poverty worsening the health crisis: \"The needs are not possible to believe.\" (Editing by Crispian Balmer)",
                    "date": "2014-12-19",
                    "eventUri": "2066223",
                    "id": "28725574",
                    "isDuplicate": false,
                    "lang": "eng",
                    "sim": 0.9698,
                    "source": {
                        "title": "Inc.com",
                        "uri": "www.huffingtonpost.com"
                    },
                    "time": "13:47:00",
                    "title": "One Million People Wounded In Syria: WHO",
                    "uri": "235576119",
                    "url": "http://www.huffingtonpost.com/2014/12/19/syria-wounded_n_6353006.html",
                    "wgt": 1
                },
                {
                    "body": "BEIRUT -- One million people have been wounded during Syria's civil war and diseases are spreading as regular supplies of medicine fail to reach patients, the World Health Organisation's (WHO's) Syria representative says.\n\nA plunge in vaccination rates from 90% before the war to 52% this year and contaminated water have added to the woes, allowing typhoid and hepatitis to advance, Elizabeth Hoff says.\n\nMore than 200,000 people have been killed in Syria's conflict, which began in March 2011 with popular protests against President Bashar al-Assad and spiralled into civil war after a crackdown by his security forces.\n\n\"In Syria, they have a million people injured as a direct result of the war. You can see it in the country when you travel around. You see a lot of amputees,\" Ms Hoff said. \"This is the biggest problem.\"\n\nShe said a collapsed health system, where more than half of public hospitals are out of service, has meant treatments for diseases and injuries are irregular.\n\nMs Hoff said Mr Assad's government -- which demands to sign off on aid convoys -- is still blocking surgical supplies, such as bandages and syringes, from entering rebel-held areas.\n\nAid workers say Damascus argues that the equipment would be used to help insurgents.\n\n\"What has been a problem is the regularity of supply,\" Ms Hoff said on Thursday. \"The (government) approvals are sporadic.\"\n\nSyrian officials could not be reached for comment on Thursday or Friday.\n\nMore than 6,500 cases of typhoid were reported this year across Syria and 4,200 cases of measles, the deadliest disease for Syrian children, Ms Hoff said.\n\nThere was just one reported case of polio, which can paralyse children within hours, in 2014 following a vaccination drive, but other new diseases appeared, including myiasis, a tropical disease spread by flies which is also known as screw-worm, with 10 cases seen in the outskirts of Damascus.\n\nSyrian activists in the Eastern Ghouta district of Damascus said tuberculosis was also spreading due to poor sanitary conditions and a government siege on the area, blocking aid.\n\nThe United Nations called on Thursday for more than $8.4bn to help nearly 18-million people in need in Syria and across the region in 2015.\n\nMs Hoff said that the WHO delivered more than 13.5-million treatments of lifesaving medicines and medical supplies in 2014, up nearly threefold from the year before.\n\nBut the problems were growing at an even faster pace, she said, with poor water access and deepening poverty worsening the health crisis: \"The needs are not possible to believe.\"",
                    "date": "2014-12-19",
                    "eventUri": "2066223",
                    "id": "28733739",
                    "isDuplicate": false,
                    "lang": "eng",
                    "sim": 0.9571,
                    "source": {
                        "title": "Business Day Live",
                        "uri": "www.bdlive.co.za"
                    },
                    "time": "15:14:00",
                    "title": "Disease spreads in war-torn Syria",
                    "uri": "235597352",
                    "url": "http://www.bdlive.co.za/world/asia/2014/12/19/disease-spreads-in-war-torn-syria",
                    "wgt": 1
                },
                {
                    "body": "A plunge in vaccination rates from 90 percent before the war to 52 percent this year and contaminated water have added to the woes, allowing typhoid and hepatitis to advance, Elizabeth Hoff said in an interview late on Thursday.\n\nMore than 200,000 people have been killed in Syria's conflict, which began in March 2011 with popular protests against President Bashar al-Assad and spiraled into civil war after a crackdown by his security forces.\n\n\"In Syria, they have a million people injured as a direct result of the war. You can see it in the country when you travel around. You see a lot of amputees,\" said Hoff. \"This is the biggest problem.\"\n\nShe said a collapsed health system, where over half of public hospitals are out of service, has meant that treatments for diseases and injuries are irregular.\n\nHoff said that Assad's government -- which demands to sign off on aid convoys -- is still blocking surgical supplies, such as bandages and syringes, from entering rebel-held areas.\n\nAid workers say Damascus argues that the equipment would be used to help insurgents.\n\n\"What has been a problem is the regularity of supply,\" she said. \"The (government) approvals are sporadic.\"\n\nSyrian officials could not be reached for comment on Thursday or Friday.\n\nMore than 6,500 cases of typhoid were reported this year across Syria and 4,200 cases of measles, the deadliest disease for Syrian children, Hoff said.\n\nThere was just one reported case of polio, which can paralyze children within hours, in 2014 following a vaccination drive, but other new diseases appeared, including myiasis, a tropical disease spread by flies which is also known as screw-worm, with 10 cases seen in the outskirts of Damascus.\n\nSyrian activists in the Eastern Ghouta district of Damascus said that tuberculosis was also spreading due to poor sanitary conditions and a government siege on the area, blocking aid.\n\nThe United Nations called on Thursday for more than $8.4 billion to help nearly 18 million people in need in Syria and across the region in 2015.\n\nHoff said that the WHO delivered more than 13.5 million treatments of lifesaving medicines and medical supplies in 2014, up nearly threefold from the year before.\n\nBut the problems were growing at an even faster pace, Hoff said, with poor water access and deepening poverty worsening the health crisis: \"The needs are not possible to believe.\"",
                    "date": "2014-12-19",
                    "eventUri": "2066223",
                    "id": "28708172",
                    "isDuplicate": false,
                    "lang": "eng",
                    "sim": 0.9458,
                    "source": {
                        "title": "Reuters",
                        "uri": "www.reuters.com"
                    },
                    "time": "10:19:00",
                    "title": "One million people wounded, diseases spreading in Syria: WHO",
                    "uri": "235527875",
                    "url": "http://www.reuters.com/article/2014/12/19/us-mideast-crisis-health-idUSKBN0JX0V720141219?feedType=RSS&feedName=worldNews",
                    "wgt": 1
                },
                {
                    "body": "Syrians flee the site of a reported barrel-bomb attack by Syrian government forces in Aleppo on June 26, 2014. (Zein Al-Rifai /AFP/Getty Images)\n\nOne million people have been wounded during Syria's civil war and diseases are spreading as regular supplies of medicine fail to reach patients, the World Health Organization's Syria representative said.\n\nA plunge in vaccination rates from 90 percent before the war to 52 percent this year and contaminated water have added to the woes, allowing typhoid and hepatitis to advance, Elizabeth Hoff said in an interview late on Thursday.\n\nMore than 200,000 people have been killed in Syria's conflict, which began in March 2011 with popular protests against President Bashar al-Assad and spiraled into civil war after a crackdown by his security forces.\n\n\"In Syria, they have a million people injured as a direct result of the war. You can see it in the country when you travel around. You see a lot of amputees,\" said Hoff. \"This is the biggest problem.\"\n\nShe said a collapsed health system, where over half of public hospitals are out of service, has meant that treatments for diseases and injuries are irregular.\n\nHoff said that Assad's government -- which demands to sign off on aid convoys -- is still blocking surgical supplies, such as bandages and syringes, from entering rebel-held areas.\n\nAid workers say Damascus argues that the equipment would be used to help insurgents.\n\n\"What has been a problem is the regularity of supply,\" she said. \"The (government) approvals are sporadic.\"\n\nSyrian officials could not be reached for comment on Thursday or Friday.\n\nMore than 6,500 cases of typhoid were reported this year across Syria and 4,200 cases of measles, the deadliest disease for Syrian children, Hoff said.\n\nThere was just one reported case of polio, which can paralyze children within hours, in 2014 following a vaccination drive, but other new diseases appeared, including myiasis, a tropical disease spread by flies which is also known as screw-worm, with 10 cases seen in the outskirts of Damascus.\n\nSyrian activists in the Eastern Ghouta district of Damascus said that tuberculosis was also spreading due to poor sanitary conditions and a government siege on the area, blocking aid.\n\nThe United Nations called on Thursday for more than $8.4 billion to help nearly 18 million people in need in Syria and across the region in 2015.\n\nHoff said that the WHO delivered more than 13.5 million treatments of lifesaving medicines and medical supplies in 2014, up nearly threefold from the year before.\n\nBut the problems were growing at an even faster pace, Hoff said, with poor water access and deepening poverty worsening the health crisis: \"The needs are not possible to believe.\"\n\n(Editing by Crispian Balmer)\n\nhttp://www.globalpost.com/dispatch/news/regions/middle-east/syria/141219/who-says-1-million-people-have-been-wounded-syrias-ci",
                    "date": "2014-12-19",
                    "eventUri": "2066223",
                    "id": "28776836",
                    "isDuplicate": false,
                    "lang": "eng",
                    "sim": 0.9366,
                    "source": {
                        "title": "GlobalPost",
                        "uri": "www.globalpost.com"
                    },
                    "time": "23:11:00",
                    "title": "WHO says 1 million people have been wounded in Syria's civil war",
                    "uri": "235700038",
                    "url": "http://www.globalpost.com/dispatch/news/regions/middle-east/syria/141219/who-says-1-million-people-have-been-wounded-syrias-ci",
                    "wgt": 1
                },
                {
                    "body": "One million people have been wounded during Syria's civil war and diseases are spreading as regular supplies of medicine fail to reach patients, the World Health Organisation's Syria representative said.\n\nA plunge in vaccination rates from 90 percent before the war to 52 percent this year and contaminated water have added to the woes, allowing typhoid and hepatitis to advance, Elizabeth Hoff said in an interview late on Thursday.\n\nMore than 200,000 people have been killed in Syria's conflict, which began in March 2011 with popular protests against President Bashar al-Assad and spiralled into civil war after a crackdown by his security forces.\n\n\"In Syria, they have a million people injured as a direct result of the war. You can see it in the country when you travel around. You see a lot of amputees,\" said Hoff. \"This is the biggest problem.\"\n\nShe said a collapsed health system, where over half of public hospitals are out of service, has meant that treatments for diseases and injuries are irregular.\n\nHoff said that Assad's government -- which demands to sign off on aid convoys -- is still blocking surgical supplies, such as bandages and syringes, from entering rebel-held areas.\n\nAid workers say Damascus argues that the equipment would be used to help insurgents.\n\n\"What has been a problem is the regularity of supply,\" she said. \"The (government) approvals are sporadic.\"\n\nThere was just one reported case of polio, which can paralyse children within hours, in 2014 following a vaccination drive, but other new diseases appeared, including myiasis, a tropical disease spread by flies which is also known as screw-worm, with 10 cases seen in the outskirts of Damascus.\n\nSyrian activists in the Eastern Ghouta district of Damascus said that tuberculosis was also spreading due to poor sanitary conditions and a government siege on the area, blocking aid.",
                    "date": "2014-12-19",
                    "eventUri": "2066223",
                    "id": "28724444",
                    "isDuplicate": false,
                    "lang": "eng",
                    "sim": 0.9182,
                    "source": {
                        "title": "Standard Digital News",
                        "uri": "www.standardmedia.co.ke"
                    },
                    "time": "13:34:00",
                    "title": "World: One million people wounded, diseases spreading in Syria - WHO",
                    "uri": "235573388",
                    "url": "http://www.standardmedia.co.ke/?articleID=2000145334&story_title=World:%2520one-million-people-wounded-diseases-spreading-in-syria-who",
                    "wgt": 1
                },
                {
                    "body": "More than 200,000 people have been killed in Syria's conflict, which began in March 2011 with popular protests against President Bashar al-Assad and spiralled into civil war after a crackdown by his security forces.\n\n\"In Syria, they have a million people injured as a direct result of the war. You can see it in the country when you travel around. You see a lot of amputees,\" said Hoff. \"This is the biggest problem.\" She said a collapsed health system, where over half of public hospitals are out of service, has meant that treatments for diseases and injuries are irregular.\n\nHoff said that Assad's government -- which demands to sign off on aid convoys -- is still blocking surgical supplies, such as bandages and syringes, from entering rebel-held areas.\n\nAid workers say Damascus argues that the equipment would be used to help insurgents.\n\n\"What has been a problem is the regularity of supply,\" she said. \"The (government) approvals are sporadic.\" Syrian officials could not be reached for comment on Thursday or Friday.\n\nMore than 6,500 cases of typhoid were reported this year across Syria and 4,200 cases of measles, the deadliest disease for Syrian children, Hoff said.\n\nThere was just one reported case of polio, which can paralyse children within hours, in 2014 following a vaccination drive, but other new diseases appeared, including myiasis, a tropical disease spread by flies which is also known as screw-worm, with 10 cases seen in the outskirts of Damascus.\n\nSyrian activists in the Eastern Ghouta district of Damascus said that tuberculosis was also spreading due to poor sanitary conditions and a government siege on the area, blocking aid.\n\nThe United Nations called on Thursday for more than $8.4 billion to help nearly 18 million people in need in Syria and across the region in 2015.\n\nHoff said that the WHO delivered more than 13.5 million treatments of lifesaving medicines and medical supplies in 2014, up nearly threefold from the year before.\n\nBut the problems were growing at an even faster pace, Hoff said, with poor water access and deepening poverty worsening the health crisis: \"The needs are not possible to believe.\"",
                    "date": "2014-12-19",
                    "eventUri": "2066223",
                    "id": "28724396",
                    "isDuplicate": false,
                    "lang": "eng",
                    "sim": 0.9049,
                    "source": {
                        "title": "gulfnews.com",
                        "uri": "gulfnews.com"
                    },
                    "time": "13:34:00",
                    "title": "1m people wounded, diseases spreading in Syria: WHO",
                    "uri": "235573394",
                    "url": "http://gulfnews.com/news/region/syria/1m-people-wounded-diseases-spreading-in-syria-who-1.1429217?utm_content=1.1429217&utm_medium=RSS&utm_source=Feeds&utm_campaign=1m%2Bpeople%2Bwounded%252C%2Bdiseases%2Bspreading%2Bin%2BSyria%253A%2BWHO&localLinksEnabled=false&utm_term=News%2BRSS%2Bfeed",
                    "wgt": 1
                },
                {
                    "body": "One million people have been wounded during Syria's civil war and diseases are spreading as regular supplies of medicine fail to reach patients, the World Health Organisation's Syria representative said, according to Reuters.\n\nA plunge in vaccination rates from 90 percent before the war to 52 percent this year and contaminated water have added to the woes, allowing typhoid and hepatitis to advance, Elizabeth Hoff said in an interview late Thursday.\n\nMore than 200,000 people have been killed in Syria's conflict, which began in March 2011 with popular protests against President Bashar Assad and spiraled into civil war after a crackdown by his security forces.\n\n\"In Syria, they have a million people injured as a direct result of the war. You can see it in the country when you travel around. You see a lot of amputees,\" said Hoff. \"This is the biggest problem.\"\n\nShe said a collapsed health system, where over half of public hospitals are out of service, has meant that treatments for diseases and injuries are irregular.\n\nMore than 6,500 cases of typhoid were reported this year across Syria and 4,200 cases of measles, the deadliest disease for Syrian children, Hoff said.\n\nThere was just one reported case of polio, which can paralyze children within hours, in 2014 following a vaccination drive, but other new diseases appeared, including myiasis, a tropical disease spread by flies which is also known as screw-worm, with 10 cases seen in the outskirts of Damascus.\n\nSyrian activists in the Eastern Ghouta district of Damascus said that tuberculosis was also spreading due to poor sanitary conditions and a government siege on the area, blocking aid.",
                    "date": "2014-12-19",
                    "eventUri": "2066223",
                    "id": "28724439",
                    "isDuplicate": false,
                    "lang": "eng",
                    "sim": 0.8941,
                    "source": {
                        "title": "www.panorama.am",
                        "uri": "www.panorama.am"
                    },
                    "time": "13:34:00",
                    "title": "One million people wounded, diseases spreading in Syria - WHO",
                    "uri": "235573368",
                    "url": "http://www.panorama.am/en/society/2014/12/19/syria-who/",
                    "wgt": 1
                },
                {
                    "body": "BEIRUT (Reuters) - One million people have been wounded during Syria's civil war and diseases are spreading as regular supplies of medicine fail to reach patients, the World Health Organization's Syria representative said.\n\nA plunge in vaccination rates from 90 percent before the war to 52 percent this year and contaminated water have added to the woes, allowing typhoid and hepatitis to advance, Elizabeth Hoff said in an interview late on Thursday.\n\nMore than 200,000 people have been killed in Syria's conflict, which began in March 2011 with popular protests against President Bashar al-Assad and spiraled into civil war after a crackdown by his security forces.\n\n\"In Syria, they have a million people injured as a direct result of the war. You can see it in the country when you travel around. You see a lot of amputees,\" said Hoff. \"This is the biggest problem.\"\n\nShe said a collapsed health system, where over half of public hospitals are out of service, has meant that treatments for diseases and injuries are irregular.\n\nHoff said that Assad's government -- which demands to sign off on aid convoys -- is still blocking surgical supplies, such as bandages and syringes, from entering rebel-held areas.\n\nAid workers say Damascus argues that the equipment would be used to help insurgents. ...",
                    "date": "2014-12-19",
                    "eventUri": "2066223",
                    "id": "28776809",
                    "isDuplicate": false,
                    "lang": "eng",
                    "sim": 0.8623,
                    "source": {
                        "title": "Irish Sun",
                        "uri": "www.irishsun.com"
                    },
                    "time": "23:11:00",
                    "title": "One million people wounded diseases spreading in Syria WHO",
                    "uri": "235700051",
                    "url": "http://www.irishsun.com/index.php/sid/228702711",
                    "wgt": 1
                },
                {
                    "body": "BEIRUT, Safar 27, 1436, Dec 19, 2014, SPA -- One million people have been wounded during Syria's civil war and diseases are spreading as regular supplies of medicine fail to reach patients, the World Health Organisation's Syria representative said.\n\nAccording to Reuters, a plunge in vaccination rates from 90 percent before the war to 52 percent this year and contaminated water have added to the woes, allowing typhoid and hepatitis to advance, Elizabeth Hoff said in an interview late on Thursday.\n\nMore than 200,000 people have been killed in Syria's conflict, which began in March 2011 with popular protests against President Bashar al-Assad and spiralled into civil war after a crackdown by his security forces.\n\n\"In Syria, they have a million people injured as a direct result of the war. You can see it in the country when you travel around. You see a lot of amputees,\" said Hoff. \"This is the biggest problem.\"\n\nShe said a collapsed health system, where over half of public hospitals are out of service, has meant that treatments for diseases and injuries are irregular.\n\nHoff said that Assad's government -- which demands to sign off on aid convoys -- is still blocking surgical supplies, such as bandages and syringes, from entering rebel-held areas.\n\nAid workers say Damascus argues that the equipment would be used to help insurgents.\n\n--SPA\n\n13:48 LOCAL TIME 10:48 GMT\n\n\u062a\u063a\u0631\u064a\u062f",
                    "date": "2014-12-19",
                    "eventUri": "2066223",
                    "id": "28710994",
                    "isDuplicate": false,
                    "lang": "eng",
                    "sim": 0.8234,
                    "source": {
                        "title": "Saudi Press Agency (SPA)",
                        "uri": "www.spa.gov.sa"
                    },
                    "time": "11:03:00",
                    "title": "WHO: One million people wounded, diseases spreading in Syria",
                    "uri": "235537185",
                    "url": "http://www.spa.gov.sa/details.php?id=1307638",
                    "wgt": 1
                },
                {
                    "body": "Lack of medical care is causing infectious disease crisis as Syria continues on road to ruin, WHO representative reveals.\n\nAt least one million people have been wounded and 200,000 killed in Syria since its years-long Civil War began in March 2011, Syria's World Health Organization (WHO) representative stated to Reuters Friday.\n\n\"In Syria, they have a million people injured as a direct result of the war. You can see it in the country when you travel around. You see a lot of amputees,\" Elizabeth Hoff, WHO's Syria representative, stated to the agency. \"This is the biggest problem.\"\n\nAs a result, infectious diseases are metastasizing, Hoff added - and the lack of available medical care in Syria, where half of the country's hospitals are closed, is making the problem worse.\n\nHoff said that Syrian President Bashar al-Assad's government, meanwhile, is also preventing aid convoys with medical supplies from crossing into some of the hardest-hit areas in the war-torn country, as Damascus must sign off on every aid truck carrying supplies.\n\nVaccinations are key to preventing diseases from spreading, and thousands of children have now been infected with preventable maladies such as typhoid, measles, and even polio.\n\n6,500 Syrian children were diagnosed with typhoid in 2014, Hoff said; 4,200 suffered from measles. But a polio outbreak, which is virtually extinct in the West but made a comeback in the Middle East last year, was stopped in its tracks after only one diagnosis after a fast-acting vaccination campaign was launched earlier this year.\n\nSyrian aid workers in Damascus said that tuberculosis was also spreading in the capital, due to poor sanitary conditions and a government siege, reports Reuters.\n\nWHO delivered more than 13.5 million treatments of lifesaving medicines and medical supplies in 2014, Hoff said - three times the amount distributed in 2013.",
                    "date": "2014-12-19",
                    "eventUri": "2066223",
                    "id": "28715908",
                    "isDuplicate": false,
                    "lang": "eng",
                    "sim": 0.7311,
                    "source": {
                        "title": "Arutz Sheva",
                        "uri": "www.israelnationalnews.com"
                    },
                    "time": "12:03:00",
                    "title": "WHO: One Million People Wounded in Syrian War",
                    "uri": "235551155",
                    "url": "http://www.israelnationalnews.com/News/News.aspx/188863",
                    "wgt": 1
                },
                {
                    "body": "A million people have been wounded in the Syrian conflict, according to a new estimate by the World Health Organisation.\n\n\"In Syria, they have a million people injured as a direct result of the war,\" the WHO representative, Elizabeth Hoff said.\n\n\"You can see it in the country when you travel around. You see a lot of amputees. This is the biggest problem.\"\n\nThe WHO, the United Nations health arm, has been delivering medical help to Syria from the start of the conflict, but has to operate through Damascus.\n\nMs Hoff, in an interview with Reuters, said the health system had collapsed, meaning that disease was spreading rapidly through a country already plagued by violence.\n\nMonitoring groups outside the country say the number of people known to have been killed by the war has now passed 200,000, with some saying the total figure is likely to be much higher.\n\nGiven the normal ratio in war of deaths to injuries, the estimate of a million casualties is not surprising. But the figure, out of a total population of about 22 million, shows the reach of the war throughout the country.\n\nIn addition, between 3-4 million Syrians have fled the country, with many living in increasingly squalid refugee camps in neighbouring countries, or begging on the streets of the region's cities.\n\nMs Hoff said that typhoid and hepatitis were spreading through the population as vaccination rates plunged from 90 per cent before the war to 52 per cent now.\n\nMany public hospitals have also been destroyed, while water supplies are increasingly contaminated.\n\nMs Hoff said there had been 6,500 cases of typhoid in 2014, and 4,200 cases of measles.\n\nDoctors in opposition areas have also told reporters, including The Telegraph's, that tuberculosis is also advancing.\n\nThere are also widespread cases of skin diseases spread by flies that are attracted by the rubble and rubbish of war, including leishmaniasis and myiasis, also known as screw-worm.\n\nMs Hoff said delivering to supplies to rebel-held areas - where many health services have been bombed by the regime's air force - had been hindered by the government's refusal to give permission.\n\n\"What has been a problem is the regularity of supply,\" she said. \"The approvals are sporadic.\"\n\nShe said that 13.5 million individual treatments had been supplied during 2014, but that \"the needs are not possible to believe\".",
                    "date": "2014-12-19",
                    "eventUri": "2066223",
                    "id": "28722008",
                    "isDuplicate": false,
                    "lang": "eng",
                    "sim": 0.6715,
                    "source": {
                        "title": "The Telegraph",
                        "uri": "www.telegraph.co.uk"
                    },
                    "time": "12:01:00",
                    "title": "A million wounded in Syria's war, says WHO - Telegraph.co.uk",
                    "uri": "235566971",
                    "url": "http://www.telegraph.co.uk/active/11303377/A-million-wounded-in-Syrias-war-says-WHO.html",
                    "wgt": 1
                },
                {
                    "body": "Reuters: One million people wounded, diseases spreading in Syria: WHO\n\n\"One million people have been wounded during Syria's civil war and diseases are spreading as regular supplies of medicine fail to reach patients, the World Health Organization's Syria representative said. A plunge in vaccination rates from 90 percent before the war to 52 percent this year and contaminated water have added to the woes, allowing typhoid and hepatitis to advance, Elizabeth Hoff said in an interview late on Thursday...\" (Holmes, 12/19).",
                    "date": "2014-12-19",
                    "eventUri": "2066223",
                    "id": "28736971",
                    "isDuplicate": false,
                    "lang": "eng",
                    "sim": 0.665,
                    "source": {
                        "title": "kff.org",
                        "uri": "kff.org"
                    },
                    "time": "15:50:00",
                    "title": "1M Syrians Wounded, At Risk Of Disease Due To Falling Vaccination Rates, Lack Of Clean Water, WHO Official Says",
                    "uri": "235605897",
                    "url": "http://kff.org/news-summary/1m-syrians-wounded-at-risk-of-disease-due-to-falling-vaccination-rates-lack-of-clean-water-who-official-says/?utm_source=feedburner&utm_medium=feed&utm_campaign=Feed%253A%2Bkff%252Fkdghpr%2B%2528Kaiser%2BDaily%2BGlobal%2BHealth%2BPolicy%2BReport%2529",
                    "wgt": 1
                },
                {
                    "body": "BEIRUT: One million people have been wounded during Syria's civil war and diseases are spreading as regular supplies of medicine fail to reach patients, the World Health Organization's Syria representative said. A plunge in vaccination rates from 90 percent before the war to 52 percent this year and contaminated water have added to the woes, allowing typhoid and hepatitis to advance, Elizabeth Hoff said in an interview late on Thursday.",
                    "date": "2014-12-19",
                    "eventUri": "2066223",
                    "id": "28776915",
                    "isDuplicate": false,
                    "lang": "eng",
                    "sim": 0.6609,
                    "source": {
                        "title": "DailyTimes",
                        "uri": "www.dailytimes.com.pk"
                    },
                    "time": "23:11:00",
                    "title": "One million people wounded, diseases spreading in Syria : December 20, 2014, 12:24 am",
                    "uri": "235700034",
                    "url": "http://www.dailytimes.com.pk/foreign/20-Dec-2014/one-million-people-wounded-diseases-spreading-in-syria",
                    "wgt": 1
                }
            ]
        },
        "info": {
            "articleCount": 20,
            "averageDate": "2014-12-19",
            "avgCos": 0.6289,
            "categories": [],
            "customDate": false,
            "customLocation": true,
            "eventUri": "2066223",
            "extractedDate": "",
            "extractedDateEnd": "",
            "id": "2066223",
            "lang": "eng",
            "location": {
                "labelEng": "Lebanon",
                "lat": 33.83333,
                "long": 35.83333,
                "wikiUri": "http://en.wikipedia.org/wiki/Lebanon"
            },
            "storyDate": "2014-12-19",
            "storyDateEnd": "",
            "uri": "eng-0880EE54-9D81-4F9B-A595-3A4BE1CAA3BA-1369",
            "variance": 0.1045
        }
    },
    "meta": {
        "CCAArticleMatchCount": 0,
        "CCAArticleMatchRatio": 0,
        "CCAAvgCosSim": 0,
        "CCAAvgMatchWgt": 0,
        "_articleUri1": "235671899",
        "_articleUri2": "235541828",
        "_datetime": "2015-01-19 23:02:09",
        "_ruleBasedShouldMerge": false,
        "_storyUri1": "spa-63A553DD-A2F8-411E-9FB6-620DC17635E3-475",
        "_storyUri2": "eng-0880EE54-9D81-4F9B-A595-3A4BE1CAA3BA-1369",
        "_username": "admin",
        "artCount1": 13,
        "artCount2": 20,
        "avgCosSimStory1": 0.6205,
        "avgCosSimStory2": 0.6289,
        "categorySim": 0,
        "conceptCosSim": 0.01813376358233197,
        "conceptJaccardSim": 0.01538461538461539,
        "coreTime1": 131197.8666666667,
        "coreTime2": 131195.3833333333,
        "coreTimeStDev1": 12.81513431786804,
        "coreTimeStDev2": 3.404905921103964,
        "entityCosSim": 0,
        "entityJaccardSim": 0,
        "extractedDateJaccardSim": 0,
        "extractedDatesStory1": 0,
        "extractedDatesStory2": 4,
        "hasSameLocation": -1,
        "keywordCosSim": 0.02159131392043483,
        "keywordJaccardSim": 0.01886792452830189,
        "lang1": "spa",
        "lang2": "eng",
        "matchingDateCount": 0,
        "matchingDateRatio": 0,
        "ratioAnnotatedArticlesStory1": 1,
        "ratioAnnotatedArticlesStory2": 1,
        "shouldMerge": false,
        "storyQuality1": 24,
        "storyQuality2": 31,
        "timeAvg1": 131210.0730769231,
        "timeAvg2": 131199.2791666666,
        "timeStDev1": 16.36835797107491,
        "timeStDev2": 4.21719323127999,
        "varianceStory1": 0.115,
        "varianceStory2": 0.1045
    },
    "spa-63A553DD-A2F8-411E-9FB6-620DC17635E3-475": {
        "articles": {
            "resultCount": 13,
            "results": [
                {
                    "body": "La ingesta regular de aspirina e ibuprofeno podr\u00eda reducir el riesgo de padecer algunos tipos de c\u00e1ncer de piel, seg\u00fan un estudio publicado hoy por la revista \"Journal of Investigative Dermatology\", integrada en \"Nature\".\n\nEl estudio realizado por un equipo de investigadores australianos de diferentes instituciones revel\u00f3 que ambos medicamentos, del grupo de los f\u00e1rmacos antiinflamatorios sin esteroides, pueden reducir las posibilidades de sufrir c\u00e1ncer de piel hasta en un 18 por ciento, especialmente en personas con antecedentes.\n\nEl equipo de expertos, liderado por la profesora de la universidad de Manchester (Reino Unido) Ad\u00e8le C. Green, se bas\u00f3 en el an\u00e1lisis de nueve casos, estableciendo la relaci\u00f3n entre el uso de dichos medicamentos y el riesgo de padecer c\u00e1ncer de piel.\n\nPese a la conexi\u00f3n, el equipo advierte de que todav\u00eda no se han precisado los efectos secundarios que estos medicamentos pueden provocar si se utilizan para combatir el c\u00e1ncer de piel.\n\nLos investigadores se\u00f1alan en el informe que los resultados deben ser corroborados con otros estudios, pues hay factores que no se han podido establecer con exactitud, como las horas de exposici\u00f3n al sol o las dosis de medicamentos tomados por los pacientes.\n\nUna de las razones que podr\u00eda facilitar que el ibuprofeno y la aspirina prevengan el c\u00e1ncer de piel es que reprimen una enzima llamada \"COX-2\", relacionada con el desarrollo de tumores, sostienen los expertos.\n\nEn cualquier caso, puntualizan que la mejor forma de prevenir el c\u00e1ncer de piel es evitar la exposici\u00f3n directa a los rayos del sol durante horas, as\u00ed como utilizar crema protectora contra \u00e9stos.",
                    "date": "2014-12-19",
                    "eventUri": "2066180",
                    "id": "28764875",
                    "isDuplicate": false,
                    "lang": "spa",
                    "sim": 0.9876,
                    "source": {
                        "title": "Tiempos",
                        "uri": "www.lostiempos.com"
                    },
                    "time": "20:36:00",
                    "title": "La aspirina y el ibuprofeno pueden reducir el riesgo de c\u00e1ncer de piel",
                    "uri": "235671899",
                    "url": "http://www.lostiempos.com/diario/actualidad/vida-y-futuro/20141219/la-aspirina-y-el-ibuprofeno-pueden-reducir-el-riesgo-de-cancer-de_284883_627721.html",
                    "wgt": 1
                },
                {
                    "body": "LONDRES (EFE).- La ingesta regular de aspirina e ibuprofeno podr\u00eda reducir el riesgo de padecer algunos tipos de c\u00e1ncer de piel, seg\u00fan un estudio publicado hoy por la revista \"Journal of Investigative Dermatology\", integrada en \"Nature\".\n\nEl estudio realizado por un equipo de investigadores australianos de diferentes instituciones revel\u00f3 que ambos medicamentos, del grupo de los f\u00e1rmacos antiinflamatorios sin esteroides, pueden reducir las posibilidades de sufrir c\u00e1ncer de piel hasta en un 18 %, especialmente en personas con antecedentes.\n\nEl equipo de expertos, liderado por la profesora de la universidad de Manchester (Reino Unido) Ad\u00e8le C. Green, se bas\u00f3 en el an\u00e1lisis de nueve casos, estableciendo la relaci\u00f3n entre el uso de dichos medicamentos y el riesgo de padecer c\u00e1ncer de piel.\n\nPese a la conexi\u00f3n, el equipo advierte de que todav\u00eda no se han precisado los efectos secundarios que estos medicamentos pueden provocar si se utilizan para combatir el c\u00e1ncer de piel.\n\nLos investigadores se\u00f1alan en el informe que los resultados deben ser corroborados con otros estudios, pues hay factores que no se han podido establecer con exactitud, como las horas de exposici\u00f3n al sol o las dosis de medicamentos tomados por los pacientes.\n\nUna de las razones que podr\u00eda facilitar que el ibuprofeno y la aspirina prevengan el c\u00e1ncer de piel es que reprimen una enzima llamada \"COX-2\", relacionada con el desarrollo de tumores, sostienen los expertos.\n\nEn cualquier caso, puntualizan que la mejor forma de prevenir el c\u00e1ncer de piel es evitar la exposici\u00f3n directa a los rayos del sol durante horas, as\u00ed como utilizar crema protectora contra \u00e9stos.",
                    "date": "2014-12-19",
                    "eventUri": "2066180",
                    "id": "28762167",
                    "isDuplicate": false,
                    "lang": "spa",
                    "sim": 0.9836,
                    "source": {
                        "title": "El Diario de Yucat\u00e1n",
                        "uri": "yucatan.com.mx"
                    },
                    "time": "19:06:00",
                    "title": "La aspirina y el ibuprofeno reducir\u00edan el riesgo de c\u00e1ncer de piel - El Diario de Yucat\u00e1n",
                    "uri": "235665839",
                    "url": "http://yucatan.com.mx/internacional/europa/la-aspirina-y-el-ibuprofeno-reducirian-el-riesgo-de-cancer-de-piel",
                    "wgt": 1
                },
                {
                    "body": "La ingesta regular de aspirina e ibuprofeno podr\u00eda reducir el riesgo de padecer algunos tipos de c\u00e1ncer de piel, seg\u00fan un estudio publicado este viernes por la revista \"Journal of Investigative Dermatology\", integrada en \"Nature\".\n\nEl estudio realizado por un equipo de investigadores australianos de diferentes instituciones revel\u00f3 que ambos medicamentos, del grupo de los f\u00e1rmacos antiinflamatorios sin esteroides, pueden reducir las posibilidades de sufrir c\u00e1ncer de piel hasta en un 18%, especialmente en personas con antecedentes.\n\nEl equipo de expertos, liderado por la profesora de la universidad de Manchester (Reino Unido) Adle C. Green, se bas\u00f3 en el an\u00e1lisis de nueve casos, estableciendo la relaci\u00f3n entre el uso de dichos medicamentos y el riesgo de padecer c\u00e1ncer de piel.\n\nPese a la conexi\u00f3n, el equipo advierte de que todav\u00eda no se han precisado los efectos secundarios que estos medicamentos pueden provocar si se utilizan para combatir el c\u00e1ncer de piel.\n\nLos investigadores se\u00f1alan en el informe que los resultados deben ser corroborados con otros estudios, pues hay factores que no se han podido establecer con exactitud, como las horas de exposici\u00f3n al sol o las dosis de medicamentos tomados por los pacientes.\n\nUna de las razones que podr\u00eda facilitar que el ibuprofeno y la aspirina prevengan el c\u00e1ncer de piel es que reprimen una enzima llamada \"COX-2\", relacionada con el desarrollo de tumores, sostienen los expertos.\n\nEn cualquier caso, puntualizan que la mejor forma de prevenir el c\u00e1ncer de piel es evitar la exposici\u00f3n directa a los rayos del sol durante horas, as\u00ed como utilizar crema protectora contra \u00e9stos. (I)",
                    "date": "2014-12-19",
                    "eventUri": "2066180",
                    "id": "28724359",
                    "isDuplicate": false,
                    "lang": "spa",
                    "sim": 0.9823,
                    "source": {
                        "title": "El Universo",
                        "uri": "www.eluniverso.com"
                    },
                    "time": "13:34:00",
                    "title": "El ibuprofeno y la aspirina pueden reducir el riesgo de c\u00e1ncer de piel, seg\u00fan estudio",
                    "uri": "235573313",
                    "url": "http://www.eluniverso.com/vida-estilo/2014/12/19/nota/4360306/ibuprofeno-aspirina-pueden-reducir-riesgo-cancer-piel-segun",
                    "wgt": 1
                },
                {
                    "body": "Las aspirinas, posibles fuentes anticancer\u00edgenas.. ARCHIVO\n\nLa ingesta regular de aspirina e ibuprofeno podr\u00eda reducir el riesgo de padecer algunos tipos de c\u00e1ncer de piel, seg\u00fan un estudio publicado hoy por la revista 'Journal of Investigative Dermatology', integrada en 'Nature'.\n\nEl estudio realizado por un equipo de investigadores australianos de diferentes instituciones revel\u00f3 que ambos medicamentos, del grupo de los f\u00e1rmacos antiinflamatorios sin esteroides, pueden reducir las posibilidades de sufrir c\u00e1ncer de piel hasta en un 18 %, especialmente en personas con antecedentes.\n\nEl equipo de expertos, liderado por la profesora de la universidad de Manchester (Reino Unido) Ad\u00e8le C. Green, se bas\u00f3 en el an\u00e1lisis de nueve casos, estableciendo la relaci\u00f3n entre el uso de dichos medicamentos y el riesgo de padecer c\u00e1ncer de piel.\n\nPese a la conexi\u00f3n, el equipo advierte de que todav\u00eda no se han precisado los efectos secundarios que estos medicamentos pueden provocar si se utilizan para combatir el c\u00e1ncer de piel.\n\nLos investigadores se\u00f1alan en el informe que los resultados deben ser corroborados con otros estudios, pues hay factores que no se han podido establecer con exactitud, como las horas de exposici\u00f3n al sol o las dosis de medicamentos tomados por los pacientes.\n\nUna de las razones que podr\u00eda facilitar que el ibuprofeno y la aspirina prevengan el c\u00e1ncer de piel es que reprimen una enzima llamada 'COX-2', relacionada con el desarrollo de tumores, sostienen los expertos.\n\nEn cualquier caso, puntualizan que la mejor forma de prevenir el c\u00e1ncer de piel es evitar la exposici\u00f3n directa a los rayos del sol durante horas, as\u00ed como utilizar crema protectora contra \u00e9stos.",
                    "date": "2014-12-19",
                    "eventUri": "2066180",
                    "id": "28731153",
                    "isDuplicate": false,
                    "lang": "spa",
                    "sim": 0.9739,
                    "source": {
                        "title": "diariodenavarra.es",
                        "uri": "www.diariodenavarra.es"
                    },
                    "time": "14:46:00",
                    "title": "Ciertos f\u00e1rmacos podr\u00edan reducir el c\u00e1ncer de piel",
                    "uri": "235590793",
                    "url": "http://www.diariodenavarra.es/noticias/mas_actualidad/sociedad/2014/12/19/ciertos_farmacos_podrian_reducir_cancer_piel_188206_1035.html",
                    "wgt": 1
                },
                {
                    "body": "Una de las razones para que prevengan el c\u00e1ncer de piel es que reprimen una enzima llamada \"COX-2\", relacionada con el desarrollo de tumores.\n\nLa ingesta regular de aspirina e ibuprofeno podr\u00eda reducir el riesgo de padecer algunos tipos de c\u00e1ncer de piel, seg\u00fan un estudio publicado hoy por la revista \"Journal of Investigative Dermatology\", integrada en \"Nature\".\n\nEl estudio realizado por un equipo de investigadores australianos de diferentes instituciones revel\u00f3 que ambos medicamentos, del grupo de los f\u00e1rmacos antiinflamatorios sin esteroides, pueden reducir las posibilidades de sufrir c\u00e1ncer de piel hasta en un 18 %, especialmente en personas con antecedentes.\n\nEl equipo de expertos, liderado por la profesora de la universidad de Manchester (Reino Unido) Ad\u00e8le C. Green, se bas\u00f3 en el an\u00e1lisis de nueve casos, estableciendo la relaci\u00f3n entre el uso de dichos medicamentos y el riesgo de padecer c\u00e1ncer de piel.\n\nPese a la conexi\u00f3n, el equipo advierte de que todav\u00eda no se han precisado los efectos secundarios que estos medicamentos pueden provocar si se utilizan para combatir el c\u00e1ncer de piel.\n\nLos investigadores se\u00f1alan en el informe que los resultados deben ser corroborados con otros estudios, pues hay factores que no se han podido establecer con exactitud, como las horas de exposici\u00f3n al sol o las dosis de medicamentos tomados por los pacientes.\n\nUna de las razones que podr\u00eda facilitar que el ibuprofeno y la aspirina prevengan el c\u00e1ncer de piel es que reprimen una enzima llamada \"COX-2\", relacionada con el desarrollo de tumores, sostienen los expertos.\n\nEn cualquier caso, puntualizan que la mejor forma de prevenir el c\u00e1ncer de piel es evitar la exposici\u00f3n directa a los rayos del sol durante horas, as\u00ed como utilizar crema protectora contra \u00e9stos.",
                    "date": "2014-12-19",
                    "eventUri": "2066180",
                    "id": "28734114",
                    "isDuplicate": false,
                    "lang": "spa",
                    "sim": 0.9673,
                    "source": {
                        "title": "La Razon",
                        "uri": "www.la-razon.com"
                    },
                    "time": "15:19:00",
                    "title": "La aspirina y el ibuprofeno pueden reducir el riesgo de c\u00e1ncer de piel",
                    "uri": "235598750",
                    "url": "http://www.la-razon.com/sociedad/asi_va_la_vida/aspirina-ibuprofeno-reducir-riesgo-cancer_0_2183181725.html",
                    "wgt": 1
                },
                {
                    "body": "La ingesta regular de aspirina e ibuprofeno podr\u00eda reducir el riesgo de padecer algunos tipos de c\u00e1ncer de piel, seg\u00fan un estudio publicado hoy por la revista \"Journal of Investigative Dermatology\", integrada en \"Nature\".\n\nEl estudio realizado por un equipo de investigadores australianos de diferentes instituciones revel\u00f3 que ambos medicamentos, del grupo de los f\u00e1rmacos antiinflamatorios sin esteroides, pueden reducir las posibilidades de sufrir c\u00e1ncer de piel hasta en un 18 %, especialmente en personas con antecedentes.\n\nEl equipo de expertos, liderado por la profesora de la universidad de Manchester (Reino Unido) Ad\u00e8le C. Green, se bas\u00f3 en el an\u00e1lisis de nueve casos, estableciendo la relaci\u00f3n entre el uso de dichos medicamentos y el riesgo de padecer c\u00e1ncer de piel.\n\nPese a la conexi\u00f3n, el equipo advierte de que todav\u00eda no se han precisado los efectos secundarios que estos medicamentos pueden provocar si se utilizan para combatir el c\u00e1ncer de piel.\n\nLos investigadores se\u00f1alan en el informe que los resultados deben ser corroborados con otros estudios, pues hay factores que no se han podido establecer con exactitud, como las horas de exposici\u00f3n al sol o las dosis de medicamentos tomados por los pacientes.\n\nUna de las razones que podr\u00eda facilitar que el ibuprofeno y la aspirina prevengan el c\u00e1ncer de piel es que reprimen una enzima llamada \"COX-2\", relacionada con el desarrollo de tumores, sostienen los expertos.",
                    "date": "2014-12-19",
                    "eventUri": "2066180",
                    "id": "28727567",
                    "isDuplicate": false,
                    "lang": "spa",
                    "sim": 0.9657,
                    "source": {
                        "title": "www.elsiglo.net.ve",
                        "uri": "www.elsiglo.net.ve"
                    },
                    "time": "13:52:00",
                    "title": "La aspirina y el ibuprofeno pueden reducir el riesgo de c\u00e1ncer de piel",
                    "uri": "235582076",
                    "url": "http://www.elsiglo.net.ve//modules.php?name=News&file=article&sid=95429",
                    "wgt": 1
                },
                {
                    "body": "El estudio realizado por un equipo de investigadores australianos de diferentes instituciones revel\u00f3 que ambos medicamentos, del grupo de los f\u00e1rmacos antiinflamatorios sin esteroides, pueden reducir las posibilidades de sufrir c\u00e1ncer de piel hasta en un 18%, especialmente en personas con antecedentes.\n\nEl equipo de expertos, liderado por la profesora de la universidad de Manchester (Reino Unido) Ad\u00e8le C. Green, se bas\u00f3 en el an\u00e1lisis de nueve casos, estableciendo la relaci\u00f3n entre el uso de dichos medicamentos y el riesgo de padecer c\u00e1ncer de piel.\n\nPese a la conexi\u00f3n, el equipo advierte de que todav\u00eda no se han precisado los efectos secundarios que estos medicamentos pueden provocar si se utilizan para combatir el c\u00e1ncer de piel.\n\nLos investigadores se\u00f1alan en el informe que los resultados deben ser corroborados con otros estudios, pues hay factores que no se han podido establecer con exactitud, como las horas de exposici\u00f3n al sol o las dosis de medicamentos tomados por los pacientes.\n\nUna de las razones que podr\u00eda facilitar que el ibuprofeno y la aspirina prevengan el c\u00e1ncer de piel es que reprimen una enzima llamada \"COX-2\", relacionada con el desarrollo de tumores, sostienen los expertos.\n\nEn cualquier caso, puntualizan que la mejor forma de prevenir el c\u00e1ncer de piel es evitar la exposici\u00f3n directa a los rayos del sol durante horas, as\u00ed como utilizar crema protectora contra \u00e9stos.",
                    "date": "2014-12-19",
                    "eventUri": "2066180",
                    "id": "28747098",
                    "isDuplicate": false,
                    "lang": "spa",
                    "sim": 0.939,
                    "source": {
                        "title": "El Universal",
                        "uri": "www.eluniversal.com.mx"
                    },
                    "time": "16:53:00",
                    "title": "Aspirina e ibuprofeno pueden reducir el riesgo de c\u00e1ncer de piel - El Universal",
                    "uri": "235629832",
                    "url": "http://www.eluniversal.com.mx/ciencia/2014/aspirina-ibuprofeno-cancer-99098.html",
                    "wgt": 1
                },
                {
                    "body": "El estudio realizado por un equipo de investigadores australianos de diferentes instituciones revel\u00f3 que ambos medicamentos, del grupo de los f\u00e1rmacos antiinflamatorios sin esteroides, pueden reducir las posibilidades de sufrir c\u00e1ncer de piel hasta en un 18 %, especialmente en personas con antecedentes.\n\nEl equipo de expertos, liderado por la profesora de la universidad de Manchester (Reino Unido) Ad\u00e8le C. Green, se bas\u00f3 en el an\u00e1lisis de nueve casos, estableciendo la relaci\u00f3n entre el uso de dichos medicamentos y el riesgo de padecer c\u00e1ncer de piel.\n\nPese a la conexi\u00f3n, el equipo advierte de que todav\u00eda no se han precisado los efectos secundarios que estos medicamentos pueden provocar si se utilizan para combatir el c\u00e1ncer de piel.\n\nLos investigadores se\u00f1alan en el informe que los resultados deben ser corroborados con otros estudios, pues hay factores que no se han podido establecer con exactitud, como las horas de exposici\u00f3n al sol o las dosis de medicamentos tomados por los pacientes.\n\nUna de las razones que podr\u00eda facilitar que el ibuprofeno y la aspirina prevengan el c\u00e1ncer de piel es que reprimen una enzima llamada COX-2, relacionada con el desarrollo de tumores, sostienen los expertos.\n\nEn cualquier caso, puntualizan que la mejor forma de prevenir el c\u00e1ncer de piel es evitar la exposici\u00f3n directa a los rayos del sol durante horas, as\u00ed como utilizar crema protectora contra \u00e9stos.",
                    "date": "2014-12-19",
                    "eventUri": "2066180",
                    "id": "28770092",
                    "isDuplicate": false,
                    "lang": "spa",
                    "sim": 0.939,
                    "source": {
                        "title": "El Comercio",
                        "uri": "www.elcomercio.com"
                    },
                    "time": "21:42:00",
                    "title": "La aspirina y el ibuprofeno pueden reducir el riesgo de c\u00e1ncer de piel",
                    "uri": "235684556",
                    "url": "http://www.elcomercio.com/tendencias/aspirina-ibuprofeno-cancerdepiel-sol-nature.html",
                    "wgt": 1
                },
                {
                    "body": "Londres - La ingesta regular de aspirina e ibuprofeno podr\u00c3\u00ada reducir el riesgo de padecer algunos tipos de c\u00c3\u00a1ncer de piel, seg\u00c3\u00ban un estudio publicado hoy por la revista \"Journal of Investigative Dermatology\", integrada en \"Nature\".\n\nEl estudio realizado por un equipo de investigadores australianos de diferentes instituciones revel\u00c3\u00b3 que ambos medicamentos, del grupo de los f\u00c3\u00a1rmacos antiinflamatorios sin esteroides, pueden reducir las posibilidades de sufrir c\u00c3\u00a1ncer de piel hasta en un 18%, especialmente en personas con antecedentes.\n\nEl equipo de expertos, liderado por la profesora de la universidad de Manchester (Reino Unido) Adle C. Green, se bas\u00c3\u00b3 en el an\u00c3\u00a1lisis de nueve casos, estableciendo la relaci\u00c3\u00b3n entre el uso de dichos medicamentos y el riesgo de padecer c\u00c3\u00a1ncer de piel.\n\nPese a la conexi\u00c3\u00b3n, el equipo advierte de que todav\u00c3\u00ada no se han precisado los efectos secundarios que estos medicamentos pueden provocar si se utilizan para combatir el c\u00c3\u00a1ncer de piel.\n\nLos investigadores se\u00c3\u00b1alan en el informe que los resultados deben ser corroborados con otros estudios, pues hay factores que no se han podido establecer con exactitud, como las horas de exposici\u00c3\u00b3n al sol o las dosis de medicamentos tomados por los pacientes.\n\nUna de las razones que podr\u00c3\u00ada facilitar que el ibuprofeno y la aspirina prevengan el c\u00c3\u00a1ncer de piel es que reprimen una enzima llamada \"COX-2\", relacionada con el desarrollo de tumores, sostienen los expertos.\n\nEn cualquier caso, puntualizan que la mejor forma de prevenir el c\u00c3\u00a1ncer de piel es evitar la exposici\u00c3\u00b3n directa a los rayos del sol durante horas, as\u00c3\u00ad como utilizar crema protectora contra \u00c3\u00a9stos.",
                    "date": "2014-12-19",
                    "eventUri": "2066180",
                    "id": "28734904",
                    "isDuplicate": false,
                    "lang": "spa",
                    "sim": 0.8746,
                    "source": {
                        "title": "El Nuevo Dia",
                        "uri": "www.elnuevodia.com"
                    },
                    "time": "15:28:00",
                    "title": "Medicamentos que pueden reducir el riesgo de c\u00e1ncer",
                    "uri": "235600736",
                    "url": "http://www.elnuevodia.com/medicamentosquepuedenreducirelriesgodecancer-1913526.html",
                    "wgt": 1
                },
                {
                    "body": "Londres - La ingesta regular de aspirina e ibuprofeno podr\u00c3\u00ada reducir el riesgo de padecer algunos tipos de c\u00c3\u00a1ncer de piel, seg\u00c3\u00ban un estudio publicado hoy por la revista \"Journal of Investigative Dermatology\", integrada en \"Nature\".\n\nEl estudio realizado por un equipo de investigadores australianos de diferentes instituciones revel\u00c3\u00b3 que ambos medicamentos, del grupo de los f\u00c3\u00a1rmacos antiinflamatorios sin esteroides, pueden reducir las posibilidades de sufrir c\u00c3\u00a1ncer de piel hasta en un 18 %, especialmente en personas con antecedentes.\n\nEl equipo de expertos, liderado por la profesora de la universidad de Manchester (Reino Unido) Adle C. Green, se bas\u00c3\u00b3 en el an\u00c3\u00a1lisis de nueve casos, estableciendo la relaci\u00c3\u00b3n entre el uso de dichos medicamentos y el riesgo de padecer c\u00c3\u00a1ncer de piel.\n\nPese a la conexi\u00c3\u00b3n, el equipo advierte de que todav\u00c3\u00ada no se han precisado los efectos secundarios que estos medicamentos pueden provocar si se utilizan para combatir el c\u00c3\u00a1ncer de piel.\n\nLos investigadores se\u00c3\u00b1alan en el informe que los resultados deben ser corroborados con otros estudios, pues hay factores que no se han podido establecer con exactitud, como las horas de exposici\u00c3\u00b3n al sol o las dosis de medicamentos tomados por los pacientes.\n\nUna de las razones que podr\u00c3\u00ada facilitar que el ibuprofeno y la aspirina prevengan el c\u00c3\u00a1ncer de piel es que reprimen una enzima llamada \"COX-2\", relacionada con el desarrollo de tumores, sostienen los expertos.\n\nEn cualquier caso, puntualizan que la mejor forma de prevenir el c\u00c3\u00a1ncer de piel es evitar la exposici\u00c3\u00b3n directa a los rayos del sol durante horas, as\u00c3\u00ad como utilizar crema protectora contra \u00c3\u00a9stos.",
                    "date": "2014-12-21",
                    "eventUri": "2066180",
                    "id": "28882442",
                    "isDuplicate": false,
                    "lang": "spa",
                    "sim": 0.8746,
                    "source": {
                        "title": "Primera Hora",
                        "uri": "www.primerahora.com"
                    },
                    "time": "16:17:00",
                    "title": "La aspirina y el ibuprofeno pueden reducir el riesgo de c\u00e1ncer de piel",
                    "uri": "235986282",
                    "url": "http://www.primerahora.com/estilos-de-vida/salud/nota/laaspirinayelibuprofenopuedenreducirelriesgodecancerdepiel-1054759/",
                    "wgt": 1
                },
                {
                    "body": "La ingesta regular de aspirina e ibuprofeno podr\u00eda reducir el riesgo de padecer algunos tipos de c\u00e1ncer de piel, seg\u00fan un estudio publicado por la revista \"Journal of Investigative Dermatology\", integrada en \"Nature\".\n\nEl estudio realizado por un equipo de investigadores australianos de diferentes instituciones revel\u00f3 que ambos medicamentos, del grupo de los f\u00e1rmacos antiinflamatorios sin esteroides, pueden reducir las posibilidades de sufrir c\u00e1ncer de piel hasta en un 18 por ciento, especialmente en personas con antecedentes.\n\nEl equipo de expertos, liderado por la profesora de la universidad de Manchester (Reino Unido) Ad\u00e8le C. Green, se bas\u00f3 en el an\u00e1lisis de nueve casos, estableciendo la relaci\u00f3n entre el uso de dichos medicamentos y el riesgo de padecer c\u00e1ncer de piel.",
                    "date": "2014-12-20",
                    "eventUri": "2066180",
                    "id": "28798534",
                    "isDuplicate": false,
                    "lang": "spa",
                    "sim": 0.8191,
                    "source": {
                        "title": "Tiempos",
                        "uri": "www.lostiempos.com"
                    },
                    "time": "06:49:00",
                    "title": "La aspirina y el ibuprofeno bajan riesgo de c\u00e1ncer - Los Tiempos",
                    "uri": "235753804",
                    "url": "http://www.lostiempos.com/diario/actualidad/vida-y-futuro/20141219/la-aspirina-y-el-ibuprofeno-bajan-riesgo-de-cancer_284930_627837.html",
                    "wgt": 1
                },
                {
                    "body": "La hip\u00f3tesis de los responsables del estudio es que el f\u00e1rmaco reprime una enzima llamada COX-2, relacionada con el desarrollo de tumores.\n\nLa ingesta regular de aspirina e ibuprofeno pueden reducir el riesgo de padecer algunos tipos de c\u00e1ncer de piel, seg\u00fan un estudio publicado por la revista Journal of Investigative Dermatology, integrada en Nature.\n\nEl estudio realizado por un equipo de investigadores australianos de diferentes instituciones revel\u00f3 que ambos medicamentos, del grupo de los f\u00e1rmacos antiinflamatorios sin esteroides, pueden reducir las posibilidades de sufrir c\u00e1ncer de piel hasta 18 por ciento, especialmente en personas con antecedentes.\n\nEl equipo de expertos, liderado por la profesora de la universidad de Manchester, Reino Unido, Adele C. Green, se bas\u00f3 en el an\u00e1lisis de nueve casos, estableciendo la relaci\u00f3n entre el uso de dichos medicamentos y el riesgo de padecer c\u00e1ncer de piel.\n\nPese a la conexi\u00f3n, el equipo advirti\u00f3 que todav\u00eda no se han precisado los efectos secundarios que estos medicamentos pueden provocar si se utilizan para combatir el c\u00e1ncer de piel.\n\nLos investigadores se\u00f1alaron en el informe que los resultados deben ser corroborados con otros estudios, pues hay factores que no se han podido establecer con exactitud, como las horas de exposici\u00f3n al sol o las dosis de medicamentos tomados por los pacientes.\n\nUna de las razones que podr\u00eda facilitar que el ibuprofeno y la aspirina prevengan el c\u00e1ncer de piel es que reprimen una enzima llamada COX-2, la cual est\u00e1 relacionada con el desarrollo de tumores, sostuvieron los expertos de acuerdo a su investigaci\u00f3n.\n\nEn cualquier caso, puntualizaron que la mejor forma de prevenir el c\u00e1ncer de piel es evitar la exposici\u00f3n directa a los rayos del sol durante horas, as\u00ed como utilizar crema protectora contra \u00e9stos.\n\nOtras propiedades\n\nLa investigaci\u00f3n realizada por cient\u00edficos australianos reafirma los estudios presentados, desde hace dos a\u00f1os, en donde se dio a conocer que la aspirina ten\u00eda propiedades contra el c\u00e1ncer.\n\nSeg\u00fan un art\u00edculo de El Mundo, publicado el 30 de mayo de 2012 (http://www.elmundo.es/elmundosalud/2012/05/30/pielsana/1338374420.html), una investigaci\u00f3n danesa demostr\u00f3 que el \u00e1cido acetilsalic\u00edlico previene algunos tumores de piel.\n\nSe explic\u00f3 que en la investigaci\u00f3n realizada en el Hospital Universitario de Aarhus, Dinamarca, se emple\u00f3 una amplia base de datos poblacional para evaluar los efectos causados por varios antiinflamatorios no esteroideos como la aspirina y el ibuprofeno, en la incidencia de dicho mal.\n\nSeg\u00fan las conclusiones, las personas que tomaron m\u00e1s esos analg\u00e9sicos, por un largo tiempo, estaban m\u00e1s protegidas frente a un diagn\u00f3stico de carcinoma basal (el m\u00e1s habitual y el m\u00e1s benigno), carcinoma escamoso o el agresivo melanoma (el m\u00e1s mort\u00edfero).\n\nEn este estudio se determin\u00f3 que las personas que tomaron m\u00e1s antiinflamatorios mostraban una reducci\u00f3n de hasta15 por ciento en la incidencia de carcinomas escamosos. Mientras tanto, en el caso del melanoma fue de 13 por ciento.\n\nPreliminares\n\nSeg\u00fan la informaci\u00f3n publicada por El Mundo, los responsables de la investigaci\u00f3n consideraron estos estudios como preliminares y admitieron que en dichos estudios faltan datos clave para que sus conclusiones puedan ser definitivas, ya que no dispon\u00eda de algunos datos, como son la exposici\u00f3n al sol u otros factores de riesgo, pero destacaron que eran una nueva puerta a investigar sobre el papel antitumoral de la aspirina\n\nAdem\u00e1s de dichos beneficios, a la aspirina tambi\u00e9n se han adjudicado otras propiedades como son un efecto protector frente al c\u00e1ncer de colon y sus beneficios para evitar los paros cardiacos.\n\n[D\u00e9 clic sobre la imagen para ampliar]",
                    "date": "2014-12-20",
                    "eventUri": "2066180",
                    "id": "28860328",
                    "isDuplicate": false,
                    "lang": "spa",
                    "sim": 0.8082,
                    "source": {
                        "title": "Milenio",
                        "uri": "www.milenio.com"
                    },
                    "time": "09:16:00",
                    "title": "Aspirina reduce 18% el riesgo de padecer c\u00e1ncer de piel - Milenio.com",
                    "uri": "235923475",
                    "url": "http://www.milenio.com/cultura/Aspirina-reduce-riesgo-padecer-cancer_0_430756942.html",
                    "wgt": 1
                },
                {
                    "body": "(Reuters) - Una aspirina cada dos d\u00edas no proporciona un beneficio neto cuando se indica para la prevenci\u00f3n primaria de la enfermedad cardiovascular (ECV) o el c\u00e1ncer en las mujeres de 65 a\u00f1os o menos, seg\u00fan revela un nuevo an\u00e1lisis de los datos de la iniciativa Women's Health Study (WHS, por su sigla en ingl\u00e9s).\n\n\"Se podr\u00eda pensar en utilizar la aspirina en las mayores de 65\", dijo uno de los autores, doctor Frank Visseren, del Centro M\u00e9dico de la Universidad de Utrecht, Pa\u00edses Bajos. Pero agreg\u00f3 que la decisi\u00f3n debe ser personal y despu\u00e9s de conversar con la paciente.\n\nEn Heart, el equipo de Visseren publica que el uso diario de una aspirina reduce el riesgo de desarrollar c\u00e1ncer, en especial, colorrectal (CCR).\n\nPero su papel en la prevenci\u00f3n primaria a\u00fan no est\u00e1 definido, dado que el riesgo de sangrado puede superar los beneficios asociados con el riesgo de desarrollar c\u00e1ncer o ECV.\n\nEl equipo analiz\u00f3 los datos de 27.939 participantes del estudio WHS que, al azar, hab\u00edan tomado 100 mg de aspirina cada dos d\u00edas o un placebo.\n\nDesarroll\u00f3 modelos de riesgos de subdistribuci\u00f3n proporcional para la ECV, el CCR invasivo, el CCR no invasivo y la hemorragia gastrointestinal (con internaci\u00f3n). Los modelos evaluaron el efecto terap\u00e9utico a 10 y 15 a\u00f1os.\n\nEn los 10 a\u00f1os de seguimiento, a 604 mujeres se les diagnostic\u00f3 ECV; a 168 CCR; a 1.832 otros c\u00e1nceres y a 302 sangrado GI grave.\n\nEn los 7,2 a\u00f1os posteriores al seguimiento, surgieron 107 casos m\u00e1s de CCR y 1.388 casos de otros c\u00e1nceres.\n\nEl riesgo promedio a 15 a\u00f1os era del 1,5 por ciento para la ECV, del 0,5 por ciento para el CCR, del 8,7 por ciento para otros c\u00e1nceres y del 0,8 por ciento para el sangrado GI grave.\n\nLa reducci\u00f3n del riesgo absoluto (RRA) a 15 a\u00f1os asociado con el uso de la aspirina era del 0,27 por ciento para la ECV y del 0,14 por ciento para el CCR.\n\nNo hubo relaci\u00f3n entre el consumo de aspirina y el riesgo de desarrollar otros c\u00e1nceres, mientras que la aspirina registr\u00f3 un aumento del riesgo absoluto de sangrado GI del 0,75 por ciento.\n\nLa RRA anticipada revel\u00f3 que dos tercios de las mujeres desarrollar\u00edan un efecto terap\u00e9utico negativo. La estrategia m\u00e1s favorable era tratar a todas las mujeres de 65 a\u00f1os o m\u00e1s, si la cantidad a tratar para prevenir un caso era m\u00e1s de 32.\n\nVisseren insisti\u00f3 en que la aspirina es efectiva para la prevenci\u00f3n primaria en las mujeres de 65 a\u00f1os o m\u00e1s y si su uso es diario y no cada dos d\u00edas.\n\nEl equipo ya hab\u00eda realizado an\u00e1lisis similares de terapias para controlar los l\u00edpidos y la hipertensi\u00f3n con la idea de poder identificar la probabilidad que tiene cada paciente de beneficiarse o no con el tratamiento.\n\nCon esos resultados, el autor dijo que los m\u00e9dicos pueden hablar con sus pacientes sobre el beneficio esperado y compartir la toma de la decisi\u00f3n.\n\nAhora, el equipo est\u00e1 desarrollando un modelo que permitir\u00e1 calcular el beneficio individual de un determinado tratamiento con \"n\u00fameros simples\", como la edad, el g\u00e9nero, la diabetes, la hipertensi\u00f3n y los niveles de l\u00edpidos, entre otros.\n\n\"Un tratamiento act\u00faa distinto en cada paciente y ahora les estamos dando el mismo tratamiento a todos los pacientes. Eso es muy antiguo\", finaliz\u00f3 Visseren.",
                    "date": "2014-12-21",
                    "eventUri": "2066180",
                    "id": "28868290",
                    "isDuplicate": false,
                    "lang": "spa",
                    "sim": 0.2923,
                    "source": {
                        "title": "El Economista",
                        "uri": "www.eleconomista.es"
                    },
                    "time": "11:19:00",
                    "title": "La aspirina no proporciona beneficios preventivos en las mujeres antes de los 65 a\u00f1os",
                    "uri": "235947501",
                    "url": "http://www.eleconomista.es/cultura/noticias/6344449/12/14/La-aspirina-no-proporciona-beneficios-preventivos-en-las-mujeres-antes-de-los-65-anos.html",
                    "wgt": 1
                }
            ]
        },
        "info": {
            "articleCount": 13,
            "averageDate": "2014-12-20",
            "avgCos": 0.6205,
            "categories": [],
            "customDate": false,
            "customLocation": false,
            "eventUri": "2066180",
            "extractedDate": "",
            "extractedDateEnd": "",
            "id": "2066180",
            "lang": "spa",
            "storyDate": "2014-12-20",
            "storyDateEnd": "",
            "uri": "spa-63A553DD-A2F8-411E-9FB6-620DC17635E3-475",
            "variance": 0.115
        }
    }
}