{
    "b738a3b7-2db3-4d38-88c8-76c4eb4f835b-124203": {
        "articles": {
            "resultCount": 24,
            "results": [
                {
                    "body": "Der spanische K\u00f6nig Juan Carlos dankt nach fast 40 Jahren auf dem Thron ab. Prinz Felipe ( 46 ) werde sein Nachfolger, teilte Ministerpr\u00e4sident Mariano Rajoy am Montag \u00fcberraschend mit. Die Verfassung werde ge\u00e4ndert, um den R\u00fccktritt des K\u00f6nigs zu erm\u00f6glichen. \"Ich bin \u00fcberzeugt, dass dies der beste Zeitpunkt f\u00fcr einen Wandel ist\", erkl\u00e4rte Rajoy. Juan Carlos habe pers\u00f6nliche Gr\u00fcnde angegeben. \"Seine Majest\u00e4t, K\u00f6nig Juan Carlos, hat mich gerade \u00fcber seinen Wunsch informiert, auf den Thron zu verzichten und das Verfahren f\u00fcr die Thronfolge einzuleiten\", sagte Rajoy. Der K\u00f6nig will sich demnach im Laufe des Vormittags auch noch \"pers\u00f6nlich\" an die Spanier wenden. 76-j\u00e4hrige Monarch hat seit langem gesundheitliche Probleme. Die Entscheidung des K\u00f6nigs traf die Spanier dennoch v\u00f6llig \u00fcberraschend. Der Monarch hatte eine Abdankung bislang strikt ausgeschlossen. Damit eine Abdankung wirksam und der Thronfolger zum neuen K\u00f6nig gekr\u00f6nt werden kann, muss allerdings noch eine Nachfolge-Regelung vom Parlament verabschiedet werden. Eine Abdankung des Monarchen ist im spanischen Rechtssystem bislang nicht vorgesehen. In der Verfassung wird dazu auf ein gesondertes Gesetz verwiesen, das aber bisher nicht verabschiedet wurde. Hierzu berief Rajoy f\u00fcr Dienstag eine au\u00dferordentliche Kabinettssitzung ein. Damit der K\u00f6nig abdanken kann, m\u00fcsse ein eigenes Gesetz verabschiedet werden, sagte der Ministerpr\u00e4sident. Er hoffe, dass das Parlament dann schon nach \"sehr kurzer Zeit\" der Ernennung von K\u00f6nig Felipe zustimmen k\u00f6nne. Der 76-J\u00e4hrige genoss \u00fcber Jahrzehnte ein hohes Ansehen in der Bev\u00f6lkerung. Beim friedlichen \u00dcbergang von der Diktatur unter Francisco Franco zur Demokratie in den 70er Jahren spielte er eine entscheidende Rolle. Wegen einer Reihe von Korruptionsskandalen, darunter der Finanzskandal um Prinzessin Cristina, und anderer Fehltritte ist das Ansehen des K\u00f6nigshaus zuletzt aber gesunken. Nicht zuletzt geriet aber auch der Monarch selbst in die Kritik. Die Aff\u00e4ren um seine Geliebte, die deutsche Corinna zu Sayn-Wittgenstein besch\u00e4digten sein Ansehen in der \u00d6ffentlichkeit. 2012 unternahm der Monarch einen Jagdausflug nach Botswana - w\u00e4hrend sein Volk 2012 mitten in einer gro\u00dfen Wirtschaftskrise steckte. Daraufhin sprachen sich in einer Umfrage zwei Drittel der Spanier daf\u00fcr aus, dass Juan Carlos als K\u00f6nig abdanken sollte. Rajoy w\u00fcrdigte den Beitrag Juan Carlos' f\u00fcr die Demokratie in Spanien. \"Er ist das beste Symbol unseres Zusammenlebens in Frieden und Freiheit. \" Der K\u00f6nig sei nach dem Ende der Franco-Diktatur ( 1939-1975 ) der wichtigste demokratische Antreiber gewesen und habe die junge Demokratie auch bei dem gescheiterten Putschversuch rechter Milit\u00e4rs im Februar 1981 verteidigt. Der spanische K\u00f6nig Juan Carlos ( 76 ) wurde von Diktator Francisco Franco eingesetzt und f\u00fchrte sein Land in die Demokratie. Als er im November 1975 nach Francos Tod zum K\u00f6nig gekr\u00f6nt wurde, dachte er nicht daran, das Regime des \"Caudillo\" ( F\u00fchrer ) fortzuf\u00fchren. Der junge Monarch ebnete den Weg zu einem demokratischen System. Juan Carlos wurde am 5. Januar 1938 im Exil in Rom geboren. Seine Kindheit verbrachte er in Italien, Portugal und der Schweiz. 1962 heiratete er Prinzessin Sof\u00eda von Griechenland. Mit K\u00f6nigin Sof\u00eda ( 75 ) hat er drei Kinder: Infantin Elena ( 50 ), Infantin Cristina ( 48 ) und Thronfolger Felipe ( 46 ). Seine herzliche und offene Art brachten dem passionierten Segler, J\u00e4ger und Freund des Stierkampfes die Sympathien seiner Landsleute ein. In Umfragen war der Monarch lange im H\u00f6henflug - ein Jagdausflug nach Botsuana l\u00f6ste bei den unter Krise und Arbeitslosigkeit leidenden Spaniern aber 2012 Emp\u00f6rung aus. Er war nur deshalb publik geworden, weil Juan Carlos sich bei einem Sturz eine H\u00fcfte gebrochen hatte. Die Presse \u00fcbte ungew\u00f6hnlich scharfe Kritik am Monarchen und berichtete erstmals ausf\u00fchrlich \u00fcber angebliche Eheprobleme des K\u00f6nigspaars. Einige Politiker legten Juan Carlos eine Abdankung nahe. In einer Geste, die in der Geschichte der spanischen Monarchie ohne Beispiel war, entschuldigte sich der K\u00f6nig \u00f6ffentlich und gelobte Besserung. \u00dcber sein Amt sagte Juan Carlos einmal: \"Hier musst Du Dir den Thron Tag f\u00fcr Tag aufs Neue verdienen. Wenn das Volk gegen Dich ist, kannst Du einpacken. \" Spaniens Kronprinz Felipe ist nach \u00dcberzeugung der Regierung bestens vorbereitet, nach der Abdankung seines Vaters Juan Carlos den Thron zu besteigen. \"Er ist eine solide Garantie daf\u00fcr, dass er bei der Aus\u00fcbung seines Amts als Staatschef die Erwartungen erf\u00fcllen wird\", sagte Ministerpr\u00e4sident Mariano Rajoy am Montag in Madrid. \"Davon bin ich fest \u00fcberzeugt. \" Felipe sei gut ausgebildet, habe eine gro\u00dfe Erfahrung in \u00f6ffentlichen Angelegenheiten und sei auch vom Charakter her bestens f\u00fcr die Aufgabe vorbereitet. Der 46 Jahre alte Kronprinz wird k\u00fcnftig als Felipe VI. regieren. Er hat in Madrid Jura studiert und in den USA einen Master in Internationalen Beziehungen gemacht. Zudem ist er Offizier des Heeres, der Luftwaffe und der Marine. ( dpa/afp/rtr/fr )",
                    "date": "2014-06-02",
                    "eventUri": "813724",
                    "id": "13044643",
                    "isDuplicate": false,
                    "lang": "deu",
                    "sim": 0.8237,
                    "source": {
                        "title": "www.fr-online.de",
                        "uri": "www.fr-online.de"
                    },
                    "time": "08:44:00",
                    "title": "Spanien K\u00f6nig - Spaniens K\u00f6nig Juan Carlos dankt ab",
                    "uri": "187980674",
                    "url": "http://www.fr-online.de/leute/spanien-koenig-spaniens-koenig-juan-carlos-dankt-ab%2C9548600%2C27322206.html",
                    "wgt": 1
                },
                {
                    "body": "Der spanische K\u00f6nig Juan Carlos dankt nach fast 40 Jahren auf dem Thron ab. Der 76-j\u00e4hrige Monarch teilte seinen Entschluss Ministerpr\u00e4sident Mariano Rajoy mit. In einer \"institutionellen Erkl\u00e4rung\" gab der Regierungschef am Montag bekannt, dass der K\u00f6nig das spanische Volk \u00fcber die Gr\u00fcnde seiner Entscheidung pers\u00f6nlich informieren werde. Kronprinz Felipe soll neuer K\u00f6nig werden. Die Verfassung werde ge\u00e4ndert, um den R\u00fccktritt des K\u00f6nigs zu erm\u00f6glichen. \"Seine Majest\u00e4t, K\u00f6nig Juan Carlos, hat mich gerade \u00fcber seinen Wunsch informiert, auf den Thron zu verzichten und das Verfahren f\u00fcr die Thronfolge einzuleiten\", sagte Rajoy. Juan Carlos wird seit Monaten von gesundheitlichen Problemen geplagt. Dennoch traf die Entscheidung Spanien v\u00f6llig \u00fcberraschend - eine Abdankung hatte der K\u00f6nig bislang strikt ausgeschlossen. Der 76-J\u00e4hrige genoss \u00fcber Jahrzehnte ein hohes Ansehen in der Bev\u00f6lkerung. Beim friedlichen \u00dcbergang von der Diktatur unter Francisco Franco zur Demokratie in den 70er Jahren spielte er eine entscheidende Rolle. Wegen einer Reihe von Korruptionsskandalen und anderer Fehltritte ist das Ansehen des K\u00f6nigshaus zuletzt aber gesunken. In einer Umfrage sprachen sich zwei Drittel der Spanier daf\u00fcr aus, dass Juan Carlos als K\u00f6nig abdanken sollte.",
                    "date": "2014-06-02",
                    "eventUri": "813724",
                    "id": "13039795",
                    "isDuplicate": false,
                    "lang": "deu",
                    "sim": 0.8216,
                    "source": {
                        "title": "T-online.de",
                        "uri": "www.t-online.de"
                    },
                    "time": "08:59:00",
                    "title": "Spanischer K\u00f6nig Juan Carlos dankt ab",
                    "uri": "187962639",
                    "url": "http://www.t-online.de/unterhaltung/stars/royals/id_69679240/spanischer-koenig-juan-carlos-dankt-ab.html",
                    "wgt": 1
                },
                {
                    "body": "Der spanische K\u00f6nig Juan Carlos dankt \u00fcberraschend nach 39 Jahren auf dem Thron zugunsten seines Sohnes Felipe ab. Das teilte Regierungschef Mariano Rajoy am Montagvormittag in der Hauptstadt Madrid mit. \"Seine Majest\u00e4t K\u00f6nig Juan Carlos hat mich gerade \u00fcber seinen Wunsch informiert, auf den Thron zu verzichten und das Verfahren f\u00fcr die Thronfolge einzuleiten\", sagte Rajoy. \"Ich bin \u00fcberzeugt, dass dies der beste Zeitpunkt f\u00fcr einen Wandel ist\", erkl\u00e4rte Rajoy. Juan Carlos habe pers\u00f6nliche Gr\u00fcnde f\u00fcr seinen Schritt angegeben. Der Regierungschef gab bekannt, dass der 76- j\u00e4hrige K\u00f6nig das spanische Volk im Laufe des Tages pers\u00f6nlich \u00fcber die Hintergr\u00fcnde seiner Entscheidung informieren werde. Rajoy berief f\u00fcr Dienstag eine au\u00dferordentliche Kabinettssitzung ein. Damit der K\u00f6nig abdanken kann, m\u00fcsse ein eigenes Gesetz verabschiedet werden, sagte der Ministerpr\u00e4sident. Eine Abdankung des Monarchen ist im spanischen Rechtssystem bisher nicht vorgesehen. In der Verfassung wird dazu auf ein gesondertes Gesetz verwiesen, das aber bisher nicht verabschiedet wurde. Er hoffe, dass das Parlament dann schon nach \"sehr kurzer Zeit\" der Ernennung von Kronprinz Felipe ( 46 ) zum K\u00f6nig zustimmen k\u00f6nne, so Rajoy. Der Premier w\u00fcrdigte Juan Carlos als einen \"unerm\u00fcdlichen Verteidiger spanischer Interessen\". Der Prozess der Abdankung werde ein Beweis f\u00fcr die Reife der spanischen Demokratie sein, sagte er. Juan Carlos hat seit Langem gesundheitliche Problem. Der 76- J\u00e4hrige genoss \u00fcber Jahrzehnte ein hohes Ansehen in der Bev\u00f6lkerung. Beim friedlichen \u00dcbergang von der Diktatur unter Francisco Franco zur Demokratie in den 70er Jahren spielte er eine entscheidende Rolle. Wegen einer Reihe von Korruptionsskandalen und anderer Fehltritte ist das Ansehen des K\u00f6nigshaus zuletzt aber gesunken. Auch gegen Juan Carlos' Tochter, Prinzessin Cristina, und deren Ehemann Inaki Urdangarin wird wegen des Verdachtes der Korruption ermittelt. In einer Umfrage sprachen sich zwei Drittel der Spanier daf\u00fcr aus, dass Juan Carlos als K\u00f6nig abdanken sollte. Die Entscheidung des K\u00f6nigs traf die Spanier dennoch v\u00f6llig \u00fcberraschend. Der Monarch hatte eine Abdankung bisher strikt ausgeschlossen. Die hohe spanische Politik wusste laut der Tageszeitung \"El Mundo\" freilich schon seit M\u00e4rz \u00fcber die Pl\u00e4ne des K\u00f6nigs unterrichtet. Demnach habe Juan Carlos nur einen \"g\u00fcnstigen Zeitpunkt\" abgewartet, um das Zepter an Felipe zu \u00fcbergeben. \"Der K\u00f6nig hat die Entscheidung, abzudanken, im J\u00e4nner getroffen, nach seinem 76. Geburtstag\", schreibt die Zeitung. Zwei Monate sp\u00e4ter seien dann Rajoy und Oppositionsf\u00fchrer Alfredo Perez Rubalcaba informiert worden. Aus dem K\u00f6nigshaus hie\u00df es, dass die Entscheidung auf kein bestimmtes Ereignis zur\u00fcckgehe. Beobachter hatten spekuliert, dass das Ergebnis der j\u00fcngsten Europawahlen, bei denen die beiden Gro\u00dfparteien ( Volkspartei und Sozialisten ) beispiellose Verluste zugunsten von linksgerichteten Protestparteien und Nationalisten hinnehmen hatten m\u00fcssen, f\u00fcr den Schritt des K\u00f6nigs verantwortlich sein k\u00f6nnten.",
                    "date": "2014-06-02",
                    "eventUri": "813724",
                    "id": "13042949",
                    "isDuplicate": false,
                    "lang": "deu",
                    "sim": 0.8153,
                    "source": {
                        "title": "krone.at",
                        "uri": "www.krone.at"
                    },
                    "time": "10:22:00",
                    "title": "K\u00f6nig Juan Carlos dankt ab, Kronprinz Felipe folgt",
                    "uri": "187974689",
                    "url": "http://www.krone.at/Nachrichten/Koenig_Juan_Carlos_dankt_ab._Kronprinz_Felipe_folgt-Nach_39_Jahren-Story-406620?utm_source=krone.at&utm_medium=RSS-Feed&utm_campaign=Nachrichten",
                    "wgt": 1
                },
                {
                    "body": "\"Seine Majest\u00e4t, K\u00f6nig Juan Carlos, hat mich gerade \u00fcber seinen Wunsch informiert, auf den Thron zu verzichten und das Verfahren f\u00fcr die Thronfolge einzuleiten\", sagte Rajoy. \"Ich bin \u00fcberzeugt, dass dies der beste Zeitpunkt f\u00fcr einen Wandel ist. \" Juan Carlos habe pers\u00f6nliche Gr\u00fcnde angegeben. Der K\u00f6nig will sich demnach im Laufe des Vormittags auch noch \"pers\u00f6nlich\" an die Spanier wenden. Rajoy berief f\u00fcr Dienstag eine ausserordentliche Kabinettssitzung ein. Damit der K\u00f6nig abdanken kann, m\u00fcsse ein eigenes Gesetz verabschiedet werden, sagte der Ministerpr\u00e4sident. Er hoffe, dass das Parlament dann schon nach \"sehr kurzer Zeit\" der Ernennung von K\u00f6nig Felipe zustimmen k\u00f6nne. Juan Carlos wird seit Monaten von gesundheitlichen Problemen geplagt. Dennoch traf die Entscheidung Spanien v\u00f6llig \u00fcberraschend - eine Abdankung hatte der K\u00f6nig bislang strikt ausgeschlossen. Der heute 76-j\u00e4hrige Monarch bestieg im November 1975 den spanischen Thron und genoss \u00fcber Jahrzehnte ein hohes Ansehen in der Bev\u00f6lkerung. Beim friedlichen \u00dcbergang von der Diktatur unter Francisco Franco zur Demokratie in den 70er Jahren spielte er eine entscheidende Rolle. Wegen einer Reihe von Korruptionsskandalen und anderer Fehltritte hat seine Popularit\u00e4t in j\u00fcngster Zeit jedoch stark gelitten. Zudem wird gegen seine Tochter, Prinzessin Cristina, und deren Ehemann Inaki Urdangarin wegen des Verdachtes der Korruption ermittelt. ( SDA )",
                    "date": "2014-06-02",
                    "eventUri": "813724",
                    "id": "13040151",
                    "isDuplicate": false,
                    "lang": "deu",
                    "sim": 0.7998,
                    "source": {
                        "title": "Blick",
                        "uri": "www.blick.ch"
                    },
                    "time": "09:20:00",
                    "title": "Spanien: Juan Carlos \u00fcbergibt Thron an Prinz Felipe",
                    "uri": "187964163",
                    "url": "http://www.blick.ch/news/ausland/spanien-koenig-juan-carlos-dankt-ab-felipe-wird-nachfolger-id2887092.html",
                    "wgt": 1
                },
                {
                    "body": "Spaniens K\u00f6nig Juan Carlos dankt nach knapp 40 Jahren \u00fcberraschend ab. \"Seine Majest\u00e4t K\u00f6nig Juan Carlos hat mich gerade \u00fcber seinen Wunsch informiert, auf den Thron zu verzichten und das Verfahren f\u00fcr die Thronfolge einzuleiten\", sagte Ministerpr\u00e4sident Mariano Rajoy. Der Monarch habe pers\u00f6nliche Gr\u00fcnde angegeben. Nachfolger solle sein Sohn, Prinz Felipe, werden, so Rajoy. Juan Carlos sei \u00fcberzeugt, dass dies \"der beste Moment\" f\u00fcr einen Wandel sei. Der K\u00f6nig wandte sich am Mittag pers\u00f6nlich an die Spanier, um ihnen die Gr\u00fcnde f\u00fcr seinen Schritt zu erl\u00e4utern. Eine neue Generation verlange \"aus gerechtem Grund die Hauptrolle\", sagte er. Sie habe es \"verdient, entschlossen an vorderster Linie die Ver\u00e4nderungen und Reformen anzugehen, die die derzeitigen Umst\u00e4nde verlangen. \" Damit Juan Carlos abtreten kann, muss die spanische Verfassung ge\u00e4ndert werden. Er hoffe, dass das Parlament schon in \"sehr kurzer Zeit\" der Ernennung des 46-j\u00e4hrigen Kronprinzen zu K\u00f6nig Felipe VI. zustimmen k\u00f6nne, erg\u00e4nzte Rajoy. Juan Carlos kam im November 1975 nach dem Tod des Diktators Francisco Franco auf den Thron. In den Jahren danach pr\u00e4gte er den \u00dcbergang des Landes von der Diktatur zur Demokratie entscheidend. Vor allem seine Rolle zur Stabilisierung des Landes nach dem vereitelten Milit\u00e4rputsch 1981 wurde ihm hoch angerechnet. Als sich die spanische Demokratie gefestigt hatte, spielte der K\u00f6nig nur noch eine weitgehend repr\u00e4sentative Rolle. Seine Popularit\u00e4t hatte im Zuge mehrerer Skandale in j\u00fcngster Zeit jedoch stark gelitten. Unter anderem wurde ihm eine Elefanten-Safari zum H\u00f6hepunkt der Finanzkrise negativ angelastet. Sein Image litt zudem unter den Ermittlungen gegen seinen Schwiegersohn, der bei \u00f6ffentlichen Auftr\u00e4gen gro\u00dfe Summen unterschlagen haben soll. Seit Monaten wird der 76-J\u00e4hrige von gesundheitlichen Problemen geplagt. Dennoch traf die Entscheidung Spanien v\u00f6llig \u00fcberraschend - eine Abdankung hatte der K\u00f6nig bislang strikt ausgeschlossen.",
                    "date": "2014-06-02",
                    "eventUri": "813724",
                    "id": "13050561",
                    "isDuplicate": false,
                    "lang": "deu",
                    "sim": 0.7984,
                    "source": {
                        "title": "tagesschau.de",
                        "uri": "www.tagesschau.de"
                    },
                    "time": "12:34:00",
                    "title": "Spaniens K\u00f6nig Juan Carlos dankt ab",
                    "uri": "187999963",
                    "url": "http://www.tagesschau.de/ausland/juan-carlos-ruecktritt100.html",
                    "wgt": 1
                },
                {
                    "body": "Ende einer \u00c4ra: Der spanische K\u00f6nig Juan Carlos dankt ab. Prinz Felipe wird die Thronfolge antreten, sagte Ministerpr\u00e4sident Mariano Rajoy. Juan Carlos I. ist seit dem 22. November 1975 K\u00f6nig von Spanien. \"Seine Majest\u00e4t, K\u00f6nig Juan Carlos, hat mir gerade mitgeteilt, dass er seinen Thron aufgeben wird\", erkl\u00e4rte der spanische Ministerpr\u00e4sident Mariano Rajoy am Montag. \"Ich bin \u00fcberzeugt, dies ist der beste Moment f\u00fcr einen Wechsel. \" Die Verfassung werde ge\u00e4ndert, um den R\u00fccktritt des K\u00f6nigs zu erm\u00f6glichen. Prinz Felipe sichert die traditionelle spanische Erbfolge, die m\u00e4nnliche Erben bevorzugt. Geboren am 30. Januar 1968 ist Felipe Thronerbe, seit sein Vater 1975 K\u00f6nig wurde. Bekannt und beliebt wurde Juan Carlos f\u00fcr die Rolle, die er w\u00e4hrend der \u00dcbergangszeit aus der Franco-Diktatur nach dem Tode Francisco Francos spielte. Er unterst\u00fctze Spanien auf dem Weg in die Demokratie. In den letzten Jahren schwand seine Popularit\u00e4t allerdings wegen einer Reihe von Skandalen. Seine Tochter, Prinzessin Cristina, und ihr Ehemann, Inaki Urdangarin, m\u00fcssen sich in einem Korruptionsfall verantworten. In einer Umfrage sprachen sich zwei Drittel der Spanier daf\u00fcr aus, dass Juan Carlos als K\u00f6nig abdanken sollte. Gesundheitliche Probleme und eine Reihe von Operationen setzten dem heute 76-j\u00e4hrige Monarchen au\u00dferdem zu.",
                    "date": "2014-06-02",
                    "eventUri": "813724",
                    "id": "13039524",
                    "isDuplicate": false,
                    "lang": "deu",
                    "sim": 0.7759,
                    "source": {
                        "title": "Hamburger Abendblatt",
                        "uri": "www.abendblatt.de"
                    },
                    "time": "09:06:00",
                    "title": "Monarchie: Spaniens K\u00f6nig Juan Carlos dankt ab",
                    "uri": "187961530",
                    "url": "http://www.abendblatt.de/politik/ausland/article128629131/Spaniens-Koenig-Juan-Carlos-dankt-ab.html",
                    "wgt": 1
                },
                {
                    "body": "Ministerpr\u00e4sident Mariano Rajoy w\u00fcrdigte den Beitrag des K\u00f6nigs zur Demokratie in Spanien. Regierungschefs und K\u00f6nigsh\u00e4user in Europa lobten die politische Rolle, die Juan Carlos nach der Franco-Diktatur eingenommen hatte. In Spanien wurden zugleich Stimmen laut, die eine Abstimmung \u00fcber die Monarchie forderten. Wann der 46 Jahre alte Felipe, der j\u00fcngste Sohn von Juan Carlos und Ehefrau Sof\u00eda, den Thron besteigt, ist noch unklar. Juan Carlos ist seit 1975 Staatsoberhaupt und leitete nach der Franco-Diktatur die Demokratie ein. Er hat seit langem gesundheitliche Probleme und musste mehrere H\u00fcftoperationen \u00fcber sich ergehen lassen. Au\u00dferdem hatten zuletzt Skandale seinem Ruf geschadet. Die Entscheidung zur Abdankung traf der K\u00f6nig Medienberichten zufolge bereits im Januar. Die Ank\u00fcndigung traf die Spanier dennoch \u00fcberraschend. Der Monarch hatte eine Abdankung bislang strikt ausgeschlossen. Sein Sohn, der mit Prinzessin Letizia ( 41 ) zwei T\u00f6chter hat, wird nun K\u00f6nig Felipe VI. Er ist nach den Worten Rajoys bestens vorbereitet f\u00fcr den Thron. Felipe hat in Madrid Jura studiert und in den USA einen Master in Internationalen Beziehungen gemacht. Er ist auch Offizier des Heeres, der Luftwaffe und der Marine. Juan Carlos sagte, Felipe habe die \"Reife, die Vorbereitung und das n\u00f6tige Verantwortungsbewusstsein, um das Amt des Staatsoberhauptes zu \u00fcbernehmen und eine neue Etappe der Hoffnung einzuleiten\". Spanien steckt immer noch in einer Wirtschaftskrise. Die konservative Regierung w\u00fcrdigte den Beitrag Juan Carlos' f\u00fcr die Demokratie in dem Land. \"Er ist das beste Symbol unseres Zusammenlebens in Frieden und Freiheit\", sagte Rajoy. Der K\u00f6nig sei nach dem Ende der Franco-Diktatur ( 1939-1975 ) der wichtigste demokratische Antreiber gewesen. Bundeskanzlerin Angela Merkel ( CDU ) hob hervor, der K\u00f6nig habe eine sehr wichtige Rolle f\u00fcr den \u00dcbergang Spaniens in eine Demokratie gespielt. Zu den deutsch-spanischen Beziehungen habe er \"einen unglaublich wichtigen Beitrag geleistet\". Damit Felipe zum neuen K\u00f6nig gekr\u00f6nt werden kann, muss noch eine Nachfolge-Regelung vom Parlament verabschiedet werden. Eine Abdankung des Monarchen ist im spanischen Rechtssystem bislang nicht vorgesehen. In der Verfassung wird dazu auf ein gesondertes Gesetz verwiesen, das aber bisher nicht verabschiedet wurde. Rajoy k\u00fcndigte eine Sondersitzung des Kabinetts an, um das gesetzgeberische Verfahren in die Wege zu leiten: \"Ich hoffe, dass das Parlament in kurzer Frist den Kronprinzen zum neuen K\u00f6nig ernennen kann. \" Juan Carlos wurde im November 1975 gekr\u00f6nt. Ihm haftete zun\u00e4chst der Ruf an, ein Z\u00f6gling des Diktators Francisco Franco zu sein, der ihn zu seinem Nachfolger als Staatschef erkoren hatte. Der Monarch f\u00fchrte jedoch die Diktatur nicht fort, sondern verzichtete auf Machtbefugnisse und gab den Ansto\u00df zu demokratischen Reformen. Das Ansehen des K\u00f6nigs hatte zuletzt aber gelitten. Ein Jagdausflug ins afrikanische Botsuana emp\u00f6rte 2012 die Spanier, die mitten in einer gro\u00dfen Wirtschaftskrise steckten. Zudem ersch\u00fctterte eine Korruptionsaff\u00e4re den Palast: K\u00f6nigstochter Cristina steht im Verdacht, in einen Finanzskandal um ihren Ehemann I\u00f1aki Urdangar\u00edn verwickelt zu sein. In Umfragen sank zuletzt die Zustimmung f\u00fcr den K\u00f6nig. Juan Carlos hat mit K\u00f6nigin Sof\u00eda ( 75 ) drei Kinder: Elena ( 50 ), Cristina ( 48 ) und Felipe. Bei der politischen Linken wurde der Ruf nach einer Volksabstimmung \u00fcber die Abschaffung der Monarchie laut. \"Die Demokratie des 21. Jahrhunderts verlangt, dass das Volk dar\u00fcber entscheidet, ob es eine Republik oder eine Monarchie will\", sagte der Europa-Abgeordnete des Parteienb\u00fcndnisses Vereinte Linke ( IU ), Willy Meyer. Auch die Jugendorganisation der oppositionellen Sozialisten sprach sich f\u00fcr eine Republik aus.",
                    "date": "2014-06-02",
                    "eventUri": "813724",
                    "id": "13054755",
                    "isDuplicate": false,
                    "lang": "deu",
                    "sim": 0.772,
                    "source": {
                        "title": "sportbuzzer.de",
                        "uri": "www.lvz-online.de"
                    },
                    "time": "13:23:00",
                    "title": "Spaniens K\u00f6nig Juan Carlos gibt den Thron auf",
                    "uri": "188011842",
                    "url": "http://www.lvz-online.de/nachrichten/brennpunkte/spaniens-koenig-juan-carlos-gibt-den-thron-auf/r-brennpunkte-b-457845.html",
                    "wgt": 1
                },
                {
                    "body": "Mit seiner Abdankung wolle er eine Erneuerung erm\u00f6glichen. Weiter sagte der K\u00f6nig, sein Sohn Kronprinz Felipe habe \"die Reife, die Vorbereitung und das n\u00f6tige Verantwortungsbewusstsein\", um als neues Staatsoberhaupt an die Spitze Spaniens zu treten. Der 46-j\u00e4hrige Felipe werde \"eine neue Etappe der Hoffnung \" begr\u00fcnden, in der sich \"die gemachten Erfahrungen und der Schwung einer neuen Generation \" vereinten. In der Ansprache sagte Juan Carlos zudem, er sei stolz auf das, was er in seiner Amtszeit erreicht habe. Er habe sich immer daf\u00fcr eingesetzt, dass sich Spanien in Freiheit entwickeln k\u00f6nne. Juan Carlos hatte am Morgen \u00fcberraschend in einem Schreiben an Regierungschef Mariano Rajoy seine R\u00fccktrittspl\u00e4ne mitgeteilt. Rajoy berief f\u00fcr Dienstag eine ausserordentliche Kabinettssitzung ein. Damit der K\u00f6nig abdanken kann, m\u00fcsse ein eigenes Gesetz verabschiedet werden, sagte der Ministerpr\u00e4sident. Er hoffe, dass das Parlament dann schon nach \"sehr kurzer Zeit\" der Ernennung von K\u00f6nig Felipe zustimmen k\u00f6nne. Juan Carlos wird seit Monaten von gesundheitlichen Problemen geplagt. Dennoch traf die Entscheidung Spanien v\u00f6llig \u00fcberraschend - eine Abdankung hatte der K\u00f6nig bislang strikt ausgeschlossen. Der heute 76-j\u00e4hrige Monarch bestieg im November 1975 den spanischen Thron und genoss \u00fcber Jahrzehnte ein hohes Ansehen in der Bev\u00f6lkerung. Beim friedlichen \u00dcbergang von der Diktatur unter Francisco Franco zur Demokratie in den 70er Jahren spielte er eine entscheidende Rolle. Wegen einer Reihe von Korruptionsskandalen und anderer Fehltritte hat seine Popularit\u00e4t in j\u00fcngster Zeit jedoch stark gelitten. Zudem wird gegen seine Tochter, Prinzessin Cristina, und deren Ehemann I\u00f1aki Urdangarin wegen des Verdachtes der Korruption ermittelt. ( SDA )",
                    "date": "2014-06-02",
                    "eventUri": "813724",
                    "id": "13052757",
                    "isDuplicate": false,
                    "lang": "deu",
                    "sim": 0.7688,
                    "source": {
                        "title": "Blick",
                        "uri": "www.blick.ch"
                    },
                    "time": "12:55:00",
                    "title": "Spanien: Juan Carlos \u00fcbergibt Thron an Prinz Felipe",
                    "uri": "188006015",
                    "url": "http://www.blick.ch/news/ausland/spanien-koenig-juan-carlos-gibt-krone-an-naechste-generation-ab-id2887092.html",
                    "wgt": 1
                },
                {
                    "body": "Der Nachfolger des Monarchen wird sein \u00e4ltester Sohn Prinz Felipe. Nachdem letztes Jahr bereits die niederl\u00e4ndische K\u00f6nigin Beatrix abdankte und den Thron an ihren Sohn Willem-Alexander und dessen Ehefrau Maxima abgab, steht nun auch in Spanien ein Thronwechsel an. Nach Regierungsangaben \u00fcberl\u00e4sst nun auch K\u00f6nig Juan Carlos I. die Krone seinem Sohn, Prinz Felipe, sagte Ministerpr\u00e4sident Rajoy. \u00dcberraschende Entscheidung In einer \"institutionellen Erkl\u00e4rung\" gab Regierungschef Rajoy am Montag bekannt, dass der K\u00f6nig das spanische Volk \u00fcber die Gr\u00fcnde seiner Entscheidung pers\u00f6nlich informieren werde. Juan Carlos wird seit Monaten von gesundheitlichen Problemen geplagt. Dennoch traf die Entscheidung Spanien v\u00f6llig \u00fcberraschend - eine Abdankung hatte der K\u00f6nig bisher strikt ausgeschlossen. Wie Rajoy mitteilte, trete Juan Carlos aus pers\u00f6nlichen Gr\u00fcnden zur\u00fcck. Seine Popularit\u00e4t hatte im Zuge mehrerer Skandale in j\u00fcngster Zeit jedoch stark gelitten. Zudem wird gegen seine Tochter, Prinzessin Cristina, und deren Ehemann Inaki Urdangarin wegen des Verdachtes der Korruption ermittelt. Wichtige Rolle Der spanische Monarch bestieg am 22. November 1975 den spanischen Thron, nachdem Diktator Franco per Gesetz festlegte, dass nach seinem Tod Juan Carlos die Regierung des Landes \u00fcbernehmen sollte. Er spielte w\u00e4hrend der \u00dcbergangszeit aus der Diktatur eine wichtige Rolle und legte den Grundstein zur Demokratisierung Spaniens.",
                    "date": "2014-06-02",
                    "eventUri": "813724",
                    "id": "13039941",
                    "isDuplicate": false,
                    "lang": "deu",
                    "sim": 0.7588,
                    "source": {
                        "title": "Osterreich",
                        "uri": "www.oe24.at"
                    },
                    "time": "09:15:00",
                    "title": "Spanischer K\u00f6nig Juan Carlos dankt ab",
                    "uri": "187963180",
                    "url": "http://www.oe24.at/leute/royals/Spanischer-Koenig-Juan-Carlos-dankt-ab/145587626",
                    "wgt": 1
                },
                {
                    "body": "Ministerpr\u00e4sident Mariano Rajoy w\u00fcrdigte den Beitrag des K\u00f6nigs zur Demokratie in Spanien. Regierungen und K\u00f6nigsh\u00e4user in Europa lobten die politische Rolle, die Juan Carlos nach der Franco-Diktatur eingenommen hatte. Kritiker forderten eine Abstimmung \u00fcber die Monarchie, die zuletzt mit Skandalen zu k\u00e4mpfen hatte. Wann der 46 Jahre alte Felipe, der j\u00fcngste Sohn von Juan Carlos und Ehefrau Sof\u00eda, den Thron besteigen wird, ist noch unklar. Rajoy rief das Kabinett f\u00fcr diesen Dienstag zu einer Sondersitzung zusammen, um das gesetzgeberische Verfahren in die Wege zu leiten. Juan Carlos ist seit 1975 Staatsoberhaupt und leitete nach der Franco-Diktatur den \u00dcbergang zur Demokratie ein. Er hat seit langem gesundheitliche Probleme und musste mehrere H\u00fcftoperationen \u00fcber sich ergehen lassen. Au\u00dferdem hatte zuletzt eine Korruptionsaff\u00e4re dem Ruf des Palastes zugesetzt. Die Entscheidung zur Abdankung traf der K\u00f6nig Medienberichten zufolge bereits im Januar. Die Ank\u00fcndigung traf die Spanier dennoch \u00fcberraschend. Der Monarch hatte eine Abdankung bislang strikt ausgeschlossen. Sein Sohn, der mit Prinzessin Letizia ( 41 ) zwei T\u00f6chter hat, wird nun K\u00f6nig Felipe VI. Er ist nach den Worten Rajoys bestens vorbereitet f\u00fcr den Thron. Felipe hat in Madrid Jura studiert und in den USA einen Master in Internationalen Beziehungen gemacht. Er ist auch Offizier des Heeres, der Luftwaffe und der Marine. Juan Carlos sagte, Felipe habe die \"Reife, die Vorbereitung und das n\u00f6tige Verantwortungsbewusstsein, um das Amt des Staatsoberhauptes zu \u00fcbernehmen und eine neue Etappe der Hoffnung einzuleiten\". Spanien steckt immer noch in einer Wirtschaftskrise. Die gro\u00dfen Parteien der Konservativen und der Sozialisten w\u00fcrdigten die Verdienste des Monarchen. \"Er ist das beste Symbol unseres Zusammenlebens in Frieden und Freiheit\", sagte Rajoy. Der K\u00f6nig sei nach dem Ende der Franco-Diktatur ( 1939-1975 ) der wichtigste demokratische Antreiber gewesen. Die Vereinte Linke sowie mehrere Parteien in Katalonien und im Baskenland verlangten dagegen eine Volksabstimmung \u00fcber die Monarchie und riefen zu antimonarchistischen Kundgebungen auf. Bundeskanzlerin Angela Merkel ( CDU ) hob hervor, der K\u00f6nig habe eine sehr wichtige Rolle f\u00fcr den \u00dcbergang Spaniens in eine Demokratie gespielt. \u00c4hnlich \u00e4u\u00dferten sich der franz\u00f6sische Pr\u00e4sident Fran\u00e7ois Hollande und der britische Premierminister David Cameron. Damit Felipe zum neuen K\u00f6nig gekr\u00f6nt werden kann, muss noch eine Nachfolge-Regelung vom Parlament verabschiedet werden. Eine Abdankung des Monarchen ist im spanischen Rechtssystem bislang nicht geregelt. In der Verfassung wird dazu auf ein gesondertes Gesetz verwiesen, das aber bisher nicht verabschiedet wurde. \"Ich hoffe, dass das Parlament in kurzer Frist den Kronprinzen zum neuen K\u00f6nig ernennen kann \", sagte Regierungschef Rajoy. Nach Medienberichten k\u00f6nnte dies in etwa zwei Wochen geschehen, falls das Parlament das Gesetz im Eilverfahren verabschiedet. Juan Carlos wurde im November 1975 gekr\u00f6nt. Ihm haftete zun\u00e4chst der Ruf an, ein Z\u00f6gling des Diktators Francisco Franco zu sein. Der Monarch f\u00fchrte jedoch die Diktatur nicht fort, sondern verzichtete auf Machtbefugnisse und gab den Ansto\u00df zu demokratischen Reformen. Das Ansehen des K\u00f6nigs hatte zuletzt aber gelitten. Ein Jagdausflug ins afrikanische Botsuana emp\u00f6rte 2012 die Spanier, die mitten in einer gro\u00dfen Wirtschaftskrise steckten. Zudem ersch\u00fctterte eine Korruptionsaff\u00e4re den Palast: K\u00f6nigstochter Cristina steht im Verdacht, in einen Finanzskandal um ihren Ehemann I\u00f1aki Urdangar\u00edn verwickelt zu sein. In Umfragen sank zuletzt die Zustimmung f\u00fcr den K\u00f6nig. Juan Carlos hat mit K\u00f6nigin Sof\u00eda ( 75 ) drei Kinder: Elena ( 50 ), Cristina ( 48 ) und Felipe. Das spanische K\u00f6nigshauses auf Twitter Homepage des spanischen K\u00f6nigshauses",
                    "date": "2014-06-02",
                    "eventUri": "813724",
                    "id": "13062764",
                    "isDuplicate": false,
                    "lang": "deu",
                    "sim": 0.7556,
                    "source": {
                        "title": "www.schaumburger-zeitung.de",
                        "uri": "www.schaumburger-zeitung.de"
                    },
                    "time": "15:25:00",
                    "title": "Spaniens K\u00f6nig Juan Carlos macht Platz f\u00fcr seinen Sohn",
                    "uri": "188036923",
                    "url": "http://www.schaumburger-zeitung.de/portal/ueberregionales/brennpunkte_Spaniens-Koenig-Juan-Carlos-macht-Platz-fuer-seinen-Sohn-_arid%2C620661.html",
                    "wgt": 1
                },
                {
                    "body": "Wann der 46 Jahre alte Felipe, der j\u00fcngste Sohn von Juan Carlos und Ehefrau Sof\u00eda, den Thron besteigen wird, ist noch unklar. Rajoy rief das Kabinett f\u00fcr diesen Dienstag zu einer Sondersitzung zusammen, um das gesetzgeberische Verfahren in die Wege zu leiten. Juan Carlos ist seit 1975 Staatsoberhaupt und leitete nach der Franco-Diktatur den \u00dcbergang zur Demokratie ein. Er hat seit langem gesundheitliche Probleme und musste mehrere H\u00fcftoperationen \u00fcber sich ergehen lassen. Au\u00dferdem hatte zuletzt eine Korruptionsaff\u00e4re dem Ruf des Palastes zugesetzt. Die Entscheidung zur Abdankung traf der K\u00f6nig Medienberichten zufolge bereits im Januar. Die Ank\u00fcndigung traf die Spanier dennoch \u00fcberraschend. Der Monarch hatte eine Abdankung bislang strikt ausgeschlossen. Sein Sohn, der mit Prinzessin Letizia ( 41 ) zwei T\u00f6chter hat, wird nun K\u00f6nig Felipe VI. Er ist nach den Worten Rajoys bestens vorbereitet f\u00fcr den Thron. Felipe hat in Madrid Jura studiert und in den USA einen Master in Internationalen Beziehungen gemacht. Er ist auch Offizier des Heeres, der Luftwaffe und der Marine. Juan Carlos sagte, Felipe habe die \"Reife, die Vorbereitung und das n\u00f6tige Verantwortungsbewusstsein, um das Amt des Staatsoberhauptes zu \u00fcbernehmen und eine neue Etappe der Hoffnung einzuleiten\". Spanien steckt immer noch in einer Wirtschaftskrise. Die gro\u00dfen Parteien der Konservativen und der Sozialisten w\u00fcrdigten die Verdienste des Monarchen. \"Er ist das beste Symbol unseres Zusammenlebens in Frieden und Freiheit\", sagte Rajoy. Der K\u00f6nig sei nach dem Ende der Franco-Diktatur ( 1939-1975 ) der wichtigste demokratische Antreiber gewesen. Die Vereinte Linke sowie mehrere Parteien in Katalonien und im Baskenland verlangten dagegen eine Volksabstimmung \u00fcber die Monarchie und riefen zu antimonarchistischen Kundgebungen auf. Bundeskanzlerin Angela Merkel ( CDU ) hob hervor, der K\u00f6nig habe eine sehr wichtige Rolle f\u00fcr den \u00dcbergang Spaniens in eine Demokratie gespielt. \u00c4hnlich \u00e4u\u00dferten sich der franz\u00f6sische Pr\u00e4sident Fran\u00e7ois Hollande und der britische Premierminister David Cameron. Damit Felipe zum neuen K\u00f6nig gekr\u00f6nt werden kann, muss noch eine Nachfolge-Regelung vom Parlament verabschiedet werden. Eine Abdankung des Monarchen ist im spanischen Rechtssystem bislang nicht geregelt. In der Verfassung wird dazu auf ein gesondertes Gesetz verwiesen, das aber bisher nicht verabschiedet wurde. \"Ich hoffe, dass das Parlament in kurzer Frist den Kronprinzen zum neuen K\u00f6nig ernennen kann \", sagte Regierungschef Rajoy. Nach Medienberichten k\u00f6nnte dies in etwa zwei Wochen geschehen, falls das Parlament das Gesetz im Eilverfahren verabschiedet. Juan Carlos wurde im November 1975 gekr\u00f6nt. Ihm haftete zun\u00e4chst der Ruf an, ein Z\u00f6gling des Diktators Francisco Franco zu sein. Der Monarch f\u00fchrte jedoch die Diktatur nicht fort, sondern verzichtete auf Machtbefugnisse und gab den Ansto\u00df zu demokratischen Reformen. Das Ansehen des K\u00f6nigs hatte zuletzt aber gelitten. Ein Jagdausflug ins afrikanische Botsuana emp\u00f6rte 2012 die Spanier, die mitten in einer gro\u00dfen Wirtschaftskrise steckten. Zudem ersch\u00fctterte eine Korruptionsaff\u00e4re den Palast: K\u00f6nigstochter Cristina steht im Verdacht, in einen Finanzskandal um ihren Ehemann I\u00f1aki Urdangar\u00edn verwickelt zu sein. In Umfragen sank zuletzt die Zustimmung f\u00fcr den K\u00f6nig. Juan Carlos hat mit K\u00f6nigin Sof\u00eda ( 75 ) drei Kinder: Elena ( 50 ), Cristina ( 48 ) und Felipe.",
                    "date": "2014-06-02",
                    "eventUri": "813724",
                    "id": "13062394",
                    "isDuplicate": false,
                    "lang": "deu",
                    "sim": 0.7493,
                    "source": {
                        "title": "sportbuzzer.de",
                        "uri": "www.lvz-online.de"
                    },
                    "time": "15:18:00",
                    "title": "Spaniens K\u00f6nig Juan Carlos macht Platz f\u00fcr seinen Sohn",
                    "uri": "188035635",
                    "url": "http://www.lvz-online.de/nachrichten/brennpunkte/spaniens-koenig-juan-carlos-macht-platz-fuer-seinen-sohn/r-brennpunkte-b-457845.html",
                    "wgt": 1
                },
                {
                    "body": "Der spanische K\u00f6nig Juan Carlos dankt ab. Ministerpr\u00e4sident Mariano Rajoy best\u00e4tigte den \u00fcberraschenden Schritt des Staatsoberhauptes am Montagvormittag und teilte mit, dass Kronprinz Felipe die Thonfolge antreten werde. \"Seine Majest\u00e4t Juan Carlos hat mir heute mitgeteilt, dass er abdanken wird\", erkl\u00e4rte Rajoy. In den n\u00e4chsten Stunden werde Juan Carlos selbst Stellung zu seinem Schritt nehmen. Der Monarch wird seit Monaten von gesundheitlichen Problemen geplagt. Dennoch kam die Entscheidung nun v\u00f6llig \u00fcberraschend - eine Abdankung hatte der K\u00f6nig bisher strikt ausgeschlossen. Wie Rajoy mitteilte, trete Juan Carlos aus pers\u00f6nlichen Gr\u00fcnden zur\u00fcck. Der heute 76- j\u00e4hrige Monarch hatte im November 1975 den spanischen Thron bestiegen, seine Popularit\u00e4t litt im Zuge mehrerer Skandale in j\u00fcngster Zeit jedoch stark. Zudem wird gegen seine Tochter, Prinzessin Cristina, und deren Ehemann Inaki Urdangarin wegen des Verdachtes der Korruption ermittelt.",
                    "date": "2014-06-02",
                    "eventUri": "813724",
                    "id": "13040033",
                    "isDuplicate": false,
                    "lang": "deu",
                    "sim": 0.748,
                    "source": {
                        "title": "krone.at",
                        "uri": "www.krone.at"
                    },
                    "time": "09:17:00",
                    "title": "Spanischer K\u00f6nig Juan Carlos dankt ab",
                    "uri": "187963615",
                    "url": "http://www.krone.at/Nachrichten/Spanischer_Koenig_Juan_Carlos_dankt_ab-Prinz_Felipe_folgt-Story-406620?utm_source=krone.at&utm_medium=RSS-Feed&utm_campaign=Nachrichten",
                    "wgt": 1
                },
                {
                    "body": "Nach 39 Jahren dankt Spaniens K\u00f6nig ab und leitet die Thronfolge ein. Damit Felipe sein Amt \u00fcbernehmen kann, muss erst noch ein Gesetz verabschiedet werden. Prinz Felipe ( l. ) folgt K\u00f6nig Juan Carlos. Bild: dpa MADRID afp | Der spanische K\u00f6nig Juan Carlos dankt nach 39 Jahren auf dem Thron zugunsten seines Sohnes Felipe ab. Das teilte Regierungschef Mariano Rajoy am Montag in Madrid mit. \"Seine Majest\u00e4t, K\u00f6nig Juan Carlos, hat mich gerade \u00fcber seinen Wunsch informiert, auf den Thron zu verzichten und das Verfahren f\u00fcr die Thronfolge einzuleiten\", sagte Rajoy. Der K\u00f6nig will sich demnach im Laufe des Vormittags auch noch \"pers\u00f6nlich\" an die Spanier wenden. Rajoy berief f\u00fcr Dienstag eine au\u00dferordentliche Kabinettssitzung ein. Damit der K\u00f6nig abdanken kann, m\u00fcsse ein eigenes Gesetz verabschiedet werden, sagte der Ministerpr\u00e4sident. Er hoffe, dass das Parlament dann schon nach \"sehr kurzer Zeit\" der Ernennung von K\u00f6nig Felipe zustimmen k\u00f6nne. Der heute 76-j\u00e4hrige Monarch bestieg im November 1975 den spanischen Thron, seine Popularit\u00e4t hatte im Zuge mehrerer Skandale in j\u00fcngster Zeit jedoch stark gelitten.",
                    "date": "2014-06-02",
                    "eventUri": "813724",
                    "id": "13040967",
                    "isDuplicate": false,
                    "lang": "deu",
                    "sim": 0.7319,
                    "source": {
                        "title": "Die Tageszeitung",
                        "uri": "www.taz.de"
                    },
                    "time": "09:37:00",
                    "title": "Weschel auf spanischem Thron: Juan Carlos macht f\u00fcr Felipe Platz",
                    "uri": "187967515",
                    "url": "http://www.taz.de/Weschel-auf-spanischem-Thron/%21139579/",
                    "wgt": 1
                },
                {
                    "body": "Seine Majest\u00e4t Juan Carlos hat mir gerade mitgeteilt, dass er seine Abdankung beschlossen hat. \" Mit diesen Worten und im Rahmen einer eilig einberufen Pressekonferenz verk\u00fcndet Staatschef Mariano Rajoy am Montag den R\u00fccktritt des spanischen K\u00f6nigs. Sohn Felipe solle alsbald die Thronfolge antreten, berichtet Rajoy den Wunsch des K\u00f6nigs. Die genauen Hintergr\u00fcnde seiner Abdankung will der Monarch gegen Mittag pers\u00f6nlich dem spanischen Volk \u00fcberbringen. Den Entschluss habe der gesundheitlich angeschlagene Juan Carlos bereits im J\u00e4nner getroffen und auch einigen Vertrauen mitgeteilt, berichten spanische Medien. \u00d6ffentlich wurde eine m\u00f6gliche Abdankung damals allerdings bestritten. \"Verteidiger unserer Interessen \" Der heute 76-j\u00e4hrige Monarch bestieg im November 1975 den spanischen Thron. Nach Francos Tod spielte Juan Carlos eine wichtige Rolle beim \u00dcbergang Spaniens von einer Diktatur zu Demokratie: Er beendete 1981 erfolgreich einen Putschversuch des Milit\u00e4rs und galt seither als Garant f\u00fcr eine friedliche Demokratisierung des Landes. Rajoy lobt den K\u00f6nig daher auch am Montag als \"unerm\u00fcdlichen Verteidiger unserer Interessen\". Rajoy bezeichnet K\u00f6nig Juan Carlos weiters als \"bestes Sprachrohr und Bild der spanischen Monarchie\". Tats\u00e4chlich wurde er jahrelang von der spanischen Bev\u00f6lkerung als g\u00fctiger Monarch verehrt. In den vergangenen Jahren bekam sein Image allerdings Risse: Elefantenjagd, Aff\u00e4ren und Korruptionsvorw\u00fcrfe besch\u00e4digten den Ruf des spanischen K\u00f6nigshauses ( siehe unten ). Erst k\u00fcrzlich sprachen sich in einer Umfrage zwei Drittel der Spanier f\u00fcr einen R\u00fccktritt Juan Carlos' aus. Gesetz notwendig Damit die Abdankung g\u00fcltig wird, muss noch ein eigenes Gesetz verabschiedet werden. Eine Abdankung des Monarchen ist im spanischen Rechtssystem n\u00e4mlich nicht vorgesehen. Premier Rajoy hat daher f\u00fcr Dienstag eine au\u00dferordentliche Kabinettssitzung einberufen. Er hoffe, dass das Parlament dann schon nach \"sehr kurzer Zeit\" der Ernennung von Felipe zum K\u00f6nig zustimmen werde, so Rajoy. Laut ABC k\u00f6nne es noch im Juni so weit sein. Der Kronprinz hat sich bisher noch nicht \u00f6ffentlich ge\u00e4u\u00dfert. Er weilte die vergangenen Tage im Rahmen einer offiziellen Reise in El Salvador und kam erst Montagmorgen nach Madrid zur\u00fcck. Die schriftliche R\u00fccktrittserkl\u00e4rung wurde bereits ver\u00f6ffentlicht: La renuncia legal del Rey Juan Carlos I entregada a Mariano Rajoy pic.twitter.com/qbgBdnjpFa -- Historia ( @CanaldeHistoria ) 2. Juni 2014",
                    "date": "2014-06-02",
                    "eventUri": "813724",
                    "id": "13042777",
                    "isDuplicate": false,
                    "lang": "deu",
                    "sim": 0.7153,
                    "source": {
                        "title": "kurier.at",
                        "uri": "kurier.at"
                    },
                    "time": "10:19:00",
                    "title": "Juan Carlos I shall enter into force back",
                    "uri": "187974208",
                    "url": "http://kurier.at/politik/ausland/spanischer-koenig-juan-carlos-tritt-zurueck/68.482.747",
                    "wgt": 1
                },
                {
                    "body": "MADRID--Spaniens K\u00f6nig Juan Carlos dankt ab. Ministerpr\u00e4sident Mariano Rajoy verk\u00fcndete am Morgen den Thronverzicht des 76-J\u00e4hrigen zu Gunsten von Prinz Felipe. Juan Carlos war 1975 nach dem Tod des spanischen Diktators Francisco Franco gekr\u00f6nt worden. Angesichts zunehmender Gesundheitsprobleme wird in der spanischen Presse seit Monaten \u00fcber seinen R\u00fcckzug spekuliert. Der spanische K\u00f6nig spielte eine wichtige Rolle beim \u00dcbergang vom jahrzehntelangen rechts-autorit\u00e4ren Regimes Francos zu demokratischen Verh\u00e4ltnissen.",
                    "date": "2014-06-02",
                    "eventUri": "813724",
                    "id": "13042295",
                    "isDuplicate": false,
                    "lang": "deu",
                    "sim": 0.7073,
                    "source": {
                        "title": "finanzen.net",
                        "uri": "www.finanzen.net"
                    },
                    "time": "10:10:00",
                    "title": "Spaniens K\u00f6nig Juan Carlos dankt ab",
                    "uri": "187972546",
                    "url": "http://www.finanzen.net/nachricht/aktien/Spaniens-Koenig-Juan-Carlos-dankt-ab-3622147",
                    "wgt": 1
                },
                {
                    "body": "Nach diversen Skandalen und Gesundheitsproblemen dankt der spanische K\u00f6nig Juan Carlos ab und r\u00e4umt den Thron f\u00fcr seinen Sohn Prinz Felipe. Dies gab der spanische Ministerpr\u00e4sident Mariano Rajoy am Montag bekannt. Einen Zeitpunkt nannte Rajoy nicht. Die Regierung muss nun zun\u00e4chst ein Gesetz entwerfen, das den \u00dcbergang auf den 46-j\u00e4hrigen Kronprinzen regelt. \"Seine Majest\u00e4t K\u00f6nig Juan Carlos hat mich gerade \u00fcber seinen Wunsch informiert, auf den Thron zu verzichten und das Verfahren f\u00fcr die Thronfolge einzuleiten\", erkl\u00e4rte Regierungschef Mariano Rajoy. Der K\u00f6nig sei \u00fcberzeugt, dass dies \"der beste Moment\" f\u00fcr einen Wandel sei. Juan Carlos will sich demnach im Laufe des Vormittags pers\u00f6nlich an die Spanier wenden, um ihnen die Gr\u00fcnde f\u00fcr seinen Schritt zu erl\u00e4utern. Der heute 76-j\u00e4hrige Juan Carlos kam im November 1975 nach dem Tod des Diktators Francisco Franco auf den Thron. In den Jahren danach pr\u00e4gte er den \u00dcbergang des Landes von der Diktatur zur Demokratie entscheidend. Vor allem seine Rolle zur Stabilisierung des Landes nach dem vereitelten Milit\u00e4rputsch 1981 wurde ihm hoch angerechnet. Als sich die spanische Demokratie gefestigt hatte, spielte der K\u00f6nig nur noch eine weitgehend symbolische Rolle. Er reiste als oberster Botschafter seines Landes durch die Welt. Doch einte er die Nation auch inmitten der Abspaltungstendenzen der Basken und Katalanen. Zuletzt schwand die Popularit\u00e4t des Monarchen allerdings. Vor allem seine Elefanten-Safari zum H\u00f6hepunkt der Finanzkrise in Spanien kam bei den B\u00fcrgern nicht gut an. Er hatte sich dabei die rechte H\u00fcfte gebrochen und wurde in einem Privatjet aus Botsuana zur medizinischen Behandlung zur\u00fcck nach Spanien geflogen. Sein Image litt zudem unter den Ermittlungen gegen seinen Schwiegersohn, der bei \u00f6ffentlichen Auftr\u00e4gen gro\u00dfe Summen unterschlagen haben soll. Gesundheitsprobleme von Juan Carlos befeuerten die Debatte \u00fcber eine m\u00f6gliche Abdankung den K\u00f6nigs. Seit Mai 2010 musste er neun Mal operiert werden. Ihm wurde ein gutartiger Tumor aus der Lunge entfernt, au\u00dferdem wurde er am Knie und mehrfach an der H\u00fcfte operiert, weshalb er zwischenzeitlich nur an Kr\u00fccken laufen konnte. Prinz Felipe \u00fcberstand die Turbulenzen im K\u00f6nigshaus dagegen relativ unbeschadet. Obwohl er distanzierter wirkt als sein lockerer Vater, war seine Popularit\u00e4t zuletzt stetig gewachsen. Bislang f\u00fchrt der hochgewachsene 46-J\u00e4hrige mit seiner Frau Letizia, einer ehemaligen Nachrichtenmoderatorin, und seinen T\u00f6chtern Leonor und Sofia ein relativ normales und bescheidenes Leben. Spaniens Kronprinz Felipe ist nach \u00dcberzeugung der Regierung bestens vorbereitet, nach der Abdankung seines Vaters Juan Carlos den Thron zu besteigen. \"Er ist eine solide Garantie daf\u00fcr, dass er bei der Aus\u00fcbung seines Amts als Staatschef die Erwartungen erf\u00fcllen wird\", sagte Ministerpr\u00e4sident Mariano Rajoy in Madrid. \"Davon bin ich fest \u00fcberzeugt. \" Felipe sei gut ausgebildet, habe eine gro\u00dfe Erfahrung in \u00f6ffentlichen Angelegenheiten und sei auch vom Charakter her bestens f\u00fcr die Aufgabe vorbereitet. Der 46 Jahre alte Kronprinz wird k\u00fcnftig als Felipe VI. regieren. Er hat in Madrid Jura studiert und in den USA einen Master in Internationalen Beziehungen gemacht. Zudem ist er Offizier des Heeres, der Luftwaffe und der Marine. Zuletzt hatte Felipe aber bereits einige Aufgaben von seinem gesundheitlich angeschlagenen Vater \u00fcbernommen. Im Oktober nahm er erstmals die traditionelle Milit\u00e4rparade zum spanischen Nationalfeiertag ab. Erst im vergangenen Jahr hatte die niederl\u00e4ndische K\u00f6nigin Beatrix zugunsten ihres Sohnes Willem-Alexander den Thron aufgegeben. Und auch der belgische K\u00f6nig Albert II. hatte den Thron an seinen Sohn Philippe \u00fcbergeben. Danach war spekuliert worden, dass weitere Monarchen dem Beispiel folgen k\u00f6nnten, darunter auch die britische K\u00f6nigin Elizabeth II.",
                    "date": "2014-06-02",
                    "eventUri": "813724",
                    "id": "13046599",
                    "isDuplicate": false,
                    "lang": "deu",
                    "sim": 0.7028,
                    "source": {
                        "title": "T-online.de",
                        "uri": "www.t-online.de"
                    },
                    "time": "11:01:00",
                    "title": "Spanischer K\u00f6nig Juan Carlos dankt ab",
                    "uri": "187986845",
                    "url": "http://www.t-online.de/unterhaltung/stars/royals/id_69679240/koenig-juan-carlos-dankt-ab-spanischer-thron-frei-fuer-prinz-felipe.html",
                    "wgt": 1
                },
                {
                    "body": "In einer \"institutionellen Erkl\u00e4rung\" gab der Regierungschef in Madrid bekannt, dass der K\u00f6nig das spanische Volk in K\u00fcrze pers\u00f6nlich \u00fcber die Gr\u00fcnde seiner Entscheidung informieren werde. Kronprinz Felipe ( 46 ) werde neuer K\u00f6nig. Juan Carlos hat seit langem gesundheitliche Probleme. Seine Popularit\u00e4t hatte zuletzt durch mehrere Skandale gelitten. Die Entscheidung des K\u00f6nigs traf die Spanier dennoch v\u00f6llig \u00fcberraschend. Der Monarch hatte eine Abdankung bislang strikt ausgeschlossen. Sein Sohn wird nun Felipe VI. Damit eine Abdankung wirksam und der Thronfolger zum neuen K\u00f6nig gekr\u00f6nt werden kann, muss allerdings noch eine Nachfolge-Regelung vom Parlament verabschiedet werden. Eine Abdankung des Monarchen ist im spanischen Rechtssystem bislang nicht vorgesehen. In der Verfassung wird dazu auf ein gesondertes Gesetz verwiesen, das aber bisher nicht verabschiedet wurde. Rajoy k\u00fcndigte eine Sondersitzung des Kabinetts an, um das gesetzgeberische Verfahren in die Wege zu leiten. \"Ich hoffe, dass das Parlament in kurzer Frist den Kronprinzen zum neuen K\u00f6nig ernennen kann \", sagte der Regierungschef. Er w\u00fcrdigte Juan Carlos als einen \"unerm\u00fcdlichen Verteidiger\" spanischer Interessen. Der Prozess der Abdankung werde ein Beweis f\u00fcr die Reife der spanischen Demokratie sein, sagte er.",
                    "date": "2014-06-02",
                    "eventUri": "813724",
                    "id": "13043361",
                    "isDuplicate": false,
                    "lang": "deu",
                    "sim": 0.6923,
                    "source": {
                        "title": "Schaumburger Zeitung",
                        "uri": "www.dewezet.de"
                    },
                    "time": "10:30:00",
                    "title": "K\u00f6nig Juan Carlos dankt \u00fcberraschend ab",
                    "uri": "187976435",
                    "url": "http://www.dewezet.de/portal/nachrichten/thema-des-tages_Koenig-Juan-Carlos-dankt-ueberraschend-ab-_arid%2C620688.html",
                    "wgt": 1
                },
                {
                    "body": "Prinz Felipe tritt die Thronfolge an - War in den vergangenen Jahren zunehmend in die Kritik gekommen - 2 Fotos Madrid - Der spanische K\u00f6nig Juan Carlos dankt nach Regierungsangaben ab. Prinz Felipe werde die Thronfolge antreten, sagte Ministerpr\u00e4sident Mariano Rajoy am Montag. \"Seine Majest\u00e4t K\u00f6nig Carlos hat mir seine Absicht kund getan, abdanken zu wollen ,\" sagte Rajoy. \"Ich bin \u00fcberzeugt, das ist der beste Moment f\u00fcr eine Ver\u00e4nderung .\" Der 76-j\u00e4hrige Juan Carlos war in den 1970er Jahren eine wichtige Figur w\u00e4hrend Spaniens \u00dcbergangsphase zur Demokratie nach der Franco-Diktatur. In den vergangenen Jahren hat er aber \u00fcberwiegend mit Korruptionsskandalen Schlagzeilen gemacht. Gegen seine Tochter, Prinzessin Christina, und ihren Ehemann Inaki Urdangarin wird wegen Korruptionsvorw\u00fcrfen ermittelt. Nach seiner Teilnahme an einer Elefantenjagd in Botswana bei der sich der K\u00f6nig 2012 die H\u00fcfte brach, forderten zehntausende Spanier Juan Carlos solle die Ehrenpr\u00e4sidentschaft des WWF niederlegen. Der WWF zog schlie\u00dflich die Konsequenzen und entzog Juan Carlos die Ehrenpr\u00e4sidentschaft. Der gesundheitlich angeschlagene K\u00f6nig w\u00fcrde nun aus pers\u00f6nlichen Gr\u00fcnden zur\u00fccktreten. ( APA/Reuters, 2.6.2014 )",
                    "date": "2014-06-02",
                    "eventUri": "813724",
                    "id": "13040915",
                    "isDuplicate": false,
                    "lang": "deu",
                    "sim": 0.6824,
                    "source": {
                        "title": "text.derstandard.at",
                        "uri": "text.derstandard.at"
                    },
                    "time": "09:40:00",
                    "title": "Spanien - Spanischer K\u00f6nig Juan Carlos dankt ab",
                    "uri": "187967336",
                    "url": "http://text.derstandard.at/2000001707200/Spanischer-Koenig-Juan-Carlos-dankt-ab?ref=rss",
                    "wgt": 1
                },
                {
                    "body": "Madrid ( dpa ) Der spanische K\u00f6nig Juan Carlos wurde von Diktator Franco eingesetzt und f\u00fchrte sein Land in die Demokratie. Als er im November 1975 nach Francos Tod zum K\u00f6nig gekr\u00f6nt wurde, dachte er nicht daran, das Regime des \"Caudillo\" ( F\u00fchrer ) fortzuf\u00fchren. Der junge Monarch ebnete den Weg zur Demokratie. Juan Carlos wurde am 5. Januar 1938 im Exil in Rom geboren. Seine Kindheit verbrachte er in Italien, Portugal und der Schweiz. 1962 heiratete er Prinzessin Sof\u00eda von Griechenland. Mit K\u00f6nigin Sof\u00eda ( 75 ) hat er drei Kinder: Infantin Elena ( 50 ), Infantin Cristina ( 48 ) und Thronfolger Felipe ( 46 ). Seine herzliche und offene Art brachten dem passionierten Segler, J\u00e4ger und Freund des Stierkampfes die Sympathien seiner Landsleute ein. In Umfragen war der Monarch lange im H\u00f6henflug - ein Jagdausflug nach Botsuana l\u00f6ste bei den unter Krise und Arbeitslosigkeit leidenden Spaniern aber 2012 Emp\u00f6rung aus. Er war nur deshalb publik geworden, weil Juan Carlos sich bei einem Sturz eine H\u00fcfte gebrochen hatte. Die Presse \u00fcbte ungew\u00f6hnlich scharfe Kritik am Monarchen und berichtete erstmals ausf\u00fchrlich \u00fcber angebliche Eheprobleme des K\u00f6nigspaars. Einige Politiker legten Juan Carlos eine Abdankung nahe. In einer Geste, die in der Geschichte der spanischen Monarchie ohne Beispiel war, entschuldigte sich der K\u00f6nig \u00f6ffentlich und gelobte Besserung. Zudem ersch\u00fctterte eine Korruptionsaff\u00e4re das K\u00f6nigshaus: Infantin Cristina steht im Verdacht, in einen Finanzskandal um ihren Ehemann I\u00f1aki Urdangarin verwickelt zu sein. \u00dcber sein Amt sagte Juan Carlos einmal: \"Hier musst Du Dir den Thron Tag f\u00fcr Tag aufs Neue verdienen. Wenn das Volk gegen Dich ist, kannst Du einpacken. \"",
                    "date": "2014-06-02",
                    "eventUri": "813724",
                    "id": "13043588",
                    "isDuplicate": false,
                    "lang": "deu",
                    "sim": 0.6688,
                    "source": {
                        "title": "Lausitzer Rundschau",
                        "uri": "www.lr-online.de"
                    },
                    "time": "10:34:00",
                    "title": "Portr\u00e4t: Der \"B\u00fcrgerk\u00f6nig\" Juan Carlos",
                    "uri": "187977193",
                    "url": "http://www.lr-online.de/nachrichten/Politik-Portraet-Der-Buergerkoenig-Juan-Carlos%3Bart742%2C4622210",
                    "wgt": 1
                },
                {
                    "body": "Madrid ( dpa ) Nach der Abdankungs-Ank\u00fcndigung von Spaniens K\u00f6nig Juan Carlos hat Ministerpr\u00e4sident Mariano Rajoy den Beitrag des Monarchen f\u00fcr die Demokratie in dem Land gew\u00fcrdigt. \"Er war das beste Symbol unseres Zusammenlebens in Frieden und Freiheit\", sagte der konservative Regierungschef. Der 76-J\u00e4hrige sei nach dem Ende der Franco-Diktatur ( 1939-1975 ) der wichtigste demokratische Antreiber gewesen und habe die junge Demokratie auch bei dem gescheiterten Putschversuch rechter Milit\u00e4rs im Februar 1981 verteidigt. \"Wir alle haben ihm gegen\u00fcber eine unbezahlbare Schuld\", erg\u00e4nzte Rajoy. Als Juan Carlos im November 1975 gekr\u00f6nt wurde, haftete ihm der Ruf an, ein Z\u00f6gling des Diktators Francisco Franco zu sein, der ihn zu seinem Nachfolger als Staatschef erkoren hatte. Der Monarch \u00fcberraschte alle Skeptiker jedoch damit, dass er die Diktatur nicht fortf\u00fchrte, sondern auf Machtbefugnisse verzichtete und den Ansto\u00df zu demokratischen Reformen gab.",
                    "date": "2014-06-02",
                    "eventUri": "813724",
                    "id": "13043576",
                    "isDuplicate": false,
                    "lang": "deu",
                    "sim": 0.6543,
                    "source": {
                        "title": "Lausitzer Rundschau",
                        "uri": "www.lr-online.de"
                    },
                    "time": "10:34:00",
                    "title": "Regierung w\u00fcrdigt Beitrag des K\u00f6nigs zur Demokratie",
                    "uri": "187977189",
                    "url": "http://www.lr-online.de/nachrichten/Politik-Regierung-wuerdigt-Beitrag-des-Koenigs-zur-Demokratie%3Bart742%2C4622213",
                    "wgt": 1
                },
                {
                    "body": "Der 76-J\u00e4hrige sei nach dem Ende der Franco-Diktatur ( 1939-1975 ) der wichtigste demokratische Antreiber gewesen und habe die junge Demokratie auch bei dem gescheiterten Putschversuch rechter Milit\u00e4rs im Februar 1981 verteidigt. \"Wir alle haben ihm gegen\u00fcber eine unbezahlbare Schuld\", erg\u00e4nzte Rajoy. Als Juan Carlos im November 1975 gekr\u00f6nt wurde, haftete ihm der Ruf an, ein Z\u00f6gling des Diktators Francisco Franco zu sein, der ihn zu seinem Nachfolger als Staatschef erkoren hatte. Der Monarch \u00fcberraschte alle Skeptiker jedoch damit, dass er die Diktatur nicht fortf\u00fchrte, sondern auf Machtbefugnisse verzichtete und den Ansto\u00df zu demokratischen Reformen gab.",
                    "date": "2014-06-02",
                    "eventUri": "813724",
                    "id": "13043359",
                    "isDuplicate": false,
                    "lang": "deu",
                    "sim": 0.5774,
                    "source": {
                        "title": "Schaumburger Zeitung",
                        "uri": "www.dewezet.de"
                    },
                    "time": "10:30:00",
                    "title": "Regierung w\u00fcrdigt Beitrag des K\u00f6nigs zur Demokratie",
                    "uri": "187976433",
                    "url": "http://www.dewezet.de/portal/nachrichten/thema-des-tages_Regierung-wuerdigt-Beitrag-des-Koenigs-zur-Demokratie-_arid%2C620687.html",
                    "wgt": 1
                },
                {
                    "body": "Juan Carlos wurde am 5. Januar 1938 im Exil in Rom geboren. Seine Kindheit verbrachte er in Italien, Portugal und der Schweiz. 1962 heiratete er Prinzessin Sof\u00eda von Griechenland. Mit K\u00f6nigin Sof\u00eda ( 75 ) hat er drei Kinder: Infantin Elena ( 50 ), Infantin Cristina ( 48 ) und Thronfolger Felipe ( 46 ). Seine herzliche und offene Art brachten dem passionierten Segler, J\u00e4ger und Freund des Stierkampfes die Sympathien seiner Landsleute ein. In Umfragen war der Monarch lange im H\u00f6henflug - ein Jagdausflug nach Botsuana l\u00f6ste bei den unter Krise und Arbeitslosigkeit leidenden Spaniern aber 2012 Emp\u00f6rung aus. Er war nur deshalb publik geworden, weil Juan Carlos sich bei einem Sturz eine H\u00fcfte gebrochen hatte. Die Presse \u00fcbte ungew\u00f6hnlich scharfe Kritik am Monarchen und berichtete erstmals ausf\u00fchrlich \u00fcber angebliche Eheprobleme des K\u00f6nigspaars. Einige Politiker legten Juan Carlos eine Abdankung nahe. In einer Geste, die in der Geschichte der spanischen Monarchie ohne Beispiel war, entschuldigte sich der K\u00f6nig \u00f6ffentlich und gelobte Besserung. Zudem ersch\u00fctterte eine Korruptionsaff\u00e4re das K\u00f6nigshaus: Infantin Cristina steht im Verdacht, in einen Finanzskandal um ihren Ehemann I\u00f1aki Urdangarin verwickelt zu sein. \u00dcber sein Amt sagte Juan Carlos einmal: \"Hier musst Du Dir den Thron Tag f\u00fcr Tag aufs Neue verdienen. Wenn das Volk gegen Dich ist, kannst Du einpacken. \"",
                    "date": "2014-06-02",
                    "eventUri": "813724",
                    "id": "13043367",
                    "isDuplicate": false,
                    "lang": "deu",
                    "sim": 0.5676,
                    "source": {
                        "title": "Schaumburger Zeitung",
                        "uri": "www.dewezet.de"
                    },
                    "time": "10:30:00",
                    "title": "Portr\u00e4t: Der \"B\u00fcrgerk\u00f6nig\" Juan Carlos",
                    "uri": "187976430",
                    "url": "http://www.dewezet.de/portal/nachrichten/thema-des-tages_Portraet-Der-Buergerkoenig-Juan-Carlos-_arid%2C620684.html",
                    "wgt": 1
                },
                {
                    "body": "Nach diversen Skandalen und Gesundheitsproblemen dankt der spanische K\u00f6nig JuanCarlos ab und r\u00e4umt den Thron f\u00fcr seinen Sohn Prinz Felipe. Dies gab der spanische Ministerpr\u00e4sident Mariano Rajoy am Montag bekannt. Einen Zeitpunkt nannte Rajoy nicht. Die Regierung muss nun zun\u00e4chst ein Gesetz entwerfen, das den \u00dcbergang auf den 46-j\u00e4hrigen Kronprinzen regelt. Der heute 76-j\u00e4hrige JuanCarlos kam im November 1975 nach dem Tod des Diktators Francisco Franco auf den Thron. In den Jahren danach pr\u00e4gte er den \u00dcbergang des Landes von der Diktatur zur Demokratie entscheidend. Vor allem seine Rolle zur Stabilisierung des Landes nach dem vereitelten Milit\u00e4rputsch 1981 wurde ihm hoch angerechnet. Als sich die spanische Demokratie gefestigt hatte, spielte der K\u00f6nig nur noch eine weitgehend symbolische Rolle. Er reiste als oberster Botschafter seines Landes durch die Welt. Doch einte er die Nation auch inmitten der Abspaltungstendenzen der Basken und Katalanen. Zuletzt schwand die Popularit\u00e4t des Monarchen allerdings. Vor allem seine Elefanten-Safari zum H\u00f6hepunkt der Finanzkrise in Spanien kam bei den B\u00fcrgern nicht gut an. Er hatte sich dabei die rechte H\u00fcfte gebrochen und wurde in einem Privatjet aus Botsuana zur medizinischen Behandlung zur\u00fcck nach Spanien geflogen. Sein Image litt zudem unter den Ermittlungen gegen seinen Schwiegersohn, der bei \u00f6ffentlichen Auftr\u00e4gen gro\u00dfe Summen unterschlagen haben soll. Erst im vergangenen Jahr hatte die niederl\u00e4ndische K\u00f6nigin Beatrix zugunsten ihres Sohnes Willem-Alexander den Thron aufgegeben. Und auch der belgische K\u00f6nig Albert II. hatte den Thron an seinen Sohn Philippe \u00fcbergeben. Danach war spekuliert worden, dass weitere Monarchen dem Beispiel folgen k\u00f6nnten, darunter auch die britische K\u00f6nigin Elizabeth II.",
                    "date": "2014-06-02",
                    "eventUri": "813724",
                    "id": "13040993",
                    "isDuplicate": false,
                    "lang": "deu",
                    "sim": 0.5328,
                    "source": {
                        "title": "T-online.de",
                        "uri": "www.t-online.de"
                    },
                    "time": "09:25:00",
                    "title": "Spanischer K\u00f6nig Juan Carlos dankt ab",
                    "uri": "187967621",
                    "url": "http://www.t-online.de/unterhaltung/stars/royals/id_69679240/koenig-juan-carlos-dankt-ab-40-jahre-auf-dem-spanischen-thron.html",
                    "wgt": 1
                },
                {
                    "body": "Der spanische K\u00f6nig JuanCarlos ( 76 ) wurde von Diktator Francisco Franco eingesetzt und f\u00fchrte sein Land in die Demokratie. Als er im November 1975 nach Francos Tod zum K\u00f6nig gekr\u00f6nt wurde, dachte er nicht daran, das Regime des \"Caudillo\" ( F\u00fchrer ) fortzuf\u00fchren. Der junge Monarch ebnete den Weg zu einem demokratischen System. JuanCarlos wurde am 5. Januar 1938 im Exil in Rom geboren. Seine Kindheit verbrachte er in Italien, Portugal und der Schweiz. 1962 heiratete er Prinzessin Sof\u00eda von Griechenland. Mit K\u00f6nigin Sof\u00eda ( 75 ) hat er drei Kinder: Infantin Elena ( 50 ), Infantin Cristina ( 48 ) und Thronfolger Felipe ( 46 ). Seine herzliche und offene Art brachten dem passionierten Segler, J\u00e4ger und Freund des Stierkampfes die Sympathien seiner Landsleute ein. In Umfragen war der Monarch lange im H\u00f6henflug - ein Jagdausflug nach Botsuana l\u00f6ste bei den unter Krise und Arbeitslosigkeit leidenden Spaniern aber 2012 Emp\u00f6rung aus. Er war nur deshalb publik geworden, weil JuanCarlos sich bei einem Sturz eine H\u00fcfte gebrochen hatte. Die Presse \u00fcbte ungew\u00f6hnlich scharfe Kritik am Monarchen und berichtete erstmals ausf\u00fchrlich \u00fcber angebliche Eheprobleme des K\u00f6nigspaars. Einige Politiker legten JuanCarlos eine Abdankung nahe. In einer Geste, die in der Geschichte der spanischen Monarchie ohne Beispiel war, entschuldigte sich der K\u00f6nig \u00f6ffentlich und gelobte Besserung. Zudem ersch\u00fctterte eine Korruptionsaff\u00e4re das K\u00f6nigshaus: Infantin Cristina steht im Verdacht, in einen Finanzskandal um ihren Ehemann I\u00f1aki Urdangarin verwickelt zu sein. \u00dcber sein Amt sagte JuanCarlos einmal: \"Hier musst Du Dir den Thron Tag f\u00fcr Tag aufs Neue verdienen. Wenn das Volk gegen Dich ist, kannst Du einpacken. \"",
                    "date": "2014-06-02",
                    "eventUri": "813724",
                    "id": "13042539",
                    "isDuplicate": false,
                    "lang": "deu",
                    "sim": 0.5146,
                    "source": {
                        "title": "T-online.de",
                        "uri": "www.t-online.de"
                    },
                    "time": "09:51:00",
                    "title": "Juan Carlos - der \"B\u00fcrgerk\u00f6nig\"",
                    "uri": "187973325",
                    "url": "http://www.t-online.de/unterhaltung/stars/royals/id_69681018/kurz-portraet-juan-carlos-der-buergerkoenig-.html",
                    "wgt": 1
                }
            ]
        },
        "info": {
            "articleCount": 24,
            "averageDate": "2014-06-02",
            "avgCos": 0.7139,
            "categories": [],
            "customDate": false,
            "customLocation": false,
            "eventUri": "813724",
            "extractedDate": "",
            "extractedDateEnd": "",
            "id": "812092",
            "lang": "deu",
            "location": {
                "country": {
                    "labelEng": "Spain",
                    "lat": 40,
                    "long": -4,
                    "wikiUri": "http://en.wikipedia.org/wiki/Spain"
                },
                "labelEng": "Madrid",
                "lat": 40.42526,
                "long": -3.69063,
                "wikiUri": "http://en.wikipedia.org/wiki/Madrid"
            },
            "storyDate": "2014-06-02",
            "storyDateEnd": "",
            "uri": "b738a3b7-2db3-4d38-88c8-76c4eb4f835b-124203",
            "variance": 0.4903
        }
    },
    "e7e700df-6a06-44ea-a4f3-f736278fc36b-181506": {
        "articles": {
            "resultCount": 7,
            "results": [
                {
                    "body": "El presidente del Gobierno, Mariano Rajoy, ha afirmado este martes que no es contrario a reformar la Constituci\u00f3n para avanzar en la soberan\u00eda de Catalu\u00f1a y que no se cierra en banda, pero que no ser\u00eda bueno para Espa\u00f1a que s\u00f3lo contara con el apoyo del PP y del PSOE.\n Durante su intervenci\u00f3n en la jornada de \"The Spain Summit\" organizada hoy por The Economist, Rajoy ha asegurado que la reforma de la constituci\u00f3n tal como piden los independentistas catalanes necesita tener una mayor\u00eda importante de apoyos.\n \"Esto de la reforma de la Constituci\u00f3n no es como la tarifa del IRPF que puede subir o bajar, sino que son las reglas del juego y las normas de convivencia de Espa\u00f1a\", ha reiterado.\n \"No me cierro en banda pero necesita una mayor\u00eda\", ha asegurado Rajoy tras insistir en que en que tambi\u00e9n est\u00e1 dispuesto a dialogar con el presidente de la Generalitat catalana, Artur Mas, para que le explique la f\u00f3rmula por la que aboga en Catalu\u00f1a.\n \"Se habla de la tercera v\u00eda, de la reforma de la constituci\u00f3n y eso son procedimientos, pero qu\u00e9 quiere usted reformar\", incide Rajoy, tras indicar que \"no me opongo si me explican por ejemplo lo que es un estado federal asim\u00e9trico y en lo que se diferencia con la Espa\u00f1a actual\".\n \"Si se me explica yo estoy dispuesto a considerarlo\", ha reiterado.\n Asimismo, ha afirmado que \"siempre\" ha hablado con el presidente de la Generalitat catalana cuando le ha llamado y \"no ha habido ninguna vez en la historia en que me haya llamado y yo no le haya recibido\".\n No obstante, ha recalcado que \"hace mucho tiempo\" que no tiene noticias de Artur Mas y ha lamentado que no le informara de la intenci\u00f3n de convocar un refer\u00e9ndum.",
                    "date": "2014-06-03",
                    "eventUri": "817164",
                    "id": "13114734",
                    "isDuplicate": false,
                    "lang": "spa",
                    "sim": 0.7854,
                    "source": {
                        "title": "El Economista (EcoDiario)",
                        "uri": "ecodiario.eleconomista.es"
                    },
                    "time": "09:03:00",
                    "title": "Rajoy afirma que no es contrario a reformar la Constituci\u00f3n, \"pero con mayor\u00eda\"",
                    "uri": "188223815",
                    "url": "http://ecodiario.eleconomista.es/flash-ecodiario/noticias/5830586/06/14/Rajoy-afirma-que-no-es-contrario-a-reformar-la-Constitucion-pero-con-mayoria.html",
                    "wgt": 1
                },
                {
                    "body": "El Consejo de Ministros se re\u00fane para preparar la sucesi\u00f3n de Juan Carlos I\nDurante su intervenci\u00f3n en la jornada de 'The Spain Summit' organizada este martes por The Economist, Rajoy ha asegurado que la reforma de la Constituci\u00f3n tal como piden los independentistas catalanes necesita tener una mayor\u00eda importante de apoyos.  \"Esto de la reforma de la Constituci\u00f3n no es como la tarifa del IRPF que puede subir o bajar, sino que son las reglas del juego y las normas de convivencia de Espa\u00f1a\", ha reiterado.\n \"No me cierro en banda, pero necesita una mayor\u00eda\", ha asegurado Rajoy tras insistir en que tambi\u00e9n est\u00e1 dispuesto a dialogar con el presidente de la Generalitat, Artur Mas, para que le explique la f\u00f3rmula por la que aboga en Catalu\u00f1a.\n \"Se habla de la tercera v\u00eda, de la reforma de la Constituci\u00f3n y eso son procedimientos, pero qu\u00e9 quiere usted reformar\", ha incidido Rajoy, tras indicar que \"no me opongo si me explican por ejemplo lo que es un estado federal asim\u00e9trico y en lo que se diferencia con la Espa\u00f1a actual\".\n \"Si se me explica, yo estoy dispuesto a considerarlo\", ha reiterado.  Asimismo, ha afirmado que \"siempre\" ha hablado con el presidente de la Generalitat catalana cuando le ha llamado y \"no ha habido ninguna vez en la historia en que me haya llamado y yo no le haya recibido\".  No obstante, ha recalcado que \"hace mucho tiempo\" que no tiene noticias de Artur Mas y ha lamentado que no le informara de la intenci\u00f3n de convocar un refer\u00e9ndum.",
                    "date": "2014-06-03",
                    "eventUri": "817164",
                    "id": "13116654",
                    "isDuplicate": false,
                    "lang": "spa",
                    "sim": 0.7626,
                    "source": {
                        "title": "Cadena SER",
                        "uri": "www.cadenaser.com"
                    },
                    "time": "09:44:00",
                    "title": "Rajoy dice que no es contrario a reformar la Constituci\u00f3n pero con mayor\u00eda",
                    "uri": "188231402",
                    "url": "http://www.cadenaser.com/espana/articulo/rajoy-dice-contrario-reformar-constitucion-mayoria/csrcsrpor/20140603csrcsrnac_12/Tes",
                    "wgt": 1
                },
                {
                    "body": "El PP gana p\u00e1lidamente, el PSOE capota y ERC encabeza Catalunya\nMadrid.  (Agencias).- - El presidente del Gobierno, Mariano Rajoy, ha afirmado hoy que no es contrario a reformar la Constituci\u00f3n para avanzar en la soberan\u00eda de Catalunya y que no se cierra en banda, pero que no ser\u00eda bueno para Espa\u00f1a que s\u00f3lo contara con el apoyo del PP y del PSOE.\n Durante su intervenci\u00f3n en la jornada de \"The Spain Summit\" organizada hoy por The Economist, Rajoy ha asegurado que la reforma de la constituci\u00f3n tal como piden los independentistas catalanes necesita tener una mayor\u00eda importante de apoyos.  \"Esto de la reforma de la constituci\u00f3n no es como la tarifa del IRPF que puede subir o bajar, sino que son las reglas del juego y las normas de convivencia de Espa\u00f1a\", ha reiterado.\n \"No me cierro en banda pero necesita una mayor\u00eda\", ha asegurado Rajoy tras insistir en que en que tambi\u00e9n est\u00e1 dispuesto a dialogar con el presidente de la Generalitat catalana, Artur Mas, para que le explique la f\u00f3rmula por la que aboga en Catalunya.\n \"Se habla de la tercera v\u00eda, de la reforma de la constituci\u00f3n y eso son procedimientos, pero qu\u00e9 quiere usted reformar\", incide Rajoy, tras indicar que \"no me opongo si me explican por ejemplo lo que es un estado federal asim\u00e9trico y en lo que se diferencia con la Espa\u00f1a actual\".  \"Si se me explica yo estoy dispuesto a considerarlo\", ha reiterado.\n Por otro lado, ha asegurado que con el presidente de la Generalitat, Artur Mas, ha hablado siempre que le ha llamado -\"No ha habido una sola vez en la historia de la Generalitat que me haya llamado y no le haya cogido el tel\u00e9fono\"- pero que no lo ha hecho desde que anunci\u00f3 la consulta y que se enter\u00f3 por los medios, como dijo el s\u00e1bado en la XXX Reuni\u00f3n del C\u00edrculo de Econom\u00eda.  \"Me pod\u00edan haber llamado puesto que soy el presidente del Gobierno\", ha lamentado, no obstante, ha recalcado que \"hace mucho tiempo\" que no tiene noticias de Mas.  Pero ha insistido en que est\u00e1 dispuesto a hablar: \"Estoy a su disposici\u00f3n como no puede ser de otra manera\".",
                    "date": "2014-06-03",
                    "eventUri": "817164",
                    "id": "13124249",
                    "isDuplicate": false,
                    "lang": "spa",
                    "sim": 0.7512,
                    "source": {
                        "title": "LaVanguardia",
                        "uri": "www.lavanguardia.com"
                    },
                    "time": "08:24:00",
                    "title": "Rajoy pide una mayor\u00eda m\u00e1s all\u00e1 de PP y PSOE para reformar la Constituci\u00f3n por Catalunya",
                    "uri": "188281006",
                    "url": "http://www.lavanguardia.com/politica/20140603/54409574253/rajoy-pide-mayoria-mas-alla-pp-psoe-reformar-constitucion-catalunya.html",
                    "wgt": 1
                },
                {
                    "body": "El presidente de la Generalitat, Artur Mas, ha asegurado hoy que el proceso soberanista sigue adelante tras la abdicaci\u00f3n del Rey Juan Carlos.  \"Hay cambio de rey en Espa\u00f1a, pero el proceso sigue adelante.  En eso no hay cambios\", ha dicho en un mensaje institucional desde el Palau de la Generalitat.\n Mas tambi\u00e9n ha hablado de que en su momento, \"hace 40 a\u00f1os\", el pueblo catal\u00e1n hizo \"una apuesta sincera\" por la Monarqu\u00eda y por el resto de instituciones del Estado, pero que ahora existe \"una desconexi\u00f3n y un distanciamiento de la mayor\u00eda de la sociedad catalana\" con respecto a esas instituciones.\n Tras desear \"suerte y \u00e9xitos\" al Pr\u00edncipe Felipe, ha pedido \"respeto y sensibilidad\" hacia la decisi\u00f3n del pueblo catal\u00e1n: \"El 9 de noviembre tenemos una cita con nuestro futuro\".\n El presidente de la Generalitat no ha querido pronunciarse acerca de un posible cambio en la Constituci\u00f3n, y ha dicho que con el texto actual ya es posible el refer\u00e9ndum que \u00e9l propone.\n Mas ha querido destacar que \"las circunstancias que vive el Estado aconsejan prudencia sobre esta decisi\u00f3n\", y por eso no ha querido valorar los motivos del anuncio.",
                    "date": "2014-06-02",
                    "eventUri": "817164",
                    "id": "13050871",
                    "isDuplicate": false,
                    "lang": "spa",
                    "sim": 0.5129,
                    "source": {
                        "title": "ELMUNDO",
                        "uri": "www.elmundo.es"
                    },
                    "time": "12:39:00",
                    "title": "Mas: 'Habr\u00e1 cambio de rey en Espa\u00f1a, pero el proceso catal\u00e1n continuar\u00e1'",
                    "uri": "188001102",
                    "url": "http://www.elmundo.es/cataluna/2014/06/02/538c65e1ca4741e62a8b4572.html",
                    "wgt": 1
                },
                {
                    "body": "El presidente de la Generalitat, Artur Mas, ha afirmado esta ma\u00f1ana que en breve habr\u00e1 un cambio de Rey de Espa\u00f1a, pero el proceso soberanista \"seguir\u00e1 adelante\".  \"Habr\u00e1 un cambio de Rey, pero no habr\u00e1 cambios en el proceso que nos debe llevar a votar el 9 de noviembre\", ha se\u00f1alado en un discurso institucional, pronunciado en el Palau de la Generalitat.  Mas ha insistido en que la sociedad catalana quiere \"decidir su futuro\".\n \"No negamos la naci\u00f3n espa\u00f1ola, pero tambi\u00e9n hay una naci\u00f3n catalana\", ha dicho, se ha llegado a un punto en las relaciones entre Catalu\u00f1a y el resto de Espa\u00f1a, ha a\u00f1adido, en el que debemos poder \"decidir nuestro futuro de manera pac\u00edfica y libre\", ha asegurado.  Por ello, ha pedido a \"todas las instituciones del Estado\" que \"respeten la voluntad del pueblo catal\u00e1n a decidir su futuro\".  Mas, que ha mostrado su \"respeto\" por la decisi\u00f3n del Monarca, que ha considerado \"l\u00f3gica dentro de la normalidad\", ha insinuado que entre las razones de la abdicaci\u00f3n real podr\u00eda haber otras razones, como la cuesti\u00f3n catalana, que han creado unas circunstancias \"excepcionales\" en el \u00e1mbiente pol\u00edtico espa\u00f1ol.\n Esquerra Republicana de Catalunya, por su parte, ha afirmado que los catalanes votar\u00e1n el pr\u00f3ximo 9 de noviembre sobre su permanencia en Espa\u00f1a y se ha mostrado adem\u00e1s favorable a que \"los ciudadanos espa\u00f1oles puedan decidir tambi\u00e9n si quieren monarqu\u00eda o rep\u00fablica\".\n Anna Sim\u00f3, portavoz nacional de ERC, ha convocado a la ciudadan\u00eda catalana ante los ayuntamiento a las 20 horas con banderas independentistas para \"insistir una vez m\u00e1s que votar es la v\u00eda\".  \"Votaremos el 9-N para decidir nuestro futuro pol\u00edtico y no estamos por terceras v\u00edas, nuestra v\u00eda es la v\u00eda catalana, la de la consulta del 9-N\", ha se\u00f1alado.  En el procedimiento formal que se iniciar\u00e1 a las Cortes espa\u00f1olas a ra\u00edz de la abdicaci\u00f3n, Sim\u00f3 ha avanzado que los tres diputados de ERC y la senadora republicana votar\u00e1n en contra de la sucesi\u00f3n.\n La valoraci\u00f3n de Pere Navarro\nPor su parte, el l\u00edder del PSC, Pere Navarro, ha asegurado que se abre una \"oportunidad\" para impulsar una reforma constitucional que permita alcanzar una Espa\u00f1a \"renovada y federal\" y poder as\u00ed hacer frente a las \"leg\u00edtimas aspiraciones catalanas\".  Hace un a\u00f1o, el 20 de febrero de 2013, Navarro ya pidi\u00f3 que el Rey abdicara y que fuera su hijo, el Pr\u00edncipe de Asturias, quien liderase lo que denomin\u00f3 una \"segunda transici\u00f3n\", as\u00ed como los \"profundos cambios y la modernizaci\u00f3n\" que, a su juicio, necesita Espa\u00f1a.\n En una comparecencia hoy ante los medios en la sede barcelonesa del partido, en la que ha le\u00eddo una declaraci\u00f3n en catal\u00e1n y castellano, Navarro ha expresado el \"afecto y respeto\" del PSC por la \"figura y la decisi\u00f3n\" del Rey Juan Carlos I, del que ha destacado su \"generosidad\" demostrada hoy.  \"Todos los dem\u00f3cratas de este pa\u00eds hemos reconocido y reconocemos su trabajo durante la Transici\u00f3n democr\u00e1tica espa\u00f1ola y, desde entonces, su papel comprometido con los valores democr\u00e1ticos de nuestro pa\u00eds, con los derechos y libertades de los espa\u00f1oles y con la transformaci\u00f3n social y econ\u00f3mica de Espa\u00f1a\", ha afirmado.\n \"Hace tiempo que insisto en la necesidad de abordar cambios imprescindibles en nuestras instituciones para que la sociedad vuelva a confiar en ellas -ha aseverado-.  Ahora estamos ante una oportunidad en la que todos los agentes implicados debemos estar a la altura, y la reforma constitucional es una de ellas\".",
                    "date": "2014-06-02",
                    "eventUri": "817164",
                    "id": "13051271",
                    "isDuplicate": false,
                    "lang": "spa",
                    "sim": 0.5036,
                    "source": {
                        "title": "El Comercio",
                        "uri": "www.elcomercio.es"
                    },
                    "time": "12:42:00",
                    "title": "Artur Mas: \"Habr\u00e1 cambio de Rey, pero el proceso catal\u00e1n contin\u00faa\"",
                    "uri": "188003176",
                    "url": "http://www.elcomercio.es/rc/20140602/mas-actualidad/nacional/artur-habra-cambio-pero-20140602141441.html?utm_source=elcomerciodigital.com&utm_medium=rss&utm_content=ultima-rss&utm_campaign=traffic-rss",
                    "wgt": 1
                },
                {
                    "body": "BARCELONA, 2 Jun. (EUROPA PRESS) -\nEl presidente de la Generalitat, Artur Mas, ha afirmado este lunes que la aspiraci\u00f3n de la consulta de autodeterminaci\u00f3n sigue tras la abdicaci\u00f3n de Don Juan Carlos: \"Habr\u00e1 cambio de rey, pero no en el proceso pol\u00edtico que est\u00e1 siguiendo el pueblo de Catalunya para que el 9 de noviembre podamos decidir nuestro futuro colectivo\".\n En una comparecencia ante los medios de comunicaci\u00f3n tras anunciarse la abdicaci\u00f3n, se ha referido al discurso de Don Juan Carlos emitido unos minutos antes: \"Al lado de la naci\u00f3n espa\u00f1ola de la que habla, tambi\u00e9n hay una naci\u00f3n catalana, y lo mejor para Catalunya es que haya esta posibilidad de decidir libre, democr\u00e1tica y pac\u00edficamente nuestro futuro como naci\u00f3n\".\n Mas ha destacado la apuesta que tuvieron los catalanes por la Constituci\u00f3n en 1978, que tambi\u00e9n significaba apostar por las instituciones del Estado que arrancaban con la Democracia y que \"deb\u00edan ser garant\u00eda del buen cumplimiento de aqu\u00e9l pacto constitucional\", pero ha constatado que actualmente hay un distanciamiento precisamente con las instituciones del Estado.",
                    "date": "2014-06-02",
                    "eventUri": "817164",
                    "id": "13048211",
                    "isDuplicate": false,
                    "lang": "spa",
                    "sim": 0.4732,
                    "source": {
                        "title": "europapress.es",
                        "uri": "www.europapress.es"
                    },
                    "time": "11:51:00",
                    "title": "Mas: \"Habr\u00e1 cambio de rey pero no en el proceso\"",
                    "uri": "187991990",
                    "url": "http://www.europapress.es/catalunya/noticia-mas-habra-cambio-rey-no-proceso-sigue-pueblo-catalunya-20140602134656.html",
                    "wgt": 1
                },
                {
                    "body": "El presidente de la Generalitat, Artur Mas, ha acusado al Gobierno espa\u00f1ol de \"recentralizar\" el sector agrario y ha manifestado que est\u00e1 llevando a cabo una \"recentralizaci\u00f3n de poder y competencia all\u00ed donde no toca\".  Tambi\u00e9n ha denunciado que \"pone mucho menos dinero que hace cuatro a\u00f1os\".\n Mas, que ha iniciado el debate general sobre el mundo agrario en el Parlamento, ha criticado que el Estado haya recortado \"un 74% sus aportaciones al Plan de Desarrollo Rural\".  \"Es como si se retirara de la pol\u00edtica agraria\", ha lamentado.\n El presidente ha explicado que, ante la postura del Ejecutivo del PP, la Generalitat \"hay que poner m\u00e1s dinero\".  \"Lo que tiene m\u00e1s capacidad financiera pone menos, el que tiene menos capacidad pone m\u00e1s\", ha remachado.\n \"La Generalitat -ha dicho- no se queda pasiva ante este panorama y hace lo posible para poner m\u00e1s dinero\".  En este sentido, ha anunciado que un \"esfuerzo\" durante el periodo 2014-2020 donde \"pasaremos de una aportaci\u00f3n del 42% a cargo de la Generalitat al 50%\".\n El presidente ha puesto de manifiesto que \"la financiaci\u00f3n que tiene de media un agricultor catal\u00e1n es un 50% menos que un agricultor del resto del Estado y casi una tercera parte de lo que recibe un agricultor en Europa\".\n Finalmente, Artur Mas ha celebrado que se hayan cumplido el 76% de las 131 resoluciones aprobadas en la \u00faltima debate sobre el mundo agrario celebrado en 2010, con CiU en la oposici\u00f3.",
                    "date": "2014-07-10",
                    "eventUri": "817164",
                    "id": "14614589",
                    "isDuplicate": false,
                    "lang": "spa",
                    "sim": 0.3935,
                    "source": {
                        "title": "economia.e-noticies.es",
                        "uri": "economia.e-noticies.es"
                    },
                    "time": "16:40:00",
                    "title": "Mas acusa al PP de \"recentralizar\" el sector agrario",
                    "uri": "195981370",
                    "url": "http://economia.e-noticies.es/un-payes-catalan-recibe-la-mitad-de-ayudas-que-uno-del-resto-del-estado-86819.html",
                    "wgt": 1
                }
            ]
        },
        "info": {
            "articleCount": 7,
            "averageDate": "2014-06-08",
            "avgCos": 0.4225,
            "categories": [],
            "customDate": false,
            "customLocation": false,
            "eventUri": "817164",
            "extractedDate": "",
            "extractedDateEnd": "",
            "id": "817164",
            "lang": "spa",
            "location": {
                "country": {
                    "labelEng": "Spain",
                    "lat": 40,
                    "long": -4,
                    "wikiUri": "http://en.wikipedia.org/wiki/Spain"
                },
                "labelEng": "Catalonia",
                "lat": 41.82046,
                "long": 1.86768,
                "wikiUri": "http://en.wikipedia.org/wiki/Catalonia"
            },
            "storyDate": "2014-06-08",
            "storyDateEnd": "",
            "uri": "e7e700df-6a06-44ea-a4f3-f736278fc36b-181506",
            "variance": 0.3215
        }
    },
    "meta": {
        "CCAArticleMatchCount": 4,
        "CCAArticleMatchRatio": 0.05714285714285714,
        "CCAAvgCosSim": 0.6810375,
        "CCAAvgMatchWgt": 18.5,
        "_articleUri1": "188223815",
        "_articleUri2": "187980674",
        "_datetime": "2015-01-20 12:42:24",
        "_ruleBasedShouldMerge": false,
        "_storyUri1": "e7e700df-6a06-44ea-a4f3-f736278fc36b-181506",
        "_storyUri2": "b738a3b7-2db3-4d38-88c8-76c4eb4f835b-124203",
        "_username": "Evgenia Belyaeva",
        "artCount1": 7,
        "artCount2": 24,
        "avgCosSimStory1": 0.4225,
        "avgCosSimStory2": 0.7139,
        "categorySim": 0,
        "conceptCosSim": 0.205727818441208,
        "conceptJaccardSim": 0.1,
        "coreTime1": 126395.85,
        "coreTime2": 126393.25,
        "coreTimeStDev1": 317.1561480126522,
        "coreTimeStDev2": 1.211386659529764,
        "entityCosSim": 0.651016839217294,
        "entityJaccardSim": 0.1818181818181818,
        "extractedDateJaccardSim": 0,
        "extractedDatesStory1": 1,
        "extractedDatesStory2": 0,
        "hasSameLocation": 1,
        "keywordCosSim": 0.05702388084302892,
        "keywordJaccardSim": 0.05263157894736842,
        "lang1": "spa",
        "lang2": "deu",
        "matchingDateCount": 0,
        "matchingDateRatio": 0,
        "ratioAnnotatedArticlesStory1": 1,
        "ratioAnnotatedArticlesStory2": 1,
        "shouldMerge": false,
        "storyQuality1": 6,
        "storyQuality2": 25,
        "timeAvg1": 126536.15,
        "timeAvg2": 126394.7215277778,
        "timeStDev1": 317.1561480126522,
        "timeStDev2": 1.822947089693002,
        "varianceStory1": 0.3215,
        "varianceStory2": 0.4903
    }
}