{
    "b738a3b7-2db3-4d38-88c8-76c4eb4f835b-56603": {
        "articles": {
            "resultCount": 10,
            "results": [
                {
                    "body": "FRANKFURT ( dpa-AFX ) - Nach dem Warnstreik des privaten Sicherheitspersonals am Frankfurter Flughafen ist bis zur nchsten Verhandlungsrunde der Tarifparteien am 5. Mrz kein weiterer Ausstand geplant. Das betonte Verdi-Sprecherin Ute Fritzel am Sonntag. Durch den Ausstand von rund 800 Mitarbeitern des Sicherheitspersonals waren am Freitag rund 100 der insgesamt 1300 Flge gestrichen worden. Etwa 37 000 von knapp 150 000 Passagieren konnten nicht fliegen. Das sei \"absolut unverhltnismig\", sagte ein Fraport-Sprecher. Am Sonntag hatte sich die Lage am Flughafen nach seinen Angaben wieder vollstndig entspannt. Bereits am Samstag hatten die Lufthansa ( Deutsche Lufthansa ) und der Bundesverband der Sicherheitswirtschaft ( BDSW ) den Streik als \"vllig berzogen \" und \"vollkommen inakzeptabel\" kritisiert. Verdi-Sprecherin Fritzel bedauerte am Sonntag, dass \"so viele Menschen \" Unannehmlichkeiten gehabt htten. \"Mit diesem Ausma und dieser groen Beteiligung haben wir nicht gerechnet\", sagte sie. Bei Verdi in Frankfurt seien am Wochenende sehr viele verzweifelte und wtende E-Mails und Anrufe von Reisenden eingegangen. Nach einer Morddrohung habe die Polizei die Service-Stelle der Gewerkschaft schlieen mssen. Der Warnstreik der privaten Sicherheitsleute hatte Deutschlands grten Flughafen am Freitag nahezu lahmgelegt. Mitarbeiter der Bereiche Personenkontrolle, Frachtkontrolle, Flughafensicherheit und Services waren aufgerufen, die Arbeit fr 21 Stunden niederzulegen. In den Terminals drngten sich zeitweise Tausende Menschen. 250 Reisende bernachteten auf Fraport-Feldbetten am Flughafen, die Lufthansa verteilte 3000 Hotel-Gutscheine an ihre Passagiere. Noch am Samstag bildeten sich vor den Sicherheitskontrollen lngere Warteschlangen als blich. Etwa 10 000 Passagiere vom Vortag mussten zustzlich abgefertigt werden. Laut Verdi-Sprecherin Fritzel hat auch der Flughafenbetreiber Schuld an der Eskalation. \"Fraport hat ganz offensichtlich berhaupt nicht reagiert und berhaupt kein Krisenmanagement an den Tag gelegt. \" Ein Fraport-Sprecher wies diesen Vorwurf als \"vollkommen ungerechtfertigt\" zurck. Die Sicherheitsleute bruchten eine spezielle Ausbildung. \"Da knnen Sie nicht einfach Ersatzpersonal hinsetzen\", sagte der Sprecher. Was die Tarifauseinandersetzung angehe, seien die Verdi-Verantwortlichen zufrieden, sagte Sprecherin Fritzel. Verdi fordert fr die Sicherheitsleute einen einheitlichen Stundenlohn von 16 Euro ./sue/DP/zb",
                    "date": "2014-02-23",
                    "eventUri": "255979",
                    "id": "5559735",
                    "isDuplicate": false,
                    "lang": "deu",
                    "sim": 0.9773,
                    "source": {
                        "title": "finanzen.net",
                        "uri": "www.finanzen.net"
                    },
                    "time": "14:18:00",
                    "title": "KORREKTUR/ROUNDUP: Normalbetrieb am Frankfurter Flughafen",
                    "uri": "161940709",
                    "url": "http://www.finanzen.net/nachricht/aktien/KORREKTUR-ROUNDUP-Normalbetrieb-am-Frankfurter-Flughafen-3319837",
                    "wgt": 1
                },
                {
                    "body": "Frankfurt/Main - Nach dem Warnstreik des privaten Sicherheitspersonals am Frankfurter Flughafen mssen Reisende bis zur nchsten Verhandlungsrunde am 5. Mrz keine weiteren Ausstnde befrchten. Das betonte Verdi-Sprecherin Ute Fritzel. Durch den Ausstand von rund 800 Mitarbeitern des Sicherheitspersonals waren am Freitag rund 100 der insgesamt 1300 Flge gestrichen worden. Etwa 37 000 von knapp 50 000 Passagieren konnten nicht fliegen. Das sei \"absolut unverhltnismig\", sagte ein Fraport-Sprecher. Heute hatte sich die Lage am Flughafen nach seinen Angaben wieder vollstndig entspannt. Zuvor hatten die Lufthansa und der Bundesverband der Sicherheitswirtschaft ( BDSW ) den Streik als \"vllig berzogen \" und \"vollkommen inakzeptabel\" kritisiert. Verdi-Sprecherin Fritzel bedauerte, dass \"so viele Menschen \" Unannehmlichkeiten gehabt htten. \"Mit diesem Ausma und dieser groen Beteiligung haben wir nicht gerechnet\", sagte sie. Bei Verdi in Frankfurt seien am Wochenende sehr viele verzweifelte und wtende E-Mails und Anrufe von Reisenden eingegangen. Der Warnstreik der privaten Sicherheitsleute hatte Deutschlands grten Flughafen am Freitag nahezu lahmgelegt. Mitarbeiter der Bereiche Personenkontrolle, Frachtkontrolle, Flughafensicherheit und Services waren aufgerufen, die Arbeit fr 21 Stunden niederzulegen. In den Terminals drngten sich zeitweise Tausende Menschen. 250 Reisende bernachteten auf Fraport-Feldbetten am Flughafen, die Lufthansa verteilte 3000 Hotel-Gutscheine an ihre Passagiere. Noch am Samstag bildeten sich vor den Sicherheitskontrollen lngere Warteschlangen als blich. Etwa 10 000 Passagiere vom Vortag mussten zustzlich abgefertigt werden. Laut Verdi-Sprecherin Fritzel hat auch der Flughafenbetreiber Schuld an der Eskalation. \"Fraport hat ganz offensichtlich berhaupt nicht reagiert und berhaupt kein Krisenmanagement an den Tag gelegt. \" Ein Fraport-Sprecher wies diesen Vorwurf als \"vollkommen ungerechtfertigt\" zurck. Die Sicherheitsleute bruchten eine spezielle Ausbildung. \"Da knnen Sie nicht einfach Ersatzpersonal hinsetzen\", sagte der Sprecher. Was die Tarifauseinandersetzung angehe, seien die Verdi-Verantwortlichen zufrieden, sagte Sprecherin Fritzel. Verdi fordert fr die Sicherheitsleute einen einheitlichen Stundenlohn von 16 Euro.",
                    "date": "2014-02-23",
                    "eventUri": "255979",
                    "id": "5558092",
                    "isDuplicate": false,
                    "lang": "deu",
                    "sim": 0.9681,
                    "source": {
                        "title": "Regionalsport aus Sachsen-Anhalt, Magdeburg und der Region",
                        "uri": "www.volksstimme.de"
                    },
                    "time": "13:38:00",
                    "title": "Normalbetrieb am Frankfurter Flughafen",
                    "uri": "161934818",
                    "url": "http://www.volksstimme.de/nachrichten/deutschland_und_welt/wirtschaft_und_boerse/wirtschaft/1231937_Normalbetrieb-amFrankfurter-Flughafen.html",
                    "wgt": 1
                },
                {
                    "body": "( im 1. Absatz, 4. Satz wurde die Gesamtzahl der Passagiere korrigiert. Diese beluft sich auf 150 000 rpt 150 000. ) FRANKFURT ( dpa-AFX ) - Nach dem Warnstreik des privaten Sicherheitspersonals am Frankfurter Flughafen ist bis zur nchsten Verhandlungsrunde der Tarifparteien am 5. Mrz kein weiterer Ausstand geplant. Das betonte Verdi-Sprecherin Ute Fritzel am Sonntag. Durch den Ausstand von rund 800 Mitarbeitern des Sicherheitspersonals waren am Freitag rund 100 der insgesamt 1300 Flge gestrichen worden. Etwa 37 000 von knapp 150 000 Passagieren konnten nicht fliegen. Das sei \"absolut unverhltnismig\", sagte ein Fraport -Sprecher. Am Sonntag hatte sich die Lage am Flughafen nach seinen Angaben wieder vollstndig entspannt. Bereits am Samstag hatten die Lufthansa und der Bundesverband der Sicherheitswirtschaft ( BDSW ) den Streik als \"vllig berzogen \" und \"vollkommen inakzeptabel\" kritisiert. Verdi-Sprecherin Fritzel bedauerte am Sonntag, dass \"so viele Menschen \" Unannehmlichkeiten gehabt htten. \"Mit diesem Ausma und dieser groen Beteiligung haben wir nicht gerechnet\", sagte sie. Bei Verdi in Frankfurt seien am Wochenende sehr viele verzweifelte und wtende E-Mails und Anrufe von Reisenden eingegangen. Nach einer Morddrohung habe die Polizei die Service-Stelle der Gewerkschaft schlieen mssen. Der Warnstreik der privaten Sicherheitsleute hatte Deutschlands grten Flughafen am Freitag nahezu lahmgelegt. Mitarbeiter der Bereiche Personenkontrolle, Frachtkontrolle, Flughafensicherheit und Services waren aufgerufen, die Arbeit fr 21 Stunden niederzulegen. In den Terminals drngten sich zeitweise Tausende Menschen. 250 Reisende bernachteten auf Fraport-Feldbetten am Flughafen, die Lufthansa verteilte 3000 Hotel-Gutscheine an ihre Passagiere. Noch am Samstag bildeten sich vor den Sicherheitskontrollen lngere Warteschlangen als blich. Etwa 10 000 Passagiere vom Vortag mussten zustzlich abgefertigt werden. Laut Verdi-Sprecherin Fritzel hat auch der Flughafenbetreiber Schuld an der Eskalation. \"Fraport hat ganz offensichtlich berhaupt nicht reagiert und berhaupt kein Krisenmanagement an den Tag gelegt. \" Ein Fraport-Sprecher wies diesen Vorwurf als \"vollkommen ungerechtfertigt\" zurck. Die Sicherheitsleute bruchten eine spezielle Ausbildung. \"Da knnen Sie nicht einfach Ersatzpersonal hinsetzen\", sagte der Sprecher. Was die Tarifauseinandersetzung angehe, seien die Verdi-Verantwortlichen zufrieden, sagte Sprecherin Fritzel. Verdi fordert fr die Sicherheitsleute einen einheitlichen Stundenlohn von 16 Euro ./sue/DP/zb ISIN DE0008232125 DE0005773303 AXC0037 2014-02-23/14:46",
                    "date": "2014-02-23",
                    "eventUri": "255979",
                    "id": "5558786",
                    "isDuplicate": false,
                    "lang": "deu",
                    "sim": 0.9676,
                    "source": {
                        "title": "FinanzNachrichten.de",
                        "uri": "www.finanznachrichten.de"
                    },
                    "time": "13:55:00",
                    "title": "KORREKTUR/ROUNDUP: Normalbetrieb am Frankfurter Flughafen",
                    "uri": "161937320",
                    "url": "http://www.finanznachrichten.de/nachrichten-2014-02/29495032-korrektur-roundup-normalbetrieb-am-frankfurter-flughafen-016.htm",
                    "wgt": 1
                },
                {
                    "body": "( Im 2. Absatz wurde der letzte Satz neu gefasst. Damit wird klargestellt, dass die Schlieung der Service-Stelle nicht auf Iniative der Polizei erfolgte. ) FRANKFURT ( dpa-AFX ) - Nach dem Warnstreik des privaten Sicherheitspersonals am Frankfurter Flughafen ist bis zur nchsten Verhandlungsrunde der Tarifparteien am 5. Mrz kein weiterer Ausstand geplant. Das betonte Verdi-Sprecherin Ute Fritzel am Sonntag. Durch den Ausstand von rund 800 Mitarbeitern des Sicherheitspersonals waren am Freitag rund 100 der insgesamt 1300 Flge gestrichen worden. Etwa 37 000 von knapp 150 000 Passagieren konnten nicht fliegen. Das sei \"absolut unverhltnismig\", sagte ein Fraport -Sprecher. Am Sonntag hatte sich die Lage am Flughafen nach seinen Angaben wieder vollstndig entspannt. Bereits am Samstag hatten die Lufthansa und der Bundesverband der Sicherheitswirtschaft ( BDSW ) den Streik als \"vllig berzogen \" und \"vollkommen inakzeptabel\" kritisiert. Verdi-Sprecherin Fritzel bedauerte am Sonntag, dass \"so viele Menschen \" Unannehmlichkeiten gehabt htten. \"Mit diesem Ausma und dieser groen Beteiligung haben wir nicht gerechnet\", sagte sie. Bei Verdi in Frankfurt seien am Wochenende sehr viele verzweifelte und wtende E-Mails und Anrufe von Reisenden eingegangen. Nach einer Morddrohung habe Verdi die Service-Stelle der Gewerkschaft geschlossen. Der Warnstreik der privaten Sicherheitsleute hatte Deutschlands grten Flughafen am Freitag nahezu lahmgelegt. Mitarbeiter der Bereiche Personenkontrolle, Frachtkontrolle, Flughafensicherheit und Services waren aufgerufen, die Arbeit fr 21 Stunden niederzulegen. In den Terminals drngten sich zeitweise Tausende Menschen. 250 Reisende bernachteten auf Fraport-Feldbetten am Flughafen, die Lufthansa verteilte 3000 Hotel-Gutscheine an ihre Passagiere. Noch am Samstag bildeten sich vor den Sicherheitskontrollen lngere Warteschlangen als blich. Etwa 10 000 Passagiere vom Vortag mussten zustzlich abgefertigt werden. Laut Verdi-Sprecherin Fritzel hat auch der Flughafenbetreiber Schuld an der Eskalation. \"Fraport hat ganz offensichtlich berhaupt nicht reagiert und berhaupt kein Krisenmanagement an den Tag gelegt. \" Ein Fraport-Sprecher wies diesen Vorwurf als \"vollkommen ungerechtfertigt\" zurck. Die Sicherheitsleute bruchten eine spezielle Ausbildung. \"Da knnen Sie nicht einfach Ersatzpersonal hinsetzen\", sagte der Sprecher. Was die Tarifauseinandersetzung angehe, seien die Verdi-Verantwortlichen zufrieden, sagte Sprecherin Fritzel. Verdi fordert fr die Sicherheitsleute einen einheitlichen Stundenlohn von 16 Euro.",
                    "date": "2014-02-23",
                    "eventUri": "255979",
                    "id": "5560422",
                    "isDuplicate": false,
                    "lang": "deu",
                    "sim": 0.964,
                    "source": {
                        "title": "Lausitzer Rundschau",
                        "uri": "www.lr-online.de"
                    },
                    "time": "14:35:00",
                    "title": "KORREKTUR 2/ROUNDUP: Normalbetrieb am Frankfurter Flughafen",
                    "uri": "161943001",
                    "url": "http://www.lr-online.de/nachrichten/wirtschaft/Alle-KORREKTUR-2-ROUNDUP-Normalbetrieb-am-Frankfurter-Flughafen%3Bart77616%2C4494926",
                    "wgt": 1
                },
                {
                    "body": "Verhandlungsrunde der Tarifparteien am 5. Mrz kein weiterer Ausstand geplant. Das betonte Verdi-Sprecherin Ute Fritzel am Sonntag. Durch den Ausstand von rund 800 Mitarbeitern des Sicherheitspersonals waren am Freitag rund 100 der insgesamt 1300 Flge gestrichen worden. Etwa 37 000 von knapp 150 000 Passagieren konnten nicht fliegen. Das sei \"absolut unverhltnismig\", sagte ein Fraport -Sprecher. Am Sonntag hatte sich die Lage am Flughafen nach seinen Angaben wieder vollstndig entspannt. Bereits am Samstag hatten die Lufthansa und der Bundesverband der Sicherheitswirtschaft ( BDSW ) den Streik als \"vllig berzogen \" und \"vollkommen inakzeptabel\" kritisiert. Verdi-Sprecherin Fritzel bedauerte am Sonntag, dass \"so viele Menschen \" Unannehmlichkeiten gehabt htten. \"Mit diesem Ausma und dieser groen Beteiligung haben wir nicht gerechnet\", sagte sie. Bei Verdi in Frankfurt seien am Wochenende sehr viele verzweifelte und wtende E-Mails und Anrufe von Reisenden eingegangen. Nach einer Morddrohung habe die Polizei die Service-Stelle der Gewerkschaft schlieen mssen. Der Warnstreik der privaten Sicherheitsleute hatte Deutschlands grten Flughafen am Freitag nahezu lahmgelegt. Mitarbeiter der Bereiche Personenkontrolle, Frachtkontrolle, Flughafensicherheit und Services waren aufgerufen, die Arbeit fr 21 Stunden niederzulegen. In den Terminals drngten sich zeitweise Tausende Menschen. 250 Reisende bernachteten auf Fraport-Feldbetten am Flughafen, die Lufthansa verteilte 3000 Hotel-Gutscheine an ihre Passagiere. Noch am Samstag bildeten sich vor den Sicherheitskontrollen lngere Warteschlangen als blich. Etwa 10 000 Passagiere vom Vortag mussten zustzlich abgefertigt werden. Laut Verdi-Sprecherin Fritzel hat auch der Flughafenbetreiber Schuld an der Eskalation. \"Fraport hat ganz offensichtlich berhaupt nicht reagiert und berhaupt kein Krisenmanagement an den Tag gelegt. \" Ein Fraport-Sprecher wies diesen Vorwurf als \"vollkommen ungerechtfertigt\" zurck. Die Sicherheitsleute bruchten eine spezielle Ausbildung. \"Da knnen Sie nicht einfach Ersatzpersonal hinsetzen\", sagte der Sprecher. Was die Tarifauseinandersetzung angehe, seien die Verdi-Verantwortlichen zufrieden, sagte Sprecherin Fritzel. Verdi fordert fr die Sicherheitsleute einen einheitlichen Stundenlohn von 16 Euro.",
                    "date": "2014-02-23",
                    "eventUri": "255979",
                    "id": "5559650",
                    "isDuplicate": false,
                    "lang": "deu",
                    "sim": 0.9639,
                    "source": {
                        "title": "Lausitzer Rundschau",
                        "uri": "www.lr-online.de"
                    },
                    "time": "14:17:00",
                    "title": "KORREKTUR/ROUNDUP: Normalbetrieb am Frankfurter Flughafen",
                    "uri": "161940517",
                    "url": "http://www.lr-online.de/nachrichten/wirtschaft/Deutschland-KORREKTUR-ROUNDUP-Normalbetrieb-am-Frankfurter-Flughafen%3Bart77650%2C4494914",
                    "wgt": 1
                },
                {
                    "body": "FRANKFURT ( dpa-AFX ) - Nach dem Warnstreik des privaten Sicherheitspersonals am Frankfurter Flughafen ist bis zur nchsten Verhandlungsrunde der Tarifparteien am 5. Mrz kein weiterer Ausstand geplant. Das betonte Verdi-Sprecherin Ute Fritzel am Sonntag. Durch den Ausstand von rund 800 Mitarbeitern des Sicherheitspersonals waren am Freitag rund 100 der insgesamt 1300 Flge gestrichen worden. Etwa 37 000 von knapp 50 000 Passagieren konnten nicht fliegen. Das sei \"absolut unverhltnismig\", sagte ein Fraport Bereits am Samstag hatten die Lufthansa Der Warnstreik der privaten Sicherheitsleute hatte Deutschlands grten Flughafen am Freitag nahezu lahmgelegt. Mitarbeiter der Bereiche Personenkontrolle, Frachtkontrolle, Flughafensicherheit und Services waren aufgerufen, die Arbeit fr 21 Stunden niederzulegen. In den Terminals drngten sich zeitweise Tausende Menschen. 250 Reisende bernachteten auf Fraport-Feldbetten am Flughafen, die Lufthansa verteilte 3000 Hotel-Gutscheine an ihre Passagiere. Noch am Samstag bildeten sich vor den Sicherheitskontrollen lngere Warteschlangen als blich. Etwa 10 000 Passagiere vom Vortag mussten zustzlich abgefertigt werden. Laut Verdi-Sprecherin Fritzel hat auch der Flughafenbetreiber Schuld an der Eskalation. \"Fraport hat ganz offensichtlich berhaupt nicht reagiert und berhaupt kein Krisenmanagement an den Tag gelegt. \" Ein Fraport-Sprecher wies diesen Vorwurf als \"vollkommen ungerechtfertigt\" zurck. Die Sicherheitsleute bruchten eine spezielle Ausbildung. \"Da knnen Sie nicht einfach Ersatzpersonal hinsetzen\", sagte der Sprecher. Was die Tarifauseinandersetzung angehe, seien die Verdi-Verantwortlichen zufrieden, sagte Sprecherin Fritzel. Verdi fordert fr die Sicherheitsleute einen einheitlichen Stundenlohn von 16 Euro ./sue/DP/zb",
                    "date": "2014-02-28",
                    "eventUri": "255979",
                    "id": "6003520",
                    "isDuplicate": false,
                    "lang": "deu",
                    "sim": 0.9439,
                    "source": {
                        "title": "www.aktiencheck.de",
                        "uri": "www.aktiencheck.de"
                    },
                    "time": "09:43:00",
                    "title": "ROUNDUP: Normalbetrieb am Frankfurter Flughafen - Verdi bedauert Streik-Ausma\u00df",
                    "uri": "161919697",
                    "url": "http://www.aktiencheck.de/news/Artikel-ROUNDUP_Normalbetrieb_am_Frankfurter_Flughafen_Verdi_bedauert_Streik_Ausmass-5538076",
                    "wgt": 1
                },
                {
                    "body": "( Im 2. Absatz wurde der letzte Satz neu gefasst. Damit wird klargestellt, dass die Schlieung der Service-Stelle nicht auf Iniative der Polizei erfolgte. ) FRANKFURT ( dpa-AFX ) - Nach dem Warnstreik des privaten Sicherheitspersonals am Frankfurter Flughafen ist bis zur nchsten Verhandlungsrunde der Tarifparteien am 5. Mrz kein weiterer Ausstand geplant. Das betonte Verdi-Sprecherin Ute Fritzel am Sonntag. Durch den Ausstand von rund 800 Mitarbeitern des Sicherheitspersonals waren am Freitag rund 100 der insgesamt 1300 Flge gestrichen worden. Etwa 37 000 von knapp 150 000 Passagieren konnten nicht fliegen. Das sei \"absolut unverhltnismig\", sagte ein Fraport Bereits am Samstag hatten die Lufthansa Der Warnstreik der privaten Sicherheitsleute hatte Deutschlands grten Flughafen am Freitag nahezu lahmgelegt. Mitarbeiter der Bereiche Personenkontrolle, Frachtkontrolle, Flughafensicherheit und Services waren aufgerufen, die Arbeit fr 21 Stunden niederzulegen. In den Terminals drngten sich zeitweise Tausende Menschen. 250 Reisende bernachteten auf Fraport-Feldbetten am Flughafen, die Lufthansa verteilte 3000 Hotel-Gutscheine an ihre Passagiere. Noch am Samstag bildeten sich vor den Sicherheitskontrollen lngere Warteschlangen als blich. Etwa 10 000 Passagiere vom Vortag mussten zustzlich abgefertigt werden. Laut Verdi-Sprecherin Fritzel hat auch der Flughafenbetreiber Schuld an der Eskalation. \"Fraport hat ganz offensichtlich berhaupt nicht reagiert und berhaupt kein Krisenmanagement an den Tag gelegt. \" Ein Fraport-Sprecher wies diesen Vorwurf als \"vollkommen ungerechtfertigt\" zurck. Die Sicherheitsleute bruchten eine spezielle Ausbildung. \"Da knnen Sie nicht einfach Ersatzpersonal hinsetzen\", sagte der Sprecher. Was die Tarifauseinandersetzung angehe, seien die Verdi-Verantwortlichen zufrieden, sagte Sprecherin Fritzel. Verdi fordert fr die Sicherheitsleute einen einheitlichen Stundenlohn von 16 Euro ./sue/DP/zb",
                    "date": "2014-02-28",
                    "eventUri": "255979",
                    "id": "5980024",
                    "isDuplicate": false,
                    "lang": "deu",
                    "sim": 0.9299,
                    "source": {
                        "title": "www.aktiencheck.de",
                        "uri": "www.aktiencheck.de"
                    },
                    "time": "03:31:00",
                    "title": "KORREKTUR 2/ROUNDUP: Normalbetrieb am Frankfurter Flughafen",
                    "uri": "161939652",
                    "url": "http://www.aktiencheck.de/news/Artikel-KORREKTUR_2_ROUNDUP_Normalbetrieb_am_Frankfurter_Flughafen-5538135",
                    "wgt": 1
                },
                {
                    "body": "Frankfurt/Main. Nach dem Warnstreik des privaten Sicherheitspersonals am Frankfurter Flughafen mssen Reisende bis zur nchsten Verhandlungsrunde am 5. Mrz keine weiteren Ausstnde befrchten. Das betonte Verdi-Sprecherin Ute Fritzel gestern. Durch den Ausstand von rund 800 Mitarbeitern des Sicherheitspersonals waren am Freitag rund 100 der insgesamt 1300 Flge gestrichen worden. Etwa 37000 von knapp 150000 Passagieren konnten nicht fliegen. Das sei \"absolut unverhltnismig\", sagte ein Fraport-Sprecher. Am Sonntag hatte sich die Lage am Flughafen nach seinen Angaben wieder vollstndig entspannt. Zuvor hatten die Lufthansa und der Bundesverband der Sicherheitswirtschaft ( BDSW ) den Streik als \"vllig berzogen \" und \"vollkommen inakzeptabel\" kritisiert. Verdi-Sprecherin Fritzel bedauerte gestern, dass \"so viele Menschen \" Unannehmlichkeiten gehabt htten. \"Mit diesem Ausma und dieser groen Beteiligung haben wir nicht gerechnet\", sagte sie. Der Warnstreik der privaten Sicherheitsleute, die ihre Arbeit fr 21 Stunden niederlegten, hatte Deutschlands grten Flughafen nahezu lahmgelegt. ( dpa )",
                    "date": "2014-02-23",
                    "eventUri": "255979",
                    "id": "5585603",
                    "isDuplicate": false,
                    "lang": "deu",
                    "sim": 0.818,
                    "source": {
                        "title": "SZ-Online",
                        "uri": "www.sz-online.de"
                    },
                    "time": "20:08:00",
                    "title": "Frankfurt fliegt wieder normal - sz-online",
                    "uri": "162021754",
                    "url": "http://www.sz-online.de/nachrichten/frankfurt-fliegtwieder-normal-2781524.html",
                    "wgt": 1
                },
                {
                    "body": "Nach dem Warnstreik des privaten Sicherheitspersonals am Flughafen ist bis zur nchsten Verhandlungsrunde der Tarifparteien am 5. Mrz kein weiterer Ausstand geplant, wie Verdi-Sprecherin Ute Fritzel am Sonntag sagte. Wegen des Ausstands von rund 800 Mitarbeitern an den Sicherheitskontrollen in den Terminals waren am Freitag rund 100 der insgesamt 1.300 Flge gestrichen worden. Nur Transitreisende wurden abgefertigt. Etwa 37.000 von knapp 50.000 Passagieren konnten nicht abfliegen. Das sei \"absolut unverhltnismig\", sagte ein Fraport-Sprecher. Bereits am Samstag hatten die Lufthansa und der Bundesverband der Sicherheitswirtschaft ( BDSW ) den Streik als \"vllig berzogen \" und \"vollkommen inakzeptabel\" kritisiert. Verdi-Sprecherin Fritzel bedauerte am Sonntag, dass \"so viele Menschen \" Unannehmlichkeiten gehabt htten: \"Mit diesem Ausma und dieser groen Beteiligung haben wir nicht gerechnet. \" Bei Verdi in Frankfurt seien am Wochenende sehr viele verzweifelte und wtende E-Mails und Anrufe von Reisenden eingegangen. Nach einer Morddrohung habe Verdi die Service-Stelle der Gewerkschaft geschlossen.",
                    "date": "2014-02-23",
                    "eventUri": "255979",
                    "id": "5572948",
                    "isDuplicate": false,
                    "lang": "deu",
                    "sim": 0.7927,
                    "source": {
                        "title": "hr-online",
                        "uri": "www.hr-online.de"
                    },
                    "time": "19:11:00",
                    "title": "Ver.di entschuldigt sich nach Streik f\u00fcr Flughafen-Chaos",
                    "uri": "161984144",
                    "url": "http://www.hr-online.de/website/rubriken/nachrichten/indexhessen34938.jsp?rubrik=36082&key=standard_document_50938251",
                    "wgt": 1
                },
                {
                    "body": "FrankfurtNach dem Warnstreik des privaten Sicherheitspersonals am Frankfurter Flughafen mssen Reisende bis zur nchsten Verhandlungsrunde am 5. Mrz keine weiteren Ausstnde befrchten. Das betonte Verdi-Sprecherin Ute Fritzel am Sonntag. Durch den Ausstand von rund 800 Mitarbeitern des Sicherheitspersonals waren am Freitag rund 100 der insgesamt 1300 Flge gestrichen worden. Etwa 37.000 von knapp 150.000 Passagieren konnten nicht fliegen. Das sei \"absolut unverhltnismig\", sagte ein Fraport-Sprecher. Am Sonntag hatte sich die Lage am Flughafen nach seinen Angaben wieder vollstndig entspannt. Zuvor hatten die Lufthansa und der Bundesverband der Sicherheitswirtschaft ( BDSW ) den Streik als \"vllig berzogen \" und \"vollkommen inakzeptabel\" kritisiert. Verdi-Sprecherin Fritzel bedauerte am Sonntag, dass \"so viele Menschen \" Unannehmlichkeiten gehabt htten. \"Mit diesem Ausma und dieser groen Beteiligung haben wir nicht gerechnet\", sagte sie. Bei Verdi in Frankfurt seien am Wochenende sehr viele verzweifelte und wtende E-Mails und Anrufe von Reisenden eingegangen. Der Warnstreik der privaten Sicherheitsleute hatte Deutschlands grten Flughafen am Freitag nahezu lahmgelegt. Mitarbeiter der Bereiche Personenkontrolle, Frachtkontrolle, Flughafensicherheit und Services waren aufgerufen, die Arbeit fr 21 Stunden niederzulegen. In den Terminals drngten sich zeitweise Tausende Menschen. 250 Reisende bernachteten auf Fraport-Feldbetten am Flughafen, die Lufthansa verteilte 3000 Hotel-Gutscheine an ihre Passagiere. Noch am Samstag bildeten sich vor den Sicherheitskontrollen lngere Warteschlangen als blich. Etwa 10.000 Passagiere vom Vortag mussten zustzlich abgefertigt werden. Laut Verdi-Sprecherin Fritzel hat auch der Flughafenbetreiber Schuld an der Eskalation. \"Fraport hat ganz offensichtlich berhaupt nicht reagiert und berhaupt kein Krisenmanagement an den Tag gelegt. \" Ein Fraport-Sprecher wies diesen Vorwurf als \"vollkommen ungerechtfertigt\" zurck. Die Sicherheitsleute bruchten eine spezielle Ausbildung. \"Da knnen Sie nicht einfach Ersatzpersonal hinsetzen\", sagte der Sprecher. Was die Tarifauseinandersetzung angehe, seien die Verdi-Verantwortlichen zufrieden, sagte Sprecherin Fritzel. Verdi fordert fr die Sicherheitsleute einen einheitlichen Stundenlohn von 16 Euro.",
                    "date": "2014-02-23",
                    "eventUri": "255979",
                    "id": "5566954",
                    "isDuplicate": false,
                    "lang": "deu",
                    "sim": 0.7239,
                    "source": {
                        "title": "WiWo Gr\u00fcnder",
                        "uri": "www.wiwo.de"
                    },
                    "time": "17:00:00",
                    "title": "\"Absolut unverh\u00e4ltnism\u00e4\u00dfig\": Verdi bedauert Streik-Ausma\u00df am Frankfurter Flughafen",
                    "uri": "161965094",
                    "url": "http://www.wiwo.de/unternehmen/handel/absolut-unverhaeltnismaessig-verdi-bedauert-streik-ausmass-am-frankfurter-flughafen/9525828.html",
                    "wgt": 1
                }
            ]
        },
        "info": {
            "articleCount": 10,
            "averageDate": "2014-02-24",
            "avgCos": 0.8837,
            "categories": [],
            "customDate": false,
            "customLocation": false,
            "eventUri": "255979",
            "extractedDate": "",
            "extractedDateEnd": "",
            "id": "270119",
            "lang": "deu",
            "location": {
                "country": {
                    "labelEng": "Germany",
                    "lat": 51.5,
                    "long": 10.5,
                    "wikiUri": "http://en.wikipedia.org/wiki/Germany"
                },
                "labelEng": "Frankfurt",
                "lat": 50.11035,
                "long": 8.67185,
                "wikiUri": "http://en.wikipedia.org/wiki/Frankfurt"
            },
            "storyDate": "2014-02-24",
            "storyDateEnd": "",
            "uri": "b738a3b7-2db3-4d38-88c8-76c4eb4f835b-56603",
            "variance": 0.169
        }
    },
    "e7e700df-6a06-44ea-a4f3-f736278fc36b-77979": {
        "articles": {
            "resultCount": 10,
            "results": [
                {
                    "body": "La aerol\u00ednea y Sepla pactan mejoras sustanciales de la productividad, congelar los sueldos hasta 2015 y ligarlos a partir de entonces a la rentabilidad del grupo.\n Iberia empieza a sentar las bases de un nuevo futuro.  La compa\u00f1\u00eda lleva tiempo negociando con todos los colectivos de trabajadores cambios sustanciales en la productividad y una reestructuraci\u00f3n del grupo que le permita dejar atr\u00e1s las p\u00e9rdidas y retomar el crecimiento.\n Tras sellar la semana pasada un pacto con los tripulantes de cabina, ahora alcanza un principio de acuerdo con sus pilotos.  Un acuerdo que se convierte en hist\u00f3rico por su calado y por las tradicionales malas relaciones entre la direcci\u00f3n de la aerol\u00ednea y el sindicato Sepla.  Tras a\u00f1os de duro conflicto laboral, la nueva direcci\u00f3n de la compa\u00f1\u00eda comandada por Luis Gallego y el sindicato de pilotos parecen, ahora s\u00ed, dispuestos a sellar la paz para garantizar el futuro del grupo.\n Salarios vinculados a la rentabilidad La filial del holding IAG ha anunciado hoy un principio de acuerdo con Sepla para introducir cambios \"estructurales y permanentes\" que garantizar\u00edan la viabilidad futura de la compa\u00f1\u00eda.  Iberia s\u00f3lo ha revelado que se ha pactado una mejora sustancial de la productividad.  Unas mejoras que, seg\u00fan informa Europa Press, contempla un incremento del 35% de las horas m\u00e1ximas de vuelo de los pilotos, hasta los 850 horas anuales (muy cerca de las 900 horas que permite la normativa internacional).  Seg\u00fan la compa\u00f1\u00eda, con estas mejoras la productividad de Iberia en corto y medio radio superar\u00e1 a las de las 'low cost' Ryanair e easyJet.\n Las medidas que incremento de la productividad van acompa\u00f1adas de una congelaci\u00f3n de los salarios hasta 2015.  A partir de entonces, los incrementos salariales estar\u00e1n sujetos a la rentabilidad de la compa\u00f1\u00eda.  Hace un a\u00f1o, tras el laudo dictado por el mediador Gregorio Tudela, el sueldo de los pilotos sufri\u00f3 una rebaja del 14%, a la que se le aplic\u00f3 un recorte adicional del 4% hasta que se alcanzara un acuerdo sobre la mejora de la productividad.  Tras el principio de acuerdo anunciado hoy, esa rebaja adicional del 4% ser\u00e1 revocada.  Aunque el dictamen del mediador afectaba tambi\u00e9n a los pilotos, \u00e9ste fue el \u00fanico colectivo que nunca lo asumi\u00f3 y no firm\u00f3 su aceptaci\u00f3n.\n \"Es un acuerdo que sienta las bases para que iberia vuelva a ser importante en Espa\u00f1a\", ha dicho el jefe de la secci\u00f3n sindical de Sepla, Justo Peral, en una in\u00e9dita rueda de prensa conjunta con el presidente de la aerol\u00ednea \"Luis Gallego ha venido con un proyecto para rejuvenecer Iberia en el que cuenta con los pilotos\", ha apuntado el l\u00edder sindical.  Una Iberia Express limitada Iberia se encuentra ya en un profundo proceso de reestructuraci\u00f3n que contempla la salida de m\u00e1s de 3.100 trabajadores, rebajas de sueldos, mejoras de la productividad y que, hasta ahora, se ven\u00eda traduciendo en un importante recorte de vuelos y rutas.  En este sentido, la estrategia de Iberia pasaba por la cesi\u00f3n de rutas dom\u00e9sticas y europeas a su 'low cost' Iberia Express, cuyo crecimiento ya estaba limitado por el laudo de Jaime Montalvo.\n El acuerdo de compa\u00f1\u00eda y pilotos limite a\u00fan m\u00e1s el posible crecimiento de la filial de bajo coste.  El laudo imped\u00eda que Iberia Express operara m\u00e1s de un 25% de la oferta de su matriz (medida en asientos-kil\u00f3metros ofertados, AKO).  El pacto anunciado hoy restringe esa proporci\u00f3n al 15%, lo que har\u00e1 que la flota de la 'low cost' no supere los 25 aviones hasta 2017 (ahora cuenta con 14 aparatos).  Garantizar la viabilidad \"Un cambio estructural permanente era la \u00fanica forma de salvar a Iberia de un lento declive.  Este acuerdo marca el comienzo del futuro de Iberia\", ha sentenciado Willie Walsh, consejero delegado de IAG.  \"Este acuerdo reduce la estructura de costes de Iberia y establece los cimientos para el crecimiento rentable de la aerol\u00ednea.  Una Iberia fuerte y rentable supone la protecci\u00f3n de empleos a largo plazo y el impulso del turismo, un sector clave para la recuperaci\u00f3n econ\u00f3mica de Espa\u00f1a y del aeropuerto de Barajas\", ha subrayado, por su parte, el presidente de Iberia, Luis Gallego.\n Tras sellar un pacto para elevar la productividad con los tripulantes de cabina y este principio de acuerdo con los pilotos, Iberia allana el camino alcanzar un acuerdo tambi\u00e9n con personal de tierra de la aerol\u00ednea, el colectivo con el que las posturas est\u00e1n m\u00e1s alejadas.  De alcanzarse la fumata blanca, Iberia sentar\u00eda las bases para renovar su flota (condicionada por la matriz IAG a acuerdos que garanticen la rentabilida de la compa\u00f1\u00eda) y retomar el crecimiento entre Europa y Am\u00e9rica Latina, su mercado principal y donde ha reducido su tama\u00f1o significativamente tras el duro plan de ajuste acometido en 2013.\n El objetivo de la compa\u00f1ia dirigida por Luis Gallego es acelerar el acuerdo con todos los colectivos para implantar las medidas de productividad y flexibilidad a finales de marzo, coincidiendo con el inicio de la temporada de verano.  En paralelo, Iberia est\u00e1 pendiente del pacto con el personal de tierra para decidir au participaci\u00f3n en el concurso del handling que ha licitado Aena, cuya fecha limite es el 20 de marzo.",
                    "date": "2014-02-15",
                    "eventUri": "233387",
                    "id": "5476448",
                    "isDuplicate": false,
                    "lang": "spa",
                    "sim": 0.8024,
                    "source": {
                        "title": "Expansion",
                        "uri": "www.expansion.com"
                    },
                    "time": "03:48:00",
                    "title": "Iberia sella un acuerdo laboral hist\u00f3rico con sus pilotos",
                    "uri": "158968224",
                    "url": "http://www.expansion.com/2014/02/13/empresas/transporte/1392287252.html",
                    "wgt": 1
                },
                {
                    "body": "Tras d\u00e9cadas de crudo conflicto laboral, con incluso momentos de ruptura total, Iberia y el sindicato de pilotos Sepla firman la paz.  Una paz que, adem\u00e1s, nace con vocaci\u00f3n de ser duradera, y no s\u00f3lo un parche como muchos de los que han trufado sus negociaciones durante a\u00f1os.\n El acuerdo es hist\u00f3rico no s\u00f3lo por el largo expediente de relaciones envenenadas entre direcci\u00f3n y pilotos (que tambi\u00e9n), sino porque busca sentar las bases de un nuevo futuro para la compa\u00f1\u00eda tras a\u00f1os de n\u00fameros rojos y de recorte de vuelos y rutas.  La matriz IAG incluso ha llegado a plantear la posibilidad de cierre si no se consiguen mejoras de productividad significativas que hagan viable la compa\u00f1\u00eda y garanticen su rentabilidad.  La renovaci\u00f3n de la flota de aviones de Iberia, de hecho, est\u00e1 totalmente paralizada hasta que se pactaran esas mejoras.\n Los encontronazos de Iberia y sus pilotos han sido constantes.  En las \u00faltimas tres d\u00e9cadas se han vivido varias huelgas legales (tambi\u00e9n alguna de celo), arbitrajes obligatorios, laudos que sustitu\u00edan al convenio colectivo... e incluso una suerte de cierre patronal en 2001.  Iberia, hoy integrada en el holding IAG (junto a British Airways y ahora tambi\u00e9n Vueling), se ha instalado en los \u00faltimos a\u00f1os en los n\u00fameros rojos y la matriz exige una reinvenci\u00f3n de la compa\u00f1\u00eda para volver la rentabilidad.  Una reinvenci\u00f3n que pasa por aligerar una estructura de costes que ha quedado desfasada por la competencia feroz del 'low cost' y tambi\u00e9n del AVE.\n Iberia inici\u00f3 hace ya un a\u00f1o un profundo proceso de reestructuraci\u00f3n que contemplaba la salida de m\u00e1s de 3.100 empleados y rebajas de sueldo.  Pero quedaba pendiente la que, seg\u00fan la direcci\u00f3n de la compa\u00f1\u00eda, era la pata m\u00e1s importante del dise\u00f1o de la nueva Iberia.  La compa\u00f1\u00eda llevaba meses negociando con todos los colectivos de trabajadores medidas de mejora de productividad.  El acuerdo con los tripulantes de cabina lleg\u00f3 la pasada semana, y a\u00fan est\u00e1 pendiente acercar posturas con el personal de tierra.  Pero conseguir un pacto con los piloto es, por su calado y por el conflictivo historial, un hito verdaderamente hist\u00f3rico.  \u00c9stas son las l\u00edneas maestras de este acuerdo.\n Ahora sueldo congelado, luego en funci\u00f3n de resultados\nEl sueldo de los pilotos se mantendr\u00e1 congelado hasta 2015 en sus niveles actuales.  A partir de entonces, las revisiones salariales estar\u00e1n vinculadas a la rentabilidad de la compa\u00f1\u00eda y los incrementos depender\u00e1n de los resultados del grupo.  Si en 2016 no hubiera beneficios, no habr\u00eda posibilidad de mejora salarial.\n Se recupera parte de la rebaja salarial\nEl a\u00f1o pasado el dictamen del mediador entre compa\u00f1\u00eda y pilotos establec\u00eda una rebaja del sueldo de los pilotos del 14%, a la que se le aplic\u00f3, adem\u00e1s, un recorte adicional del 4% hasta que no se alcanzara un acuerdo sobre mejora de la productividad.  El acuerdo anunciado hoy permitir\u00e1, una vez que se alcance un acuerdo con todos los colectivos (a\u00fan falta por pactar el personal de tierra), revocar esa rebaja extra del 4%.\n Un 35% m\u00e1s de horas de vuelo\nPilotos y compa\u00f1\u00eda han pactado una importante mejora de la productividad de este colectivo que pasa muy fundamentalmente por un incremento sustancial del n\u00famero de horas de vuelo.  Las partes no han revelado oficialmente el n\u00famero m\u00e1xima de horas de vuelo al a\u00f1o que realizar\u00e1n los pilotos, simplemente se ha apuntado que estar\u00e1 pr\u00f3ximo a las 900 horas anuales, que es el m\u00e1ximo que marca la normativa internacional.  Muy probablemente el m\u00e1ximo de los pilotos de Iberia se situar\u00e1 en torno a las 850 horas cada a\u00f1o, un 35% m\u00e1s que su l\u00edmite actual, mediante el recorte de d\u00edas libres no productivos y la reducci\u00f3n del n\u00famero de pilotos en los vuelos de largo radio (que pasar\u00edan de tres a s\u00f3lo dos).\n Cu\u00e1nto ahorrar\u00e1 la compa\u00f1\u00eda\nSeg\u00fan los c\u00e1lculos de Sepla, las mejoras de productividad con que empezar\u00e1n a operar los pilotos permitir\u00e1n a la aerol\u00ednea recortar un 62% los costes vinculados al colectivo en relaci\u00f3n a los niveles del a\u00f1o pasado.  La compa\u00f1\u00eda presume que los cambios en la operativa que empezar\u00e1n a implementarse permitir\u00e1n en unos a\u00f1os colocar a Iberia como l\u00edder en productividad en los vuelos de medio y corte recorrido, mejorando incluso los ratios actuales de sus grandes rivales 'low cost' easyJet y Ryanair.\n Blindaje de la T4\nHasta ahora, los pilotos ten\u00edan como gran baza de negociaci\u00f3n el famoso Anexo 10 de su convenio colectivo.  Una cl\u00e1usula que limitaba la oferta de vuelos desde la T4 de Madrid-Barajas que Iberia pod\u00eda externalizar en compa\u00f1\u00edas sin acuerdo expl\u00edcito con Sepla.  En el pr\u00f3ximo convenio, a\u00fan por negociar (pero que tendr\u00e1 como l\u00edneas maestras el principio de acuerdo anunciado ayer), no contendr\u00e1 esa cl\u00e1usula.  No obstante, el crecimiento de Vueling en Barajas seguir\u00e1 estando limitado, aunque no se han facilitado m\u00e1s detalles.  En cualquier caso, desde Iberia se subraya que la externalizaci\u00f3n de vuelos, tras las mejoras de productividad de la aerol\u00ednea, ser\u00eda innecesaria.\n Una Iberia Express de tama\u00f1o limitado\nEl plan de Iberia de crear una filial de bajo coste propia para abaratar costes hizo saltar por los aires las relaciones con sus pilotos desde 2012.  Iberia lleva casi dos a\u00f1os cediendo rutas dom\u00e9sticas y europeas a su nueva filial 'low cost', cuyos costes de operaci\u00f3n son significativamente menores a los de la matriz.  El antiguo laudo obligatorio limitaba el crecimiento de Iberia Express e imped\u00eda que su oferta de vuelos superara el 25% de la oferta de su matriz (medida en asientos-kil\u00f3metros ofertados, AKO).  El pacto anunciado ayer restringe a\u00fan m\u00e1s ese l\u00edmite y lo fija en el 15%, lo que har\u00e1 que la flota de la 'low cost' no supere los 25 aviones hasta 2017 (ahora cuenta con 14 aparatos).\n S\u00ed de pilotos y azafatos; falta el personal de tierra\nIberia alcanz\u00f3 ya la semana pasada un acuerdo de mejora de la productividad con los sindicatos del colectivo de tripulantes de cabina y ahora sella un principio de acuerdo tambi\u00e9n con sus pilotos.  Queda por pactar el nuevo marco de productividad con el personal de tierra, el colectivo con el que las posturas est\u00e1n m\u00e1s alejadas.  El objetivo de la compa\u00f1\u00eda es conseguir el acuerdo con todos los colectivos cuanto antes para empezar a implantar las nuevas medidas de productividad a finales de marzo, coincidiendo con el inicio de la temporada de verano.  El caso del personal de tierra es particular, porque del acuerdo o falta de \u00e9l depende que Iberia decida presentarse al macroconcurso de licencias de handling que est\u00e1 licitando Aena y cuya fecha l\u00edmite para formalizar las ofertas es el pr\u00f3ximo 20 de marzo.",
                    "date": "2014-02-15",
                    "eventUri": "233387",
                    "id": "5482547",
                    "isDuplicate": false,
                    "lang": "spa",
                    "sim": 0.7589,
                    "source": {
                        "title": "Expansion",
                        "uri": "www.expansion.com"
                    },
                    "time": "04:21:00",
                    "title": "Claves de un acuerdo hist\u00f3rico: Iberia y Sepla firman la paz",
                    "uri": "159044814",
                    "url": "http://www.expansion.com/2014/02/13/empresas/transporte/1392310710.html",
                    "wgt": 1
                },
                {
                    "body": "A la derecha, la ministra Ana Pastor y su n\u00famero dos, Rafael Catal\u00e1, con el presidente de Iberia, Luis Gallego, y el del Sepla, Justo Peral\nEl \"hist\u00f3rico\" principio de acuerdo alcanzado esta semana entre la direcci\u00f3n de Iberia y el sindicato de pilotos Sepla para reducir los costes de la compa\u00f1\u00eda supone \"el inicio de una nueva y constructiva relaci\u00f3n laboral\", seg\u00fan la aerol\u00ednea, despu\u00e9s de a\u00f1os de conflicto entre las partes.  Estas son algunas de las claves y las consecuencias que tendr\u00e1 el pacto.\n \u00bfLos acuerdos conllevar\u00e1n reducciones de sueldo y mayor carga de trabajo?\n El principio de acuerdo, que a\u00fan se debe redactar y debe ser votado por los cerca de 1.300 pilotos de la compa\u00f1\u00eda en la asamblea de Sepla, mantiene la reducci\u00f3n salarial del 14% que estipulaba la mediaci\u00f3n de Gregorio Tudela del a\u00f1o pasado.  Asimismo, recoge una congelaci\u00f3n salarial hasta 2015.  A partir de ese momento la evoluci\u00f3n de los emolumentos se ligar\u00e1 a la rentabilidad de la compa\u00f1\u00eda.  Tras el acuerdo, la compa\u00f1\u00eda podr\u00e1 contratar nuevos pilotos a partir de 30.000 euros, frente a los 200.000 que cobran algunos comandantes.\n \u00bfQu\u00e9 supondr\u00e1 este acuerdo para la compa\u00f1\u00eda?\n La compa\u00f1\u00eda lo ha calificado de \"hito hist\u00f3rico\".  Su importancia se puede evaluar en dos \u00e1mbitos.  Por una parte, servir\u00e1 para dejar a un lado la conflictividad de unas relaciones continuamente sometidas a arbitrajes y procedimientos judiciales.  Por otro, facilita la base de costes que la compa\u00f1\u00eda a\u00e9rea hab\u00eda reclamado para acometer la apertura de nuevas rutas y la compra de nuevos aviones, m\u00e1s eficientes.  \"Este acuerdo marca el comienzo del futuro de Iberia\", destac\u00f3 ayer Willie Walsh, el consejero delegado de IAG.  La sociedad matriz ha avanzado que el pacto \"establece los cimientos\" para llevar a cabo el \"escenario m\u00e1s positivo de los planteados\".\n \u00bfQu\u00e9 consecuencias tendr\u00e1 para la econom\u00eda espa\u00f1ola?\n Se trata de un acuerdo clave para el desarrollo del sector tur\u00edstico espa\u00f1ol y la conectividad a\u00e9rea.  Valgan de resumen las declaraciones del presidente de Iberia, Luis Gallego, en una reciente entrevista a ABC: \"Si no reestructuramos Iberia, puede caer Barajas\".  En efecto, la reducci\u00f3n de tr\u00e1fico en Iberia y las limitaciones a la filial de bajo coste Iberia Express han lastrado al aeropuerto madrile\u00f1o.  En este sentido, la alcaldesa de Madrid, Ana Botella, se felicit\u00f3 por el pacto y se\u00f1al\u00f3 que ayudar\u00e1 a que Barajas \"remonte el vuelo\".\n \u00bfAparte de la productividad, qu\u00e9 otras medidas incluye?\n Una de las medidas m\u00e1s importantes es la supresi\u00f3n del escalaf\u00f3n \u00fanico entre Iberia e Iberia Express.  Es decir, esta \u00faltima se convertir\u00e1 en una aerol\u00ednea independiente con sus propias tablas salariales y reglamentos.  Y las limitaciones para que vuelen otras aerol\u00edneas del grupo desde Barajas se limitar\u00e1 solo a Vueling.\n \u00bfTodos los colectivos de Iberia han suscrito los acuerdo?\n El de los pilotos se conceb\u00eda como el acuerdo m\u00e1s complicado.  Sin embargo, ha sido el primero en cerrarse.  Los tripulantes de cabina consensuaron la semana pasada las condiciones de productividad, pero a\u00fan exigen garant\u00edas de empleo.  Al igual que el colectivo de tierra, que debe rebajar sus costes para presentarse a los pr\u00f3ximos concursos de \"handling\".",
                    "date": "2014-02-14",
                    "eventUri": "233387",
                    "id": "5338835",
                    "isDuplicate": false,
                    "lang": "spa",
                    "sim": 0.749,
                    "source": {
                        "title": "ABC.ES",
                        "uri": "www.abc.es"
                    },
                    "time": "03:00:00",
                    "title": "Los puntos clave del \"hist\u00f3rico\" acuerdo entre Iberia y los pilotos",
                    "uri": "158763814",
                    "url": "http://www.abc.es/economia/20140214/abci-claves-acuerdo-iberia-sindicatos-201402132138.html?utm_source=abc&utm_medium=rss&utm_content=uh-rss&utm_campaign=traffic-rss",
                    "wgt": 1
                },
                {
                    "body": "Iberia ha alcanzado un acuerdo con los pilotos que pone fin a un conflicto abierto hace dos a\u00f1os por la creaci\u00f3n de la filial de bajo coste Iberia Express, que desemboc\u00f3 en varias jornadas de huelga en la primavera de 2012 y en la cancelaci\u00f3n de cientos de vuelos.  El pacto laboral permite el desarrollo de la low cost, hasta ahora paralizado y que est\u00e1 considerado un punto clave para el futuro de la compa\u00f1\u00eda, que arrastra cinco a\u00f1os de p\u00e9rdidas, y tambi\u00e9n vincula los salarios de los pilotos a la rentabilidad de la empresa.\n En un hecho relevante, el grupo IAG, fruto de la fusi\u00f3n de Iberia y British Airways, anunci\u00f3 este jueves este principio de acuerdo \"hist\u00f3rico\" con el Sepla, que deber\u00e1 ser sometido a la aprobaci\u00f3n de los pilotos en asamblea, para \"introducir cambios estructurales permanentes y mejorar la viabilidad de la aerol\u00ednea\".\n La paz sellada con los pilotos -- hist\u00f3ricamente, el sector m\u00e1s conflictivo de Iberia -- allana el camino para que la compa\u00f1\u00eda pacte con el resto de colectivos el acuerdo global de flexibilidad laboral prometido a los analistas para volver a los beneficios este mismo a\u00f1o.  Esta misma semana se lleg\u00f3 a un principio de acuerdo con los tripulantes de cabina sobre las condiciones de trabajo, aunque todav\u00eda faltaba cerrar algunos temas econ\u00f3micos y de garant\u00eda del empleo hasta 2015.  Los representantes de los trabajadores de tierra siguen negociando.\n El consejero delegado de Iberia, Luis Gallego, hab\u00eda condicionado la apertura de nuevas rutas, el incremento de frecuencias y la compra de nuevos aviones a la consecuci\u00f3n de un pacto con la plantilla que permita un recorte de los gastos laborales.\n El sueldo de los pilotos se congelar\u00e1 hasta 2015 y despu\u00e9s de esa fecha, los incrementos salariales estar\u00e1n sujetos a la rentabilidad de la compa\u00f1\u00eda.  Esta medida se une a la rebaja salarial del 14% ya pactada el a\u00f1o pasado.  Adem\u00e1s, los pilotos volar\u00e1n m\u00e1s horas al a\u00f1o.\n Otro elemento clave del acuerdo es que permite el desarrollo de Iberia Express, la filial de bajo coste, cuyo crecimiento estaba ahora paralizado por un pleito que manten\u00eda la aerol\u00ednea con los pilotos.  La creaci\u00f3n de la filial de bajo coste, en marzo de 2012, ha sido el principal punto de enfrenamiento entre la direcci\u00f3n y los pilotos.  En su d\u00eda dio lugar a varias jornadas de huelgas que dieron pie a varios laudos que, finalmente, fijaron condiciones laborales para los pilotos de Iberia Express que no hac\u00edan rentable la compa\u00f1\u00eda, seg\u00fan Iberia, lo que llev\u00f3 a su par\u00e1lisis en los actuales 14 aviones.\n Buena parte de la reestructuraci\u00f3n puesta en marcha por Iberia para salir de las p\u00e9rdidas depende del acuerdo con su plantilla.  El a\u00f1o pasado la compa\u00f1\u00eda acord\u00f3 con los trabajadores un expediente de regulaci\u00f3n de empleo (ERE) para 3.141 empleados, el 15% del total, despu\u00e9s de varias jornadas de huelga que acabaron en un proceso de mediaci\u00f3n promovido por el Gobierno para evitar la par\u00e1lisis de los aeropuertos.  Entonces, seg\u00fan la direcci\u00f3n, Iberia perd\u00eda un mill\u00f3n de euros al d\u00eda.\n \"Este acuerdo reduce la estructura de costes de Iberia y establece los cimientos para el crecimiento rentable de la aerol\u00ednea\", indic\u00f3 el consejero delegado de Iberia, Luis Gallego, en una nota de prensa.  \"Una Iberia fuerte y rentable supone la protecci\u00f3n de empleos a largo plazo y el impulso del turismo, un sector clave para la recuperaci\u00f3n econ\u00f3mica de Espa\u00f1a y del aeropuerto de Barajas\", a\u00f1adi\u00f3.  \"Este acuerdo marca el comienzo del futuro de Iberia\", asegur\u00f3 Willie Walsh, consejero delegado de IAG.",
                    "date": "2014-02-13",
                    "eventUri": "233387",
                    "id": "5291161",
                    "isDuplicate": false,
                    "lang": "spa",
                    "sim": 0.7456,
                    "source": {
                        "title": "EL PA\u00cdS",
                        "uri": "economia.elpais.com"
                    },
                    "time": "12:24:00",
                    "title": "Iberia y los pilotos firman la paz para asegurar el futuro de la aerol\u00ednea",
                    "uri": "158623329",
                    "url": "http://economia.elpais.com/economia/2014/02/13/actualidad/1392288498_643983.html",
                    "wgt": 1
                },
                {
                    "body": "MADRID (Reuters) - Iberia y el sindicato de pilotos Sepla han alcanzado un principio de acuerdo tras varios a\u00f1os de conflicto para implementar cambios estructurales permanentes en la compa\u00f1\u00eda y volver a la senda de crecimiento.\n En un hecho relevante, la aerol\u00ednea dijo que el acuerdo, que a\u00fan tiene que ser ratificado por los pilotos en una asamblea general, permite reducir su base de costes y aumentar su competitividad.\n \"Es un paso firme para la compa\u00f1\u00eda y los empleados\", dijo Luis Gallego, presidente ejecutivo de IBERIA (IBLA.M MC)en la presentaci\u00f3n del acuerdo.\n Iberia puso en marcha el a\u00f1o pasado un recorte de plantilla que afectar\u00e1 a 3.800 de sus 15.000 trabajadores y redujo la oferta de vuelos un 14 por ciento al se\u00f1alar que con su actual estructura de costes perd\u00eda dinero en la mayor\u00eda de sus rutas.\n Como consecuencia del ajuste, el tr\u00e1fico de pasajeros de Iberia baj\u00f3 el a\u00f1o pasado un 16,5 por ciento y la compa\u00f1\u00eda, integrada en el holding International Consolidated Airlines Group (IAG), dijo que necesitaba alcanzar acuerdos de productividad con la plantilla para garantizar su viabilidad y volver a abrir nuevas rutas.\n Las negociaciones con los sindicatos sobre este tema empezaron despu\u00e9s del verano y el acuerdo alcanzado con los pilotos se ha producido a solo pocos d\u00edas despu\u00e9s de que los 3.000 tripulantes de cabina de Iberia dijeran que tambi\u00e9n aceptar\u00edan nuevas medidas de productividad siempre que la compa\u00f1\u00eda les diera garant\u00edas de empleo para los pr\u00f3ximos a\u00f1os.\n Gallego no quiso entrar en este tema el jueves y dijo escuetamente que las negociaciones con los tripulantes de cabina y con el personal de tierra segu\u00edan adelante.\n El preacuerdo fraguado con los pilotos prev\u00e9 un recorte salarial del 14 por ciento adem\u00e1s de horarios m\u00e1s flexibles y una mayor carga laboral.\n \"Con estas modificaciones, tenemos en Iberia ahora una estructura de costes similar a la de las aerol\u00edneas de bajo coste\", dijo Justo Peral, responsable del sindicatos de pilotos de Iberia.  Seg\u00fan Peral, los costes laborales de Iberia para sus pilotos bajar\u00e1n m\u00e1s de un 60 por ciento con estos ajustes.\n NUEVAS RUTAS Y AVIONES\nGallego dijo que la apertura de nuevas rutas y la compra de aviones depender\u00eda tambi\u00e9n de los acuerdos laborales que se alcancen con los otros colectivos y de la evoluci\u00f3n de la demanda en sus mercados en los pr\u00f3ximos meses.  No obstante, el m\u00e1ximo responsable de Iberia se\u00f1al\u00f3 que el pacto con los pilotos reforzar\u00e1 la posici\u00f3n competitiva de la compa\u00f1\u00eda en sus rutas a Latinoam\u00e9rica al tiempo que le permitir\u00e1 defenderse mejor contra los operadores de bajo coste en Espa\u00f1a.\n En este contexto, Gallego dijo que el pacto con los pilotos tambi\u00e9n le permitir\u00e1 extender la red de trayectos de Iberia Express, la filial de bajo coste de Iberia.\n Seg\u00fan Gallego, Iberia Express podr\u00eda asumir en un futuro hasta un 15 por ciento de la producci\u00f3n (asientos-kil\u00f3metro ofertados) de Iberia, lo que le permitir\u00eda aumentar la flota de Iberia Express hasta 25 aviones desde los 15 actuales.\n En la bolsa, la reacci\u00f3n inicial al acuerdo con los sindicatos era positiva.  Las acciones de IAG, que cotizan en Londres y en Madrid, recuperaban sus p\u00e9rdidas iniciales y, a las 1450 horas, sub\u00edan un 1,3 por ciento a 5,302 euros en un mercado bajista.",
                    "date": "2014-02-13",
                    "eventUri": "233387",
                    "id": "5298028",
                    "isDuplicate": false,
                    "lang": "spa",
                    "sim": 0.7449,
                    "source": {
                        "title": "El Economista",
                        "uri": "www.eleconomista.es"
                    },
                    "time": "14:30:00",
                    "title": "Iberia y pilotos pactan la paz social para volver a crecer",
                    "uri": "158645723",
                    "url": "http://www.eleconomista.es/empresas-finanzas/noticias/5539825/02/14/Iberia-y-pilotos-pactan-la-paz-social-para-volver-a-crecer.html",
                    "wgt": 1
                },
                {
                    "body": "Tras a\u00f1os de conflicto, Iberia y los pilotos ultiman un acuerdo\nIberia y los pilotos de Sepla celebran hoy por la ma\u00f1ana una reuni\u00f3n en la que se podr\u00eda ponerfin a m\u00e1s de a\u00f1o y medio de conflicto con este colectivo.  Seg\u00fan indican fuentes pr\u00f3ximas a las negociaciones, ambas organizaciones podr\u00edan confirmar hoy -o a m\u00e1s tardar ma\u00f1ana, si se prorrogan un d\u00eda m\u00e1s las conversaciones - la firma del acuerdo de productividad, que sustituir\u00eda a las condiciones fijadas en la mediaci\u00f3n de Gregorio Tudela, impuesta durante la oleada de huelgas que sigui\u00f3 al plan de reestructuraci\u00f3n presentado por la matriz de la aerol\u00ednea, IAG, que se sald\u00f3 con un ERE para m\u00e1s de 3.100 trabajadores.\n El nuevo presidente de la compa\u00f1\u00eda a\u00e9rea, Luis Gallego, hab\u00eda supeditado la apertura de nuevas rutas, el incremento de frecuencias y la compra de nuevos aviones a la firma de un acuerdo con los distintos sindicatos (adem\u00e1s de los pilotos, tripulantes de cabina y personal de tierra).  El pacto incluye, como avanz\u00f3 ABC, aspectos cruciales para el desarrollo de la aerol\u00ednea.  Adem\u00e1s de aplicar nuevas condiciones salariales y de horas de vuelo, el texto prev\u00e9 la flexibilizaci\u00f3n del \"anexo 10\" -que determina que los vuelos de largo radio hacia y desde el \"hub\" madrile\u00f1o deben ser realizados por pilotos de la antigua aerol\u00ednea de bandera espa\u00f1ola- y la creaci\u00f3n de una nueva estructura para Iberia Express, que comparte escalaf\u00f3n con la plantilla de pilotos de la matriz desde el laudo arbitral dictado en 2012.\n Nuevas medidas\nLas nuevas medidas de productividad se encontraban pr\u00e1cticamente cerradas desde el inicio de las negociaciones.  Los pilotos de Iberia se aproximar\u00e1n a los niveles de producci\u00f3n de sus competidores y pasar\u00e1n a operar 850 horas anuales de vuelo, cerca de un 35% m\u00e1s que en el modelo anterior y muy pr\u00f3ximos al m\u00e1ximo legal de 900 horas.\n En el apartado de las condiciones salariales, se esperan recortes significativos.  Iberia hab\u00eda exigido unos sueldos m\u00e1s competitivos, en l\u00ednea con los de otras aerol\u00edneas del grupo, como Vueling, donde los salarios oscilan desde los 30.000 euros anuales de entrada hasta los 70.000 en el caso de los segundos de a bordo y hasta 140.000 para los comandantes.  Es decir, aplicando esta horquilla, los costes salariales en Iberia deber\u00edan dividirse hasta la mitad, puesto que el de un comandante de largo radio de esta se sit\u00faa cerca de los 200.000 euros al a\u00f1o.\n La mediaci\u00f3n ya impuso rebajas en los sueldos que oscilaban entre el 7%, para el personal de tierra, y del 14% para la tripulaci\u00f3n.  Adem\u00e1s, al no haber llegado a un acuerdo sobre las medidas de productividad un mes despu\u00e9s de la mediaci\u00f3n, se les impuso un recorte adicional del 4%, tal y como estipulaba la propuesta de Tudela.\n En el caso del anexo 10, los pilotos acercar\u00e1n dicha cl\u00e1usula al modelo de British Airways (BA), menos restrictivo que el espa\u00f1ol.  Para la aerol\u00ednea de bajo coste, el acuerdo contempla la supresi\u00f3n del escalaf\u00f3n \u00fanico, pese a que se mantendr\u00edan las limitaciones de oferta de asientos.  Sepla insiste en que la eliminaci\u00f3n de dicho escalaf\u00f3n compartido no debe impedir a los segundos de a bordo de la matriz ser transferidos a la \"low cost\", que volver\u00e1n a Iberia de nuevo como segundos a la espera de una vacante.\n Si finalmente se materializa este pacto se sumar\u00eda al preacuerdo alcanzado esta semana entre la direcci\u00f3n de Iberia y los principales sindicatos de tripulaci\u00f3n de cabina (TCP).",
                    "date": "2014-02-13",
                    "eventUri": "233387",
                    "id": "5270501",
                    "isDuplicate": false,
                    "lang": "spa",
                    "sim": 0.7383,
                    "source": {
                        "title": "ABC.ES",
                        "uri": "www.abc.es"
                    },
                    "time": "04:39:00",
                    "title": "Iberia ultima un acuerdo con los pilotos que le permitir\u00e1 crecer",
                    "uri": "158556045",
                    "url": "http://www.abc.es/economia/20140213/abci-pilotos-iberia-acuerdo-201402122150.html?utm_source=abc&utm_medium=rss&utm_content=uh-rss&utm_campaign=traffic-rss",
                    "wgt": 1
                },
                {
                    "body": "International Consolidated Airlines Group (IAG) ha celebrado en Bolsa el acuerdo alcanzado hoy entre Iberia y el sindicato de pilotos Sepla.  Sus acciones subieron un 3% y cerraron la jornada burs\u00e1til de hoy 5,388 euros, su m\u00e1ximo hist\u00f3rico.\n El hecho de que Iberia y sus pilotos hayan sellado un principio de acuerdo laboral \"hist\u00f3rico\" sobre productividad tras a\u00f1os de conflicto, que permitir\u00e1 a la aerol\u00ednea reducir sus costes y ser m\u00e1s competitiva, ha motivado que los t\u00edtulos del holding a\u00e9reo superaran su anterior r\u00e9cord, registrado el pasado 22 de enero, cuando cerraron a 5,35 euros.\n Conviene recordar que este pacto se suma al preacuerdo alcanzado esta semana entre Iberia y los principales sindicatos de tripulaci\u00f3n de cabina, por lo que se conf\u00eda que los acuerdos entre los diferentes colectivos se vayan produciendo de manera progresiva, en lo que se refiere al personal de tierra.  La de hoy es la segunda mayor subida entre las empresas del IBEX 35, que han estado lideradas por Bankia.  Los t\u00edtulos de la entidad financiera se han revalorizado un 3,25% frente al 3% de IAG.\n Este nuevo m\u00e1ximo hist\u00f3rico de los t\u00edtulos del holding a\u00e9reo es m\u00e1s de 2 euros superior a los 3,35 euros cotizados en su salida a bolsa el 24 de enero de 2011 y supone un incremento del 60,8%.\n La cotizaci\u00f3n actual es 3,5 veces superior a la de su m\u00ednimo hist\u00f3rico alcanzado el 22 de noviembre de 2011, cuando llegaron hasta 1,53 euros.  Con respecto a la fecha en que IAG anunci\u00f3 la reestructuraci\u00f3n de Iberia, el 8 de noviembre de 2012, acumulan una revalorizaci\u00f3n del 154%, ya que entonces cotizaban a 2,12 euros.\n Entonces, cuando IAG anunci\u00f3 dicho plan, contemplaba m\u00e1s de 4.500 despidos.  Tras su negociaci\u00f3n, que culmin\u00f3 el pasado 15 de marzo con la mediaci\u00f3n de Gregorio Tudela, supuso finalmente 3.141 salidas, que se ejecutar\u00e1n hasta 2015.  En este periodo, IAG ha llevado a cabo tambi\u00e9n la adquisici\u00f3n de Vueling, compa\u00f1\u00eda que estaba participada por Iberia y que ahora ha sido integrada en el grupo a\u00e9reo.",
                    "date": "2014-02-15",
                    "eventUri": "233387",
                    "id": "5459610",
                    "isDuplicate": false,
                    "lang": "spa",
                    "sim": 0.6413,
                    "source": {
                        "title": "Expansion",
                        "uri": "www.expansion.com"
                    },
                    "time": "02:30:00",
                    "title": "Las acciones de IAG marcan un m\u00e1ximo hist\u00f3rico tras el acuerdo de Iberia con los pilotos",
                    "uri": "158968238",
                    "url": "http://www.expansion.com/2014/02/13/mercados/1392312773.html",
                    "wgt": 1
                },
                {
                    "body": "La plataforma m\u00e1s completa de informaci\u00f3n y servicios econ\u00f3micos para iPad.\n - Sigue complicado el de tierra aunque ha avanzado en los \u00faltimos d\u00edas\nMADRID, 23 (SERVIMEDIA)\nEl acuerdo entre IBERIA (IBLA.M MC)y los tripulantes de cabina (TCP) se da ya por hecho y se espera que sea rubricado esta pr\u00f3xima semana, ya que estos \u00faltimos d\u00edas se han cerrado algunos de los puntos pendientes, como la garant\u00eda de mantenimiento de empleo hasta 2017.\n Seg\u00fan explicaron a Servimedia fuentes sindicales, esta garant\u00eda de empleo es algo que tambi\u00e9n se aplicar\u00eda a los trabajadores de tierra, colectivo en el que el acuerdo sigue estando complicado pese a que tambi\u00e9n ha habido avances esta \u00faltima semana.\n En el colectivo de TCP, los sindicatos UGT, CCOO, Sitcpla y CTA Vuelo ya firmaron un principio de acuerdo, con medidas similares a las aceptadas por los pilotos, como la ampliaci\u00f3n de las horas de vuelo anuales hasta 900, el m\u00e1ximo legal.  Ahora quedan pendientes aspectos relativos a beneficios sociales y sobre la resoluci\u00f3n extrajudicial de conflictos.\n Dentro de tierra, existen problemas tanto en mantenimiento como en 'handling', los trabajos de asistencia en los aeropuertos.  En el primero, Iberia quiere lograr unas condiciones que le permitan conservar el contrato de Vueling, contrato que ser\u00e1 adjudicado a mediados de 2014 y que es fundamental para que el \u00e1rea de mantenimiento de Iberia pueda ser rentable.\n En cuanto al 'handling', los trabajos de asistencia en tierra en los aeropuertos, las partes han acercado posiciones en los \u00faltimos d\u00edas y, aunque sigue habiendo discrepancias, parece que Iberia cuenta ya con unas condiciones adecuadas para competir con garant\u00edas en los concursos de Aena en muchos aeropuertos, entre ellos Barajas y El Prat.\n Con todo ello, parece dif\u00edcil que se cierre un acuerdo con este colectivo esta pr\u00f3xima semana, antes de que International Airlines group (IAG) presente el viernes sus resultados econ\u00f3micos de 2013.\n Por su parte, tras el preacuerdo entre la Secci\u00f3n Sindical del Sepla e Iberia, los pilotos han mostrado en dos asambleas informativas celebradas el pasado martes y jueves su respaldo a dicho pacto, que debe ser votado pr\u00f3ximamente.\n Iberia se ha comprometido a incrementar vuelos y frecuencias en 2014 si concluye con \u00e9xito las negociaciones con todos los colectivos y a adquirir nuevos aviones A330 para su flota de largo radio, haciendo valer una serie de opciones adicionales a los ocho modelos ya comprometidos.\n Tambi\u00e9n pone sobre la mesa la posibilidad de que sus trabajadores recuperen los 4 puntos porcentuales de rebaja adicional de salario que les aplic\u00f3 a la fijada en la mediaci\u00f3n de Gregorio Tudela, del 7% para los trabajadores de tierra y del 14% para los tripulantes.",
                    "date": "2014-02-23",
                    "eventUri": "233387",
                    "id": "5547983",
                    "isDuplicate": false,
                    "lang": "spa",
                    "sim": 0.604,
                    "source": {
                        "title": "El Economista",
                        "uri": "www.eleconomista.es"
                    },
                    "time": "09:33:00",
                    "title": "El acuerdo entre iberia y los tripulantes de cabina, a punto",
                    "uri": "161900271",
                    "url": "http://www.eleconomista.es/economia/noticias/5565025/02/14/El-acuerdo-entre-iberia-y-los-tripulantes-de-cabina-a-punto.html",
                    "wgt": 1
                },
                {
                    "body": "La plataforma m\u00e1s completa de informaci\u00f3n y servicios econ\u00f3micos para iPad.\n La aerol\u00ednea espa\u00f1ola ha logrado un principio de acuerdo con el sindicato de pilotos SEPLA que permitir\u00e1 reducir costes y mejorar la viabilidad de Iberia, seg\u00fan informa en un comunicado remitido a la Comisi\u00f3n Nacional del Mercado de Valores (CNMV).\n En virtud del pacto alcanzado, se congelar\u00e1n los sueldos de los pilotos hasta 2015 y a partir de este a\u00f1o los incrementos se llevar\u00e1n a cabo en funci\u00f3n de la rentabilidad de la compa\u00f1\u00eda.\n Adem\u00e1s, se aplicar\u00e1 una reducci\u00f3n fija del 14% en las retribuciones, a la que se a\u00f1adir\u00e1 otro porcentaje variable, de hasta el 4%, que se vincular\u00eda a la productividad.  Iberia especifica en su nota al regulador que de lograr las mejoras de productividad plasmadas en el acuerdo alcanzado, \"se revocar\u00e1 el 4% adicional\".",
                    "date": "2014-02-13",
                    "eventUri": "233387",
                    "id": "5286765",
                    "isDuplicate": false,
                    "lang": "spa",
                    "sim": 0.5221,
                    "source": {
                        "title": "El Economista",
                        "uri": "www.eleconomista.es"
                    },
                    "time": "10:55:00",
                    "title": "Iberia alcanza un principio de acuerdo con los pilotos con una rebaja salarial de hasta el 18%",
                    "uri": "158608869",
                    "url": "http://www.eleconomista.es/empresas-finanzas/noticias/5538729/02/14/Iberia-alcanza-un-principio-de-acuerdo-con-los-pilotos-con-una-rebaja-salarial-de-hasta-el-18-.html",
                    "wgt": 1
                },
                {
                    "body": "En los \u00faltimos 35 a\u00f1os, desde que las l\u00edneas a\u00e9reas espa\u00f1olas dejaron de tener un r\u00e9gimen laboral cuasi militar, los pilotos han convocado y ejecutado nada menos que 21 huelgas en Iberia, una cada 18 meses, y con esa misma periodicidad han puesto contra las cuerdas a la gran aerol\u00ednea de bandera, y con ella muchas veces a la primera industria nacional como es el turismo.  Un colectivo laboralmente privilegiado y con un poder de presi\u00f3n descomunal ha jugado con dos actividades muy sensibles y directamente entrelazadas como es el transporte a\u00e9reo de viajeros y la que durante d\u00e9cadas fue la primera fuente de ingresos exteriores.  Ayer, tras un largo proceso de negociaci\u00f3n y en un marco econ\u00f3mico radicalmente diferente al de hace una d\u00e9cada, Iberia y sus pilotos aterrizaron en el siglo XXI y enterraron convenios imposibles, laudos y conflictos soterrados.  Iberia entra en una nueva era de la que pod\u00eda haber sido expulsada por la competencia en caso de no avenirse a las reglas del mercado.\n El nuevo marco laboral permitir\u00e1 a la compa\u00f1\u00eda disponer laboralmente de sus pilotos hasta umbrales ahora impensables, respetando los periodos de descanso y aplicando todos los protocolos internacionales de seguridad; y podr\u00e1 hacerlo sin incremento alguno en las remuneraciones de sus comandantes y consolidando incluso la \u00faltima bajada de sueldos anunciada.  La compa\u00f1\u00eda ha entrado con fuerza en la franja del negocio low cost desde hace unos a\u00f1os porque sus cuotas de mercado se escurr\u00edan entre las manos con una feroz competencia de las compa\u00f1\u00edas j\u00f3venes, las que carec\u00edan de las ataduras y los vicios de las viejas aerol\u00edneas nacionales de bandera.  Y para poder explotar plenamente sus posibilidades en el mercado, precisa llevar los est\u00e1ndares de coste de sus plantillas, sean pilotos o tripulantes de cabina o azafatas, a niveles parejos a los que practican las aerol\u00edneas que ligeras de ropa se han hecho fuertes en los \u00faltimos a\u00f1os.\n Los costes de adquisici\u00f3n y mantenimiento de flota, los de combustible o las tasas aeroportuarias en este negocio son similares para todos.  El diferencial que hac\u00eda a Iberia peligrosamente diferente y que le costaba cuota de mercado cada a\u00f1o era el coste laboral.  Sus gestores lo sab\u00edan, pero hasta ahora -bajo la direcci\u00f3n de Luis Gallego-, no hab\u00edan podido hac\u00e9rselo entender a sus pilotos.  Todos los sectores productivos han cambiado con la globalizaci\u00f3n y m\u00e1s con la crisis financiera;pero ninguno lo ha hecho en las proporciones del transporte a\u00e9reo o la intermediaci\u00f3n tur\u00edstica desde los \u00faltimos a\u00f1os del siglo XX.  Iberia entra en un mercado en igualdad de condiciones que su competencia; una nueva era, en la que las dudas razonables sobre su viabilidad desaparecen si se explotan las posibilidades que ofrece el nuevo marco laboral y se combinan con un plan de negocio en el que pelee cada ruta con precios atractivos.",
                    "date": "2014-02-14",
                    "eventUri": "233387",
                    "id": "5347482",
                    "isDuplicate": false,
                    "lang": "spa",
                    "sim": 0.4785,
                    "source": {
                        "title": "Cinco D\u00edas",
                        "uri": "cincodias.com"
                    },
                    "time": "06:43:00",
                    "title": "Iberia lleva a sus pilotos al siglo XXI",
                    "uri": "158789533",
                    "url": "http://cincodias.com/cincodias/2014/02/13/empresas/1392323905_348027.html",
                    "wgt": 1
                }
            ]
        },
        "info": {
            "articleCount": 10,
            "averageDate": "2014-02-15",
            "avgCos": 0.6785,
            "categories": [],
            "customDate": false,
            "customLocation": false,
            "eventUri": "233387",
            "extractedDate": "",
            "extractedDateEnd": "",
            "id": "244708",
            "lang": "spa",
            "location": {
                "country": {
                    "labelEng": "Spain",
                    "lat": 40,
                    "long": -4,
                    "wikiUri": "http://en.wikipedia.org/wiki/Spain"
                },
                "labelEng": "Madrid",
                "lat": 40.42526,
                "long": -3.69063,
                "wikiUri": "http://en.wikipedia.org/wiki/Madrid"
            },
            "storyDate": "2014-02-15",
            "storyDateEnd": "",
            "uri": "e7e700df-6a06-44ea-a4f3-f736278fc36b-77979",
            "variance": 0.5396
        }
    },
    "meta": {
        "CCAArticleMatchCount": 8,
        "CCAArticleMatchRatio": 0.04761904761904762,
        "CCAAvgCosSim": 0.75046875,
        "CCAAvgMatchWgt": 34.5,
        "_articleUri1": "161965094",
        "_articleUri2": "158968224",
        "_datetime": "2015-01-20 12:46:05",
        "_ruleBasedShouldMerge": false,
        "_storyUri1": "b738a3b7-2db3-4d38-88c8-76c4eb4f835b-56603",
        "_storyUri2": "e7e700df-6a06-44ea-a4f3-f736278fc36b-77979",
        "_username": "Evgenia Belyaeva",
        "artCount1": 10,
        "artCount2": 10,
        "avgCosSimStory1": 0.8837,
        "avgCosSimStory2": 0.6785,
        "categorySim": 0,
        "conceptCosSim": 0.004065751409152835,
        "conceptJaccardSim": 0.01111111111111111,
        "coreTime1": 124021.9166666667,
        "coreTime2": 123778.9166666667,
        "coreTimeStDev1": 35.56223558532649,
        "coreTimeStDev2": 16.97699615472505,
        "entityCosSim": 0,
        "entityJaccardSim": 0,
        "extractedDateJaccardSim": 0,
        "extractedDatesStory1": 1,
        "extractedDatesStory2": 0,
        "hasSameLocation": 0,
        "keywordCosSim": 0.004854989679018089,
        "keywordJaccardSim": 0.01694915254237288,
        "lang1": "deu",
        "lang2": "spa",
        "matchingDateCount": 0,
        "matchingDateRatio": 0,
        "ratioAnnotatedArticlesStory1": 1,
        "ratioAnnotatedArticlesStory2": 1,
        "shouldMerge": false,
        "storyQuality1": 41,
        "storyQuality2": 13,
        "timeAvg1": 124046.0266666667,
        "timeAvg2": 123818.4383333334,
        "timeStDev1": 44.3684310943891,
        "timeStDev2": 68.54653895550075,
        "varianceStory1": 0.169,
        "varianceStory2": 0.5396
    }
}