{
    "850f305d-14db-4c75-b547-79470a557ea3-735621": {
        "articles": {
            "resultCount": 13,
            "results": [
                {
                    "body": "Jordan Reed is now active for Week 1, when Washington faces the Houston Texans. Reed was listed as questionable as he dealt with a sprained thumb, but it now appears as though he'll be a healthy contributor to Washington's offense after all. Wide receiver Santana Moss will be inactive, which may preserve a few extra targets for Reed. Washington struggled a bit offensively in the preseason, but Reed will be crucial as they establish their identity in the regular season.\n\nFantasy impact: Reed owners likely drafted him to start him. He's a low-end TE1 that should be started. Pierre Garcon and DeSean Jackson will have their hands full with Houston's secondary, and Reed could be the beneficiary early and often. If you had another tight end in your lineup as a placeholder for Reed, it's time to get him back into your lineup. Week 1 isn't the best time to rock the boat with your roster.",
                    "date": "2014-09-07",
                    "eventUri": "1280199",
                    "id": "18802957",
                    "isDuplicate": false,
                    "lang": "eng",
                    "sim": 0.6922,
                    "source": {
                        "title": "SBNation.com",
                        "uri": "www.sbnation.com"
                    },
                    "time": "16:17:00",
                    "title": "Jordan Reed active for fantasy owners in Week 1",
                    "uri": "209036552",
                    "url": "http://www.sbnation.com/fantasy/2014/9/7/6117611/fantasy-football-injury-report-week-1-jorday-reed-washington-vs-texans",
                    "wgt": 1
                },
                {
                    "body": "BRIDGEPORT - She's been called a middle-aged Lolita who brought down a Stratford Baptist minister but as she faced a judge Friday for threatening to go \"Adam Lanza\" on a local lawyer, Doraine Reed was more vexing than vixen.\n\n\"You are 56 years old and you have suffered 19 convictions, half of them felonies. Frankly Miss Reed I don't see how I can do anything but impose some incarceration to shock you into sensibility,\" Superior Court Judge John Kavanewsky Jr. told Reed, sentencing her to 60 days in prison for the conviction of second-degree harassment. \"The words chosen were especially repugnant to me. What happened in Newtown has left an indelible scar on all of us.\"\n\n\"Call U.S. Attorney Eric Holden,\" Reed shouted to friends as she was led away by judicial marshals. \"Call Eric Holden.\"\n\nInformed Reed probably meant U.S. Attorney General Eric Holder, Reed's two friends, Michael Christian and Cindy Carter stopped on their way out of the courtroom to inquire how they could reach him.\n\nFormer state senator Ernest Newton sat in the back of the courtroom during the hearing. \"What a waste of taxpayer money,\" he later complained.\n\nStratford Baptist Church pastor Rev. Dr. Robert Genevicz, awaiting trial in the same courthouse for allegedly stealing $173,000 from an elderly parishioner, has claimed Reed led him into temptation during their 15-year relationship.\n\nBut Reed, who has not been charged in the theft case, adamantly denied that. She had a number of past forgery and larceny convictions which she attributed Friday to a bad childhood. \"I was confused and I had no guidance in my childhood and that brought me into the system,\" she told the judge.\n\nNow a music promoter, she said she has turned her life around.\n\nHowever, Senior Assistant State's Attorney Nicholas Bove pointed out that just three days ago Reed was arrested for threatening a former female friend.",
                    "date": "2014-09-05",
                    "eventUri": "1280199",
                    "id": "18713206",
                    "isDuplicate": false,
                    "lang": "eng",
                    "sim": 0.6827,
                    "source": {
                        "title": "Connecticut Postings",
                        "uri": "blog.ctnews.com"
                    },
                    "time": "17:45:00",
                    "title": "Woman sentenced to 60 days for Newtown threat",
                    "uri": "208738546",
                    "url": "http://blog.ctnews.com/connecticutpostings/2014/09/05/woman-sentenced-to-60-days-for-newtown-threat/",
                    "wgt": 1
                },
                {
                    "body": "BRIDGEPORT -- She's been called a middle-aged Lolita who brought down a Stratford Baptist minister, but as she faced a judge Friday for threatening to go \"Adam Lanza\" on a local lawyer, Doraine Reed was more vexing than vixen.\n\n\"You are 56 years old and you have suffered 19 convictions, half of them felonies,\" Superior Court Judge John Kavanewsky Jr. told Reed, sentencing her to 60 days in prison for the conviction of second-degree harassment. \"Frankly Miss Reed, I don't see how I can do anything but impose some incarceration to shock you into sensibility. The words chosen were especially repugnant to me. What happened in Newtown has left an indelible scar on all of us.\"\n\n\"Call U.S. Attorney Eric Holden!\" Reed shouted to friends as she was led away by judicial marshals, \"Call Eric Holden!\"\n\nInformed that Reed probably meant U.S. Attorney General Eric Holder, Reed's two friends, Michael Christian and Cindy Carter stopped on their way out of the courtroom to inquire how they could reach him.\n\nErnest Newton, a former state senator, sat in the back of the courtroom during the hearing.\n\n\"What a waste of taxpayer money,\" he later complained.\n\nStratford Baptist Church pastor Rev. Dr. Robert Genevicz, awaiting trial in the same courthouse for allegedly stealing $173,000 from an elderly parishioner, has claimed Reed led him into temptation during their 15-year relationship.\n\nBut Reed, who has not been charged in the theft case, adamantly denied that.\n\nShe had a number of past forgery and larceny convictions, which she attributed Friday to a bad childhood.\n\n\"I was confused and I had no guidance in my childhood and that brought me into the system,\" she told the judge.\n\nNow a music promoter, she said she has turned her life around.\n\nHowever, Senior Assistant State's Attorney Nicholas Bove pointed out that just three days ago Reed was arrested for threatening a former female friend.",
                    "date": "2014-09-05",
                    "eventUri": "1280199",
                    "id": "18729213",
                    "isDuplicate": false,
                    "lang": "eng",
                    "sim": 0.6827,
                    "source": {
                        "title": "StamfordAdvocate",
                        "uri": "www.ctpost.com"
                    },
                    "time": "22:54:00",
                    "title": "\"Lolita\" in Stratford church scandal is sentenced",
                    "uri": "208782812",
                    "url": "http://www.ctpost.com/local/article/Lolita-in-Stratford-church-scandal-is-sentenced-5736950.php",
                    "wgt": 1
                },
                {
                    "body": "Horseback riding with PSD Boardmember Carolyn Reed. Madeline Novey\n\n12 CONNECT 1 TWEETLINKEDINCOMMENTEMAILMORE\n\nCarolyn Reed water-skis, rides her bike all over Fort Collins and has played soccer on local teams for the past 25 years.\n\nShe and her husband, David Johnson, built their Wellington home together in seven months. There's no Alice in the picture, but the couple each brought three kids to the mix to make a modern Brady Bunch. The couple own six -- soon to be seven -- Silver Mine Subs restaurants.\n\nAnd she sits on Poudre School District's Board of Education.\n\nOh, and one more thing: She's eaten pizza with the president of the United States.\n\n\"Yeah, we have the POTUS club,\" Reed said on a late-August afternoon from a back-porch seat at the Silver Grill Cafe. She laughs, pausing briefly to eat from her yogurt, fruit and granola parfait, sustenance after her morning ballet bar class at Old Town Athletic Club.\n\nTwo years ago, Reed penned a letter to President Barack Obama. She wrote to say how much she and Johnson appreciated being able to get a U.S. Small Business Administration loan and health care through the state exchange, and have their closing costs paid for with stimulus dollars as they set out to open their first Silver Mine Subs franchise six years ago.\n\n\"I was able to make that leap from driving a truck to being an entrepreneur,\" said Reed, who made the rounds working for UPS along a south Fort Collins route for nearly 20 years prior.\n\nOn July 8, Reed and Johnson met with other Colorado residents in a downtown Denver coffee shop. None knew they would be dining with Obama at LoDo's Wazee Supper Club in a few short minutes.\n\nSecret Service agents filled in gaps in the restaurant before Obama, in a white button-down shirt and blue tie, sat down to share a slice of his favorite, pepperoni and sausage pizza.\n\n\"I'm telling you, five minutes after sitting down, you are so at ease,\" she said of the atmosphere that night. \"Everybody is having such a good time, and you are yucking it up.\"\n\nOne of the dinner guest suggested Obama get a beer; he got some local brew. Another talked about how grateful she was that Obama called on businesses to raise minimum wages -- and that her employer heeded his call. A third guest wrote to the president about her struggles to pay for college. Reed and Johnson talked about their businesses.\n\nThat night, Reed and Johnson decided to raise minimum wage at their restaurants to the proposed $10.10 per hour. Employees making more than that also got raises. Obama went on to laud their decision in a speech that followed their Denver dinner.\n\nBut Reed isn't defined by her experience meeting Obama. She has long roots in a community she now serves as a board member appointed in May to a vacant seat.\n\nOne of six kids from a \"not well-to-do\" family, Reed went to elementary and junior high in Wellington. She fondly remembers smelling baking bread rising from the basement kitchen of the grade school -- which is no longer there -- and walking past \"Mr. Eyestone's\" house (the namesake of Eyestone Elementary) on the way to lunch each day.\n\nEileen Carlson, who was in her mid-30s at the time, was Reed's favorite teacher. She taught biology in the small school of roughly 130 students. The class was special, Carlson remembers, community-oriented. And yet, the smart, smiling young Reed stood out.\n\n\"There were a lot of kids in that class like that, but she's one I remember,\" Carlson, now 77, said.\n\nCarlson and Reed fell out of touch in the years after Reed's 1978 graduation from Poudre High School but reconnected via Facebook recently. She's \"a good listener\" who will be \"both a student and teacher advocate\" as a board member, Carlson said.\n\nAs a business owner, it's equally important to Reed that students are as well-equipped to enter the workforce as they are to attend college. This is reflected in PSD's newly revamped district ends, the long-term vision for what students are expected to look like upon graduation.\n\nReed intends to run for her seat in the November 2015 election. This next year will be about learning as much as she can about PSD -- Colorado's ninth-largest school district, which educates roughly 28,000 students -- and that she listens to those whom she represents.\n\n\"What I hope that I'm able to do for the rest of my term, and if I get re-elected, you know, is that people will understand that I'm always there; I'm accessible. That I should reflect the wishes of of my constituents.\n\n\"While I will always do what feels right in my heart, I will always take into consideration what my constituents want,\" she said.\n\nMadeline Novey covers education. Reach her at (970) 416-3955; on Facebook at www.facebook.com/madelinenovey; or on Twitter at @MadelineNovey.\n\nMeet Carolyn Reed\n\nBorn: Oct. 10, 1959\n\nLives: Still lives in Wellington, where she was born and raised. She went to Wellington elementary and middle schools before graduating from Poudre High School in 1978.\n\nBeen a PSD board member: Since she was appointed May 6 to fill a seat vacated by Nicholas Holian. She serves until next November, at which point she is eligible to run in the election.\n\nFamily: Husband, David Johnson; son, Jeffrey Selgren; daughter, Michelle Selgren; son, Phillip Selgren; stepdaughter, Aaron Johnson; stepson, Sean Johnson; stepson, Alex Johnson.\n\nHobbies: Likes to work out at Old Town Athletic Club and take ballet barre classes; bikes around town; rides her horse, Lenny; has played soccer with various city and regional teams for roughly 25 years; she and her husband also enjoy water skiing on the lake behind their home and ride their Harley, often attending the annual Sturgis Motorcycle Rally.\n\nThoughts on Fort Collins: \"I think of all the places that I've visited and all the places that I've been to, Fort Collins is one of the most unique areas. I mean, there's such an entrepreneurial spirit here, if you look at all the small businesses and small restaurants. And it's a big enough community that you have a lot of different services, but it's still small enough that, when I'm walking around, I still see people I know. Is still has that small-town feel.\"\n\nFavorite place to eat: \"Besides my restaurants? I think our go-to place is Sonny Lubick's. Grab a burger, a side, a beer and watch the Avs.\"\n\nOn the web\n\n* Meet Poudre School District board member Carolyn Reed and her 9-year-old quarter horse Lenny in a video interview.\n\n12 CONNECT 1 TWEETLINKEDINCOMMENTEMAILMORERead or Share this story: http://noconow.co/1obdFOq",
                    "date": "2014-09-07",
                    "eventUri": "1280199",
                    "id": "18804663",
                    "isDuplicate": false,
                    "lang": "eng",
                    "sim": 0.6706,
                    "source": {
                        "title": "Coloradoan",
                        "uri": "www.coloradoan.com"
                    },
                    "time": "18:20:00",
                    "title": "School board member: Pizza with POTUS, growing up in PSD",
                    "uri": "209042891",
                    "url": "http://www.coloradoan.com/story/news/local/2014/09/06/carolyn-reed-poudre-school-district-board-coloradoan-profile/15025239/?sf30784336=%255B%25271%2527%255D",
                    "wgt": 1
                },
                {
                    "body": "CONNECTTWEETLINKEDINCOMMENTEMAILMORE\n\nCarolyn Reed water-skis, rides her bike all over Fort Collins and has played soccer on local teams for the past 25 years.\n\nShe and her husband, David Johnson, built their Wellington home together in seven months. There's no Alice in the picture, but the couple each brought three kids to the mix to make a modern Brady Bunch. The couple own six -- soon to be seven -- Silver Mine Subs restaurants.\n\nAnd she sits on Poudre School District's Board of Education.\n\nOh, and one more thing: She's eaten pizza with the president of the United States.\n\n\"Yeah, we have the POTUS club,\" Reed said on a late-August afternoon from a back-porch seat at the Silver Grill Cafe. She laughs, pausing briefly to eat from her yogurt, fruit and granola parfait, sustenance after her morning ballet bar class at Old Town Athletic Club.\n\nTwo years ago, Reed penned a letter to President Barack Obama. She wrote to say how much she and Johnson appreciated being able to get a U.S. Small Business Administration loan and health care through the state exchange, and have their closing costs paid for with stimulus dollars as they set out to open their first Silver Mine Subs franchise six years ago.\n\n\"I was able to make that leap from driving a truck to being an entrepreneur,\" said Reed, who made the rounds working for UPS along a south Fort Collins route for nearly 20 years prior.\n\nOn July 8, Reed and Johnson met with other Colorado residents in a downtown Denver coffee shop. None knew they would be dining with Obama at LoDo's Wazee Supper Club in a few short minutes.\n\nSecret Service agents filled in gaps in the restaurant before Obama, in a white button-down shirt and blue tie, sat down to share a slice of his favorite, pepperoni and sausage pizza.\n\n\"I'm telling you, five minutes after sitting down, you are so at ease,\" she said of the atmosphere that night. \"Everybody is having such a good time, and you are yucking it up.\"\n\nOne of the dinner guest suggested Obama get a beer; he got some local brew. Another talked about how grateful she was that Obama called on businesses to raise minimum wages -- and that her employer heeded his call. A third guest wrote to the president about her struggles to pay for college. Reed and Johnson talked about their businesses.\n\nThat night, Reed and Johnson decided to raise minimum wage at their restaurants to the proposed $10.10 per hour. Employees making more than that also got raises. Obama went on to laud their decision in a speech that followed their Denver dinner.\n\nBut Reed isn't defined by her experience meeting Obama. She has long roots in a community she now serves as a board member appointed in May to a vacant seat.\n\nOne of six kids from a \"not well-to-do\" family, Reed went to elementary and junior high in Wellington. She fondly remembers smelling baking bread rising from the basement kitchen of the grade school -- which is no longer there -- and walking past \"Mr. Eyestone's\" house (the namesake of Eyestone Elementary) on the way to lunch each day.\n\nEileen Carlson, who was in her mid-30s at the time, was Reed's favorite teacher. She taught biology in the small school of roughly 130 students. The class was special, Carlson remembers, community-oriented. And yet, the smart, smiling young Reed stood out.\n\n\"There were a lot of kids in that class like that, but she's one I remember,\" Carlson, now 77, said.\n\nCarlson and Reed fell out of touch in the years after Reed's 1978 graduation from Poudre High School but reconnected via Facebook recently. She's \"a good listener\" who will be \"both a student and teacher advocate\" as a board member, Carlson said.\n\nAs a business owner, it's equally important to Reed that students are as well-equipped to enter the workforce as they are to attend college. This is reflected in PSD's newly revamped district ends, the long-term vision for what students are expected to look like upon graduation.\n\nReed intends to run for her seat in the November 2015 election. This next year will be about learning as much as she can about PSD -- Colorado's ninth-largest school district, which educates roughly 28,000 students -- and that she listens to those whom she represents.\n\n\"What I hope that I'm able to do for the rest of my term, and if I get re-elected, you know, is that people will understand that I'm always there; I'm accessible. That I should reflect the wishes of of my constituents.\n\n\"While I will always do what feels right in my heart, I will always take into consideration what my constituents want,\" she said.\n\nMadeline Novey covers education. Reach her at (970) 416-3955; on Facebook at www.facebook.com/madelinenovey; or on Twitter at @MadelineNovey.\n\nMeet Carolyn Reed\n\nBorn: Oct. 10, 1959\n\nLives: Still lives in Wellington, where she was born and raised. She went to Wellington elementary and middle schools before graduating from Poudre High School in 1978.\n\nBeen a PSD board member: Since she was appointed May 6 to fill a seat vacated by Nicholas Holian. She serves until next November, at which point she is eligible to run in the election.\n\nFamily: Husband, David Johnson; son, Jeffrey Selgren; daughter, Michelle Selgren; son, Phillip Selgren; stepson, Aaron Johnson; stepson, Sean Johnson; stepson, Alex Johnson.\n\nHobbies: Likes to work out at Old Town Athletic Club and take ballet barre classes; bikes around town; rides her horse, Lenny; has played soccer with various city and regional teams for roughly 25 years; she and her husband also enjoy water skiing on the lake behind their home and ride their Harley, often attending the annual Sturgis Motorcycle Rally.\n\nThoughts on Fort Collins: \"I think of all the places that I've visited and all the places that I've been to, Fort Collins is one of the most unique areas. I mean, there's such an entrepreneurial spirit here, if you look at all the small businesses and small restaurants. And it's a big enough community that you have a lot of different services, but it's still small enough that, when I'm walking around, I still see people I know. Is still has that small-town feel.\"\n\nFavorite place to eat: \"Besides my restaurants? I think our go-to place is Sonny Lubick's. Grab a burger, a side, a beer and watch the Avs.\"\n\nOn the web\n\n* Meet Poudre School District board member Carolyn Reed and her 9-year-old quarter horse Lenny in a video interview.\n\nCONNECTTWEETLINKEDINCOMMENTEMAILMORERead or Share this story: http://noconow.co/1obdFOq",
                    "date": "2014-09-06",
                    "eventUri": "1280199",
                    "id": "18762967",
                    "isDuplicate": false,
                    "lang": "eng",
                    "sim": 0.6607,
                    "source": {
                        "title": "Coloradoan",
                        "uri": "www.coloradoan.com"
                    },
                    "time": "16:08:00",
                    "title": "PSD board member: Pizza with POTUS, growing up in PSD",
                    "uri": "208894140",
                    "url": "http://www.coloradoan.com/story/news/local/2014/09/06/carolyn-reed-poudre-school-district-board-coloradoan-profile/15025239/?utm_medium=%255B%2527twitter%2527%255D&utm_source=%255B%2527dlvr.it%2527%255D",
                    "wgt": 1
                },
                {
                    "body": "The inmate has been identified as 46-year old Robert E. Reed and deputies say he walked away around 2:00pm on Friday. Reed had been on the work crews since August 31st and was in jail for multiple driving infractions.\n\nDetails on how Reed was able escape are unclear at this time.\n\nA perimeter was set up to search for Reed, but he was never found. Deputies say there is no reason for the public to be alarmed as they believe he has left the area.\n\nBack in 2009, a convicted criminally insane man, Phillip Paul, made national headlines when he was able to escape from a field trip to the Spokane County Fair from Eastern State Hospital. Paul was eventually located and arrested near Goldendale.\n\nIf you have any information on the whereabouts of Robert E. Reed, please call Crime Check at 456-2233.",
                    "date": "2014-09-06",
                    "eventUri": "1280199",
                    "id": "18732472",
                    "isDuplicate": false,
                    "lang": "eng",
                    "sim": 0.6501,
                    "source": {
                        "title": "KHQ TV 6",
                        "uri": "www.khq.com"
                    },
                    "time": "00:21:00",
                    "title": "Sheriff's Office searching for inmate who walked away from Fairg - Spokane, North Idaho News & Weather KHQ.com",
                    "uri": "208792538",
                    "url": "http://www.khq.com/story/26461930/sheriffs-office-searching-for-inmate-who-walked-away-from-fairgrounds",
                    "wgt": 1
                },
                {
                    "body": "DIAMONDHEAD -- Clovis Reed hasn't quite learned how to get around Diamondhead's tangle of Hawaiian-named streets, but the new city manager is already working to get better acquainted with his new home.\n\nReed officially started Sept. 2 and spent much of his first week on the job getting to know the city's personnel and business leaders.\n\n\"Everyone is being very nice, gracious and kind. It's definitely the honeymoon period,\" he said.\n\nReed, who spent 25 years in public service before retiring from Rankin County two years ago, said there's a balancing act he must perform so he doesn't interfere with his more-established colleagues. \"I'm just trying to make sure I understand them, what they have done, where they're going and to try as much as possible to blend in and help instead of run head-on\n\ninto someone else's effort that they've been working on for a long time,\" he said. \"You can do some damage to relationships that you need by trying to do too much too soon. I'm just trying to be patient as I'm learning about the city.\"\n\nBeing the new guy can also be a positive in some ways and Reed hopes to bring new ideas and methods to the young city.\n\n\"I don't have a history with a lot of the people in positions of authority here, so I have a chance to make my own blueprint and to have my own relationships with them,\" he said. \"I understand there are going to be some issues we have that were here before I got here and just the fact I'm new won't resolve that. I'd be naive to think that, but maybe some (new) dialogue will lead to resolution.\n\n\"Most of politics is built on relationships. That's my focus right now.\"\n\nReed said he believes Diamondhead is in good shape with a \"comfortable\" reserve fund to help the city through emergencies.\n\n\"Those are big, big things to a new city,\" he said.\n\nAfter he gets to know his peers, Reed said his next order of business will be to make sure there's adequate funding to address service levels.\n\n\"When you look at it in terms of services, it's a new city and so there's a challenge of developing sufficient revenues,\" he said. \"The last place I want to look for revenues are property-tax dollars. I want to get enough businesses -- and I think the council does, too -- to produce sales tax like other cities.\n\n\"We want to make sure the tax burden is as low as possible on the citizens. That's going to be the challenge.\"\n\nOne wrinkle that could sour Reed's happy \"honeymoon\" with Diamondhead is the matter of his predecessor, Richard Rose, who claims he was never officially terminated from the position. Attorney Jim Halliday has also said Rose believes he's owed an appropriate hearing he has yet to receive.\n\nCity attorney Sean Tindell said Rose's representation has filed for a declaratory judgment, asking the Hancock County Circuit Court to define the parameters of his hearing, but no lawsuit has been filed against the city.\n\nReed said the matter is out of his hands and he's just focused on the job at hand.\n\n\"I honestly don't think about it,\" he said. \"It's not anything I have to deal with -- I have plenty to think about.\"",
                    "date": "2014-09-08",
                    "eventUri": "1280199",
                    "id": "18820111",
                    "isDuplicate": false,
                    "lang": "eng",
                    "sim": 0.5854,
                    "source": {
                        "title": "Sun Herald",
                        "uri": "www.sunherald.com"
                    },
                    "time": "04:17:00",
                    "title": "New Diamondhead city manager has chance to 'make his own blueprint'",
                    "uri": "209098242",
                    "url": "http://www.sunherald.com/2014/09/07/5786964/new-diamondhead-city-manager-has.html#storylink%3Drss",
                    "wgt": 1
                },
                {
                    "body": "S-R Media, The Spokesman-Review and Spokesman.com are happy to assist you. Contact Customer Service by email or call 800-338-8801\n\nGeiger Corrections Center inmate Robert E. Reed, 46, walked away from a work crew at the Spokane County Fairgrounds around 2 p.m. today.\n\nReed was booked into jail on a charge of third-degree driving with a suspended license on Aug. 29 and joined the work crew on Aug. 31, said Spokane County Jail Lt. Mike Sparber. A corrections deputy accompanying the work crew noticed that Reed was missing and launched a search, Sparber said.\n\n\"One of the gate attendants said they saw him walking through the gate,\" he said.\n\nReed apparently removed his maroon top and safety vest that ...",
                    "date": "2014-09-05",
                    "eventUri": "1280199",
                    "id": "18729507",
                    "isDuplicate": false,
                    "lang": "eng",
                    "sim": 0.5319,
                    "source": {
                        "title": "Spokesman.com",
                        "uri": "www.spokesman.com"
                    },
                    "time": "23:00:00",
                    "title": "Geiger work crew inmate escapes at the Spokane County Fair - Fri, 05 Sep 2014 PST",
                    "uri": "208783523",
                    "url": "http://www.spokesman.com/stories/2014/sep/05/geiger-work-crew-inmate-escapes-spokane-county-fai/",
                    "wgt": 1
                },
                {
                    "body": "HOUSTON -- Tight end Jordan Reed and nose tackle Barry Cofield both left Washington's season opener against the Houston Texans with first-half injuries.\n\nReed suffered a hamstring strain, and Cofield injured his right ankle.\n\nReed, who missed seven games as a rookie because of thigh, knee and concussion issues, injured his hamstring while trying to pick up extra yardage on a four-yard reception late in the first quarter. The tight end tried to leap to avoid cornerback Kareem Lewis, but Lewis hung onto Reed's leg and brought him to the ground. Reed got up slowly and limped off the field and didn't return.\n\nNiles Paul took Reed's place along with Logan Paulsen in two-tight end sets.\n\nCofield injured his ankle late in the second quarter and didn't return. The nose tackle entered the day riding an 80-game consecutive start streak -- the longest such run by active defensive tackles in the NFL.\n\nChris Baker -- usually the starting left end -- moved over to nose tackle, and backup Jarvis Jenkins took over at left end.",
                    "date": "2014-09-07",
                    "eventUri": "1280199",
                    "id": "18806685",
                    "isDuplicate": false,
                    "lang": "eng",
                    "sim": 0.5187,
                    "source": {
                        "title": "Washington Post",
                        "uri": "www.washingtonpost.com"
                    },
                    "time": "19:33:00",
                    "title": "Redskins Blog: Jordan Reed and Barry Cofield knocked out of opener with injuries",
                    "uri": "209050321",
                    "url": "http://www.washingtonpost.com/blogs/football-insider/wp/2014/09/07/jordan-reed-and-barry-cofield-knocked-out-of-opener-with-injuries/",
                    "wgt": 1
                },
                {
                    "body": "The future of Underground Atlanta has been a hot topic in the metro real estate community, and Atlanta Mayor Kasim Reed offered up a glimpse this week of what could happen to the struggling downtown shopping mall.\n\nReed told 11Alive reporter Doug Richards that the redevelopment of Underground will be a mix of uses, including high-end housing. Retail will likely remain in the lower levels of the tiered mall, the mayor said, but having residents above the complex will make it less dependent on tourists.\n\n\"You're going have to go vertical and really turn Underground into some people's living room, so what I think you (are) going to see with the new development is to have some vertical construction more residential,\" Reed said in the interview.\n\nThe Atlanta City Council approved legislation in March to buy out the $8.8 million rights of CV Underground, the real estate company that manages the site. This summer, the city issued a request for proposals from the development community, which allowed leaders to test the waters for selling the site and what future uses might be.\n\nThe mayor has said he envisions a redevelopment similar to Ponce City Market. A private developer is remaking the former massive Sears warehouse and City Hall East into apartments, offices and shops. Underground has gone through multiple iterations, but it is best known as a hub for Atlanta nightlife beginning in the late 1960s.\n\nA late 1980s rebirth into a tourist attraction and shopping mall fizzled out, and the project has been a drain on the city's finances. Reed wants to sell the property to help clear space in the city's budget to fund debt service on a potential infrastructure bond referendum that could go before voters next year.\n\nReed told the station a plan for redevelopment -- possibly valued at $100 million -- could come before the end of the year.\n\nReal estate has been a major focus for Reed this year, including the redevelopment of Fort McPherson into a possible Tyler Perry film studio, a possible sale of the civic center, among other projects.",
                    "date": "2014-09-06",
                    "eventUri": "1280199",
                    "id": "18770004",
                    "isDuplicate": false,
                    "lang": "eng",
                    "sim": 0.4706,
                    "source": {
                        "title": "Atlanta Journal-Constitution",
                        "uri": "www.ajc.com"
                    },
                    "time": "20:08:00",
                    "title": "Downtown redevelopment: Underground Atlanta | www.ajc.com",
                    "uri": "208918732",
                    "url": "http://www.ajc.com/news/business/high-rise-residential-part-of-undergrounds-future/nhHHS/?ecmp=ajc_social_twitter_2014_sfp",
                    "wgt": 1
                },
                {
                    "body": "Fantasy owners hopefully do not need to scrounge waiver wires for options before the season has even gotten underway. However, deep leagues always need to get creative to capitalize on matchups. Upside is the way to go, so here are a few under-the-radar tight ends who could have big games as your 2014 fantasy football season gets going.\n\nThe Miami Dolphins offense is a big question mark heading into their 2014 opener. Mike Wallace and Brian Hartline are talented, but Charles Clay is the guy who could surprise people this year. It's hard to say even surprise, because he showed last year he can be a very solid contributor. Clay finished the season with 69 receptions for 756 yards and six touchdowns. Some owners might be gun-shy following a poor playoff run, but Clay is a guy to watch this season.\n\nIt was hard to figure out where exactly to draft Washington's Jordan Reed. He put up strong numbers before a Week 11 concussion ended his season. Reed is listed as questionable due to a thumb injury, but he was a full participant in practice. It remains to be seen how long Reed will remain healthy, but as long as he is healthy, roll him out there.\n\nAntonio Gates remains the starter for the San Diego Chargers, but if you have a dicey tight end situation, Green is a guy to look to. And Week 1 could be a big opening for him. Football Outsiders ranked the Arizona Cardinals No. 20 in defending tight ends, and now that defense has lost several key parts. If you have a solid starter at tight end, stick with him, but if you drafted poorly at the position, consider rolling out Green.",
                    "date": "2014-09-07",
                    "eventUri": "1280199",
                    "id": "18792976",
                    "isDuplicate": false,
                    "lang": "eng",
                    "sim": 0.4067,
                    "source": {
                        "title": "SBNation.com",
                        "uri": "www.sbnation.com"
                    },
                    "time": "11:20:00",
                    "title": "Fantasy football sleepers: Week 1 tight ends",
                    "uri": "209001778",
                    "url": "http://www.sbnation.com/fantasy/2014/9/7/6115851/fantasy-football-sleepers-week-1-tight-ends",
                    "wgt": 1
                },
                {
                    "body": "VALLEJO (KPIX) -- On a typical Saturday, the Vallejo farmers market keeps Georgia Street buzzing and business humming. But, just across the street, it's a different story -- the block is shut down with not a customer in sight.\n\nWhen the South Napa Quake shook this town two weeks ago, inspectors red-tagged a building here and shut down the block. That sudden loss of foot traffic forced a Chinese restaurant here to close for a few days.\n\nMark Reed owns the Town House bar here and he questions why inspectors closed the entire street for just one red-tagged building.\n\n\"I really don't understand -- I'm not the 'safety guy' -- why the tape can't be moved further down the block to allow the restaurants and the antique stores to get some foot traffic,\" Reed said.\n\nTo lure customers, the city put up reminders that businesses are still open. But if the police tape stays up much longer, Fred Menard, who owns Indian Alley Antiques, worries what could happen to the store he's owned for 11 years.\n\n\"Probably I would have to close,\" he told us. \"I don't have a Plan B. This is it. People with Plan B's don't achieve Plan A.\"",
                    "date": "2014-09-07",
                    "eventUri": "1280199",
                    "id": "18788590",
                    "isDuplicate": false,
                    "lang": "eng",
                    "sim": 0.3326,
                    "source": {
                        "title": "KPIX TV 5",
                        "uri": "sanfrancisco.cbslocal.com"
                    },
                    "time": "08:55:00",
                    "title": "Vallejo Merchants Hit With Loss Of Foot Traffic After South Napa Quake",
                    "uri": "208985011",
                    "url": "http://sanfrancisco.cbslocal.com/2014/09/06/vallejo-merchants-loss-foot-traffic-south-napa-quake/",
                    "wgt": 1
                },
                {
                    "body": "\"They think I have something to do with [Reed's murder],\" Demarko Taylor, the alleged victim, told mlive.com, \"and I do not.\"\n\nReed was shot and killed in an Ypsilanti apartment building in October 2013. Ed Thomas and Kristopher Pratt were charged with Reed's murder, Pratt pleading guilty to a second-degree murder charge and Thomas recently acquitted at his jury trial.\n\nTaylor, Pratt's cousin, is named as the victim in court documents that accuse EMU players Darius Scott, Quincy Jones and Jairockeis Jones of committing misdemeanor aggravated assault. Per police reports, Scott, Jones, and Jones assaulted Taylor without weapons on an Ypsilanti street at 12:49 p.m. August 29. The three players were arrested that day, charged last Sunday, and later released on bond.\n\nThey did not appear in the Eagles' win Saturday over FCS Morgan State and do not appear on the team's depth chart for this Saturday's game at Florida, but a team official told mlive.com they remain a part of the team.\n\nScott was a high school teammate of Reed's at Chicago's Simeon Academy, while both Joneses were colleagues of Reed's on the Eagles' wide receiving unit.\n\nTaylor testified against Pratt and Thomas at a preliminary hearing earlier this year, saying he lived in the same apartment building where Reed was killed and saw him earlier in the evening in question. He testified he left a party he, Pratt and Thomas had attended and returned to his apartment while Pratt and Thomas returned to the party.\n\nTaylor told mlive.com the three EMU players saw him walking home from a local store, got out of a car they were traveling in, and attacked him.",
                    "date": "2014-09-05",
                    "eventUri": "1280199",
                    "id": "18717792",
                    "isDuplicate": false,
                    "lang": "eng",
                    "sim": 0.3015,
                    "source": {
                        "title": "CBSSports.com",
                        "uri": "www.cbssports.com"
                    },
                    "time": "19:11:00",
                    "title": "Three E. Michigan players face assault charge",
                    "uri": "208751632",
                    "url": "http://www.cbssports.com/collegefootball/eye-on-college-football/24695795/3-emu-players-charged-with-assaulting-cousin-of-demarius-reeds-killer-",
                    "wgt": 1
                }
            ]
        },
        "info": {
            "articleCount": 13,
            "averageDate": "2014-09-06",
            "avgCos": 0.3909,
            "categories": [],
            "customDate": false,
            "customLocation": false,
            "eventUri": "1280199",
            "extractedDate": "",
            "extractedDateEnd": "",
            "id": "1280199",
            "lang": "eng",
            "storyDate": "2014-09-06",
            "storyDateEnd": "",
            "uri": "850f305d-14db-4c75-b547-79470a557ea3-735621",
            "variance": 0.3472
        }
    },
    "e7e700df-6a06-44ea-a4f3-f736278fc36b-250507": {
        "articles": {
            "resultCount": 15,
            "results": [
                {
                    "body": "La peque\u00f1a es fruto de la relaci\u00f3n de la actriz norteamericana con el periodista franc\u00e9s Romain Dauriac\n\nEFE/Los Angeles La actriz Scarlett Johansson, de 29 a\u00f1os, se convirti\u00f3 en madre tras dar a luz una ni\u00f1a en Nueva York, inform\u00f3 hoy la revista People en su edici\u00f3n digital.\n\nEl beb\u00e9 recibi\u00f3 el nombre de Rose Dorothy y es fruto de la relaci\u00f3n de la protagonista de \"Lost in Translation\" con el periodista franc\u00e9s Romain Dauriac.\n\nJohansson y Dauriac son pareja desde 2012 y est\u00e1n prometidos desde hace un a\u00f1o.\n\nAnteriormente la actriz fue vinculada sentimentalmente con Jared Leto, Sean Penn y Josh Harnett y se cas\u00f3 con el tambi\u00e9n actor Ryan Reynolds.\n\nAquel discreto enlace tuvo lugar en septiembre de 2008, en Canad\u00e1, y termin\u00f3 en divorcio en julio de 2011.\n\nReynolds se cas\u00f3 con la actriz Blake Lively en septiembre de 2012.",
                    "date": "2014-09-05",
                    "eventUri": "1245748",
                    "id": "18679876",
                    "isDuplicate": false,
                    "lang": "spa",
                    "sim": 0.9124,
                    "source": {
                        "title": "www.levante-emv.com",
                        "uri": "www.levante-emv.com"
                    },
                    "time": "08:51:00",
                    "title": "Scarlett Johansson da a luz a una ni\u00f1a, Rose Dorothy",
                    "uri": "208644628",
                    "url": "http://www.levante-emv.com/vida-y-estilo/gente/2014/09/05/scarlett-johansson-da-luz-nina/1157907.html?utm_medium=rss",
                    "wgt": 1
                },
                {
                    "body": "La actriz Scarlett Johansson, de 29 a\u00f1os, se convirti\u00f3 en madre tras dar a luz una ni\u00f1a en Nueva York, inform\u00f3 hoy la revista People en su edici\u00f3n digital.\n\nEl beb\u00e9 recibi\u00f3 el nombre de Rose Dorothy y es fruto de la relaci\u00f3n de la protagonista de \"Lost in Translation\" con el periodista franc\u00e9s Romain Dauriac.\n\nJohansson y Dauriac son pareja desde 2012 y est\u00e1n prometidos desde hace un a\u00f1o.\n\nAnteriormente la actriz fue vinculada sentimentalmente con Jared Leto, Sean Penn y Josh Harnett y se cas\u00f3 con el tambi\u00e9n actor Ryan Reynolds.\n\nAquel discreto enlace tuvo lugar en septiembre de 2008, en Canad\u00e1, y termin\u00f3 en divorcio en julio de 2011.\n\nReynolds se cas\u00f3 con la actriz Blake Lively en septiembre de 2012.",
                    "date": "2014-09-05",
                    "eventUri": "1245748",
                    "id": "18654004",
                    "isDuplicate": false,
                    "lang": "spa",
                    "sim": 0.8984,
                    "source": {
                        "title": "La Razon",
                        "uri": "www.larazon.es"
                    },
                    "time": "00:42:00",
                    "title": "Scarlett Johansson da a luz a una ni\u00f1a",
                    "uri": "208573184",
                    "url": "http://www.larazon.es/detalle_normal/noticias/7279855/portada/scarlett-johansson-da-a-luz-a-una-nina",
                    "wgt": 1
                },
                {
                    "body": "La actriz Scarlett Johansson, de 29 a\u00f1os, se convirti\u00f3 en madre tras dar a luz una ni\u00f1a en Nueva York.\n\nSeg\u00fan inform\u00f3 la revista People en su edici\u00f3n digital, la beb\u00e9 recibi\u00f3 el nombre de Rose Dorothy y es fruto de la relaci\u00f3n de la protagonista de \"Lost in Translation\" con el periodista franc\u00e9s Romain Dauriac.\n\nJohansson y Dauriac son pareja desde 2012 y est\u00e1n comprometidos desde hace un a\u00f1o.\n\nAnteriormente la actriz fue vinculada sentimentalmente con Jared Leto, Sean Penn y Josh Harnett, y se cas\u00f3 con el tambi\u00e9n actor Ryan Reynolds.\n\nAquel discreto enlace tuvo lugar en septiembre de 2008, en Canad\u00e1, y termin\u00f3 en divorcio en julio de 2011.\n\nReynolds se cas\u00f3 con la actriz Blake Lively en septiembre de 2012.",
                    "date": "2014-09-05",
                    "eventUri": "1245748",
                    "id": "18702350",
                    "isDuplicate": false,
                    "lang": "spa",
                    "sim": 0.8914,
                    "source": {
                        "title": "Cooperativa",
                        "uri": "www.cooperativa.cl"
                    },
                    "time": "15:08:00",
                    "title": "Scarlett Johansson se convirti\u00f3 en madre - Cooperativa.cl",
                    "uri": "208709887",
                    "url": "http://www.cooperativa.cl/noticias/entretencion/cine/scarlett-johansson-se-convirtio-en-madre/2014-09-05/110430.html",
                    "wgt": 1
                },
                {
                    "body": "Debe ser usuario registrado para a\u00f1adir esta noticia a su selecci\u00f3n.\n\nLa actriz Scarlett Johansson, de 29 a\u00f1os, se convirti\u00f3 en madre tras dar a luz una ni\u00f1a en Nueva York, inform\u00f3 este viernes la revista People en su edici\u00f3n digital.\n\nEl beb\u00e9 recibi\u00f3 el nombre de Rose Dorothy y es fruto de la relaci\u00f3n de la protagonista de \"Lost in Translation\" con el periodista franc\u00e9s Romain Dauriac.\n\nJohansson y Dauriac son pareja desde 2012 y est\u00e1n prometidos desde hace un a\u00f1o.\n\nAnteriormente la actriz fue vinculada sentimentalmente con Jared Leto, Sean Penn y Josh Harnett y se cas\u00f3 con el tambi\u00e9n actor Ryan Reynolds.\n\nAquel discreto enlace tuvo lugar en septiembre de 2008, en Canad\u00e1, y termin\u00f3 en divorcio en julio de 2011.\n\nReynolds se cas\u00f3 con la actriz Blake Lively en septiembre de 2012.",
                    "date": "2014-09-05",
                    "eventUri": "1245748",
                    "id": "18681380",
                    "isDuplicate": false,
                    "lang": "spa",
                    "sim": 0.8859,
                    "source": {
                        "title": "Canarias7",
                        "uri": "www.canarias7.es"
                    },
                    "time": "09:21:00",
                    "title": "Scarlett Johansson da a luz a una ni\u00f1a",
                    "uri": "208649383",
                    "url": "http://www.canarias7.es/articulo.cfm?Id=347706",
                    "wgt": 1
                },
                {
                    "body": "Instant\u00e1nea de Scarlett Johansson en su \u00faltimo trabajo, \"Lucy\"\n\nLa estrella Scarlett Johansson, de 29 a\u00f1os, se ha convertido en madre esta ma\u00f1ana al dar a luz a una ni\u00f1a en Nueva York, seg\u00fan ha informado la revista People en su web.\n\nEl beb\u00e9 recibi\u00f3 el nombre de Rose Dorothy y es fruto de la relaci\u00f3n de la protagonista de \"Lost in Translation\" con el periodista franc\u00e9s Romain Dauriac.\n\nJohansson y Dauriac son pareja desde 2012 y est\u00e1n prometidos desde hace un a\u00f1o. Anteriormente la actriz fue vinculada sentimentalmente con Jared Leto, Sean Penn y Josh Harnett y se cas\u00f3 con el tambi\u00e9n actor Ryan Reynolds.\n\nAquel discreto enlace tuvo lugar en septiembre de 2008, en Canad\u00e1, y termin\u00f3 en divorcio en julio de 2011. Reynolds se cas\u00f3 con la actriz Blake Lively en septiembre de 2012.",
                    "date": "2014-09-05",
                    "eventUri": "1245748",
                    "id": "18654695",
                    "isDuplicate": false,
                    "lang": "spa",
                    "sim": 0.8767,
                    "source": {
                        "title": "ABC.ES",
                        "uri": "www.abc.es"
                    },
                    "time": "00:58:00",
                    "title": "Scarlett Johansson da a luz a una ni\u00f1a en Nueva York",
                    "uri": "208575346",
                    "url": "http://www.abc.es/estilo/gente/20140905/abci-scarlett-tiene-bebe-201409050229.html?utm_source=abc&utm_medium=rss&utm_content=uh-rss&utm_campaign=traffic-rss",
                    "wgt": 1
                },
                {
                    "body": "Nace fruto de su relaci\u00f3n con el periodista franc\u00e9s Romain Dauriac\n\nLa actriz Scarlett Johansson, de 29 a\u00f1os, se convirti\u00f3 en madre tras dar a luz una ni\u00f1a en Nueva York, inform\u00f3 la revista People en su edici\u00f3n digital. El beb\u00e9 recibi\u00f3 el nombre de Rose Dorothy y es fruto de la relaci\u00f3n de la protagonista de 'Lost in Translation' con el periodista franc\u00e9s Romain Dauriac.\n\nJohansson anunci\u00f3 su compromiso con Dauriac, despu\u00e9s de que se viera a la int\u00e9rprete lucir un anillo vintage Art Dec\u00f3 en el de cine de Venecia de 2013. La pareja comenz\u00f3 su relaci\u00f3n en noviembre de 2012.. Anteriormente la actriz fue vinculada sentimentalmente con Jared Leto, Sean Penn y Josh Harnett y se cas\u00f3 con el tambi\u00e9n actor Ryan Reynolds.\n\nAquel discreto enlace tuvo lugar en septiembre de 2008, en Canad\u00e1, y termin\u00f3 en divorcio en julio de 2011. Reynolds se cas\u00f3 con la actriz Blake Lively en septiembre de 2012.",
                    "date": "2014-09-05",
                    "eventUri": "1245748",
                    "id": "18656015",
                    "isDuplicate": false,
                    "lang": "spa",
                    "sim": 0.8678,
                    "source": {
                        "title": "ELMUNDO",
                        "uri": "www.elmundo.es"
                    },
                    "time": "01:27:00",
                    "title": "La actriz Scarlett Johansson da a luz a una ni\u00f1a",
                    "uri": "208578826",
                    "url": "http://www.elmundo.es/loc/2014/09/05/54090a7122601db71b8b4577.html",
                    "wgt": 1
                },
                {
                    "body": "La protagonista de 'Lost in Translation' ha dado a luz en Nueva York.\n\nLa actriz Scarlett Johansson, de 29 a\u00f1os, se convirti\u00f3 en madre tras dar a luz una ni\u00f1a en Nueva York, inform\u00f3 este jueves la revista People en su edici\u00f3n digital.\n\nRose Dorothy, primera hija de la actriz, ha nacido en Nueva YorkEl beb\u00e9 recibi\u00f3 el nombre de Rose Dorothy y es fruto de la relaci\u00f3n de la protagonista de 'Lost in Translation' con el periodista franc\u00e9s Romain Dauriac.\n\nJohansson y Dauriac son pareja desde 2012 y est\u00e1n prometidos desde hace un a\u00f1o.\n\nAnteriormente la actriz fue vinculada sentimentalmente con Jared Leto, Sean Penn y Josh Harnett y se cas\u00f3 con el tambi\u00e9n actor Ryan Reynolds.\n\nAquel discreto enlace tuvo lugar en septiembre de 2008, en Canad\u00e1, y termin\u00f3 en divorcio en julio de 2011.",
                    "date": "2014-09-05",
                    "eventUri": "1245748",
                    "id": "18672746",
                    "isDuplicate": false,
                    "lang": "spa",
                    "sim": 0.8554,
                    "source": {
                        "title": "20minutos.es - \u00daltimas Noticias",
                        "uri": "www.20minutos.es"
                    },
                    "time": "01:51:00",
                    "title": "Nace la hija de Scarlett Johansson y el periodista franc\u00e9s Romain Dauriac",
                    "uri": "208624889",
                    "url": "http://www.20minutos.es/noticia/2229972/0/scarlett-johansson/da-alluz/nina-nueva-york/",
                    "wgt": 1
                },
                {
                    "body": "El beb\u00e9 recibi\u00f3 el nombre de Rose Dorothy y es fruto de la relaci\u00f3n de la protagonista de \"Lost in Translation\" con el periodista franc\u00e9s Romain Dauriac.El segundo nombre del beb\u00e9 es un homenaje a la abuela de Johansson.\n\nJohansson y Dauriac son pareja desde 2012 y est\u00e1n prometidos desde hace un a\u00f1o.\n\nAnteriormente la actriz fue vinculada sentimentalmente con Jared Leto, Sean Penn y Josh Harnett y se cas\u00f3 con el tambi\u00e9n actor Ryan Reynolds.\n\nAquel discreto enlace tuvo lugar en septiembre de 2008, en Canad\u00e1, y termin\u00f3 en divorcio en julio de 2011.\n\nReynolds se cas\u00f3 con la actriz Blake Lively en septiembre de 2012.",
                    "date": "2014-09-05",
                    "eventUri": "1245748",
                    "id": "18679651",
                    "isDuplicate": false,
                    "lang": "spa",
                    "sim": 0.8394,
                    "source": {
                        "title": "Cadena SER",
                        "uri": "www.cadenaser.com"
                    },
                    "time": "08:45:00",
                    "title": "Scarlett Johansson da a luz a una ni\u00f1a",
                    "uri": "208643696",
                    "url": "http://www.cadenaser.com/sociedad/articulo/scarlett-johansson-da-luz-nina/csrcsrpor/20140905csrcsrsoc_4/Tes?ssm=14092012-Ser-rs-1-Tw",
                    "wgt": 1
                },
                {
                    "body": "La actriz ha dado a luz a una ni\u00f1a, Rose, fruto de su relaci\u00f3n con el periodista franc\u00e9s Romain Dauriac\n\nLa actriz estadounidense Scarlett Johansson ha dado a luz a su primer beb\u00e9, una ni\u00f1a llamada Rose y que es fruto de su relaci\u00f3n con el periodista franc\u00e9s Romain Dauriac, ha confirmado su representante. \"Madre e hija se encuentran bien\", ha se\u00f1alado el portavoz de la int\u00e9rprete de 'Match point', Marcel Pariseau.\n\nLa protagonista de 'Lucy' fue fotografiada hace pocos d\u00edas en Nueva York luciendo un avanzad\u00edsimo estado de gestaci\u00f3n. Los rumores de embarazo de Scarlett Johansson, de 29 a\u00f1os, saltaron en marzo, pocos meses despu\u00e9s de conocerse su compromiso con Dauriac, con quien sale desde finales de 2012.\n\nJohansson acumula cuatro nominaciones al Oscar, por 'Lost in Translation' (2003), 'La joven de la perla' (2003), 'Una canci\u00f3n del pasado' (2004) y 'Match Point' (2005). Entre 2008 y 2011 estuvo casada con el actor canadiense Ryan Reynolds.",
                    "date": "2014-09-04",
                    "eventUri": "1245748",
                    "id": "18660573",
                    "isDuplicate": false,
                    "lang": "spa",
                    "sim": 0.7586,
                    "source": {
                        "title": "El Comercio",
                        "uri": "www.elcomercio.es"
                    },
                    "time": "21:34:00",
                    "title": "Scarlett Johansson ya es mam\u00e1",
                    "uri": "208589627",
                    "url": "http://www.elcomercio.es/gente-estilo/201409/05/scarlett-johansson-mama-20140905005028-rc.html",
                    "wgt": 1
                },
                {
                    "body": "La actriz estadounidense Scarlett Johansson dio la bienvenida a su primer beb\u00e9, una ni\u00f1a llamada Rose, que naci\u00f3 de su relaci\u00f3n con el periodista franc\u00e9s Romain Dauriac, confirm\u00f3 este jueves su representante a la AFP.\n\n\"Madre e hija se encuentran bien\", se\u00f1al\u00f3 el vocero de la actriz, Marcel Pariseau, citado por los medios estadounidenses.\n\nLos rumores de embarazo de Johansson, de 29 a\u00f1os, saltaron a la luz en marzo, pocos meses despu\u00e9s de conocerse su compromiso con Dauriac, con quien sale desde finales de 2012.",
                    "date": "2014-09-04",
                    "eventUri": "1245748",
                    "id": "18648724",
                    "isDuplicate": false,
                    "lang": "spa",
                    "sim": 0.6913,
                    "source": {
                        "title": "infobae",
                        "uri": "www.infobae.com"
                    },
                    "time": "23:10:00",
                    "title": "Naci\u00f3 Rose, la primera hija de Scarlett Johansson",
                    "uri": "208559958",
                    "url": "http://www.infobae.com/2014/09/04/1592633-nacio-rose-la-primera-hija-scarlett-johansson",
                    "wgt": 1
                },
                {
                    "body": "4 de septiembre de 2014 Nace primer hijo de Scarlett Johansson La estrella de Los Vengadores dio a su luz a la peque\u00f1a Rose; el portavoz de la actriz inform\u00f3 que madre e hija se encuentran en perfecto estado de salud. Danos tu opini&oacuten\n\nCIUDAD DE M\u00c9XICO.- La int\u00e9rprete estadounidense Scarlett Johansson dio la bienvenida a su primer beb\u00e9, una ni\u00f1a llamada Rose nacida de su relaci\u00f3n con el periodista franc\u00e9s Romain Dauriac, confirm\u00f3 este jueves su representante.\n\n\"Madre e hija se encuentran bien\", se\u00f1al\u00f3 el portavoz de la actriz, Marcel Pariseau, citado por los medios estadounidenses.\n\nLa estrella de Los Vengadores confirm\u00f3 su embarazo en mazo pasado y desde entonces se mantuvo lejos de las c\u00e1maras y ajena a los eventos sociales de Hollywood.\n\nEl mes pasado fue fotografiada por primera vez luciendo su estado de gravidez mientras caminaba junto a su pareja por las calles de Nueva York.\n\nLos rumores de embarazo de Johansson, de 29 a\u00f1os, saltaron a la luz en marzo, pocos meses despu\u00e9s de conocerse su compromiso con Dauriac, con quien sale desde finales de 2012.\n\nJohansson acumula cuatro nominaciones al \u00d3scar por \"Lost in Translation\" (2003), \"Girl with a Pearl Earing\" (2003), \"A Love Song for Bobby Long\" (2004) y \"Match Point\" (2005).\n\nEntre 2008 y 2011 estuvo casada con el actor canadiense Ryan Reynols.\n\nAGENCIAS",
                    "date": "2014-09-05",
                    "eventUri": "1245748",
                    "id": "18660562",
                    "isDuplicate": false,
                    "lang": "spa",
                    "sim": 0.6579,
                    "source": {
                        "title": "laverdadnoticias.com",
                        "uri": "laverdadnoticias.com"
                    },
                    "time": "02:45:00",
                    "title": "Nace primer hijo de Scarlett Johansson",
                    "uri": "208589617",
                    "url": "http://laverdadnoticias.com/nace-primer-hijo-de-scarlett-johansson/422768/",
                    "wgt": 1
                },
                {
                    "body": "La actriz estadunidense dio la bienvenida a una ni\u00f1a llamada Rose, nacida de su relaci\u00f3n con el periodista franc\u00e9s Romain Dauriac\n\nCIUDAD DE M\u00c9XICO, 4 de septiembre.- La int\u00e9rprete estadunidense Scarlett Johansson dio la bienvenida a su primer beb\u00e9, una ni\u00f1a llamada Rose nacida de su relaci\u00f3n con el periodista franc\u00e9s Romain Dauriac, confirm\u00f3 este jueves su representante.\n\n\"Madre e hija se encuentran bien\", se\u00f1al\u00f3 el portavoz de la actriz, Marcel Pariseau, citado por los medios estadunidenses.\n\nLa estrella de Los Vengadores confirm\u00f3 su embarazo en mazo pasado y desde entonces se mantuvo lejos de las c\u00e1maras y ajena a los eventos sociales de Hollywood.\n\nEl mes pasado fue fotografiada por primera vez luciendo su estado de gravidez mientras caminaba junto a su pareja por las calles de Nueva York.\n\nLos rumores del embarazo de Johansson, de 29 a\u00f1os, saltaron a la luz en marzo, pocos meses despu\u00e9s de conocerse su compromiso con Dauriac, con quien sale desde finales de 2012.",
                    "date": "2014-09-04",
                    "eventUri": "1245748",
                    "id": "18660561",
                    "isDuplicate": false,
                    "lang": "spa",
                    "sim": 0.6566,
                    "source": {
                        "title": "Exc\u00e9lsior",
                        "uri": "www.excelsior.com.mx"
                    },
                    "time": "22:34:00",
                    "title": "Scarlett Johansson da a luz a su primer hijo",
                    "uri": "208589623",
                    "url": "http://www.excelsior.com.mx/funcion/2014/09/04/980062",
                    "wgt": 1
                },
                {
                    "body": "La blonda Scarlett Johansson dio a luz a una nena. Seg\u00fan confirmaron desde el entorno de la actriz ella se encuentra bien al igual que la bebe. \u00a1Felicidades!\n\nLuego de la revoluci\u00f3n que se gener\u00f3 en Hollywood por la filtraci\u00f3n de fotos de muchas de las bellas actrices que all\u00ed trabajan, lleg\u00f3 una buena noticia. La artista Scarlett Johansson fue madre esta tarde.\n\nEs una ni\u00f1a a la que llamaron Rose, que concibi\u00f3 junto a su pareja, Romain Dauriac un periodista franc\u00e9s. El agente de la rubia, Marcel Pariseau, sostuvo que la madre y la ni\u00f1a se encuentran \"bien\".\n\nScarlett, de 29 a\u00f1os, y Dauriac, confirmaron que viv\u00edan enpareja en septiembre del a\u00f1o pasado, despu\u00e9s de seis meses defrecuentarse.\n\nPoco despu\u00e9s, la actriz mostr\u00f3 el anillo de compromiso durante el Festival de Venecia y en marzo pasado anunci\u00f3 su embarazo.\n\nJohansson acumula cuatro nominaciones al \u00d3scar por \"Lost in Translation\" (2003), \"Girl with a Pearl Earing\" (2003), \"A Love Song for Bobby Long\" (2004) y \"Match Point\" (2005).",
                    "date": "2014-09-04",
                    "eventUri": "1245748",
                    "id": "18660567",
                    "isDuplicate": false,
                    "lang": "spa",
                    "sim": 0.6066,
                    "source": {
                        "title": "todoshow.infonews.com",
                        "uri": "todoshow.infonews.com"
                    },
                    "time": "22:34:00",
                    "title": "Una bella estrella de Hollywood fue mam\u00e1",
                    "uri": "208589636",
                    "url": "http://todoshow.infonews.com/2014/09/04/todoshow-160571-una-bella-estrella-de-hollywood-fue-mama.php",
                    "wgt": 1
                },
                {
                    "body": "La actriz dio a luz a Rose, su primera hija con el periodista franc\u00e9s Romain Dauriac\n\nScarlett Johansson ya es madre. La actriz de 29 a\u00f1os dio a luz hoy a una ni\u00f1a que llevar\u00e1 por nombre Rose. La peque\u00f1a es fruto de la relaci\u00f3n de la actriz ganadora del Tony con el periodista franc\u00e9s Romain Dauriac, con quien se comprometi\u00f3 en matrimonio.\n\nLa agencia \"AP\", quien dio la noticia, explic\u00f3 tambi\u00e9n que tanto la ni\u00f1a como la madre se encuentran bien y que desean privacidad en estos momentos de felicidad.\n\nJohansson, que durante su embarazo prefiri\u00f3 no hablar mucho de ello con la prensa, s\u00ed destac\u00f3 su deseo de llevar su carrera profesional a la par con la maternidad.\n\n\"Parece muy estresante el no poder pasar tiempo con tu familia por estar persiguiendo al cola de tu propio \u00e9xito. Debe de existir una forma en la que pueda encontrar un balance entre ambas cosas, ser capaz de estar con mi familia y hacer una pel\u00edcula por a\u00f1o o trabajar haciendo teatro. Quiero tenerlo todo, aunque suene ego\u00edsta\", dijo en su momento.",
                    "date": "2014-09-04",
                    "eventUri": "1245748",
                    "id": "18660555",
                    "isDuplicate": false,
                    "lang": "spa",
                    "sim": 0.6006,
                    "source": {
                        "title": "EL COMERCIO",
                        "uri": "elcomercio.pe"
                    },
                    "time": "20:34:00",
                    "title": "Scarlett Johansson se convirti\u00f3 en madre de una ni\u00f1a",
                    "uri": "208589630",
                    "url": "http://elcomercio.pe/tvmas/hollywood/scarlett-johansson-se-convirtio-madre-nina-noticia-1754719",
                    "wgt": 1
                },
                {
                    "body": "Estados Unidos. Mientras unos lamentan la muerte del cantante Gustavo Cerati y la presentadora Joan Rivers, la bella actriz Scarlett Johansson, dio a luz a su primera hija a la edad de 29 a\u00f1os.\n\nLa noticia fue confirmada por el representante de la int\u00e9rprete de cine, quien adem\u00e1s inform\u00f3 que la ni\u00f1a tendr\u00e1 por nombre, Rose.\n\nCabe mencionar que Rose es el fruto de su amor con Romain Dauriac, un joven y reconocido periodista de Francia, con quien se ha comprometido hace varios meses.\n\nComo se recuerda, la actriz se mantuvo alejada de las luces y los flashes, tras su participaci\u00f3n en la famosa pel\u00edcula \"Her\" y en el taquillero filme, \"Los Vengadores\", sin embargo fueron sus propios seguidores, quienes notaron su abultada \"barriguita\" en julio de este a\u00f1o, mientras Johansson paseaba por unas calles de Nueva York.",
                    "date": "2014-09-04",
                    "eventUri": "1245748",
                    "id": "18660564",
                    "isDuplicate": false,
                    "lang": "spa",
                    "sim": 0.4972,
                    "source": {
                        "title": "ovejanegra.peru.com",
                        "uri": "peru.com"
                    },
                    "time": "21:34:00",
                    "title": "Scarlett Johansson dio a luz a su primera hija",
                    "uri": "208589634",
                    "url": "http://peru.com/entretenimiento/cine/scarlett-johansson-dio-luz-su-primera-hija-noticia-281778",
                    "wgt": 1
                }
            ]
        },
        "info": {
            "articleCount": 15,
            "averageDate": "2014-09-05",
            "avgCos": 0.5419,
            "categories": [],
            "customDate": false,
            "customLocation": false,
            "eventUri": "1245748",
            "extractedDate": "",
            "extractedDateEnd": "",
            "id": "1245748",
            "lang": "spa",
            "location": {
                "country": {
                    "labelEng": "Spain",
                    "lat": 40,
                    "long": -4,
                    "wikiUri": "http://en.wikipedia.org/wiki/Spain"
                },
                "labelEng": "Pareja",
                "lat": 40.55578,
                "long": -2.64882,
                "wikiUri": "http://en.wikipedia.org/wiki/Pareja"
            },
            "storyDate": "2014-09-05",
            "storyDateEnd": "",
            "uri": "e7e700df-6a06-44ea-a4f3-f736278fc36b-250507",
            "variance": 0.2063
        }
    },
    "meta": {
        "CCAArticleMatchCount": 15,
        "CCAArticleMatchRatio": 0.1056338028169014,
        "CCAAvgCosSim": 0.6529566666666666,
        "CCAAvgMatchWgt": 27.66666666666667,
        "_articleUri1": "209036552",
        "_articleUri2": "208644628",
        "_datetime": "2015-01-20 15:53:55",
        "_ruleBasedShouldMerge": false,
        "_storyUri1": "850f305d-14db-4c75-b547-79470a557ea3-735621",
        "_storyUri2": "e7e700df-6a06-44ea-a4f3-f736278fc36b-250507",
        "_username": "Evgenia Belyaeva",
        "artCount1": 13,
        "artCount2": 15,
        "avgCosSimStory1": 0.3909,
        "avgCosSimStory2": 0.5419,
        "categorySim": 0,
        "conceptCosSim": 0,
        "conceptJaccardSim": 0,
        "coreTime1": 128683.1833333333,
        "coreTime2": 128664.7,
        "coreTimeStDev1": 18.50889952968113,
        "coreTimeStDev2": 4.315246352739352,
        "entityCosSim": 0,
        "entityJaccardSim": 0,
        "extractedDateJaccardSim": 0,
        "extractedDatesStory1": 0,
        "extractedDatesStory2": 1,
        "hasSameLocation": -1,
        "keywordCosSim": 0,
        "keywordJaccardSim": 0,
        "lang1": "eng",
        "lang2": "spa",
        "matchingDateCount": 0,
        "matchingDateRatio": 0,
        "ratioAnnotatedArticlesStory1": 1,
        "ratioAnnotatedArticlesStory2": 1,
        "shouldMerge": false,
        "storyQuality1": 7,
        "storyQuality2": 18,
        "timeAvg1": 128708.7807692308,
        "timeAvg2": 128666.52,
        "timeStDev1": 20.55623602655089,
        "timeStDev2": 5.285291260064441,
        "varianceStory1": 0.3472,
        "varianceStory2": 0.2063
    }
}