{
    "850f305d-14db-4c75-b547-79470a557ea3-1007731": {
        "articles": {
            "resultCount": 6,
            "results": [
                {
                    "body": "Bank of America on Monday posted a notice to its website (seen in the upper left of this screen shot) informing customers that online banking was not available.\n\nBank of America customers were not able to use online banking Monday, according to a notice on the Charlotte bank's website.\n\n\"Online banking is temporarily unavailable. Thank you for your patience,\" said the notice, which was on the bank's website early Monday afternoon.\n\nThe bank did not disclose the cause of the problem or when online banking would be available again. The site appeared to be working again at about 2 p.m.\n\n\"Some customers may be experiencing issues accessing online and mobile banking,\" bank spokesman Mark Pipitone said in an email to the Observer. \"We are aware of the issue and working quickly to resolve.\"\n\nSome customers took to social media to vent their frustrations.\n\n\"Bank of America nationwide online banking unavailable. Unacceptable,\" tweeted someone with the Twitter handle @yopablo.",
                    "date": "2014-11-03",
                    "eventUri": "1755669",
                    "id": "24395811",
                    "isDuplicate": false,
                    "lang": "eng",
                    "sim": 0.9154,
                    "source": {
                        "title": "newsobserver",
                        "uri": "www.newsobserver.com"
                    },
                    "time": "19:33:00",
                    "title": "Bank of America says online banking down",
                    "uri": "223987889",
                    "url": "http://www.newsobserver.com/2014/11/03/4290101/bank-of-america-says-online-banking.html#storylink%3Drss",
                    "wgt": 1
                },
                {
                    "body": "Bank of America on Monday posted a notice to its website (seen in the upper left of this screen shot) informing customers that online banking was not available.\n\nBank of America customers were not able to use online banking Monday, according to a notice on the Charlotte bank's website.\n\n\"Online banking is temporarily unavailable. Thank you for your patience,\" said the notice, which was on the bank's website early Monday afternoon.\n\nThe bank did not disclose the cause of the problem or when online banking would be available again.\n\n\"Some customers may be experiencing issues accessing online and mobile banking,\" bank spokesman Mark Pipitone said in an email to the Observer. \"We are aware of the issue and working quickly to resolve.\"",
                    "date": "2014-11-03",
                    "eventUri": "1755669",
                    "id": "24392098",
                    "isDuplicate": false,
                    "lang": "eng",
                    "sim": 0.9033,
                    "source": {
                        "title": "charlotteobserver",
                        "uri": "www.charlotteobserver.com"
                    },
                    "time": "18:52:00",
                    "title": "Bank of America says online banking down | CharlotteObserver.com",
                    "uri": "223978905",
                    "url": "http://www.charlotteobserver.com/2014/11/03/5287532/bank-of-america-says-online-banking.html#.VFfOOOe0Z8k",
                    "wgt": 1
                },
                {
                    "body": "Bank of America on Monday posted a notice to its website (seen in the upper left of this screen shot) informing customers that online banking was not available.\n\nBank of America said Monday afternoon that its customers were no longer being shut out of their accounts online.\n\nThe Charlotte-based bank declined to explain the cause of the problem. Earlier in the afternoon, the bank posted a notice on its website informing customers that online banking was temporarily unavailable. It also turned to Facebook and Twitter to inform customers that some of them may be experiencing issues accessing online and mobile banking.\n\nOnline banking was restored around 2 p.m.\n\nBank of America is the second-largest U.S. bank. It has 31 million online banking customers and about 16 million mobile-banking customers.\n\nMonday was not the first time the bank's website has had issues. In October 2011, for example, the bank's customers had trouble accessing their accounts for multiple days.\n\nSome banks have attributed web-site problems in recent years to cyber attacks. recently, JPMorgan Chase acknowledged that hackers this summer took data on 76 million customers.\n\nSome Bank of America customers took to social media Monday to vent their frustrations. \"Bank of America nationwide online banking unavailable. Unacceptable,\" one Twitter user wrote.",
                    "date": "2014-11-03",
                    "eventUri": "1755669",
                    "id": "24402775",
                    "isDuplicate": false,
                    "lang": "eng",
                    "sim": 0.8777,
                    "source": {
                        "title": "charlotteobserver",
                        "uri": "www.charlotteobserver.com"
                    },
                    "time": "20:37:00",
                    "title": "Bank of America says online banking available again | CharlotteObserver.com",
                    "uri": "224002829",
                    "url": "http://www.charlotteobserver.com/2014/11/03/5287532/bank-of-america-says-online-banking.html#.VFfnPIfUkpI",
                    "wgt": 1
                },
                {
                    "body": "Online banking customers at Charlotte-based Bank of America may have had some difficulty accessing their accounts online this afternoon.\n\nThe bank's online banking tools were unavailable at times in the early afternoon Monday. The website had a message for effected customers: \"Online banking is temporarily unavailable. Thank you for your patience.\"\n\nMobile banking customers encountered some of the same issues.\n\nThe website was working again around 2:15 p.m.\n\nA bank spokesman in an email confirms \"some customers had trouble accessing online banking.\" It's unclear what caused the hiccup.\n\nBofA offered instructions for other ways to access accounts, including visiting a local branch or ATM or calling a variety of customer service phone lines.\n\nCharlotte-based BofA facilitates millions of transactions online everyday. The bank says it has about 31 million online banking users and 16 million mobile banking users.\n\nAdam O'Daniel covers banking, entrepreneurs and technology for the Charlotte Business Journal.",
                    "date": "2014-11-03",
                    "eventUri": "1755669",
                    "id": "24395267",
                    "isDuplicate": false,
                    "lang": "eng",
                    "sim": 0.8631,
                    "source": {
                        "title": "Business Journal",
                        "uri": "www.bizjournals.com"
                    },
                    "time": "19:27:00",
                    "title": "Bank of America online banking shuts down for some customers",
                    "uri": "223986543",
                    "url": "http://www.bizjournals.com/charlotte/blog/bank_notes/2014/11/bank-of-america-online-banking-shuts-down-for-some.html?utm_source=feedburner&utm_medium=feed&utm_campaign=Feed%253A%2Bbizj_national%2B%2528Bizjournals%2BNational%2BFeed%2529",
                    "wgt": 1
                },
                {
                    "body": "Online banking customers at Charlotte-based Bank of America may have had some difficulty accessing their accounts online this afternoon.\n\nThe bank's online banking tools were unavailable at times in the early afternoon. The website had a message for effected customers: \"Online banking is temporarily unavailable. Thank you for your patience.\"\n\nMobile banking customers encountered some of the same issues.\n\nThe website was working again around 2:15 p.m.\n\nIn an email, a bank spokesman confirms \"some customers had trouble accessing online banking.\" It's unclear what caused the hiccup.\n\nBofA offered instructions for other ways to access accounts, including visiting a local branch or ATM or calling a variety of customer service phone lines.\n\nCharlotte-based BofA facilitates millions of transactions online every day. The bank says it has about 31 million online banking users and 16 million mobile banking users.\n\nAdam O'Daniel covers banking, entrepreneurs and technology for the Charlotte Business Journal.",
                    "date": "2014-11-03",
                    "eventUri": "1755669",
                    "id": "24396773",
                    "isDuplicate": false,
                    "lang": "eng",
                    "sim": 0.8611,
                    "source": {
                        "title": "Business Journal",
                        "uri": "www.bizjournals.com"
                    },
                    "time": "19:43:00",
                    "title": "Bank of America mobile and online banking unavailable for some customers",
                    "uri": "223989948",
                    "url": "http://www.bizjournals.com/charlotte/blog/bank_notes/2014/11/bank-of-america-online-banking-shuts-down-for-some.html?utm_source=feedburner&utm_medium=feed&utm_campaign=Feed%253A%2Bvertical_42%2B%2528Internet%2BIndustry%2BNews%2529",
                    "wgt": 1
                },
                {
                    "body": "CONNECT 3 TWEETLINKEDINCOMMENTEMAILMORE\n\nCHARLOTTE, N.C. -- Bank of America has confirmed via Twitter that the company is experiencing issues with their online banking platform.\n\n@BofA_News tweeted that some customers may experience issues accessing online and mobile banking. The handle continued that company is aware of the issue and is working to resolve it.\n\nSome customers may be experiencing issues accessing online %26 mobile banking. We're working quickly to resolve. Thanks for your patience. -- Bank of America (@BofA_News)\n\nNovember 3, 2014\n\nThe website directs users who find their accounts inaccessible online to visit their nearest Bank of America location of ATM.\n\nClick here for Bank of America contact information.\n\nRead or Share this story: http://www.wcnc.com/story/money/consumer/2014/11/03/bank-of-america-having-online-banking-issues/18420451/",
                    "date": "2014-11-03",
                    "eventUri": "1755669",
                    "id": "24396395",
                    "isDuplicate": false,
                    "lang": "eng",
                    "sim": 0.7176,
                    "source": {
                        "title": "WCNC",
                        "uri": "www.wcnc.com"
                    },
                    "time": "19:39:00",
                    "title": "Bank of America having online banking issues",
                    "uri": "223989118",
                    "url": "http://www.wcnc.com/story/money/consumer/2014/11/03/bank-of-america-having-online-banking-issues/18420451/",
                    "wgt": 1
                }
            ]
        },
        "info": {
            "articleCount": 6,
            "averageDate": "2014-11-03",
            "avgCos": 0.6055,
            "categories": [
                {
                    "label": "Business/Financial_Services",
                    "uri": "http://www.dmoz.org/Business/Financial_Services",
                    "wgt": 33
                },
                {
                    "label": "Business/Financial_Services/Banking_Services",
                    "uri": "http://www.dmoz.org/Business/Financial_Services/Banking_Services",
                    "wgt": 47
                },
                {
                    "label": "Business/Financial_Services/Holding_Companies",
                    "uri": "http://www.dmoz.org/Business/Financial_Services/Holding_Companies",
                    "wgt": 44
                }
            ],
            "customDate": false,
            "customLocation": false,
            "eventUri": "1755669",
            "extractedDate": "",
            "extractedDateEnd": "",
            "id": "1755669",
            "lang": "eng",
            "location": {
                "country": {
                    "labelEng": "United States",
                    "lat": 39.76,
                    "long": -98.5,
                    "wikiUri": "http://en.wikipedia.org/wiki/United_States"
                },
                "labelEng": "Charlotte, North Carolina",
                "lat": 35.22709,
                "long": -80.84313,
                "wikiUri": "http://en.wikipedia.org/wiki/Charlotte,_North_Carolina"
            },
            "storyDate": "2014-11-03",
            "storyDateEnd": "",
            "uri": "850f305d-14db-4c75-b547-79470a557ea3-1007731",
            "variance": 0.1333
        }
    },
    "e7e700df-6a06-44ea-a4f3-f736278fc36b-327582": {
        "articles": {
            "resultCount": 5,
            "results": [
                {
                    "body": "El presidente de la Rep\u00fablica, Nicol\u00e1s Maduro, anunci\u00f3 este lunes que el Banco Bicentenario pasar\u00e1 a ser el Banco Bicentenario de la clase obrera venezolana, una instituci\u00f3n bancaria para el desarrollo de los trabajadores del pa\u00eds.\n\nDurante la instalaci\u00f3n de la Comisi\u00f3n para contrataci\u00f3n colectiva de servidores p\u00fablicos, acto que se realiz\u00f3 en el Palacio de Miraflores, Caracas, Maduro indic\u00f3 que las 536 agencias que posee la instituci\u00f3n bancaria pasar\u00e1n a formar parte del nuevo banco.\n\nEsta instituci\u00f3n \"prestar\u00e1 servicios financieros a las familias de los trabajadores. As\u00ed como creamos el Banco de la Fuerza Armada para prestar servicios financieros, para hacer rendir el ahorro de los trabajadores. Lo podemos hacer tranquilamente porque es un banco del Estado, es un banco socialista, y es una banco ahora de los trabajadores\", expres\u00f3.",
                    "date": "2014-11-04",
                    "eventUri": "1660357",
                    "id": "24426541",
                    "isDuplicate": false,
                    "lang": "spa",
                    "sim": 0.7578,
                    "source": {
                        "title": "www.elsiglo.net.ve",
                        "uri": "www.elsiglo.net.ve"
                    },
                    "time": "01:23:00",
                    "title": "Crean banco para el desarrollo de la clase obrera",
                    "uri": "224057673",
                    "url": "http://www.elsiglo.net.ve//modules.php?name=News&file=article&sid=91446",
                    "wgt": 1
                },
                {
                    "body": "Caracas, 4 de noviembre de 2014.- El presidente de la Rep\u00fablica, Nicol\u00e1s Maduro, anunci\u00f3 este lunes que el Banco Bicentenario pasar\u00e1 a ser el Banco Bicentenario de la clase obrera venezolana, una instituci\u00f3n bancaria para el desarrollo de los trabajadores venezolanos.\n\nEl anuncio se dio desde el Palacio de Miraflores, en la instalaci\u00f3n de la Comisi\u00f3n para contrataci\u00f3n colectiva de servidores p\u00fablicos que busca favorecer y proteger a las trabajadoras y trabajadores venezolanos.",
                    "date": "2014-11-04",
                    "eventUri": "1660357",
                    "id": "24455020",
                    "isDuplicate": false,
                    "lang": "spa",
                    "sim": 0.738,
                    "source": {
                        "title": "Aporrea",
                        "uri": "www.aporrea.org"
                    },
                    "time": "09:19:00",
                    "title": "Create bank for the development of the working class",
                    "uri": "224131036",
                    "url": "http://www.aporrea.org/actualidad/n260154.html?utm_source=feedburner&amputm_medium=feed&amputm_campaign=Feed%253A%2Baporrea%252Fnoticias%2B%2528Aporrea.org%2B-%2Bnoticias%2529",
                    "wgt": 1
                },
                {
                    "body": "\"Voy a proceder a convertir el Banco Bicentenario en el Banco Bicentenario de la la Clase Obrera Venezolana, con sus 536 agencias y todo su poder econ\u00f3mico. Ser\u00e1 el banco de la clase obrera\", expres\u00f3 el Dignatario Nacional\n\nEl presidente de la Rep\u00fablica Bolivariana de Venezuela, Nicol\u00e1s Maduro, aprob\u00f3 este lunes la propuesta de convertir al Banco Bicentenario en el Banco Popular para el Desarrollo de la Clase Obrera.\n\n\"Voy a proceder a convertir el Banco Bicentenario en el Banco Bicentenario de la la Clase Obrera Venezolana, con sus 536 agencias y todo su poder econ\u00f3mico. Ser\u00e1 el banco de la clase obrera\", anunci\u00f3 durante la instalaci\u00f3n de la Comisi\u00f3n para discutir la contrataci\u00f3n colectiva de los trabajadores p\u00fablicos, que se realiz\u00f3 en el Palacio de Miraflores, en Caracas.\n\nAfirm\u00f3 el Mandatario que la nueva entidad financiera prestar\u00e1 servicios financieros a las familias de los trabajadores, tal como ocurri\u00f3 con la creaci\u00f3n del Banco de la Fuerza Armada Nacional Bolivariana (FANB), que trabaja para respaldar a los militares.\n\nDetall\u00f3 que el Banco Bicentenario de la la Clase Obrera Venezolana, prestar\u00e1 diversos servicios para hacer rendir el ahorro de los trabajadores, otorgar cr\u00e9ditos para emprendimientos productivos y promover el ahorro de los ni\u00f1os y ni\u00f1as con el plan familiar de la alcanc\u00eda familiar, cuyo lanzamiento se har\u00e1 el pr\u00f3ximo mi\u00e9rcoles.\n\nAsimismo, el Presidente dijo que se establecer\u00e1 un apoyo especial \"para hacer rendir y acelerar los cr\u00e9ditos de pol\u00edtica habitacional que a veces se hacen eternos\".\n\n\"Apoyarlo no solo en lo que tenga derecho, sino siempre apoyarlo con un extra, para eso es el socialismo, para la justa distribuci\u00f3n de la riqueza, para la felicidad social de los seres humanos de nuestra patria\", asegur\u00f3.\n\nFinalmente, el Dignatario Nacional inform\u00f3 que en los pr\u00f3ximos d\u00edas se realizar\u00e1 el Congreso Nacional de Trabajadoras y Trabajadores, y que en el acto de clausura ser\u00e1 instalado el Consejo Presidencial de Gobierno de la Clase Obrera Venezolana.",
                    "date": "2014-11-04",
                    "eventUri": "1660357",
                    "id": "24425618",
                    "isDuplicate": false,
                    "lang": "spa",
                    "sim": 0.7146,
                    "source": {
                        "title": "Correo del Orinoco",
                        "uri": "www.correodelorinoco.gob.ve"
                    },
                    "time": "01:18:00",
                    "title": "Bicentennial bank will be the new bank of the working class Venezuelan",
                    "uri": "224055565",
                    "url": "http://www.correodelorinoco.gob.ve/nacionales/banco-bicentenario-sera-nuevo-banco-clase-obrera-venezolana/",
                    "wgt": 1
                },
                {
                    "body": "El presidente Nicol\u00e1s Maduro anunci\u00f3 que el Banco Bicentenario se convertir\u00e1 en el Banco de Desarrollo de la Clase Obrera. Este entidad prestar\u00e1 servicios financieros para impulsar proyectos productivos en el pa\u00eds.\n\nEn este sentido, todas las instalaciones y agencias pertenecientes al Banco Bicentenario pasar\u00e1n a ser de la nueva entidad financiera, que nace bajo la premisa de promover el ahorro dentro de la clase trabajadora del pa\u00eds.\n\nAsimismo instruy\u00f3 al vicepresidente para el \u00e1rea econ\u00f3mica y finanzas, Rodolfo Marco Torres, implementar pol\u00edticas eficientes dirigidas a satisfacer las necesidades de los trabajadores del pa\u00eds.\n\nLa informaci\u00f3n la dio el mandatario nacional durante la firma del acta constitutiva para la discusi\u00f3n del contrato marco de los trabajadores de la administraci\u00f3n p\u00fablica, realizada en el Sal\u00f3n Ayacucho del Palacio de Miraflores.",
                    "date": "2014-11-04",
                    "eventUri": "1660357",
                    "id": "24427401",
                    "isDuplicate": false,
                    "lang": "spa",
                    "sim": 0.6932,
                    "source": {
                        "title": "globovision.com",
                        "uri": "globovision.com"
                    },
                    "time": "01:43:00",
                    "title": "Bicentennial bank will be the bank of the working class",
                    "uri": "224059552",
                    "url": "http://globovision.com/banco-bicentenario-sera-el-banco-de-la-clase-obrera/",
                    "wgt": 1
                },
                {
                    "body": "En la cancha de la ASH se ver\u00e1n las caras los mejores equipos de la fase regular clasificatoria. A partir de las 21:30, saltar\u00e1n al rect\u00e1ngulo de juego los primeros equipos de CRAI y Banco Provincial para dirimir qui\u00e9n se queda con una nueva estrella.\n\nA trav\u00e9s de un comunicado oficial, la entidad madre del hockey santafesino inform\u00f3 acerca de las actividades que habr\u00e1 durante este fin de semana para este deporte.\n\nPara los caballeros, habr\u00e1 dos duelos interesantes. Por uno de los cruces del Torneo Oficial en la categor\u00eda \"A\", ma\u00f1ana se enfrentar\u00e1n en Rosario Provincial vs N\u00e1utico El Quill\u00e1 a partir de las 20:00 y 21.30 en las categor\u00edas Reserva y Primera respectivamente.\n\nPara el S\u00e1bado 2 de Noviembre, en el predio denominado \"El Plumazo\" se ver\u00e1n las caras los equipos de Estudiantes de Paran\u00e1 y La Salle siendo el horario de las 18:00 para el inicio de las actividades en la categor\u00eda Intermedia mientras que el de las 19:30 ser\u00e1 para la Primera.\n\nPero el atractivo mayor estar\u00e1 en lo que suceda el s\u00e1bado por la noche ya que se dispuso que ese d\u00eda se juegue la gran final del Torneo Oficial Damas \"A\" del \"Dolores Niel\".\n\nEn la cancha de la Asociaci\u00f3n Santafesina se ver\u00e1n las caras los mejores equipos de la fase regular clasificatoria. A partir de las 21:30, saltar\u00e1n al rect\u00e1ngulo de juego los primeros equipos de CRAI y Banco Provincial para dirimir qui\u00e9n se queda con una nueva estrella en el \u00e1mbito local.\n\nComo preliminar a la final del \"Dolores Niel\" se enfrentar\u00e1n a partir de las 20:00 las categor\u00edas Intermedias de N\u00e1utico El Quill\u00e1 y Santa Fe Rugby en lo que es una de las semifinales de esta divisi\u00f3n.\n\nLA GRAN FINAL FEMENINA\n\nComo ya todos conocen, la gran final del Torneo Oficial del \"Dolores Niel\" para esta temporada 2014 ser\u00e1 animada por los primeros equipos de Banco Provincial y el CRAI.\n\nEste cruce entre \"Gitanas\" y \"Kresteras\" se ha convertido ya en un cl\u00e1sico debido a la gran cantidad de veces en las cuales se han enfrentado en los \u00faltimos a\u00f1os y tambi\u00e9n de lo trascendente de vario de estos juegos.\n\nEste ser\u00e1 el cuarto enfrentamiento entre ambos equipos en esta temporada. La primera vez que se vieron las caras en este 2014 fue el 29 de marzo en donde Banco gan\u00f3 2 a 1, La revancha para el CRAI vino el 7 de junio cuando lo derrot\u00f3 por 1 a 0 mientras que el 26 de julio, en una de las semifinales de la Liga Argentina de Clubes en la categor\u00eda \"A\" empataron 3 a 3 y por penales australianos gan\u00f3 el CRAI por 4 a 3.\n\nEn total, desde el 2011 hasta la fecha, entre competencias de car\u00e1cter nacional y las locales - todos partidos oficiales - jugaron 14 veces mostrando casi una paridad absoluta: hubo 5 triunfos de Banco Provincial (en donde hizo 23 goles), 4 del CRAI (con 24 festejos) y 5 empates.\n\nEl dato mas interesante de los que mostramos hoy es que de los 47 goles convertidos entre los dos equipos, 24 (o sea poco m\u00e1s de la mitad) lo hicieron cuatro jugadoras: Georgina Bernia, Mar\u00eda Florencia Villar, Yosi Kakazu y Victoria Etcheverry. Todas le hicieron 6 goles a su rival.",
                    "date": "2014-11-01",
                    "eventUri": "1660357",
                    "id": "24135592",
                    "isDuplicate": false,
                    "lang": "spa",
                    "sim": 0.3702,
                    "source": {
                        "title": "Sin Mordaza",
                        "uri": "www.sinmordaza.com"
                    },
                    "time": "00:06:00",
                    "title": "CRAI - Banco: por la corona del \"Dolores Niel\"",
                    "uri": "223257918",
                    "url": "http://www.sinmordaza.com/noticia/269565-crai-banco-por-la-corona-del-dolores-niel.html",
                    "wgt": 1
                }
            ]
        },
        "info": {
            "articleCount": 5,
            "averageDate": "2014-11-03",
            "avgCos": 0.463,
            "categories": [],
            "customDate": false,
            "customLocation": false,
            "eventUri": "1660357",
            "extractedDate": "",
            "extractedDateEnd": "",
            "id": "1660357",
            "lang": "spa",
            "location": {
                "country": {
                    "labelEng": "Venezuela",
                    "lat": 8,
                    "long": -66,
                    "wikiUri": "http://en.wikipedia.org/wiki/Venezuela"
                },
                "labelEng": "Caracas",
                "lat": 10.48801,
                "long": -66.87919,
                "wikiUri": "http://en.wikipedia.org/wiki/Caracas"
            },
            "storyDate": "2014-11-03",
            "storyDateEnd": "",
            "uri": "e7e700df-6a06-44ea-a4f3-f736278fc36b-327582",
            "variance": 0.2857
        }
    },
    "meta": {
        "CCAArticleMatchCount": 22,
        "CCAArticleMatchRatio": 0.2291666666666667,
        "CCAAvgCosSim": 0.7894227272727273,
        "CCAAvgMatchWgt": 68.72727272727273,
        "_articleUri1": "224057673",
        "_articleUri2": "223987889",
        "_datetime": "2015-01-20 15:56:13",
        "_ruleBasedShouldMerge": false,
        "_storyUri1": "e7e700df-6a06-44ea-a4f3-f736278fc36b-327582",
        "_storyUri2": "850f305d-14db-4c75-b547-79470a557ea3-1007731",
        "_username": "Evgenia Belyaeva",
        "artCount1": 5,
        "artCount2": 6,
        "avgCosSimStory1": 0.463,
        "avgCosSimStory2": 0.6055,
        "categorySim": 0,
        "conceptCosSim": 0.01308773439009563,
        "conceptJaccardSim": 0.03571428571428571,
        "coreTime1": 130032.1,
        "coreTime2": 130098.8666666667,
        "coreTimeStDev1": 30.28498234365303,
        "coreTimeStDev2": 0.5167338665976223,
        "entityCosSim": 0,
        "entityJaccardSim": 0,
        "extractedDateJaccardSim": 0,
        "extractedDatesStory1": 1,
        "extractedDatesStory2": 0,
        "hasSameLocation": 0,
        "keywordCosSim": 0.0164643122915307,
        "keywordJaccardSim": 0.04761904761904762,
        "lang1": "spa",
        "lang2": "eng",
        "matchingDateCount": 0,
        "matchingDateRatio": 0,
        "ratioAnnotatedArticlesStory1": 1,
        "ratioAnnotatedArticlesStory2": 1,
        "shouldMerge": false,
        "storyQuality1": 6,
        "storyQuality2": 15,
        "timeAvg1": 130092.3633333333,
        "timeAvg2": 130099.6416666667,
        "timeStDev1": 30.28498234365303,
        "timeStDev2": 0.5167338665976223,
        "varianceStory1": 0.2857,
        "varianceStory2": 0.1333
    }
}