{
    "eng-0880EE54-9D81-4F9B-A595-3A4BE1CAA3BA-59595": {
        "articles": {
            "resultCount": 6,
            "results": [
                {
                    "body": "Los Angeles Studio Helps Filmmakers and Actors Achieve Success in Competitive Hollywood Market\n\nLos Angeles, CA (PRWEB) January 06, 2015\n\nHollywood Casting and Film (HCandF), the leading professional casting studio that provides aspiring and independent filmmakers with the critical tools needed to discover and audition top talent, is inviting filmmakers to leverage its free casting space, state-of-the-art studio rooms, actor database and camera equipment to launch their filmmaking process. Located in the heart of Los Angeles, HCandF has the ability to help those on both sides of the camera achieve success in the competitive Hollywood market.\n\nFilmmakers interested in taking advantage of HCandF's offerings are invited to create an account to begin posting film projects and available roles, utilize the company's complimentary casting studio rooms and actor database, and ultimately complete their casting process. Additionally, unlike other casting studios, filmmakers who use HCandF's studio are not required to provide individual feedback to every auditioning actor, but rather authentic feedback to those whom they feel compelled.\n\nHCandF provides all members with exemplary customer service, professional and clean studios and same-day video releases. Actors can benefit from HCandF's services that allow them to create online profiles, upload demo reels, submit for an unlimited number of auditions, and access curated acting classes and workshops. By offering actors a monthly membership that includes casting notices, the ability to view audition videos online with acting notes from a professional coach, a one-minute actor's monologue and personalized websites, HCandF provides a unique community for actors who are ready to advance their careers.\n\nThis past December, HCandF announced that it had teamed up with both NewFilmmakers Los Angeles and The National Association of Latino Independent Filmmakers to provide the organizations' members with access to HCandF's resources. The partnerships, a representation of HCandF's dedication to supporting up-and-coming filmmakers in their endeavors, will also provide members with regular events, including roundtables, Q&amp;As and presentations.\n\nTo join HCandF, visit http://www.hollywoodcastingandfilm.com. To receive insider tips, industry news, highlights and upcoming project news, follow HCandF on Facebook (http://www.facebook.com/hcandf) or LinkedIn (wwwlinkedin.com/hollywood-casting-and-film).\n\nAbout Hollywood Casting and Film:\n\nHollywood Casting and Film (HCandF) provides free casting space to aspiring filmmakers in the heart of Los Angeles. HCandF draws in quality projects and gives aspiring and independent filmmakers a platform to launch the filmmaking process by providing a professional studio and equipment. HCandF resources for actors include access to auditions, a wide range of upcoming projects, and acting classes. By providing a high quality platform to launch acting careers, HCandF has the ability to help those on both sides of the camera achieve success in the competitive Hollywood market.\n\nFor the original version on PRWeb visit: http://www.prweb.com/releases/2015/01/prweb12424777.htm",
                    "date": "2015-01-06",
                    "eventUri": "2162856",
                    "id": "29923152",
                    "isDuplicate": false,
                    "lang": "eng",
                    "sim": 0.6614,
                    "source": {
                        "title": "www.pressreleaserocket.net",
                        "uri": "www.pressreleaserocket.net"
                    },
                    "time": "11:15:00",
                    "title": "Hollywood Casting and Film Provides Complimentary Casting Space for Filmmakers",
                    "uri": "238701032",
                    "url": "http://www.pressreleaserocket.net/hollywood-casting-and-film-provides-complimentary-casting-space-for-filmmakers/27234/",
                    "wgt": 1
                },
                {
                    "body": "PRLog - Jan. 6, 2015 - LOS ANGELES -- Hollywood Casting and Film (HCandF), the leading professional casting studio that provides aspiring and independent filmmakers with the critical tools needed to discover and audition top talent, is inviting filmmakers to leverage its free casting space, state-of-the-art studio rooms, actor database and camera equipment to launch their filmmaking process. Located in the heart of Los Angeles, HCandF has the ability to help those on both sides of the camera achieve success in the competitive Hollywood market.\n\nFilmmakers interested in taking advantage of HCandF's complimentary offerings are invited to create an account to begin posting film projects and available roles, utilize the company's free casting studio rooms and actor database, and ultimately complete their casting process. Additionally, unlike other casting studios, filmmakers who use HCandF's studio are not required to provide individual feedback to every auditioning actor, but rather authentic feedback to those whom they feel compelled.\n\nHCandF provides all members with exemplary customer service, professional and clean studios and same-day video releases. Actors can benefit from HCandF's services that allow them to create online profiles, upload demo reels, submit for an unlimited number of auditions, and access curated acting classes and workshops. By offering actors a monthly membership that includes casting notices, the ability to view audition videos online with acting notes from a professional coach, a one-minute actor's monologue and personalized websites, HCandF provides a unique community for actors who are ready to advance their careers.\n\nThis past December, HCandF announced that it had teamed up with both NewFilmmakers Los Angeles and The National Association of Latino Independent Filmmakers to provide the organizations' members with access to HCandF's resources. The partnerships, a representation of HCandF's dedication to supporting up-and-coming filmmakers in their endeavors, will also provide members with regular events, including roundtables, Q&As and presentations.\n\nTo join HCandF, visit www.hollywoodcastingandfilm.com. To receive insider tips, industry news, highlights and upcoming project news, follow HCandF on Facebook (www.facebook.com/hcandf) or LinkedIn (wwwlinkedin.com/hollywood-casting-and-film).\n\nAbout Hollywood Casting and Film:\n\nHollywood Casting and Film (HCandF) provides free casting space to aspiring filmmakers in the heart of Los Angeles. HCandF draws in quality projects and gives aspiring and independent filmmakers a platform to launch the filmmaking process by providing a professional studio and equipment. HCandF resources for actors include access to auditions, a wide range of upcoming projects, and acting classes. By providing a high quality platform to launch acting careers, HCandF has the ability to help those on both sides of the camera achieve success in the competitive Hollywood market.",
                    "date": "2015-01-06",
                    "eventUri": "2162856",
                    "id": "29922814",
                    "isDuplicate": false,
                    "lang": "eng",
                    "sim": 0.651,
                    "source": {
                        "title": "PRLOG (Press Release Distribution)",
                        "uri": "www.prlog.org"
                    },
                    "time": "11:08:00",
                    "title": "Hollywood Casting and Film Provides Free Casting Space for Filmmakers",
                    "uri": "238703172",
                    "url": "http://www.prlog.org/12410965-hollywood-casting-and-film-provides-free-casting-space-for-filmmakers.html",
                    "wgt": 1
                },
                {
                    "body": "This week's Meet a Member is Catherine Lyn Scott who lives between LA and London.\n\nWhat made you make the move to LA?\n\nAs I am a publicist and a director at London Flair PR, we have offices in London and LA, so I spend my time between both amazing cities. I first moved to LA 12 years ago after a background in corporate PR and acting, I retrained at UCLA as an entertainment publicist before setting up the company. I am lucky enough to enjoy London's culture and the beautiful sunshine in Southern California.\n\nHow would you describe LA to those who haven't visited yet?\n\nLA is a fun and beautiful city, it is great to visit, live and perfect for those in the entertainment industry. Brits in LA are a great part of my wonderful LA experience, they have enabled me to live in the city of Angels without losing my culture and British identity. I love to join the Brits Breakfast to catch up with people and meet new friends as well as network, this weekly meet is great for people who live in LA and those who are just visiting.\n\nDo you think you could ever see yourself moving to LA full time, if not tell us what keeps you in London?\n\nAfter living in LA solidly for 10 years, I am loving spending time in both cities. I love the vibrance of London, the pubs and culture and I love the glamour of Los Angeles, waking up every day to the sunshine and seeing stunning palm trees dotted around the landscape.\n\nDo you have a hidden gem in LA?\n\nAbsolutely. La Descarga is a beautifully designed bar by the Houston brothers. You step into a time warp, back into old world Cuba through a wardrobe and it really has an unusual and special feel.\n\nWhy would you recommend other overseas readers joining Brits in LA? Certainly, Brits in LA really make me feel at home living in LA. They hold one of-a-kind events like The Toscars, an award ceremony which parodies Oscar nominated films and members can participate by attending the ceremony or taking part in making the films. They have a diverse membership, not just Brits and it is a great way to make lifelong friends in the beautiful city of LA.",
                    "date": "2015-01-05",
                    "eventUri": "2162856",
                    "id": "29881799",
                    "isDuplicate": false,
                    "lang": "eng",
                    "sim": 0.524,
                    "source": {
                        "title": "British Weekly",
                        "uri": "www.british-weekly.com"
                    },
                    "time": "21:13:00",
                    "title": "Meet a Member: Catherine Lyn Scott",
                    "uri": "238603877",
                    "url": "http://www.british-weekly.com/?p=16466",
                    "wgt": 1
                },
                {
                    "body": "Last week, Steven Gerrard announced that he would be leaving Liverpool at the end of this season for a new club.\n\nRumours are rife that he is heading to the US, with current Major League Soccer champions Los Angeles Galaxy favourites to sign up the Liverpool skipper.\n\nIf the 34-year-old is set to take his wife Alex and their three daughters Stateside, here are ten things they can expect from their new home.\n\nThe weather\n\nIf there's one thing that'll make the Gerrards' transition from Merseyside to California easier, it's sure to be the weather. Even in the winter months, Los Angeles has an average temperature of 13 degrees (Liverpool's average temperature for JUNE) and it rains for less than 40 days of the year.\n\nFitness freaks\n\nSteven and Alex are both keen gym bunnies, so they will fit in perfectly with their LA neighbours. Alex has said in her magazine column: \"I train around three times per week and on the other days I might do a little run. I think having a personal trainer is really important because they help you psyche yourself up mentally. I know if I have someone there, then it motivates me a lot better. Sometimes when you're on your own you don't really push yourself.\"\n\nLA cuisine\n\nThe Gerrards are regular restaurant goers, having been spotted in Liverpool's San Carlo, Bacaro and the Sir Thomas Hotel, and they will also love the choice of restaurants on offer in LA. The hottest choice at the moment is Giorgio Baldi in Santa Monica, beloved of Victoria Beckham and Tana Ramsay. The wives of footballer David Beckham and celebrity chef Gordon Ramsay have been pictured enjoying girls' nights out before exiting via the private back door.\n\nFashion heaven\n\nWhile we're talking about Victoria Beckham - Alex has a keen eye for fashion, and has been a long-term admirer of her fellow WAG's designs. She's highlighted Victoria's style choices in her magazine column, praising her \"fabulous look - grey skinny jeans and a low-cut grey jersey top with a blazer and wicked platform shoes. She had a maroon crocodile Birkin bag too which really topped it off.\"\n\nAlex has designed her own clothing ranges for Lipsy and a fragrance line, so when she gets to LA she will no doubt join the Hollywood fashion pack, with fellow WAG Victoria as her new BFF.\n\nShopping on Rodeo Drive\n\nAlex loves her shopping - her car was often spotted in Victoria Street while she popped into Cricket - now the retail therapy will know no bounds as she goes Pretty Woman style down Rodeo Drive. They have valet parking so there will be no more ugly yellow tickets on her Range Rover.\n\nReuniting with old friends\n\nMoving to a new city on the other side of the world can be daunting, especially as it means leaving your friends and family behind. Luckily there will be at least one familiar face greeting Steven in Los Angeles; former Liverpool team-mate Robbie Keane, who now plays for LA Galaxy.\n\nA Scouse heart in California\n\nThe pair will be in good company - fellow scousers Ian Hart, Ricky Whittle, Barry Sloane, Jason Isaacs and Eunice Huthart have already crossed the pond, and Anfield singer Rebecca Ferguson is also house-hunting in Los Angeles.\n\nKareoke\n\nSteven is a karaoke king - he's always first up and has a pretty good voice. He's said: \"I've got a few Oasis and Beatles songs but I'd go for Use Somebody by. I got a standing ovation when I did that at a 30th birthday party.\"\n\nHe'll be in his element at Brass Monkey, the most notorious karaoke dive in LA. The ski lodge-style room is famous for its comprehensive karaoke songbook, but waiting times at the weekends can be up to 45 minutes, so he'll have time to warm up before he gets his shot at the stage.\n\nTheme parks for little ones (and big kids)\n\nSteven and Alex certainly won't be short of things to keep their three young daughters (Lilly-Ella, Lexie and Lourdes) occupied in California. Universal Studios, Six Flags, Knotts Berry Farm, and of course Disneyland, are all located in and around LA.\n\nCloser to Vegas\n\nThe Gerrards are big fans of Las Vegas, and were spotted cosying up to the likes of Calvin Harris at Vegas pool parties last summer. Their new home is less than 300 miles away from Las Vegas, meaning they can hop on a plane and be at the City of Sin in just over an hour.",
                    "date": "2015-01-05",
                    "eventUri": "2162856",
                    "id": "29850512",
                    "isDuplicate": false,
                    "lang": "eng",
                    "sim": 0.4884,
                    "source": {
                        "title": "liverpoolecho",
                        "uri": "www.liverpoolecho.co.uk"
                    },
                    "time": "13:16:00",
                    "title": "10 things Steven Gerrard and family can look forward to in LA",
                    "uri": "238531138",
                    "url": "http://www.liverpoolecho.co.uk/news/showbiz-news/10-things-steven-gerrard-family-8384534",
                    "wgt": 1
                },
                {
                    "body": "PRLog - Jan. 5, 2015 - LOS ANGELES -- CleftClips Productions is pleased to present The Super Serious Show at Los Angeles' premier alternative comedy festival, RIOT LA. With co-headliners and co-hosts Kate Berlant (Time Out Los Angeles 2015 Comedians To Watch) and John Early (New York Times Critics' Pick), the show will take place on January 17 at 7 p.m. at The Smell. The lineup is set to include T.J. Miller (Silicon Valley), Nick Thune (The Tonight Show), Nate Craig (Comedy Central), Jerrod Carmichael (HBO) and John Roberts (Bob's Burgers).\n\nA live comedy mash-up and immersive experience, The Super Serious Show has run for four years in Los Angeles, bringing top comics, as well as outstanding up-and-comers, to packed audiences monthly. Featuring stand-up, sketch, comedy videos, music, and more, Super Serious has been a part of numerous festivals, including Edinburgh Fringe, South By Southwest, Just For Laughs Chicago, Moontower Comedy & Oddity, Bridgetown Comedy.\n\n\"We've been involved with RIOT LA since its first year,\" said CleftClips Executive Producer Joel Mandelkorn. \"RIOT is a great representation of Los Angeles indie comedy, all crammed into one weekend and one city block. Getting to add our little slice of silly to the fest is always a treat.\"\n\nCleftClips will also be co-presenting and co-producing Sam Simmons's RIOT LA show, Clown for Sale. Two-time nominee for Best Show by Foster's Edinburgh Comedy Awards, Clown for Sale will take place January 18 at 11:00 p.m. at The Smell and features Australian comic Sam Simmons (Conan) in \"an hour of unadulterated mind plonkering.\"\n\nAbout CleftClips Productions at RIOT LA\n\nTickets for The Super Serious Show and Clown for Sale are on available now at www.riotla.com. Both shows will be held at The Smell, 247 S. Main St., Los Angeles 90012. For more information about CleftClips, visit www.cleftclips.com.",
                    "date": "2015-01-05",
                    "eventUri": "2162856",
                    "id": "29877364",
                    "isDuplicate": false,
                    "lang": "eng",
                    "sim": 0.4792,
                    "source": {
                        "title": "PRLOG (Press Release Distribution)",
                        "uri": "www.prlog.org"
                    },
                    "time": "20:09:00",
                    "title": "CleftClips Productions Presents The Super Serious Show at RIOT LA",
                    "uri": "238594184",
                    "url": "http://www.prlog.org/12410991-cleftclips-productions-presents-the-super-serious-show-at-riot-la.html",
                    "wgt": 1
                },
                {
                    "body": "\"it's the same old situation ... the authority is back, again. I'm sorry. to all the hard working superstars that spend 300 nights a year on the road, entertaining the fans the only way they know how, by giving them everything they can! I'm sorry. I've done absolutely everything in my power to not only deliver every night, but improve my unique skill set, daily. In any other job that would be rewarded, certainly not frowned upon. I may be out of new york, but I have a lot of connections in LA. I will see you all again soon & know that I miss THIS more than anything in the world, ANYTHING! but you don't know what's best for you, THEY do. then again, THEY probably think 4/10 is as good as it gets... same old ball and chain.\"",
                    "date": "2015-01-06",
                    "eventUri": "2162856",
                    "id": "29961972",
                    "isDuplicate": false,
                    "lang": "eng",
                    "sim": 0.4122,
                    "source": {
                        "title": "WrestlingInc.com",
                        "uri": "www.WrestlingInc.com"
                    },
                    "time": "21:32:00",
                    "title": "Dolph Ziggler Issues Statement After Storyline WWE Firing",
                    "uri": "238799142",
                    "url": "http://www.WrestlingInc.com/wi/news/2015/0106/588267/dolph-ziggler-issues-statement-after-storyline-wwe-departure/?utm_source=feedburner&utm_medium=feed&utm_campaign=Feed%253A%2Bwrestlinginc_news%2B%2528WrestlingInc.com%2BPro%2BWrestling%2BNews%2529",
                    "wgt": 1
                }
            ]
        },
        "info": {
            "articleCount": 6,
            "averageDate": "2015-01-06",
            "avgCos": 0.379,
            "categories": [
                {
                    "label": "Arts/Performing_Arts/Acting",
                    "uri": "http://www.dmoz.org/Arts/Performing_Arts/Acting",
                    "wgt": 38
                }
            ],
            "customDate": false,
            "customLocation": false,
            "eventUri": "2162856",
            "extractedDate": "",
            "extractedDateEnd": "",
            "id": "2162856",
            "lang": "eng",
            "location": {
                "country": {
                    "labelEng": "United States",
                    "lat": 39.76,
                    "long": -98.5,
                    "wikiUri": "http://en.wikipedia.org/wiki/United_States"
                },
                "labelEng": "Los Angeles",
                "lat": 34.05223,
                "long": -118.24368,
                "wikiUri": "http://en.wikipedia.org/wiki/Los_Angeles"
            },
            "storyDate": "2015-01-06",
            "storyDateEnd": "",
            "uri": "eng-0880EE54-9D81-4F9B-A595-3A4BE1CAA3BA-59595",
            "variance": 0.3563
        }
    },
    "meta": {
        "CCAArticleMatchCount": 7,
        "CCAArticleMatchRatio": 0.08433734939759036,
        "CCAAvgCosSim": 0.6489928571428571,
        "CCAAvgMatchWgt": 33,
        "_articleUri1": "238701032",
        "_articleUri2": "238371780",
        "_datetime": "2015-01-20 15:58:28",
        "_ruleBasedShouldMerge": false,
        "_storyUri1": "eng-0880EE54-9D81-4F9B-A595-3A4BE1CAA3BA-59595",
        "_storyUri2": "spa-63A553DD-A2F8-411E-9FB6-620DC17635E3-14858",
        "_username": "Evgenia Belyaeva",
        "artCount1": 6,
        "artCount2": 9,
        "avgCosSimStory1": 0.379,
        "avgCosSimStory2": 0.5493,
        "categorySim": 0,
        "conceptCosSim": 0.08553918613813127,
        "conceptJaccardSim": 0.05454545454545454,
        "coreTime1": 131605.2666666667,
        "coreTime2": 131578.3166666667,
        "coreTimeStDev1": 11.0641176364879,
        "coreTimeStDev2": 20.13047427441438,
        "entityCosSim": 0.02742704316316909,
        "entityJaccardSim": 0.03703703703703704,
        "extractedDateJaccardSim": 0,
        "extractedDatesStory1": 2,
        "extractedDatesStory2": 2,
        "hasSameLocation": -1,
        "keywordCosSim": 0.1106835638081622,
        "keywordJaccardSim": 0.07142857142857142,
        "lang1": "eng",
        "lang2": "spa",
        "matchingDateCount": 0,
        "matchingDateRatio": 0,
        "ratioAnnotatedArticlesStory1": 1,
        "ratioAnnotatedArticlesStory2": 1,
        "shouldMerge": false,
        "storyQuality1": 4,
        "storyQuality2": 11,
        "timeAvg1": 131620.425,
        "timeAvg2": 131586.3907407407,
        "timeStDev1": 11.0641176364879,
        "timeStDev2": 20.13047427441438,
        "varianceStory1": 0.3563,
        "varianceStory2": 0.3491
    },
    "spa-63A553DD-A2F8-411E-9FB6-620DC17635E3-14858": {
        "articles": {
            "resultCount": 9,
            "results": [
                {
                    "body": "Actualizado 04/01/2015 10:09:54 CET\n\nMADRID, 4 Ene. (EUROPA PRESS) -\n\nEntre los promesas para el nuevo a\u00f1o, ver m\u00e1s cine deber\u00eda estar entre nuestros prop\u00f3sitos m\u00e1s placenteros. Este intenso v\u00eddeo nos invita a cumplir un ambicioso objetivo: Las 1001 pel\u00edculas que todo buen amante del cine debe ver, al menos, una vez en la vida.\n\nLos cl\u00e1sicos de culto, los ganadores del Oscar, los \u00e9xitos de taquilla... en una lista de 1001 t\u00edtulos hay espacio para todos los g\u00e9neros y tem\u00e1ticas. Estas mil y una pel\u00edculas se muestran en un v\u00eddeo elaborado por Jonathan Keogh de tan solo 10 minutos, lo que equivale a una pel\u00edcula cada 0,6 segundos. Ah\u00ed es nada.\n\nUn supercut que cuenta con m\u00fasica de Skrillex, Mickey Avalon, Ennio Morricone o Hans Zimmer y que est\u00e1 basado en el libro publicado por Steven Jay Schneider en 2003, 1001 pel\u00edculas que hay que ver antes de morir y que el autor del v\u00eddeo revis\u00f3 para incluir 215 pel\u00edculas de su propia cosecha en esta extensa lista. Jonathan Keogh asegura que emple\u00f3 un a\u00f1o en crear esta pieza.",
                    "date": "2015-01-04",
                    "eventUri": "2152267",
                    "id": "29790194",
                    "isDuplicate": false,
                    "lang": "spa",
                    "sim": 0.7701,
                    "source": {
                        "title": "europapress.es",
                        "uri": "www.europapress.es"
                    },
                    "time": "10:19:00",
                    "title": "V\u00cdDEO: 1001 pel\u00edculas que ver antes de morir... en solo 10 minutos",
                    "uri": "238371780",
                    "url": "http://www.europapress.es/cultura/cine-00128/noticia-video-1001-peliculas-ver-antes-morir-solo-10-minutos-20150104100715.html",
                    "wgt": 1
                },
                {
                    "body": "Los cl\u00e1sicos de culto, los ganadores del Oscar, los \u00e9xitos de taquilla... en una lista de 1001 t\u00edtulos hay espacio para todos los g\u00e9neros EP / Madrid\n\nEntre los promesas para el nuevo a\u00f1o ver m\u00e1s cine deber\u00eda estar entre nuestros prop\u00f3sitos m\u00e1s placenteros. Este intenso v\u00eddeo nos invita a cumplir un ambicioso objetivo: Las 1001 pel\u00edculas que todo buen amante del cine debe ver, al menos, una vez en la vida.\n\nLos cl\u00e1sicos de culto, los ganadores del Oscar, los \u00e9xitos de taquilla... en una lista de 1001 t\u00edtulos hay espacio para todos los g\u00e9neros y tem\u00e1ticas. Estas mil y una pel\u00edculas se muestran en un v\u00eddeo elaborado por Jonathan Keogh de tan solo 10 minutos, lo que equivale a una pel\u00edcula cada 0,6 segundos. Ah\u00ed es nada.\n\nUn supercut que cuenta con m\u00fasica de Skrillex, Mickey Avalon, Ennio Morricone o Hans Zimmer y que est\u00e1 basado en el libro publicado por Steven Jay Schneider en 2003, 1001 pel\u00edculas que hay que ver antes de morir y que el autor del v\u00eddeo revis\u00f3 para incluir 215 pel\u00edculas de su propia cosecha en esta extensa lista. Jonathan Keogh asegura que emple\u00f3 un a\u00f1o en crear esta pieza.",
                    "date": "2015-01-05",
                    "eventUri": "2152267",
                    "id": "29857758",
                    "isDuplicate": false,
                    "lang": "spa",
                    "sim": 0.7583,
                    "source": {
                        "title": "ocio.levante-emv.com",
                        "uri": "ocio.levante-emv.com"
                    },
                    "time": "15:18:00",
                    "title": "Mil pel\u00edculas que ver antes de morir... en solo 10 minutos",
                    "uri": "238548867",
                    "url": "http://ocio.levante-emv.com/cine/noticias/nws-376877-mil-peliculas-ver-antes-morir-10-minutos.html",
                    "wgt": 1
                },
                {
                    "body": "Entre los promesas para el nuevo a\u00f1o, ver m\u00e1s cine deber\u00eda estar entre nuestros prop\u00f3sitos m\u00e1s placenteros. Este intenso v\u00eddeo nos invita a cumplir un ambicioso objetivo: Las 1001 pel\u00edculas que todo buen amante del cine debe ver, al menos, una vez en la vida.\n\nLos cl\u00e1sicos de culto, los ganadores del Oscar, los \u00e9xitos de taquilla... en una lista de 1001 t\u00edtulos hay espacio para todos los g\u00e9neros y tem\u00e1ticas. Estas mil y una pel\u00edculas se muestran en un v\u00eddeo elaborado por Jonathan Keogh de tan solo 10 minutos, lo que equivale a una pel\u00edcula casa 0,6 segundos.",
                    "date": "2015-01-04",
                    "eventUri": "2152267",
                    "id": "29804173",
                    "isDuplicate": false,
                    "lang": "spa",
                    "sim": 0.7465,
                    "source": {
                        "title": "La Razon",
                        "uri": "www.larazon.es"
                    },
                    "time": "17:11:00",
                    "title": "1001 pel\u00edculas que ver antes de morir... en solo 10 minutos",
                    "uri": "238411417",
                    "url": "http://www.larazon.es/detalle_normal/noticias/8331372/portada/1001-peliculas-que-ver-antes-de-morir-en-solo-10-minutos",
                    "wgt": 1
                },
                {
                    "body": "Lo sucedido con la pel\u00edcula \"El evangelio de la carne\" solo da cuenta, una vez m\u00e1s, de la dif\u00edcil situaci\u00f3n que atraviesa el cine peruano y el poco respeto que se le tiene en nuestro pa\u00eds. Aunque la industria cinematogr\u00e1fica peruana ha explotado a un nivel de producci\u00f3n mucho m\u00e1s alto que hace una d\u00e9cada, todav\u00eda quedan rezagos de \"maltrato\" -como lo llaman sus directores- hacia las pel\u00edculas.\n\nEl caso de la laureada pel\u00edcula de Eduardo Mendoza no es un caso aislado, y en a\u00f1os anteriores se ha dado con cintas peruanas que denunciaron sufrir un \"boicot comercial\" de las mismas salas de cine, quien manten\u00edan poco tiempo a las pel\u00edculas en la sala, o incluso retir\u00e1ndolas de cartelera antes de su estreno como le pas\u00f3 a Sandro Ventura con \"Loco cielo de abril\".\n\nMientras el tema vuelve a flote y se inicia el debate, hagamos memoria de los casos sucedidos con seis pel\u00edculas peruanas.",
                    "date": "2015-01-05",
                    "eventUri": "2152267",
                    "id": "29828798",
                    "isDuplicate": false,
                    "lang": "spa",
                    "sim": 0.5264,
                    "source": {
                        "title": "www.rpp.com.pe",
                        "uri": "www.rpp.com.pe"
                    },
                    "time": "05:04:00",
                    "title": "Directores peruanos que denunciaron maltrato a sus pel\u00edculas",
                    "uri": "238473240",
                    "url": "http://www.rpp.com.pe/detalle.php?nid=756502&f=1",
                    "wgt": 1
                },
                {
                    "body": "El cierre en las \u00faltimas semanas de p\u00e1ginas de enlaces y de streaming P2P con oferta de material audiovisual con derechos de autor no respetados ha puesto el foco de nuevo en los servicios legales disponibles en Espa\u00f1a. La principal queja de los usuarios es que la oferta de estos servicios es escasa -e incluso ha menguado en los \u00faltimos tiempos- y que en muchas ocasiones no disponen de las \u00faltimas series estrenadas en Estados Unidos y Reino Unido. Este art\u00edculo hace un repaso a la oferta actual en funci\u00f3n de la demanda de los usuarios.\n\nSe ofrecen b\u00e1sicamente en tres tipos de modalidades de acceso: venta directa, alquiler por tiempo limitado o suscripci\u00f3n mensual\n\nEste tipo de plataformas se ofrecen b\u00e1sicamente en tres modalidades de acceso: venta directa, alquiler por tiempo limitado o suscripci\u00f3n mensual a un catalogo. En este \u00faltimo caso, las pel\u00edculas y series propuestas bajo suscripci\u00f3n no son las \u00faltimas novedades del mercado. Se ofertan, adem\u00e1s, en un formato de alquiler por un tiempo limitado que oscila, en general, entre 24 y 72 horas. Por otro lado, el tiempo transcurrido desde el estreno en salas de las pel\u00edculas ofrecidas en alquiler premium suele ser inferior a dos a\u00f1os y algo similar sucede con las series televisivas.\n\nEn Espa\u00f1a disponemos de m\u00e1s de una docena de sitios donde ver pel\u00edculas, series y documentales, en funci\u00f3n de las necesidades del usuario. Un buen sitio para saber d\u00f3nde alquilar una pel\u00edcula en Internet es la p\u00e1gina web Encuentra tu Peli. Sin embargo, no dispone de todas las plataformas existentes en la actualidad.\n\nUna de las mejores plataformas para ver pel\u00edculas en streaming es Wuaki.tv. Esta cuenta con un extenso cat\u00e1logo de pel\u00edculas comerciales y series, aunque su oferta en estas \u00faltimas es muy limitada. Wuaki ofrece dos modalidades de acceso: alquiler o compra de pel\u00edculas y series, o bien acceso mediante tarifa plana. Esta \u00faltima modalidad, denominada 'Wuaki Selection', tiene un coste de 6,99 euros.\n\nPor otro lado, en Espa\u00f1a hay servicios que no solo permiten a los usuarios contratar una suscripci\u00f3n mensual a pel\u00edculas y series bajo demanda a trav\u00e9s de Internet, sino tambi\u00e9n el acceso a determinados canales de televisi\u00f3n de pago. Estas ofertas permiten acceder a canales donde se emiten series de Estados Unidos que, por el actual sistema de ventanas de explotaci\u00f3n, no se encuentran disponibles en su modalidad de acceso bajo demanda.\n\nYomvi es un servicio en streaming ofrecido por Canal Plus, que cuenta con tres ofertas para acceder a contenidos audiovisuales a trav\u00e9s de Internet. 'Yomvi Play' tiene un coste de seis euros al mes, con acceso al cat\u00e1logo de pel\u00edculas y series. Las novedades se ofrecen en alquiler digital. Por otro lado, 'Yomvi Familiar' complementa esta oferta con el acceso a 25 canales de televisi\u00f3n de pago a un precio de 12,12 euros al mes.\n\nLa mejor manera de disfrutar del cine patrio es la plataforma Filmotech\n\nTambi\u00e9n cuenta con un pack llamado 'Yomvi Liga +' que ofrece acceso a ocho partidos de f\u00fatbol en directo de la Liga BBVA de cada jornada, adem\u00e1s de partidos de la Copa de Su Majestad el Rey y un acceso al cat\u00e1logo de pel\u00edculas, todo ello por un coste mensual de 18,15 euros.\n\nNubeox cuenta con una modalidad de acceso a pel\u00edculas y series comerciales en alquiler, o bien a un servicio mensual denominado 'Nubeox Premium' que da acceso a un extenso cat\u00e1logo de pel\u00edculas, series y documentales, junto con canales de televisi\u00f3n de pago. Este servicio tiene un coste de diez euros mensuales. Por su parte, Totalchannel es un servicio similar, con acceso a doce canales de televisi\u00f3n de pago, junto con una oferta de pel\u00edculas y series bajo demanda. El precio mensual de este servicio es de 12,09 euros.\n\nLa mejor plataforma para encontrar pel\u00edculas independientes o de otros mercados es Filmin. En la actualidad cuenta con m\u00e1s de 7.000 pel\u00edculas en su cat\u00e1logo, al que se puede acceder mediante una suscripci\u00f3n mensual de ocho euros o bien optar por una suscripci\u00f3n mensual de quince euros que incluye tres vales para ver algunas de las \u00faltimas novedades del sector que se ofrecen en alquiler digital.\n\nOtra plataforma de cine independiente y pel\u00edculas no comerciales destacada es 400Films, que cuenta con un cat\u00e1logo de unas 400 pel\u00edculas independientes y seleccionadas seg\u00fan el criterio f\u00edlmico de sus promotores. Las mismas se ofrecen en modalidad de alquiler digital de 72 horas, desde el momento en que se empieza a visualizar la pel\u00edcula, o de treinta d\u00edas para empezar a verla en cualquier momento. Tambi\u00e9n es destacable el proyecto Plat.tv, que se facilita como archivo f\u00edlmico de pel\u00edculas, cortometrajes y documentales de autor.\n\nEn cuanto al cine espa\u00f1ol, la mejor manera de disfrutar del cine patrio es la plataforma Filmotech. Este servicio propone dos modalidades de acceso: una tarifa plana a un coste de 6,95 euros al mes, que incluye un cat\u00e1logo de m\u00e1s de mil pel\u00edculas, o bien el servicio 'Taquilla'. Este \u00faltimo da acceso en alquiler digital, limitado a 48 horas, a las \u00faltimas novedades del mercado, adem\u00e1s de tener disponible el cat\u00e1logo antes citado. Tambi\u00e9n es recomendable la plataforma Tucut.",
                    "date": "2015-01-02",
                    "eventUri": "2152267",
                    "id": "29906578",
                    "isDuplicate": false,
                    "lang": "spa",
                    "sim": 0.5074,
                    "source": {
                        "title": "EROSKI CONSUMER",
                        "uri": "www.consumer.es"
                    },
                    "time": "17:04:00",
                    "title": "Plataformas espa\u00f1olas para ver cine y series de forma legal en 2015",
                    "uri": "238660762",
                    "url": "http://www.consumer.es/web/es/tecnologia/internet/2015/01/06/221194.php?utm_source=feedburner&utm_medium=feed&utm_campaign=eroski-consumer%252Festandar",
                    "wgt": 1
                },
                {
                    "body": "Se desarrollar\u00e1 en el Parque Bicentenario y su entrada general tiene un costo de 6 mil pesos.\n\nEntre el 8 y el 17 de enero se pre-estrenar\u00e1n una selecci\u00f3n de esperadas pel\u00edculas en el Festival de Cine Wik\u00e9n de Vitacura. El cr\u00edtico de cine Ernesto Garrat profundiz\u00f3 al respecto en CNN Chile, destacando que contar\u00e1n con pel\u00edculas que probablemente tendr\u00e1n mucha resonancia durante la temporada de premiaciones cinematogr\u00e1ficas.\n\nEntre estas pel\u00edculas est\u00e1n El C\u00f3digo Enigma, La Teor\u00eda de Todo, Boyhood y Foxcathcer, las cuales ya est\u00e1n siendo definidas como importantes aspirantes a los Premios Oscar. Conoce los detalles en la entrevista adjunta.",
                    "date": "2015-01-04",
                    "eventUri": "2152267",
                    "id": "29808917",
                    "isDuplicate": false,
                    "lang": "spa",
                    "sim": 0.4791,
                    "source": {
                        "title": "cnnchile.com",
                        "uri": "cnnchile.com"
                    },
                    "time": "19:03:00",
                    "title": "Ernesto Garrat profundiz\u00f3 en la propuesta del Festival de Cine Wik\u00e9n 2015",
                    "uri": "238422442",
                    "url": "http://cnnchile.com/noticia/2015/01/04/ernesto-garrat-profundizo-en-la-propuesta-del-festival-de-cine-wiken-2015",
                    "wgt": 1
                },
                {
                    "body": "en el cine. El laureado escritor, ganador del Premio Herralde, cuenta detalles de los dos filmes peruanos que se estrenar\u00e1n este 2015: 'La hora azul' y 'Magallanes', ambos inspirados en su literatura.\n\nAdem\u00e1s de tu pasi\u00f3n por escribir, \u00bfacostumbras ir al cine?\n\nS\u00ed, voy todo lo que puedo. Durante algunas \u00e9pocas de mi vida, el cine se ha convertido en una necesidad vital y algunas pel\u00edculas que he visto, como 'V\u00e9rtigo' o 'El \u00faltimo tango en Par\u00eds', est\u00e1n entre las experiencias m\u00e1s importantes de mi vida.\n\n\u00bfVes pel\u00edculas peruanas?\n\nS\u00ed, he visto casi todo el cine de Pancho Lombardi, un director al que admiro. De las m\u00e1s recientes, me gustaron mucho 'El evangelio de la carne', 'Cuchillos en el cielo' y 'Perro guardi\u00e1n'.\n\n\u00bfQu\u00e9 es lo que hace falta para el despegue? \u00bfCrees, como la mayor\u00eda, que es poco el apoyo que el cine recibe del estado?\n\nEl cine es una expresi\u00f3n de nuestra existencia como sociedad. Si queremos existir para nosotros mismos y para los otros, hay que apoyar al cine de un modo decidido como sucede en Argentina y Colombia, lo que ha hecho que la historia y cultura de esos pa\u00edses se proyecten en la conciencia de espectadores de todo el mundo. Con todas las historias que los directores peruanos tienen que contar, es absurdo que no puedan hacerlo por limitaciones financieras.\n\nEstamos a la espera de dos estrenos basados en tu libro La hora azul: 'Magallanes' de Salvador del Solar y 'La hora azul' de Evelyne Pegot Ogier. \u00bfNo hubo temor de que ambas historias, parecidas, coincidieran en las salas?\n\nEn realidad, la \u00fanica pel\u00edcula que est\u00e1 basada en mi novela La hora azul es la del mismo nombre dirigida por Evelyne Pegot Ogier. 'Magallanes' se basa en un cuento anterior a La hora azul que se llama La pasajera, que es a\u00fan in\u00e9dito. De ese cuento original sali\u00f3 en realidad La hora azul, con la que comparte un universo, aunque realmente son dos narraciones distintas.\n\n\u00bfY cu\u00e1ndo publicar\u00e1s La pasajera?\n\nEl a\u00f1o pasado Planeta Colombia pens\u00f3 en publicar este cuento junto con el gui\u00f3n de 'Magallanes' en una misma edici\u00f3n, pero la idea qued\u00f3 de lado, pero en los pr\u00f3ximos meses Planeta Per\u00fa tiene planeado publicar La pasajera, obra que dicho sea de paso est\u00e1 dedicada a Salvador del Solar.\n\nCuando Salvador y Evelyne solicitaron tu permiso para filmar, \u00bfqu\u00e9 argumentos te dieron para convencerte de llevar al cine estas obras?\n\nEn realidad, me di cuenta de que los dos son personas particularmente inteligentes y sensibles para los proyectos que ten\u00edan.\n\nMientras que los escritores pensamos en palabras, los directores de cine piensan en im\u00e1genes y en sonidos, en cierto modo escriben sus guiones oyendo y mirando. A Salvador lo hab\u00eda conocido en un taller de narrativa que tuvimos. Su gui\u00f3n desarrolla muchas innovaciones y creaciones personales, mientras que el de Evelyne es un poco m\u00e1s fiel al texto original.\n\nEn 'Magallanes' la protagonista es Magaly Solier y en el filme de Evelyne es Jackelyn V\u00e1squez. \u00bfQu\u00e9 te parecen sus perfiles?\n\nLas dos me parecen actrices y personas maravillosas. Me siento privilegiado de que el cine me haya dado la oportunidad de conocerlas.\n\nComo autor, \u00bfseguiste de cerca ambos rodajes?\n\nLa relaci\u00f3n con Salvador y con Evelyne siempre ha sido de lo mejor durante el rodaje y la preparaci\u00f3n. Son dos directores de gran talento y solo tengo palabras de aprecio y gratitud para ellos. En realidad, creo que una pel\u00edcula no traduce en im\u00e1genes lo que est\u00e1 en palabras, sino que reinterpreta la historia con las obsesiones y temas propios del director.\n\nSin embargo, muchas veces la literatura supera a las adaptaciones en el cine. Por ejemplo, la cinta que se hizo de El amor en los tiempos del c\u00f3lera, de Gabriel Garc\u00eda M\u00e1rquez, fue muy mala.\n\nEstoy de acuerdo, pero es que el director, Mike Newell, nunca entendi\u00f3 la novela. Pens\u00f3 que era sobre un donju\u00e1n caribe\u00f1o. Hay casos en los cuales la pel\u00edcula es infinitamente superior al libro, como lo que ocurre con 'Psicosis' de Hitchcock. Creo que las mejores adaptaciones que se han hecho de la literatura al cine son 'Los muertos' de Huston y 'Muerte en Venecia' de Visconti.\n\n\u00bfYa est\u00e1s escribiendo una nueva historia?\n\nS\u00ed, he terminado una nueva novela que tambi\u00e9n surgi\u00f3 de La pasajera, de la que prefiero no hablar por ahora, y he empezado una historia sobre un cantante de valses. Soy un viejo aficionado a las pe\u00f1as criollas y siempre me ha conmovido la entereza de un tipo que sale a cantar con delicadeza y desenfado.\n\n\u00bfTe gustar\u00eda que esta historia llegue al cine?\n\nEl vals criollo es un mundo de caballeros sentimentales como lo era Juan Mosto, quien acaba de morir. Lo que me conmueve de los valses es su capacidad para expresar los sentimientos de la manera m\u00e1s descarnada en un marco de gentileza y de respeto. Creo que despu\u00e9s de la literatura, la m\u00fasica y el cine son mis dos aficiones m\u00e1s fuertes y claro que me gustar\u00eda que alg\u00fan d\u00eda la historia se encarnara en im\u00e1genes.",
                    "date": "2015-01-04",
                    "eventUri": "2152267",
                    "id": "29793433",
                    "isDuplicate": false,
                    "lang": "spa",
                    "sim": 0.4199,
                    "source": {
                        "title": "larepublica.pe",
                        "uri": "www.larepublica.pe"
                    },
                    "time": "12:17:00",
                    "title": "La hora de Cueto",
                    "uri": "238381812",
                    "url": "http://www.larepublica.pe/04-01-2015/la-hora-de-cueto",
                    "wgt": 1
                },
                {
                    "body": "Espa\u00f1a. A\u00f1os 30. El Teatro Cervantes de Quintanar de la Orden proyectaba una pel\u00edcula rodada al otro lado del Atl\u00e1ntico. \"Vamos a ver a 'Borracheta'\", dec\u00edan los vecinos en la plaza, seg\u00fan recuerda Jos\u00e9 Fern\u00e1ndez, cin\u00e9filo quintanare\u00f1o y estudioso de la vida del int\u00e9rprete que particip\u00f3 en decenas de largometrajes en Hollywood durante una d\u00e9cada. Una vida apasionante muy desconocida en la propia localidad. Tanto, que comparti\u00f3 pel\u00edculas con actores de la talla de Buster Keaton o Gary Cooper.\n\n'Borracheta', apodo de la familia en la localidad manchega, fue bautizado como Romualdo Tirado. Naci\u00f3 asido a los teatros. No fue, sin embargo, en su Quintanar de la Orden natal cuando debut\u00f3 frente al p\u00fablico, sino que en la capital, Madrid, se amamant\u00f3 del oficio con s\u00f3lo ocho a\u00f1os en el Teatro La Cadena con una compa\u00f1\u00eda infantil. Ya de muy joven conoce Am\u00e9rica como marinero y aterriza tambi\u00e9n en \u00c1frica. Desenvuelto en la vida, se incorpor\u00f3 a la plantilla del 'Teatro de la Comedia' y se patea los pa\u00edses de Hispanoam\u00e9rica con una compa\u00f1\u00eda de zarzuela.\n\n\"En una de ellas, conoci\u00f3 a la actriz Margarita Li\u00f1\u00e1n, cas\u00e1ndose con ella en Guayaquil (Ecuador) y, tras luchar como soldado en Cuba en 1898, se instala en M\u00e9xico donde trabaja como actor, director y empresario teatral en piezas y obras de distinto tipo\", relatan Juan Antonio G\u00f3mez e Isabel Villase\u00f1or, actual cronista oficial de Quintanar de la Orden, en el libro titulado '100 a\u00f1os de cine en Quintanar de la Orden'.\n\nCon 40 a\u00f1os, desembarca en Estados Unidos y se aposenta en Los \u00c1ngeles, ciudad en la que gestiona un teatro orientado al p\u00fablico hispano de la importante ciudad estadounidense. Nueve a\u00f1os funciona la propuesta, entre 1927 y 1936, tiempo en el que estrecha su vinculaci\u00f3n con la incipiente industria del sonoro en Hollywood hasta 1940 con papeles c\u00f3micos. No obstante, no abandon\u00f3 su afici\u00f3n al teatro.\n\nCon 37 a\u00f1os. El maridaje Tirado-Hollywood supon\u00eda el espaldarazo del vecino de Quintanar de la Orden en el celuloide, pero con 37 a\u00f1os hab\u00eda debutado como figurante en el S\u00e9ptimo Arte en la pel\u00edcula mexicana 'El amor que huye', de Manuel Cicerol y Carlos Mart\u00ednez. Sin embargo, cuatro a\u00f1os despu\u00e9s, pari\u00f3 el documental 'De M\u00e9xico a Los \u00c1ngeles', con un perfil biogr\u00e1fico.\n\nTirado se especializ\u00f3 en producciones para el p\u00fablico hispano y firm\u00f3 contratos con las productoras m\u00e1s exitosas.\n\nEl primero de estos contratos se firm\u00f3 con 'Metro Goldwyn Mayer' y sigui\u00f3 el de la Fox, que lo llevaron a figurar en numerosas pel\u00edculas para los espectadores de habla espa\u00f1ola. No en vano, particip\u00f3 en 32 producciones. Xavier Cugat lo dirigi\u00f3 en 1930 en la cinta 'Charros, gauchos y manolas' y en 'Un fot\u00f3grafo distra\u00eddo'. En ese mismo a\u00f1o, comparti\u00f3 largometraje con Gary Cooper en 'The texan'. Tambi\u00e9n comparti\u00f3 cinta con Buster Keaton en '\u00a1De frente, marchen!'\n\nLa cuarta pel\u00edcula del actor quintanare\u00f1o en Hollywood, titulada 'La jaula de los leones' y fechada en 1930, llevaba el sello Tirado en todos los aspectos t\u00e9cnicos y art\u00edsticos. La produjo con una empresa, junto con Mateo Cisero y Ernesto Gonz\u00e1lez.\n\nTras m\u00e1s largometrajes, se incorpor\u00f3 en 1932 a la plantilla de la Fox con 'El caballero de la noche'. Al a\u00f1o siguiente, sal\u00eda por todas partes, con ocho pel\u00edculas en su haber con apariciones, eso s\u00ed, m\u00ednimas. Ese ritmo de trabajo lo llev\u00f3 tambi\u00e9n en 1935 con seis pel\u00edculas y, en menor medida, en 1936 con cuatro.\n\ncierra de su etapa. Tirado prosigui\u00f3 con su amplio listado de participaciones en pel\u00edculas justo hasta el cierre de la d\u00e9cada. En el a\u00f1o 1940, este vecino de Quintanar de la Orden que emigr\u00f3 a Madrid para debutar como actor cerr\u00f3 su periplo en el esplendoroso Hollywood con la cinta 'Tengo fe en ti', dirigida por el realizador John Reinhardt.\n\nNo obstante, no fue su \u00faltima colaboraci\u00f3n en el mundo del cine. Seg\u00fan una p\u00e1gina de internet especializada en doblajes, Tirado interpret\u00f3 en la pel\u00edcula 'Dumbo' de 1942 al personaje del 'Cuervo Jim', cuya voz en el original correspond\u00eda a Cliff Edwards. Cuatro a\u00f1os atr\u00e1s, hab\u00eda participado tambi\u00e9n en la pel\u00edcula 'Blancanieves y los siete enanitos', en el papel de 'Doc' y sustituyendo a la voz de Roy Atwell.\n\nEl actor concluy\u00f3 en los a\u00f1os 40 sus colaboraciones conocidas en el cine; no obstante, sigui\u00f3 afincado en la meca de Hollywood. En este sentido, el actor quintanare\u00f1o eligi\u00f3 envejecer en la ciudad de Los \u00c1ngeles, donde falleci\u00f3 hace ya 51 a\u00f1os.\n\nEl libro 'Los que pasaron por Hollywood', cuya autor\u00eda corresponde a Florentino Hern\u00e1ndez Girbal, Juan B. Heinink y Robert G. Dickson, incluye una breve biograf\u00eda de Romualdo Tirado como parte del centenar de actores y escritores espa\u00f1oles que desfilaron por Hollywood durante los a\u00f1os 30, algunos de los cuales, como en el caso del quintanare\u00f1o, no regresaron a Espa\u00f1a.\n\nLa localidad de Quintanar de la Orden ha arrumbado la interesante figura de Romualdo Tirado y no tiene ninguna distinci\u00f3n p\u00fablica en las calles de este municipio de alrededor de 13.000 habitantes. Eso s\u00ed, hace unos a\u00f1os, una asociaci\u00f3n proyect\u00f3 una de las pel\u00edculas del actor en un homenaje a la trayectoria de este vecino que abandon\u00f3 la poblaci\u00f3n a finales del siglo XIX.\n\n\"Salvo eso no se le ha hecho ning\u00fan homenaje ni reconocimiento. Se le conoce bien poco\", comenta al respecto la cronista oficial del municipio y primera presidenta del Cine-Club Quintanar, Isabel Villase\u00f1or. Una vida, la de Romualdo Tirado, tan desconocida como apasionante.",
                    "date": "2015-01-05",
                    "eventUri": "2152267",
                    "id": "29832221",
                    "isDuplicate": false,
                    "lang": "spa",
                    "sim": 0.4107,
                    "source": {
                        "title": "La Tribuna de Toledo",
                        "uri": "www.latribunadetoledo.es"
                    },
                    "time": "06:39:00",
                    "title": "La cara de Quintanar en Hollywood",
                    "uri": "238481655",
                    "url": "http://www.latribunadetoledo.es/noticia/Z1AB6CE22-B34D-F376-4192C8A02373C2D9/20150105//cara/quintanar/hollywood",
                    "wgt": 1
                },
                {
                    "body": "En estos meses de verano, la exposici\u00f3n de Antonio Berni (el mundo de Juanito y Ramona) se mantiene como la gran atracci\u00f3n del Malba, Pero, a la vez, el museo palermitano tambi\u00e9n program\u00f3 un ciclo de cine (\"Artkino en Malba\") que permite apreciar algunos de los grandes filmes que esa distribuidora trajo al pa\u00eds. Aunque la base eran los filmes de la entonces Uni\u00f3n Sovi\u00e9tica, Artikino tambi\u00e9n difundi\u00f3 entre nosotros a directores como Herzog, Wenders, Berman, Cabrol, Resnais y cl\u00e1sicos del Neorrealismo.\n\nEntre los filmes a exhibirse durante la pr\u00f3xima semana est\u00e1n \"Sin testigos\" de Nikita Mijalkov y \"Cuando huye el d\u00eda\" de Bergman (ambos el juevs), \"Locas margaritas\" de Vera Chtylova, en una de las joyas del cine checo (el viernes), y \"l juego del placer\" de Chabrol, el domingo. En todos los casos, se trata de pel\u00edculas que hicieron historia en las d\u00e9casddas del 60 y 70.\n\nArtkino fue fundada por Isaac Vainikoff y su familia conserv\u00f3 copias y negativos de la mayor\u00eda de los films. Esa colecci\u00f3n ha sido depositada en la Filmoteca Buenos Aires y permite realizar esta formidable ciclo, que tambi\u00e9n abarca \"Dersu Uzala\" de Kurosawa\", \"Los rojos y lso blancos\" de Jancz\u00f3\", \"Hiroshima Mon Amour\" de Resnais y \"El acorazado Potemkin\" de Eisestein, entre otras obras maestras.",
                    "date": "2015-01-05",
                    "eventUri": "2152267",
                    "id": "29855019",
                    "isDuplicate": false,
                    "lang": "spa",
                    "sim": 0.3257,
                    "source": {
                        "title": "Larazon",
                        "uri": "www.larazon.com.ar:80"
                    },
                    "time": "14:36:00",
                    "title": "Artkino, gran cine en el Malba",
                    "uri": "238542977",
                    "url": "http://www.larazon.com.ar:80/cultura/Artkino-gran-cine-Malba_0_639900036.html",
                    "wgt": 1
                }
            ]
        },
        "info": {
            "articleCount": 9,
            "averageDate": "2015-01-04",
            "avgCos": 0.5493,
            "categories": [],
            "customDate": false,
            "customLocation": false,
            "eventUri": "2152267",
            "extractedDate": "",
            "extractedDateEnd": "",
            "id": "2152267",
            "lang": "spa",
            "storyDate": "2015-01-04",
            "storyDateEnd": "",
            "uri": "spa-63A553DD-A2F8-411E-9FB6-620DC17635E3-14858",
            "variance": 0.3491
        }
    }
}