{
    "b738a3b7-2db3-4d38-88c8-76c4eb4f835b-93111": {
        "articles": {
            "resultCount": 5,
            "results": [
                {
                    "body": "Oberhausen ( dpa ) - Wladimir Klitschko ist in seinem 25. WM-Kampf mental gefordert wie selten zuvor: Der Modellathlet muss den Underdog Alex Leapai ernst nehmen und gleichzeitig gegen qu\u00e4lende Gedanken an einen drohenden Krieg in seinem Heimatland Ukraine ank\u00e4mpfen. F\u00fcr den seit zehn Jahren unbesiegten Schwergewichts-Weltmeister geht es am 26. April in seinem 65. Profikampf sportlich nicht in erster Linie darum, Jubil\u00e4en zu feiern. Der Kampf gegen den ehemaligen LKW-Fahrer aus Australien soll f\u00fcr den 38 Jahre alten Titeltr\u00e4ger in Oberhausen nur eine Station auf dem Weg zum 100-Prozent-Champion sein. Noch in diesem Jahr k\u00f6nnte sich Klitschko neben dem WBA-, IBF- und WBO-Titel auch den vierten G\u00fcrtel des WBC-Verbandes schnappen und damit die K\u00f6nigsklasse uneingeschr\u00e4nkt regieren. Bisher war sein 42 Jahre alter Bruder Vitali, inzwischen exponierter Politiker in der Ukraine, WBC-Weltmeister und ein Familienduell zwischen den beiden ausgeschlossen. Am 11. Mai soll zwischen Bermane Stiverne ( Kanada ) und Chris Arreola ( USA ) ausgeboxt werden, wer den niedergelegten Titel erh\u00e4lt. Wladimir Klitschko steht schon in den Startl\u00f6chern. Aber davor hat der in Samoa geborene Leapai noch eine kleine H\u00fcrde aufgebaut. Beim Wiegen kam es in M\u00fclheim an der Ruhr zu einem erneuten Zwischenfall durch St\u00f6renfried Shannon Briggs. Der Ex-Weltmeister aus Brooklyn/New York, der bereits einige Tage zuvor die Pressekonferenz unterbrochen hatte, zog in einem Kaufhaus erneut die Aufmerksamkeit auf sich. Briggs sieht sich und nicht Leapai als legitimen Klitschko-Herausforderer. Der US-Amerikaner machte sich unabl\u00e4ssig bemerkbar und bot Klitschko-Coach Jonathon Banks provozierend eine Million Dollar, um den Ukrainer zuk\u00fcnftig selbst trainieren zu k\u00f6nnen. Der Weltmeister, sein Herausforderer und Banks reagierten nicht auf den Zwischenfall. Wladimir Klitschko wird mit 112,2 Kilogramm in den Ring steigen, Leapai brachte 300 Gramm mehr auf die Waage. Auch f\u00fcr den vermeintlichen Au\u00dfenseiter trimmte sich der Weltmeister im Schatten des Wilden Kaisers in Tirol im F\u00fcnf-Sterne-Hotel \"Stanglwirt\" wochenlang auf WM-Form. Aber nur seinen K\u00f6rper. Mit dem Kopf ist der nach Joe Louis am l\u00e4ngsten amtierende Champion nach eigenen Worten \"in der Ukraine\". In seinem Heimatland k\u00e4mpft sein Bruder Vitali seit Monaten als Anf\u00fchrer der Oppositionspartei Udar f\u00fcr Freiheit, Demokratie und einen pro-europ\u00e4ischen Kurs. Trotz der zugespitzten politischen Lage erwartet ihn der Weltmeister als moralische St\u00fctze wieder in der Ringecke. \"Ich hoffe, dass dieser Kampf den Menschen in der Ukraine Gef\u00fchle der Einheit geben wird\", sagte Wladimir Klitschko dem \"Tagesspiegel\" ( Samstagausgabe ). \"Im Ring wird einer stehen, der die ganze Ukraine vertritt. \" In der unabh\u00e4ngigen Weltrangliste rangiert Leapai, der im Alter von 36 zum ersten Mal um die WM boxt, an Nummer 27. \"In Deutschland ist es nicht leicht, zu gewinnen, erst recht nicht gegen diesen Mann. Aber ich gehe dort hin, um ihn k .o. zu schlagen\", hatte der Au\u00dfenseiter mit dem Kampfnamen \"L\u00f6wenherz\" vor seinem Abflug erkl\u00e4rt. Der in 37 K\u00e4mpfen 30 Mal siegreiche Leapai gilt als brutaler Haudrauf, dem technische Raffinessen abgehen. Gegen den schlagstarken Defensivboxer Klitschko ( 64 K\u00e4mpfe/61 Siege ) droht dem 15 Zentimeter kleineren Australier, der am Samstag rund eine Million Euro kassieren soll, ein vorzeitiges Ende. Nach dem eher unattraktiven Kampf und unspektakul\u00e4ren Sieg gegen Alexander Powetkin am 5. Oktober in Moskau will Klitschko in Oberhausen durch klare Treffer und einen Knockout gl\u00e4nzen. Er will seinen Dauererfolg fortsetzen, von M\u00fcdigkeit angeblich noch keine Spur. \"Meine Mission ist noch nicht erf\u00fcllt. Ich bin nach wie vor begeistert und habe Leidenschaft. Allein das Ziel, irgendwann alle Titel zu halten, gibt mir Motivation\", sagte Klitschko.",
                    "date": "2014-04-25",
                    "eventUri": "631536",
                    "id": "10340993",
                    "isDuplicate": false,
                    "lang": "deu",
                    "sim": 0.8737,
                    "source": {
                        "title": "Walsroder Zeitung www.wz-net.de",
                        "uri": "www.wz-net.de"
                    },
                    "time": "23:07:00",
                    "title": "Klitschko schon vor 25. WM-Kampf stark gefordert - 25",
                    "uri": "178328786",
                    "url": "http://www.wz-net.de/index.php?kat=25&ausgabe=65787&redaktion=1&artikel=110581454",
                    "wgt": 1
                },
                {
                    "body": "Oberhausen Wladimir Klitschko ist in seinem 25. WM-Kampf mental gefordert wie selten zuvor: Der Modellathlet muss den Au\u00dfenseiter Alex Leapai ernst nehmen und gleichzeitig gegen qu\u00e4lende Gedanken an einen drohenden Krieg in seinem Heimatland Ukraine ank\u00e4mpfen. F\u00fcr den seit zehn Jahren unbesiegten Schwergewichts-Weltmeister geht es an diesem Sonnabend ( 22.30 Uhr/RTL ) in seinem 65. Profikampf sportlich nicht in erster Linie darum, Jubil\u00e4en zu feiern. Der Kampf gegen den ehemaligen LKW-Fahrer aus Australien soll f\u00fcr den 38-j\u00e4hrigen Titeltr\u00e4ger in Oberhausen nur eine Station auf dem Weg zum 100-Prozent-Champion sein. Noch in diesem Jahr k\u00f6nnte sich Klitschko neben dem WBA-, IBF- und WBO-Titel auch den vierten G\u00fcrtel des WBC-Verbandes schnappen und damit die K\u00f6nigsklasse uneingeschr\u00e4nkt regieren. Bisher war sein Bruder Vitali ( 42 ), inzwischen exponierter Politiker in der Ukraine, WBC-Weltmeister und ein Familienduell zwischen den beiden ausgeschlossen. Am 11. Mai soll zwischen Bermane Stiverne ( Kanada ) und Chris Arreola ( USA ) ausgeboxt werden, wer den niedergelegten Titel erh\u00e4lt. Wladimir Klitschko steht schon in den Startl\u00f6chern. Aber davor hat der in Samoa geborene Leapai noch eine kleine H\u00fcrde aufgebaut. Beim Wiegen am Freitag kam es in M\u00fclheim an der Ruhr zu einem erneuten Zwischenfall durch St\u00f6renfried Shannon Briggs. Der Ex-Weltmeister aus Brooklyn/New York, der bereits am Dienstag die Pressekonferenz unterbrochen hatte, zog in einem Kaufhaus erneut die Aufmerksamkeit auf sich. Briggs sieht sich und nicht Leapai als legitimen Klitschko-Herausforderer. Der US-Amerikaner machte sich unabl\u00e4ssig bemerkbar und bot Klitschko-Coach Jonathon Banks provozierend eine Million Dollar, um den Ukrainer zuk\u00fcnftig selbst trainieren zu k\u00f6nnen. Der Weltmeister, sein Herausforderer und Banks reagierten nicht auf den Zwischenfall. Wladimir Klitschko wird mit 112,2 Kilogramm in den Ring steigen, Leapai brachte 300 Gramm mehr auf die Waage. Auch f\u00fcr den vermeintlichen Au\u00dfenseiter trimmte sich der Weltmeister wochenlang auf WM-Form. Aber nur seinen K\u00f6rper. Mit dem Kopf ist der nach Joe Louis am l\u00e4ngsten amtierende Champion nach eigenen Worten \"in der Ukraine\". In seinem Heimatland k\u00e4mpft sein Bruder Vitali seit Monaten als Anf\u00fchrer der Oppositionspartei Udar f\u00fcr Freiheit, Demokratie und einen pro-europ\u00e4ischen Kurs. Trotz der zugespitzten politischen Lage erwartet ihn der Weltmeister an diesem Sonnabend als moralische St\u00fctze wieder in der Ringecke. Melden Sie sich bitte an um einen Kommentar abzugeben. E-Mail-Adresse oder Benutzername Passwort Registrieren anmelden Passwort vergessen Das k\u00f6nnte Sie auch interessieren",
                    "date": "2014-04-26",
                    "eventUri": "631536",
                    "id": "10361067",
                    "isDuplicate": false,
                    "lang": "deu",
                    "sim": 0.8502,
                    "source": {
                        "title": "NWZ Online",
                        "uri": "www.nwzonline.de"
                    },
                    "time": "03:42:00",
                    "title": "Gegner ist die geringste Sorge",
                    "uri": "178374764",
                    "url": "http://www.nwzonline.de/kampfsport/gegner-ist-die-geringste-sorge_a_14%2C7%2C991317521.html",
                    "wgt": 1
                },
                {
                    "body": "St\u00f6renfried Shannon Briggs lie\u00df sich auch das Wiegen der K\u00e4mpfer vor der Box-WM zwischen Dreifach-Champion Wladimir Klitschko und Alex Leapai nicht nehmen. Der Ex-Weltmeister aus Brooklyn ( New York ), der bereits am vergangenen Dienstag die Pressekonferenz unterbrochen hatte, zog beim Wiegen in einem Kaufhaus in M\u00fclheim an der Ruhr erneut die Aufmerksamkeit der Medien auf sich. Briggs sieht sich als legitimer Klitschko-Herausforderer und nicht den Australier Leapai, der am Samstag in Oberhausen ( ab 22.10 Uhr/RTL ) die Chance erh\u00e4lt. \"Ich habe das Alter, die Erfahrung und die Power\", br\u00fcllte Briggs, w\u00e4hrend sich die eigentlichen Protagonisten auf dem Podium den traditionellen Staredown lieferten. Briggs, letzter Weltmeister im Schwergewicht aus den USA, verh\u00f6hnte Klitschko: \"Er wei\u00df, dass ich ihn schlagen kann, deshalb geht er mir seit Jahren aus dem Weg .\" Am Freitag machte sich der US-Amerikaner unabl\u00e4ssig bemerkbar und bot Klitschko-Coach Jonathon Banks eine Million Dollar, um den Ukrainer zuk\u00fcnftig selbst trainieren zu k\u00f6nne. Der Weltmeister, sein Herausforderer und Banks reagierten nicht sichtbar auf den Zwischenfall. Wladimir Klitschko wird mit 112,2 Kilogramm in den Ring steigen, Leapai brachte 300 Gramm mehr auf die Waage. Am Freitagabend sollte in D\u00fcsseldorf auch Wladimirs Bruder Vitali eintreffen, der sich politisch intensiv in der Ukraine-Krise engagiert.",
                    "date": "2014-04-26",
                    "eventUri": "631536",
                    "id": "10352716",
                    "isDuplicate": false,
                    "lang": "deu",
                    "sim": 0.8026,
                    "source": {
                        "title": "DIE WELT",
                        "uri": "www.welt.de"
                    },
                    "time": "01:29:00",
                    "title": "Boxen: Briggs stiehlt Klitschko beim Wiegen die Show",
                    "uri": "178355255",
                    "url": "http://www.welt.de/sport/boxen/article127314032/Briggs-stiehlt-Klitschko-beim-Wiegen-die-Show.html",
                    "wgt": 1
                },
                {
                    "body": "Am Samstagabend in Oberhausen wird alles erscheinen wie gewohnt. Box-Weltmeister Wladimir Klitschko wird als turmhoher Favorit gegen Alex Leapai den Ring betreten, und ihn - aller Wahrscheinlichkeit nach - als Champion wieder verlassen. In der Ringecke wird ihm sein gro\u00dfer Bruder Witali gut zureden, etwas abseits Manager Bernd B\u00f6nte sich zufrieden die H\u00e4nde reiben. Dabei ist seit dem letzten Kampf \"einiges passiert\", wie es Wladimir vor seiner Titelverteidigung ausdr\u00fcckt. Sp\u00e4testens seit sich Witali der Politik im Krisenherd Ukraine widmet - als Vork\u00e4mpfer auf dem Maidan in Kiew oder als Oppositionspolitiker im Pr\u00e4sidentschaftswahlkampf - ist die Lage in der Heimat das beherrschende Thema im Lager der Klitschko-Br\u00fcder. \"Mein Kopf ist in der Ukraine, mein K\u00f6rper im Ring .\" Wie ein Mantra wiederholt Wladimir Klitschko diesen Satz in den Tagen vor seinem 25. WM-Kampf. T\u00e4glich steht er in Kontakt mit seinem Bruder, ist somit unmittelbar \u00fcber die heikle Situation auf der Krim und im Osten der Ukraine informiert. Wladimir Klitschko versteht es als seine Aufgabe, den Menschen zwischen Lwiw und Donezk Mut zu machen. Er sagt: \"Alles in der Ukraine wird ein Happy End haben. Die Ukraine wird so bleiben, wie sie ist. \" Klitschko verbindet mit seinem Auftritt in der Arena Oberhausen ( Samstag, 22.10 Uhr/RTL ) die Hoffnung, etwas in seinem Heimatland bewegen zu k\u00f6nnen. \"Ich zitiere immer wieder gerne Nelson Mandela: Der Sport hat die Kraft, die Welt zum Guten zu ver\u00e4ndern\", sagt Klitschko und erz\u00e4hlt von der Fu\u00dfball-EM 2012: \"Damals haben West und Ost in der Ukraine gemeinsam gejubelt. Ich hoffe, auch dieser Kampf kann den Menschen ein Gef\u00fchl der Einheit geben. \" Aus diesem Grund sei er nie auf den Gedanken gekommen, seine Titelverteidigung gegen den bislang unbekannten Australier Leapai abzusagen. \"Der Kampf ist besonders wichtig\", sagt Klitschko und meint damit nicht die sportliche Herausforderung. Die erscheint dem 38-J\u00e4hrigen, der von sich sagt, sich \"besser als je zuvor\" zu f\u00fchlen, selbst kaum der Rede wert. Mehr als pure Gewalt habe Leapai nicht zu bieten, sagt Klitschko und bel\u00e4chelt den \"Mike-Tyson-Stil\" des 34-J\u00e4hrigen. Die Unterschiede in Technik und Taktik werden den Unterschied ausmachen, so Klitschko - und daf\u00fcr sorgen, dass er seinen Kampfrekord auf 62 Siege ( bei 3 Niederlagen ) ausbaut. Das \u00fcbliche S\u00e4belrasseln f\u00e4llt dementsprechend klein aus, selbst Leapai spricht respektvoll von einer \"gro\u00dfen Chance\". F\u00fcr die gro\u00dfe Show bei Klitschkos \u00f6ffentlichem Auftritt in D\u00fcsseldorf musste daher ein Nebendarsteller herhalten. Ex-Weltmeister Shannon Briggs, einst von Witali Klitschko \u00fcbel verpr\u00fcgelt, st\u00fcrmte den Saal der Pressekonferenz und forderte lautstark einen Kampf. Klitschko lie\u00df die Einlage gelassen \u00fcber sich ergehen und widmete sich wieder den Sorgen der Menschen in seiner Heimat.",
                    "date": "2014-04-23",
                    "eventUri": "631536",
                    "id": "10050386",
                    "isDuplicate": false,
                    "lang": "deu",
                    "sim": 0.7345,
                    "source": {
                        "title": "Merkur Online",
                        "uri": "www.merkur-online.de:80"
                    },
                    "time": "20:45:00",
                    "title": "Klitschkos WM-Kampf soll Ukrainer ablenken",
                    "uri": "177577022",
                    "url": "http://www.merkur-online.de:80/sport/wladimir-klitschko-will-wm-kampf-sorgen-ukrainer-verdraengen-zr-3497737.html?cmp=defrss",
                    "wgt": 1
                },
                {
                    "body": "Briggs: \"Ich bin der wahre Weltmeister, der Champion des Volkes\" Ex-Weltmeister Shannon Briggs, der 2010 eine schwere Niederlage gegen Klitschkos Bruder Witali in Hamburg erlitten hatte, trat unvermittelt vor das Podium in einem Hotel an der D\u00fcsseldorfer K\u00f6, beschimpfte Leapai und forderte, dass er einen Fight um den WM-Titel haben m\u00fcsse. \"Ich bin der wahre Weltmeister, der Champion des Volkes. Warum k\u00e4mpft er und nicht ich gegen Klitschko ?\", br\u00fcllte der Boxprofi und riss sich das T-Shirt vom Leib, um seinen massigen K\u00f6rper zu pr\u00e4sentieren. Leapai zeigte sich f\u00fcr kurze Zeit aufgebracht, wollte auf den 42-J\u00e4hrigen losgehen. Klitschko war hingegen gelassen, obwohl er gerade dabei war, seine Gedanken \u00fcber die politische Situation in der Ukraine in Worte zu fassen. \"Beruhige Dich, Junge, nimm Platz und entspann Dich\", sagte der promovierte Sportwissenschaftler. Briggs, der ganz nach dem Geschmack der PR-Abteilung f\u00fcr viel Wirbel gesorgt hatte, verlie\u00df nach zehn Minuten den Raum. \"Ich mag so ein Verhalten nicht. Ich wei\u00df noch, wo er nach dem Kampf gegen Witali endete\", sagte Klitschko mit Blick auf den Zw\u00f6lfrunder, nach dem Briggs einige Tage im Krankenhaus verbringen musste. Der Champion verwendete dann viel Zeit auf seine Heimat Ukraine und zeigte sich fest davon \u00fcberzeugt, dass es nie eine Teilung des Landes geben werde. \"Alles, was die Ukraine betrifft, wird ein Happy End haben. Und die Ukraine wird so bleiben wie sie war\", erkl\u00e4rte der Weltmeister, der wieder auf die Worte von S\u00fcdafrikas Ex-Pr\u00e4sidenten und B\u00fcrgerrechtler Nelson Mandela verwies: \"Der Sport hat die Kraft, die Welt zu ver\u00e4ndern. \" Das habe, so Klitschko, 2012 auch die Fu\u00dfball-EM in Polen und der Ukraine gezeigt. Deswegen sei sein Kampf am Samstag auch so wichtig. \"Mit den Gedanken war ich immer bei meinem Bruder\", meinte der Champion. Witali Klitschko soll wie immer am Samstag in der Ringecke stehen, sofern es die politische Lage zul\u00e4sst. Dessen Ehefrau Natalia wird vor dem ersten Gong die ukrainische Nationalhymne singen. Nur das russische Fernsehen ist erstmals seit zehn Jahren nicht dabei.",
                    "date": "2014-04-23",
                    "eventUri": "631536",
                    "id": "10068196",
                    "isDuplicate": false,
                    "lang": "deu",
                    "sim": 0.6868,
                    "source": {
                        "title": "Schwarzwalder Bote",
                        "uri": "www.schwarzwaelder-bote.de"
                    },
                    "time": "22:01:00",
                    "title": "WM-Kampf im Boxen: Briggs provoziert Wladimir Klitschko",
                    "uri": "177473255",
                    "url": "http://www.schwarzwaelder-bote.de/inhalt.wm-kampf-im-boxen-briggs-provoziert-wladimir-klitschko.a2369bbe-59a1-4387-8695-6bf5034c5811.html",
                    "wgt": 1
                }
            ]
        },
        "info": {
            "articleCount": 5,
            "averageDate": "2014-04-25",
            "avgCos": 0.5583,
            "categories": [],
            "customDate": false,
            "customLocation": false,
            "eventUri": "631536",
            "extractedDate": "",
            "extractedDateEnd": "",
            "id": "626025",
            "lang": "deu",
            "location": {
                "country": {
                    "labelEng": "Germany",
                    "lat": 51.5,
                    "long": 10.5,
                    "wikiUri": "http://en.wikipedia.org/wiki/Germany"
                },
                "labelEng": "Oberhausen",
                "lat": 51.47311,
                "long": 6.88074,
                "wikiUri": "http://en.wikipedia.org/wiki/Oberhausen"
            },
            "storyDate": "2014-04-25",
            "storyDateEnd": "",
            "uri": "b738a3b7-2db3-4d38-88c8-76c4eb4f835b-93111",
            "variance": 0.1883
        }
    },
    "e7e700df-6a06-44ea-a4f3-f736278fc36b-133329": {
        "articles": {
            "resultCount": 8,
            "results": [
                {
                    "body": "Un helic\u00f3ptero Mi-8 de las Fuerzas Armadas de Ucrania estall\u00f3 en tierra al ser alcanzado por un disparo de un francotirador en el aer\u00f3dromo de Kramatorsk, ciudad en el sureste de Ucrania, inform\u00f3 el jefe adjunto del Servicio de Seguridad ucraniano, el general Vasili Kr\u00fatov.\n \"En Kramatorsk, un francotirador dispar\u00f3 contra un helic\u00f3ptero en tierra.  El tiro impact\u00f3 en el dep\u00f3sito de combustible y se produjo una explosi\u00f3n\", dijo Kr\u00fatov en un comparecencia ante la prensa.\n El \"n\u00famero dos\" de Seguridad agreg\u00f3 que el comandante de la nave result\u00f3 herido, pero logr\u00f3 abandonar el aparato.\n Seg\u00fan la versi\u00f3n del Ministerio ucraniano de Defensa, el helic\u00f3ptero Mi-8 fue alcanzado por un proyectil de un lanzagranadas anticarro.\n Kramatorsk, en el norte de la regi\u00f3n Donetsk, est\u00e1 a unos 15 kil\u00f3metros de Slaviansk, el foco de la sublevaci\u00f3n prorrusa contra el Gobierno de Kiev, que comenz\u00f3 hace tres semanas.\n El incidente en el aer\u00f3dromo de Kramatorsk coincidi\u00f3 con el comienzo de la segunda fase de la \"operaci\u00f3n antiterrorista\" lanzada este jueves contra la vecina Slaviansk, actualmente controlada por milicias prorrusas.\n \"El objetivo es bloquear totalmente Slaviansk para localizar el problema.  La operaci\u00f3n se lleva a cabo en estos momentos\", explic\u00f3 el jefe de la Administraci\u00f3n presidencial de Ucrania, Sergu\u00e9i Pashinski.\n Kr\u00fatov, que est\u00e1 al mando de la \"operaci\u00f3n antiterrorista\", asegur\u00f3 que las fuerzas ucranianas no van a asaltar Slaviansk, con 120.000 habitantes, para evitar v\u00edctimas entre su poblaci\u00f3n.",
                    "date": "2014-04-25",
                    "eventUri": "631536",
                    "id": "10289417",
                    "isDuplicate": false,
                    "lang": "spa",
                    "sim": 0.9228,
                    "source": {
                        "title": "Canarias7",
                        "uri": "www.canarias7.es"
                    },
                    "time": "12:28:00",
                    "title": "Un helic\u00f3ptero tiroteado estalla en tierra en el sureste de Ucrania",
                    "uri": "178164701",
                    "url": "http://www.canarias7.es/articulo.cfm?Id=334962",
                    "wgt": 1
                },
                {
                    "body": "Kiev advierte de que la \"agresi\u00f3n rusa\" desembocar\u00e1 en una guerra mundial\nUn helic\u00f3ptero Mi-8 de las Fuerzas Armadas de Ucrania estall\u00f3 este viernes y se estamp\u00f3 en tierra al ser alcanzado por un disparo de un francotirador en el aer\u00f3dromo de Kramatorsk, ciudad en el sureste de Ucrania, inform\u00f3 el jefe adjunto del Servicio de Seguridad ucraniano, el general Vasili Kr\u00fatov.\n \"En Kramatorsk, un francotirador dispar\u00f3 contra un helic\u00f3ptero en tierra.  El tiro impact\u00f3 en el dep\u00f3sito de combustible y se produjo una explosi\u00f3n\", dijo Kr\u00fatov en un comparecencia ante la prensa.  El \"n\u00famero dos\" de Seguridad agreg\u00f3 que el comandante de la nave result\u00f3 herido, pero logr\u00f3 abandonar el aparato.\n Seg\u00fan la versi\u00f3n del Ministerio ucraniano de Defensa, el helic\u00f3ptero Mi-8 fue alcanzado por un proyectil de un lanzagranadas anticarro.  Kramatorsk, en el norte de la regi\u00f3n Donetsk, est\u00e1 a unos 15 kil\u00f3metros de Slaviansk, el foco de la sublevaci\u00f3n prorrusa contra el Gobierno de Kiev, que comenz\u00f3 hace tres semanas.\n El incidente en el aer\u00f3dromo de Kramatorsk coincidi\u00f3 con el comienzo de la segunda fase de la \"operaci\u00f3n antiterrorista\" lanzada contra la vecina Slaviansk, actualmente controlada por milicias prorrusas.  \"El objetivo es bloquear totalmente Slaviansk para localizar el problema.  La operaci\u00f3n se lleva a cabo en estos momentos\", explic\u00f3 el jefe de la Administraci\u00f3n presidencial de Ucrania, Sergu\u00e9i Pashinski.\n Kr\u00fatov, que est\u00e1 al mando de la \"operaci\u00f3n antiterrorista\", asegur\u00f3 que las fuerzas ucranianas no van a asaltar Slaviansk, con 120.000 habitantes, para evitar v\u00edctimas entre su poblaci\u00f3n.",
                    "date": "2014-04-25",
                    "eventUri": "631536",
                    "id": "10303668",
                    "isDuplicate": false,
                    "lang": "spa",
                    "sim": 0.9124,
                    "source": {
                        "title": "El Peri\u00f3dico",
                        "uri": "www.elperiodico.com"
                    },
                    "time": "17:05:00",
                    "title": "Un helic\u00f3ptero del Ej\u00e9rcito es abatido en el sureste de Ucrania",
                    "uri": "178241401",
                    "url": "http://www.elperiodico.com/es/noticias/internacional/helicoptero-del-ejercito-abatido-sureste-ucrania-3258494?utm_source=rss-noticias&utm_medium=feed&utm_campaign=portada",
                    "wgt": 1
                },
                {
                    "body": "Crisis en Ucrania: Cinco muertos en ofensiva de Kiev en Slaviansk| EFE\nUn helic\u00f3ptero Mi-8 de las Fuerzas Armadas de Ucrania estall\u00f3 este viernes en tierra al ser alcanzado por un disparo de un francotirador en el aer\u00f3dromo de Kramatorsk, ciudad en el sureste de Ucrania, inform\u00f3 hoy el jefe adjunto del Servicio de Seguridad ucraniano, el general Vasili Kr\u00fatov.\n \"En Kramatorsk, un francotirador dispar\u00f3 contra un helic\u00f3ptero en tierra.  El tiro impact\u00f3 en el dep\u00f3sito de combustible y se produjo una explosi\u00f3n\", dijo Kr\u00fatov en un comparecencia ante la prensa.\n El \"n\u00famero dos\" de Seguridad agreg\u00f3 que el comandante de la nave result\u00f3 herido, pero logr\u00f3 abandonar el aparato.\n Seg\u00fan la versi\u00f3n del Ministerio ucraniano de Defensa, el helic\u00f3ptero Mi-8 fue alcanzado por un proyectil de un lanzagranadas anticarro.\n -->(Crisis en Ucrania: Cinco muertos en ofensiva de Kiev en Slaviansk)\nKramatorsk, en el norte de la regi\u00f3n Donetsk, est\u00e1 a unos 15 kil\u00f3metros de Slaviansk, el foco de la sublevaci\u00f3n prorrusa contra el Gobierno de Kiev, que comenz\u00f3 hace tres semanas.\n El incidente en el aer\u00f3dromo de Kramatorsk coincidi\u00f3 con el comienzo de la segunda fase de la \"operaci\u00f3n antiterrorista\" lanzada el jueves contra la vecina Slaviansk, actualmente controlada por milicias prorrusas.\n \"El objetivo es bloquear totalmente Slaviansk para localizar el problema.  La operaci\u00f3n se lleva a cabo en estos momentos\", explic\u00f3 el jefe de la Administraci\u00f3n presidencial de Ucrania, Sergu\u00e9i Pashinski.\n Kr\u00fatov, que est\u00e1 al mando de la \"operaci\u00f3n antiterrorista\", asegur\u00f3 que las fuerzas ucranianas no van a asaltar Slaviansk, con 120.000 habitantes, para evitar v\u00edctimas entre su poblaci\u00f3n.\n EFE",
                    "date": "2014-04-25",
                    "eventUri": "631536",
                    "id": "10293362",
                    "isDuplicate": false,
                    "lang": "spa",
                    "sim": 0.9007,
                    "source": {
                        "title": "www.rpp.com.pe",
                        "uri": "www.rpp.com.pe"
                    },
                    "time": "13:53:00",
                    "title": "Un helic\u00f3ptero tiroteado estalla en tierra en el sureste de Ucrania",
                    "uri": "178188999",
                    "url": "http://www.rpp.com.pe/2014-04-25-un-helicoptero-tiroteado-estalla-en-tierra-en-el-sureste-de-ucrania-noticia_687141.html",
                    "wgt": 1
                },
                {
                    "body": "Unas siete personas resultaron heridas tras una explosi\u00f3n en un puesto de control en una carretera en la regi\u00f3n meridional ucraniana de Odessa, inform\u00f3 el Ministerio ucraniano del Interior.\n [Ucrania: Presidente interino exige a Rusia repliege de sus tropas]\nLa explosi\u00f3n pudo haber sido provocada por la detonaci\u00f3n de una bomba, extremo que no ha sido confirmado oficialmente.\n En tanto, *un helic\u00f3ptero Mi-8 de las Fuerzas Armadas de Ucrania estall\u00f3 hoy en tierra, *al ser alcanzado por un disparo de un francotirador en el aer\u00f3dromo de Kramatorsk, ciudad en el sureste de Ucrania, inform\u00f3 el jefe adjunto del Servicio de Seguridad ucraniano, el general Vasili Kr\u00fatov.\n [Ucrania: Confirman secuestro de periodista del portal Vice News]\n\"En Kramatorsk, un francotirador dispar\u00f3 contra un helic\u00f3ptero en tierra.  El tiro impact\u00f3 en el dep\u00f3sito de combustible y se produjo una explosi\u00f3n\", dijo Kr\u00fatov.\n El n\u00famero 2 de Seguridad agreg\u00f3 que el comandante de la nave result\u00f3 herido, pero logr\u00f3 abandonar el aparato.  Seg\u00fan la versi\u00f3n del Ministerio ucraniano de Defensa, el helic\u00f3ptero Mi-8 fue alcanzado por un proyectil de un lanzagranadas anticarro.\n [Ucrania ordena relanzar operativos contra separatistas prorrusos]\nKramatorsk, en el norte de la regi\u00f3n Donetsk, est\u00e1 a unos 15 kil\u00f3metros de Slaviansk, el foco de la sublevaci\u00f3n prorrusa contra el Gobierno de Kiev, que comenz\u00f3 hace tres semanas.\n El incidente en el aer\u00f3dromo de Kramatorsk coincidi\u00f3 con el comienzo de la segunda fase de la \"operaci\u00f3n antiterrorista\" lanzada ayer contra la vecina Slaviansk, actualmente controlada por milicias prorrusas.\n \"El objetivo es bloquear totalmente Slaviansk para localizar el problema.  La operaci\u00f3n se lleva a cabo en estos momentos\", explic\u00f3 el jefe de la Administraci\u00f3n presidencial de Ucrania, Sergu\u00e9i Pashinski.\n Kr\u00fatov, que est\u00e1 al mando de la \"operaci\u00f3n antiterrorista\", asegur\u00f3 que las fuerzas ucranianas no van a asaltar Slaviansk, con 120,000 habitantes, para evitar v\u00edctimas entre su poblaci\u00f3n.",
                    "date": "2014-04-25",
                    "eventUri": "631536",
                    "id": "10302839",
                    "isDuplicate": false,
                    "lang": "spa",
                    "sim": 0.8933,
                    "source": {
                        "title": "Peru21",
                        "uri": "peru21.pe"
                    },
                    "time": "16:53:00",
                    "title": "Ucrania: Siete heridos tras una explosi\u00f3n en puesto de control",
                    "uri": "178238102",
                    "url": "http://peru21.pe/mundo/ucrania-siete-heridos-explosion-puesto-control-2180428",
                    "wgt": 1
                },
                {
                    "body": "El asalto a los puestos de control dej\u00f3 cinco muertos el jueves\nEl tambi\u00e9n jefe del Centro Antiterrorista, integrado en el Servicio de Seguridad de Ucrania (SBU, antiguo KGB), subray\u00f3 que la situaci\u00f3n en Slaviansk es \"un fen\u00f3meno extraordinario\" con el que hasta ahora no se hab\u00eda encontrado ning\u00fan servicio secreto del mundo.\n Kr\u00fatov se refiri\u00f3 as\u00ed al apoyo de la poblaci\u00f3n local a los milicianos prorrusos y su resistencia a la \"operaci\u00f3n antiterrorista\".  \"Hoy en Slaviank no hay fuerzas operativas ni medios (para apoyar la operaci\u00f3n) ni por parte de las fuerzas del orden ni tampoco por parte de la poblaci\u00f3n\", lament\u00f3 el general ucraniano.\n Agreg\u00f3 que la responsabilidad por los acontecimientos en el pa\u00eds recae sobre todos y cada uno de los ciudadanos ucranianos y pidi\u00f3 a la poblaci\u00f3n local que coopere con las fuerzas de seguridad.\n \"Somos vuestros defensores.  Estos chicos (soldados y polic\u00edas) se ven obligados a estar all\u00ed y protegeros\", se dirigi\u00f3 Kr\u00fatov a los vecinos de Slaviansk.\n Cinco milicianos murieron ayer en enfrentamientos armados con tropas ucranianas en esa ciudad a 120 kil\u00f3metros de Donetsk, basti\u00f3n de la sublevaci\u00f3n prorrusa que estall\u00f3 hace tres semanas en el sureste de Ucrania.\n Al menos dos columnas de carros blindados con soldados de elite ucranianos avanzaron sobre la ciudad y destruyeron tres de los puestos de control levantados por los milicianos prorrusos en todos los accesos rodados a la localidad.\n Poco despu\u00e9s de esas acciones, el ministro de Defensa de Rusia, Sergu\u00e9i Shoigu, anunci\u00f3 el inicio de maniobras militares en la frontera con Ucrania y advirti\u00f3 de que \"la maquinaria militar\" que ha desplegado Kiev en la localidad de Slaviansk debe ser parada para evitar \"una gran cantidad de muertos y heridos\".\n Tras el anuncio de Shoigu, el presidente interino de Ucrania, Alexander Turch\u00ednov, exigi\u00f3 a Rusia que repliegue sus tropas de la frontera con Ucrania y cese las injerencias en los asuntos internos del pa\u00eds.\n Arde un Mi-8 del Ej\u00e9rcito\nUn helic\u00f3ptero Mi-8 de las Fuerzas Armadas de Ucrania estall\u00f3 en tierra al ser alcanzado por un disparo de un francotirador en el aer\u00f3dromo de Kramatorsk, ciudad en el sureste de Ucrania, inform\u00f3 hoy Kr\u00fatov.\n \"En Kramatorsk, un francotirador dispar\u00f3 contra un helic\u00f3ptero en tierra.  El tiro impact\u00f3 en el dep\u00f3sito de combustible y se produjo una explosi\u00f3n\", dijo el militar en un comparecencia ante la prensa.\n El \"n\u00famero dos\" de Seguridad agreg\u00f3 que el comandante de la nave result\u00f3 herido, pero logr\u00f3 abandonar el aparato.\n Seg\u00fan la versi\u00f3n del Ministerio ucraniano de Defensa, el helic\u00f3ptero Mi-8 fue alcanzado por un proyectil de un lanzagranadas anticarro.\n El aer\u00f3dromo de Kramatorsk fue conmovido por la explosi\u00f3n de un helic\u00f3ptero\nKramatorsk, en el norte de la regi\u00f3n Donetsk, est\u00e1 a unos 15 kil\u00f3metros de Slaviansk, el foco de la sublevaci\u00f3n prorrusa contra el Gobierno de Kiev, que comenz\u00f3 hace tres semanas.\n El incidente en el aer\u00f3dromo de Kramatorsk coincidi\u00f3 con el comienzo de la segunda fase de la \"operaci\u00f3n antiterrorista\" lanzada contra la vecina Slaviansk, actualmente controlada por milicias prorrusas.",
                    "date": "2014-04-25",
                    "eventUri": "631536",
                    "id": "10293603",
                    "isDuplicate": false,
                    "lang": "spa",
                    "sim": 0.8216,
                    "source": {
                        "title": "infobae",
                        "uri": "www.infobae.com"
                    },
                    "time": "13:57:00",
                    "title": "Ucrania establece el sitio de Slaviansk y los separatistas atacan en un aeropuerto",
                    "uri": "178190350",
                    "url": "http://www.infobae.com/2014/04/25/1559741-ucrania-establece-el-sitio-slaviansk-y-los-separatistas-atacan-un-aeropuerto",
                    "wgt": 1
                },
                {
                    "body": "Estos Unidos y Rusia se culpan mutuamente por una violencia que no se calma en el este del pa\u00eds europeo.\n Un helic\u00f3ptero ucraniano fue destruido por un lanzagranadas este viernes, seg\u00fan inform\u00f3 el gobierno ucraniano.  El piloto logr\u00f3 salvar con vida.\n Seg\u00fan uno de los jefes del Servicio de Seguridad de Ucrania, un hombre dispar\u00f3 contra la nave que se encontraba estacionado en un aer\u00f3dromo de la Fuerza A\u00e9rea.  El tiro impact\u00f3 en el dep\u00f3sito de combustible, lo que provoc\u00f3 la explosi\u00f3n del aparato.  El comandante del helic\u00f3ptero habr\u00eda resultado herido, pero logr\u00f3 abandonar la nave a tiempo.\n Este viernes, adem\u00e1s, hubo di\u00e1logos cruzados entre las partes.  El primer ministro ucraniano acus\u00f3 a Rusia de querer iniciar una Tercera Guerra Mundial.  Mientras que el canciller ruso indic\u00f3 que los estadounidenses han creado una odiosidad contra los ciudadanos rusohablantes de Ucrania, \"represent\u00e1ndolos como enemigos a los que se debe matar\".",
                    "date": "2014-04-26",
                    "eventUri": "631536",
                    "id": "10351965",
                    "isDuplicate": false,
                    "lang": "spa",
                    "sim": 0.4868,
                    "source": {
                        "title": "cnnchile.com",
                        "uri": "cnnchile.com"
                    },
                    "time": "01:17:00",
                    "title": "Gobierno interino de Ucrania afirm\u00f3 que Rusia quiere iniciar una Tercera Guerra Mundial",
                    "uri": "178353225",
                    "url": "http://cnnchile.com/noticia/2014/04/25/gobierno-interino-de-ucrania-afirmo-que-rusia-quiere-iniciar-una-tercera-guerra-mundial",
                    "wgt": 1
                },
                {
                    "body": "Advirti\u00f3 que en los pr\u00f3ximos d\u00edas se estar\u00edan promoviendo marchas en la regi\u00f3n.\n El congresista de la Rep\u00fablica Federico Pariona lanz\u00f3 duras cr\u00edticas al Presidente Regional de Jun\u00edn, Vladimir Cerr\u00f3n, de quien dijo \"pretende ganar r\u00e9ditos pol\u00edticos\" para tentar una reelecci\u00f3n promoviendo la construcci\u00f3n de un nuevo aeropuerto en Huancayo.\n \"El se\u00f1or Cerr\u00f3n se 'burla' de la poblaci\u00f3n utilizando a los consejeros regionales como unos t\u00edteres para favorecer sus intereses personales y no el de la poblaci\u00f3n de Jun\u00edn\", puntualiz\u00f3 el congresista Federico Pariona.\n El legislador expres\u00f3 su total rechazo al Dictamen N\u00ba002-2014-GRJ-CR/CPDEPITYPE aprobado por mayor\u00eda en el Consejo Regional que faculta la adjudicaci\u00f3n directa de la construcci\u00f3n de un nuevo aer\u00f3dromo.\n \"La pretensi\u00f3n del aer\u00f3dromo Wanka tiene nombre propio \"Vladimir Cerr\u00f3n\", porque es absurdo que se proponga construir un nuevo aer\u00f3dromo que costar\u00e1 m\u00e1s de 300 millones de soles, y se enga\u00f1e a la poblaci\u00f3n dici\u00e9ndoles que no se va utilizar ning\u00fan recurso p\u00fablico del Gobierno Regional\", prosigui\u00f3 el legislador.\n En esa l\u00ednea, advirti\u00f3 que en los pr\u00f3ximos d\u00edas se estar\u00edan promoviendo marchas y movilizaciones contra el presidente regional en respuesta a este \"grave hecho\" que s\u00f3lo genera divisi\u00f3n entre estas dos provincias.\n Pariona Galindo responsabiliz\u00f3 al Presidente Regional Vladimir Cerr\u00f3n ante cualquier hecho de violencia o conflicto social que se pudiera generar al interior de la regi\u00f3n.",
                    "date": "2014-04-26",
                    "eventUri": "631536",
                    "id": "10360471",
                    "isDuplicate": false,
                    "lang": "spa",
                    "sim": 0.3018,
                    "source": {
                        "title": "larepublica.pe",
                        "uri": "www.larepublica.pe"
                    },
                    "time": "03:33:00",
                    "title": "Denuncian a presidente regional de Jun\u00edn por promover creaci\u00f3n de aeropuerto en Huancayo",
                    "uri": "178373520",
                    "url": "http://www.larepublica.pe/25-04-2014/denuncian-a-presidente-regional-de-junin-por-promover-creacion-de-aeropuerto-en-huancayo",
                    "wgt": 1
                },
                {
                    "body": "El martes 22 de abril Concepci\u00f3n del Uruguay, nombre que tambi\u00e9n recibir\u00e1 el Aut\u00f3dromo de aquella localidad, fue visitado por Roberto Argento encargado de obras de la ACTC, qui\u00e9n luego de la recorrida por distintos puntos del predio autoriz\u00f3 a la \"Hist\u00f3rica\" para que la m\u00e1xima categor\u00eda a nivel pa\u00eds llegue el pr\u00f3ximo 18 de mayo para su inauguraci\u00f3n.  Este ser\u00eda la tercera competencia en el a\u00f1o para la provincia, siendo a su vez el cierre de la Copa Entre R\u00edos.\n En el d\u00eda martes, en su visita por el Aut\u00f3dromo de la ciudad, Roberto Argento, supervisor de obras de aut\u00f3dromos de la ACTC, recorri\u00f3 el predio y aprob\u00f3 el Aut\u00f3dromo \"Ciudad de Concepci\u00f3n del Uruguay\", para recibir la fecha pr\u00f3xima del Turismo Carretera el 16, 17 y 18 de mayo.\n En el recorrido que se realiz\u00f3 con integrantes del la comisi\u00f3n aut\u00f3dromo, hizo hincapi\u00e9 en algunos trabajos menores que a\u00fan faltar\u00edan, detalles de pinturas en los pianitos, algunos trabajos en lugares donde va ubicado el p\u00fablico, mejoras en calles de accesos y calles internas en las cuales transitar\u00e1 el p\u00fablico, ampliaci\u00f3n del talud donde va ubicada la prensa, entre otros detalles.  La comisi\u00f3n ser\u00e1 la encargada de llevar adelante estos trabajos y contar\u00e1 con el apoyo del municipio, publica la p\u00e1gina web Radio Motor\nEl primer Cami\u00f3n de la ACTC ya se encuentra en el Aut\u00f3dromo y en las pr\u00f3ximas horas estar\u00edan llegando otros.\n Con respecto a la venta de entradas anticipadas, a\u00fan no se ha determinado el lugar para la venta.",
                    "date": "2014-04-24",
                    "eventUri": "631536",
                    "id": "10201464",
                    "isDuplicate": false,
                    "lang": "spa",
                    "sim": 0.2794,
                    "source": {
                        "title": "Concordia Deportes",
                        "uri": "www.concordiadeportes.com.ar"
                    },
                    "time": "15:21:00",
                    "title": "URUGUAY APROBADO PARA RECIBIR AL TC",
                    "uri": "177862841",
                    "url": "http://www.concordiadeportes.com.ar/2014/04/24/uruguay-aprobado-para-recibir-al-tc/",
                    "wgt": 1
                }
            ]
        },
        "info": {
            "articleCount": 8,
            "averageDate": "2014-04-25",
            "avgCos": 0.4878,
            "categories": [],
            "customDate": false,
            "customLocation": false,
            "eventUri": "631536",
            "extractedDate": "",
            "extractedDateEnd": "",
            "id": "568629",
            "lang": "spa",
            "location": {
                "country": {
                    "labelEng": "Ukraine",
                    "lat": 49,
                    "long": 32,
                    "wikiUri": "http://en.wikipedia.org/wiki/Ukraine"
                },
                "labelEng": "Kiev",
                "lat": 50.43333,
                "long": 30.51667,
                "wikiUri": "http://en.wikipedia.org/wiki/Kiev"
            },
            "storyDate": "2014-04-25",
            "storyDateEnd": "",
            "uri": "e7e700df-6a06-44ea-a4f3-f736278fc36b-133329",
            "variance": 0.2621
        }
    },
    "meta": {
        "CCAArticleMatchCount": 14,
        "CCAArticleMatchRatio": 0.1971830985915493,
        "CCAAvgCosSim": 0.8287928571428571,
        "CCAAvgMatchWgt": 41.28571428571429,
        "_articleUri1": "178328786",
        "_articleUri2": "178164701",
        "_datetime": "2015-01-20 16:16:36",
        "_ruleBasedShouldMerge": false,
        "_storyUri1": "b738a3b7-2db3-4d38-88c8-76c4eb4f835b-93111",
        "_storyUri2": "e7e700df-6a06-44ea-a4f3-f736278fc36b-133329",
        "_username": "Evgenia Belyaeva",
        "artCount1": 5,
        "artCount2": 8,
        "avgCosSimStory1": 0.5583,
        "avgCosSimStory2": 0.4878,
        "categorySim": 0,
        "conceptCosSim": 0.0601956873034319,
        "conceptJaccardSim": 0.0625,
        "coreTime1": 125444.75,
        "coreTime2": 125463.35,
        "coreTimeStDev1": 25.54350189165448,
        "coreTimeStDev2": 10.24039840770882,
        "entityCosSim": 0.08303223991385703,
        "entityJaccardSim": 0.1052631578947368,
        "extractedDateJaccardSim": 0,
        "extractedDatesStory1": 0,
        "extractedDatesStory2": 1,
        "hasSameLocation": 0,
        "keywordCosSim": 0.02501480683758606,
        "keywordJaccardSim": 0.02380952380952381,
        "lang1": "deu",
        "lang2": "spa",
        "matchingDateCount": 0,
        "matchingDateRatio": 0,
        "ratioAnnotatedArticlesStory1": 1,
        "ratioAnnotatedArticlesStory2": 1,
        "shouldMerge": false,
        "storyQuality1": 11,
        "storyQuality2": 9,
        "timeAvg1": 125476.6133333333,
        "timeAvg2": 125486.80625,
        "timeStDev1": 25.54350189165448,
        "timeStDev2": 10.24039840770882,
        "varianceStory1": 0.1883,
        "varianceStory2": 0.2621
    }
}