{
    "850f305d-14db-4c75-b547-79470a557ea3-625104": {
        "articles": {
            "resultCount": 5,
            "results": [
                {
                    "body": "The money will go to a range of organisations helping the armed forces\n\nMillions of pounds of fines imposed on Lloyds Banking Group for manipulating lending rates will go to military good causes.\n\nThe Prime Minister, along with the Chancellor George Osborne, made the announcement on a visit to a Royal Marines base in Poole, Dorset.\n\n\"Lloyds bank have been fined \u00a3100m for manipulating the market,\" Mr Osborne said.\n\n\"That is a terrible thing to have done but I'm making sure the money is being put to good use.\n\n\"It's going to help soldiers returning with injuries, to make sure they get long-term care; it's going to help families while their loved ones are away in the military.\n\n\"In other words, people who have demonstrated the worse of values in the City are going to be supporting those who've demonstrated the very best of British values in the Armed Forces.\"\n\nThe UK's Financial Conduct Authority (FCA) fined Lloyds \u00a3105m, and it was also heavily fined by US regulators, with the overall penalty coming to \u00a3218m.\n\nLloyds manipulated Libor - the interest rate banks charge one another - and also tried to rig fees payable to the Bank of England under a scheme supporting banks during the financial crisis.\n\nThe Libor rate - the basis of trillions of dollars of financial transaction - is set daily and is also a reflection of an institution's credit worthiness.\n\nSo if it is low, the perception is a bank is a safe bet to deal with.\n\nThe implication is that during the 2008 bank crisis the rate may have been manipulated to make some banks look healthier than they were.\n\nLloyds apologised for the \"unacceptable\" actions of individuals involved in the conduct and said its previously lax culture was to blame.\n\nIt said: \"The manipulation of submissions covered by the settlements took place between May 2006 and 2009 and the individuals involved have either left the group, been suspended or are subject to disciplinary proceedings.\"\n\nMore than \u00a32bn has now been paid by banks globally to regulators over alleged manipulation, including \u00a3390m by RBS.",
                    "date": "2014-08-01",
                    "eventUri": "1056736",
                    "id": "16601188",
                    "isDuplicate": false,
                    "lang": "eng",
                    "sim": 0.5722,
                    "source": {
                        "title": "Sky News",
                        "uri": "news.sky.com"
                    },
                    "time": "14:45:00",
                    "title": "Lloyds' Libor Fine To Help Armed Forces",
                    "uri": "201015263",
                    "url": "http://news.sky.com/story/1311569/lloyds-libor-fine-to-help-armed-forces",
                    "wgt": 1
                },
                {
                    "body": "The Lloyds chief executive tells Sky News that proposals to reverse the burden of proof could \"incentivise people to do nothing\".\n\nThe boss of Lloyds Banking Group has become the latest heavyweight figure to raise concerns about the impact of impending industry regulation, warning that a proposal to force bankers to prove they were not liable for major failures risks \"incentivising people to do nothing\".\n\nSpeaking to Sky News, Antonio Horta-Osorio said he supported the bulk of the proposals outlined last week by City watchdogs to strengthen accountability in banking, including seven-year clawback periods for bonuses and a new annual MOT to verify the propriety of bank employees.\n\nHe warned, however, that reversing the burden of proof for bankers risked being economically counter-productive at a time when financial institutions are under intense pressure to support the growth of the wider economy.\n\n\"I welcome the clawback proposals in principle. I have always believed that bonuses for senior managers should be linked to results, deferred for significant periods so that they can be potentially clawed back at a later date and that they should be made in shares to align the interests of management with those of shareholders,\" the Lloyds boss said.\n\nHe also agreed with the Parliamentary Commission on Banking Standards that the approach to enforcement within the UK should be reviewed.\n\n\"Enforcement and fines have an important role as a credible deterrent against future misconduct.\n\n\"But the new rules will potentially reverse the burden of proof where individuals are guilty until they prove themselves innocent in the eyes of the regulator.\n\n\"I worry that this could incentivise people to do nothing, as they could waste their time trying to create a paper trail rather than doing what they should be doing, focusing on customers.\n\n\"Secondly everyone makes mistakes. If you do a major thing wrong like causing the failure of a bank you should be held accountable for the decisions that you made. But we need to separate the major mistakes from the small ones which will always happen.\n\n\"Under the proposed rules we will run the risk that people spend their time avoiding accountability as they fear being prejudged as guilty when they get something wrong. We want to make sure that bankers, like any other profession, operate to the highest standards but we have to be fair in how we judge them.\"\n\nMr Horta-Osorio's remarks, which came days after Lloyds was fined more than \u00a3220m for manipulating the benchmark interest rate Libor, echo those made by Douglas Flint, chairman of HSBC.\n\nMr Flint said staff were becoming risk-averse because of potential regulatory consequences.\n\n\"We are in a business that manages risks and we have got to avoid getting to a state where people believe that there is a zero risk tolerance,\" he said on Monday.\n\n\"There certainly isn't within the firm. We expect to take risks which means we expect some outcomes to be adverse to your expectations but I think within the firm there are those who believe that our regulators in some cases have less tolerance for poor outcomes.\"",
                    "date": "2014-08-06",
                    "eventUri": "1056736",
                    "id": "16820976",
                    "isDuplicate": false,
                    "lang": "eng",
                    "sim": 0.5575,
                    "source": {
                        "title": "Sky News",
                        "uri": "news.sky.com"
                    },
                    "time": "11:23:00",
                    "title": "Lloyds Boss Joins Ranks Warning On New Rules",
                    "uri": "201966326",
                    "url": "http://news.sky.com/story/1314022/lloyds-boss-joins-ranks-warning-on-new-rules",
                    "wgt": 1
                },
                {
                    "body": "Bankers. So important, the government was prepared to spend \u00a32,000 for every person keeping them afloat.\n\nWe learned that Lloyds Banking Group repaid this with yet another fiddle.\n\nIt used the Special Liquidity Scheme (SLS), set up in 2008 by the Bank of England, to let banks temporarily swap assets that were difficult to trade.\n\nLloyds manipulated a rate - called the repo rate - in order to make using this scheme cheaper. That lowered the price it paid to use it, cutting returns (ultimately) to the taxpayer.\n\nEssentially, that's like stealing from the fire brigade when they come to save your home.\n\nBank of England governor Mark Carney was forthright. In some of the strongest language seen from any England bank governor, he called it \"highly reprehensible\" behaviour. Criminals would go to jail, he said.\n\nThe list of misdemeanours seems ever growing: There are at least 10 authorities investigating 20 banks worldwide: dark pools, currency rigging, interest rate fixing, fixing the gold fix... and who knows? The price of cat food?\n\nCould the answer lie here? Bankers should \"swear ethics oath\", suggested think tank ResPublica. \"In medicine, the Hippocratic Oath provides a centrepiece for personal responsibility in the profession. We believe that the Bankers' Oath could perform a similar function.\"\n\nAn idea that was rebuffed: \"It doesn't stop rogue doctors.\" In any case, as bankers as a group have been found to have so many lawbreakers and shysters and criminals in their midst, what would be the point of believing any promises they made?\n\nFinancial crimes were punishable by death in England from the late Middle Ages until Victorian times - and even that didn't stop people trying to fiddle finances.\n\nBanker bonuses also featured - with an extension to the time-frame in which they are paid - and most importantly, in which they can be clawed back, should their performance turn out to be a mirage. Worries about this included the fact they could easily hide the proceeds - after all, finance is their game.\n\nA crazy number of major company results - and almost as many ways of presenting them. Whatever happened to the pre-tax profit figure that used to be prominent in every set? Amid the list of leading companies with results pouring out on Thursday, there weren't two the same among them.\n\nThese things are prepared by committee - with the in house PR, the external PR and the investor relations people among those fighting to present in the best way for their constituents. The chief executive or chairman would be lucky to get a look in, despite the fact their names go on them.\n\nWell, three cheers for Centrica, then. \"Customer relationships are core to the long term health of Centrica,\" as Sam Laidlaw, outgoing chief executive said in May - after years of being biffed about the head by disgruntled customers and regulators. Very nicely written were its results. Proper pre-tax profits and brass-tacks business information, including telling customers bills will go down and profit margins will fall to 4%.\n\nFrom the mundane to the special: \"VIP Club Treatment: Teeth cleaning, SPA\u2122 Blueberry facial, Luxury Shampoo, Hydrating butter treatment\" and a load more, finishing with \"Paw wax treatment\".\n\nThis is one of the services offered by the newly listed Pets at Home chain.\n\nIt also sells this: \"Groom Room OMG! Odour Buster Deodorising Spritzer with Byotrol.\" Glad it has Byotrol in it. Could this help sanitise the banking system?\n\nThe spa treatment costs a tenner, by the way. With their bonuses being cut, that may be all the bankers can afford by way of a treat.",
                    "date": "2014-08-01",
                    "eventUri": "1056736",
                    "id": "16596607",
                    "isDuplicate": false,
                    "lang": "eng",
                    "sim": 0.5232,
                    "source": {
                        "title": "BBC",
                        "uri": "www.bbc.co.uk"
                    },
                    "time": "13:20:00",
                    "title": "Best of this week's online business",
                    "uri": "201001151",
                    "url": "http://www.bbc.co.uk/news/business-28528080#sa-ns_mchannel%3Drss%26ns_source%3DPublicRSS20-sa",
                    "wgt": 1
                },
                {
                    "body": "The Government is being urged to bring in new laws to ensure banks who mis-sold payment protection insurance (PPI) are forced to compensate thousands of customers, after warnings the sums owed by financial institutions could amount to \u20ac500m.\n\nA company which manages claims has made the estimate based on British comparisons, and the thousands of people in Ireland who have been denied redress because their policies were taken out before 2008.\n\nStanton Fisher -- which is British-based, with offices in Dublin -- is also calling for a public inquiry or judicial review into the issue, which, it says, is potentially \"the biggest financial scandal in Irish history\".\n\nIts managing director, Brady Collins, said the PPI problem is as bad, if not worse, than in Britain, but Irish consumers were not being refunded as much as their British counterparts.\n\nHe said his firm had been fighting on behalf of Irish customers \"with considerable difficulty\" for the past two years, blaming in part \"the failure of the banks to accept bona fide cases\".\n\nPPI provides cover for loan repayments and was, in many cases, mis-sold by lenders who tagged it onto loans being sold to people not eligible to claim the insurance, some of whom were retired.\n\nAn independent study ordered by the Central Bank into Irish banks' PPI selling activities said that banks should refund \u20ac67m. However, Mr Collins suggests that figure was merely \"a drop in the ocean\" and that \u20ac500m would be closer to the mark, and still \"a conservative estimate\".\n\nFianna F\u00e1il said the so-called \"six-year rule\" needs to be \"urgently addressed\" so that those who took out policies before then could get refunds.\n\nIts finance spokesman, Michael McGrath, has published a Bill which will be debated in the D\u00e1il in the autumn that would change this \"crude\" statute of limitations law.\n\nHe said at least 1,000 customers had their complaints rejected by the financial ombudsman last year because the policies pre-dated 2008. Based on the estimates of those who have been denied redress and the Central Bank's own figures, he estimates that the total that should be owed by financial institutions to customers is \"well north of \u20ac200m,\" and this is \"a national scandal\".\n\nThe Central Bank defended the review as \"a straightforward mechanism for consumers who were sold PPI after the Consumer Protection Code came into full effect\" in July of 2007. A spokesperson said: \"Any consumer who has concerns about the sale of his/her PPI policy can address those concerns as a complaint to the credit institution that sold the policy.\"",
                    "date": "2014-08-05",
                    "eventUri": "1056736",
                    "id": "16800660",
                    "isDuplicate": false,
                    "lang": "eng",
                    "sim": 0.5066,
                    "source": {
                        "title": "Breaking News",
                        "uri": "www.irishexaminer.com"
                    },
                    "time": "23:47:00",
                    "title": "Mis-sold PPI could cost banks \u20ac500m - Irish Examiner",
                    "uri": "201868632",
                    "url": "http://www.irishexaminer.com/ireland/mis-sold-ppi-could-cost-banks-euro500m-278529.html",
                    "wgt": 1
                },
                {
                    "body": "HSBC's pre-tax profits fell by 12% in the first half of 2014 compared with the same period a year before.\n\nProfits were $12.34bn (\u00a37.33bn), from $14.071bn twelve months earlier.\n\nDuring the half-year the bank also put aside some $234m for its \"customer redress programmes\", to cover the cost of things such as mis-selling Payment Protection Insurance (PPI).\n\nThe bank said that it hoped to reduce the \"severity of future customer redress\" costs.\n\nThe redress figure for the first half of this year is down from the $412m sum in the first half of 2013.\n\nStuart Gulliver, HSBC group chief executive, said: \"These results demonstrate the resilience of our business model. Whilst regulatory uncertainty persists, our balance sheet remains strong and our continuing ability to generate capital supports both growth and our progressive dividend policy.\"",
                    "date": "2014-08-04",
                    "eventUri": "1056736",
                    "id": "16717337",
                    "isDuplicate": false,
                    "lang": "eng",
                    "sim": 0.5031,
                    "source": {
                        "title": "BBC",
                        "uri": "www.bbc.co.uk"
                    },
                    "time": "08:50:00",
                    "title": "HSBC half-yearly profits fall by 12%",
                    "uri": "201500677",
                    "url": "http://www.bbc.co.uk/news/business-28636543#sa-ns_mchannel%3Drss%26ns_source%3DPublicRSS20-sa",
                    "wgt": 1
                }
            ]
        },
        "info": {
            "articleCount": 5,
            "averageDate": "2014-08-04",
            "avgCos": 0.3766,
            "categories": [
                {
                    "label": "Business/Financial_Services",
                    "uri": "http://www.dmoz.org/Business/Financial_Services",
                    "wgt": 31
                },
                {
                    "label": "Society/Government/Finance",
                    "uri": "http://www.dmoz.org/Society/Government/Finance",
                    "wgt": 33
                },
                {
                    "label": "Business/Financial_Services/Banking_Services",
                    "uri": "http://www.dmoz.org/Business/Financial_Services/Banking_Services",
                    "wgt": 33
                }
            ],
            "customDate": false,
            "customLocation": false,
            "eventUri": "1056736",
            "extractedDate": "",
            "extractedDateEnd": "",
            "id": "1099605",
            "lang": "eng",
            "storyDate": "2014-08-04",
            "storyDateEnd": "",
            "uri": "850f305d-14db-4c75-b547-79470a557ea3-625104",
            "variance": 0.3582
        }
    },
    "e7e700df-6a06-44ea-a4f3-f736278fc36b-226161": {
        "articles": {
            "resultCount": 14,
            "results": [
                {
                    "body": "El gobernador del Banco de Portugal, Carlos Costa, anunci\u00f3 la creaci\u00f3n de una nueva entidad, llamada Novo Banco, con los activos de buena calidad del Banco Esp\u00edrito Santo (BES) y con una inyecci\u00f3n de 4.900 millones de euros del Fondo de Resoluci\u00f3n.\n\n\"Se ha creado un banco nuevo, denominado Novo Banco, para el que se transfieren de inmediato\" los activos, dep\u00f3sitos y cr\u00e9ditos del BES considerados buenos, dijo Costa en una declaraci\u00f3n a la prensa, sin derecho a preguntas, en la sede del Banco de Portugal de la que se hace eco Efe.\n\nEl Nuevo Banco nace con un capital social de 4.900 millones de euros procedentes del Fondo de Resoluci\u00f3n, seg\u00fan el gobernador, quien asegur\u00f3 que esta soluci\u00f3n \"no tendr\u00e1 ning\u00fan coste para el erario p\u00fablico ni para los contribuyentes\".\n\nCosta lanz\u00f3 un mensaje de tranquilidad a todos los clientes del BES al asegurar que se descarta \"completamente e inequ\u00edvocamente\" cualquier hip\u00f3tesis de que puedan verse afectados por esta reestructuraci\u00f3n.\n\n\u00bfSin coste para los contribuyentes?\n\nEn t\u00e9rminos similares se pronunci\u00f3 el Gobierno luso, en un comunicado difundido por el ministerio de Finanzas, en el que se asegura que \"los contribuyentes no tendr\u00e1n que soportar los costes relacionados con la decisi\u00f3n adoptada hoy\".\n\nLa medida anunciada por el Banco de Portugal, a\u00f1ade la nota, \"garantiza \u00edntegramente los dep\u00f3sitos, la prestaci\u00f3n de servicios bancarios, los puestos de trabajo y las relaciones comerciales que ten\u00eda la instituci\u00f3n\".\n\nEl Nuevo Banco ser\u00e1 una entidad saneada y que, en la pr\u00e1ctica, tendr\u00e1 un \u00fanico accionista, el Fondo de Resoluci\u00f3n, un instrumento creado en 2012 en el marco de la Uni\u00f3n Bancaria europea y financiado por instituciones financieras y bancarias lusas.\n\nEl Fondo se queda con lo que los analistas llaman el \"BES bueno\", es decir, ya recapitalizado y con los cr\u00e9ditos sin riesgo y los activos de buena calidad. Del otro lado, los actuales accionistas, entre ellos la familia Esp\u00edrito Santo, se quedan con el \"BES malo\", que seguir\u00e1 llam\u00e1ndose BES y al que ser\u00edan transferidos los activos t\u00f3xicos y los m\u00e1s problem\u00e1ticos.\n\nSe evita as\u00ed la nacionalizaci\u00f3n de la entidad y los contribuyentes lusos no tendr\u00e1n, en principio, que hacerse cargo de esta crisis bancaria. No obstante, el Fondo de Resoluci\u00f3n no tiene a\u00fan recursos propios suficientes, por lo que el Estado luso tendr\u00e1 que recurrir al programa de ayuda financiera de la troika que incluye una l\u00ednea de 12.000 millones de euros destinados a la recapitalizaci\u00f3n de la banca, de la que todav\u00eda hay disponibles m\u00e1s de 6.000 millones de euros.\n\nPor lo tanto, y tal y como advierte ya la oposici\u00f3n, la factura de la recapitalizaci\u00f3n, s\u00ed podr\u00eda recaer en los contribuyentes. El Gobierno mantiene, sin embargo, que los fondos del programa de ayuda financiera ser\u00e1n reembolsados a trav\u00e9s de \"la venta de la nueva entidad\" y de las contribuciones del sistema bancario y financiero al Fondo de Resoluci\u00f3n.\n\nEste mismo lunes, el BES saldr\u00e1 oficialmente de la Bolsa, donde su cotizaci\u00f3n fue suspendida el viernes por la Comisi\u00f3n del Mercado de Valores (CMVM) lusa, tras dos d\u00edas consecutivos de p\u00e9rdidas astron\u00f3micas, que llegaron a situar el valor de sus t\u00edtulos al m\u00ednimo hist\u00f3rico de 10,1 c\u00e9ntimos.\n\nLa ca\u00edda en picado del Banco se precipit\u00f3 tras la publicaci\u00f3n de sus resultados en el primer semestre de este a\u00f1o, en el que perdi\u00f3 3.577 millones de euros.",
                    "date": "2014-08-04",
                    "eventUri": "1056736",
                    "id": "16713109",
                    "isDuplicate": false,
                    "lang": "spa",
                    "sim": 0.8312,
                    "source": {
                        "title": "Libre Mercado",
                        "uri": "www.libremercado.com"
                    },
                    "time": "06:32:00",
                    "title": "Portugal interviene Banco Esp\u00edrito Santo y le inyecta 4.900 millones",
                    "uri": "201482094",
                    "url": "http://www.libremercado.com/2014-08-04/portugal-interviene-banco-espirito-santo-y-le-inyecta-4900-millones-1276525258/",
                    "wgt": 1
                },
                {
                    "body": "Esp\u00edrito Santo International solicita el concurso de acreedores en Luxemburgo\n\nEl gobernador del Banco de Portugal, Carlos Costa, ha anunciado este domingo la inyecci\u00f3n de 4.900 millones de euros en el marco del plan de reestructuraci\u00f3n y recapitalizaci\u00f3n del Banco Esp\u00edrito Santo (BES).\n\nCon la recapitalizaci\u00f3n BES pasar\u00e1 a llamarse Novo Banco, que contar\u00e1 con los activos de buena calidad del anterior. Mientras que sus activos t\u00f3xicos ser\u00e1n aislados en un \"banco malo\".\n\n\"Se ha creado un banco nuevo, denominado Nuevo Banco, para el que se transfieren de inmediato\" los activos, dep\u00f3sitos y cr\u00e9ditos del BES considerados 'buenos', ha informado Costa en una declaraci\u00f3n a la prensa, sin derecho a preguntas, en la sede del Banco de Portugal.\n\nCosta tambi\u00e9n ha indicado que la soluci\u00f3n \"no tendr\u00e1 ning\u00fan coste para el erario p\u00fablico ni para los contribuyentes\". Con este rescate, el Gobierno luso busca evitar la contaminaci\u00f3n de todo el sector financiero portugu\u00e9s o que afecte a Europa.\n\nCosta lanz\u00f3 un mensaje de tranquilidad a todos los clientes del BES al asegurar que se descarta \"completamente e inequ\u00edvocamente\" cualquier hip\u00f3tesis de que puedan verse afectados por esta reestructuraci\u00f3n.\n\nEn t\u00e9rminos similares se ha expresado el Gobierno luso, en un comunicado difundido por el ministerio de Finanzas, en el que se asegura que \"los contribuyentes no tendr\u00e1n que soportar los costes relacionados con la decisi\u00f3n adoptada hoy\".\n\nLa medida anunciada por el Banco de Portugal, a\u00f1ade la nota, \"garantiza \u00edntegramente los dep\u00f3sitos, la prestaci\u00f3n de servicios bancarios, los puestos de trabajo y las relaciones comerciales que ten\u00eda la instituci\u00f3n\".\n\nNovo Banco ser\u00e1 una entidad saneada y que, en la pr\u00e1ctica, tendr\u00e1 un \u00fanico accionista, el Fondo de Resoluci\u00f3n, un instrumento creado en 2012 en el marco de la Uni\u00f3n Bancaria europea y financiado por instituciones financieras y bancarias lusas.\n\nEl Fondo se quedar\u00e1 de este modo con lo que los analistas denominan el \"BES bueno\", es decir, ya recapitalizado y con los cr\u00e9ditos sin riesgo y los activos de buena calidad.\n\nY los actuales accionistas, entre ellos la familia Esp\u00edrito Santo, se quedan con el \"BES malo\", que seguir\u00e1 llam\u00e1ndose BES y al que ser\u00edan transferidos los activos t\u00f3xicos y los m\u00e1s problem\u00e1ticos.\n\nSe evita as\u00ed la nacionalizaci\u00f3n de la entidad y los contribuyentes lusos no tendr\u00e1n, en principio, que hacerse cargo de esta crisis bancaria.\n\nNo obstante, el Fondo de Resoluci\u00f3n no tiene a\u00fan recursos propios suficientes, por lo que el Estado luso tendr\u00e1 que recurrir al programa de ayuda financiera de la troika.\n\nEse programa incluye una l\u00ednea de 12.000 millones de euros destinados a la recapitalizaci\u00f3n para los bancos que lo necesiten, de la que todav\u00eda hay disponibles m\u00e1s de 6.000 millones de euros.\n\nLa ca\u00edda en picado del Banco se precipit\u00f3 tras la publicaci\u00f3n de sus resultados en el primer semestre de este a\u00f1o, en el que perdi\u00f3 3.577 millones de euros, una cifra que supera con mucho el colch\u00f3n de capital de la entidad.\n\nCon esas p\u00e9rdidas multimillonarias, el banco ni siquiera cumple ahora los ratios de solvencia exigidos por las autoridades europeas.\n\nEl BES se ha visto directamente afectado por la crisis que atraviesa su matriz, el Grupo Esp\u00edrito Santo, un emporio familiar con peso espec\u00edfico en la econom\u00eda lusa y en cuyo seno ya son varias sociedades que se encuentran en concurso de acreedores y existen empresas al borde de la insolvencia.",
                    "date": "2014-08-04",
                    "eventUri": "1056736",
                    "id": "16705943",
                    "isDuplicate": false,
                    "lang": "spa",
                    "sim": 0.8283,
                    "source": {
                        "title": "RTVE.es",
                        "uri": "www.rtve.es"
                    },
                    "time": "00:16:00",
                    "title": "El Estado portugu\u00e9s recapitalizar\u00e1 el Banco Esp\u00edrito Santo con 4.400 millones de euros",
                    "uri": "201443878",
                    "url": "http://www.rtve.es/noticias/20140803/estado-portugues-recapitalizara-banco-espirito-santo-4400-millones-euros/987000.shtml",
                    "wgt": 1
                },
                {
                    "body": "El gobernador del banco de Portugal, Carlos Costa, comienza a leer su declaraci\u00f3n sobre la intervenci\u00f3n de Espirito Santo, anoche en Lisboa.\n\nEl Banco Espiritu Santo, la mayor entidad financiera de Portugal, fundada hace 94 a\u00f1os, ha culminado su derrumbe. El Estado ha intervenido la instituci\u00f3jn\n\nEl gobernador del Banco de Portugal, Carlos Costa, anunci\u00f3 durante la madrugada la creaci\u00f3n de una nueva entidad, llamada \"Nuevo Banco\", con los activos de buena calidad del Banco Esp\u00edrito Santo (BES) y con una inyecci\u00f3n de 3.900 millones de euros del Fondo de Resoluci\u00f3n.\n\n\"Se ha creado un banco nuevo, denominado Nuevo Banco, para el que se transfieren de inmediato\" los activos, dep\u00f3sitos y cr\u00e9ditos del BES considerados 'buenos', dijo Costa en una declaraci\u00f3n a la prensa, sin derecho a preguntas, en la sede del Banco de Portugal.\n\nEl Nuevo Banco nace con un capital social de 4.900 millones de euros procedentes del Fondo de Resoluci\u00f3n, seg\u00fan el gobernador, quien asegur\u00f3 que esta soluci\u00f3n \"no tendr\u00e1 ning\u00fan coste para el erario p\u00fablico ni para los contribuyentes\".\n\nEl Fondo se queda con lo que los analistas llaman el \"BES bueno\", es decir, ya recapitalizado y con los cr\u00e9ditos sin riesgo y los activos de buena calidad. Y los actuales accionistas, entre ellos la familia Esp\u00edrito Santo, se quedan con el \"BES malo\", que seguir\u00e1 llam\u00e1ndose BES y al que ser\u00edan transferidos los activos t\u00f3xicos y los m\u00e1s problem\u00e1ticos.\n\nSe evita as\u00ed la nacionalizaci\u00f3n de la entidad y los contribuyentes lusos no tendr\u00e1n, en principio, que hacerse cargo de esta crisis bancaria.\n\nNuevo responsable\n\nEl economista V\u00edctor Bento ha sido designado para liderar la entidad, que asegur\u00f3 nace \"m\u00e1s fuerte\", \"segura\" y alejada de incertidumbres. \"Para nuestros clientes y colaboradores solo ha cambiado una cosa: su banco est\u00e1 ahora m\u00e1s fuerte y seguro que antes\", subraya Bento en una declaraci\u00f3n escrita emitida despu\u00e9s de que se divulgase el plan de recapitalizaci\u00f3n y reestructuraci\u00f3n del BES.\n\nEl Nuevo Banco, a\u00f1ade, deja atr\u00e1s \"las incertidumbres que amenazaban la instituci\u00f3n\" y se lleva consigo todos los ingredientes necesarios para convertirse en una de las principales instituciones financieras del pa\u00eds.",
                    "date": "2014-08-04",
                    "eventUri": "1056736",
                    "id": "16712503",
                    "isDuplicate": false,
                    "lang": "spa",
                    "sim": 0.8125,
                    "source": {
                        "title": "Cinco D\u00edas",
                        "uri": "cincodias.com"
                    },
                    "time": "06:10:00",
                    "title": "Portugal interviene y rescata el Banco Espirito Santo con 4.400 millones",
                    "uri": "201479215",
                    "url": "http://cincodias.com/cincodias/2014/08/04/mercados/1407128695_659670.html",
                    "wgt": 1
                },
                {
                    "body": "\"Se ha creado un banco nuevo, denominado Nuevo Banco, para el que se transfieren de inmediato\" los activos, dep\u00f3sitos y cr\u00e9ditos del BES considerados 'buenos', dijo Costa en una declaraci\u00f3n a la prensa, sin derecho a preguntas, en la sede del Banco de Portugal.\n\nEl Nuevo Banco nace con un capital social de 4.900 millones de euros procedentes del Fondo de Resoluci\u00f3n, seg\u00fan el gobernador, quien asegur\u00f3 que esta soluci\u00f3n \"no tendr\u00e1 ning\u00fan coste para el erario p\u00fablico ni para los contribuyentes\".\n\nCosta lanz\u00f3 un mensaje de tranquilidad a todos los clientes del BES al asegurar que se descarta \"completamente e inequ\u00edvocamente\" cualquier hip\u00f3tesis de que puedan verse afectados por esta reestructuraci\u00f3n.\n\nEn t\u00e9rminos similares se pronunci\u00f3 el Gobierno luso, en un comunicado difundido por el ministerio de Finanzas, en el que se asegura que \"los contribuyentes no tendr\u00e1n que soportar los costes relacionados con la decisi\u00f3n adoptada hoy\".\n\nLa medida anunciada por el Banco de Portugal, a\u00f1ade la nota, \"garantiza \u00edntegramente los dep\u00f3sitos, la prestaci\u00f3n de servicios bancarios, los puestos de trabajo y las relaciones comerciales que ten\u00eda la instituci\u00f3n\".\n\nEl Nuevo Banco ser\u00e1 una entidad saneada y que, en la pr\u00e1ctica, tendr\u00e1 un \u00fanico accionista, el Fondo de Resoluci\u00f3n, un instrumento creado en 2012 en el marco de la Uni\u00f3n Bancaria europea y financiado por instituciones financieras y bancarias lusas.\n\nEl Fondo se queda con lo que los analistas llaman el \"BES bueno\", es decir, ya recapitalizado y con los cr\u00e9ditos sin riesgo y los activos de buena calidad.\n\nY los actuales accionistas, entre ellos la familia Esp\u00edrito Santo, se quedan con el \"BES malo\", que seguir\u00e1 llam\u00e1ndose BES y al que ser\u00edan transferidos los activos t\u00f3xicos y los m\u00e1s problem\u00e1ticos.\n\nSe evita as\u00ed la nacionalizaci\u00f3n de la entidad y los contribuyentes lusos no tendr\u00e1n, en principio, que hacerse cargo de esta crisis bancaria.\n\nNo obstante, el Fondo de Resoluci\u00f3n no tiene a\u00fan recursos propios suficientes, por lo que el Estado luso tendr\u00e1 que recurrir al programa de ayuda financiera de la troika que incluye una l\u00ednea de 12.000 millones de euros destinados a la recapitalizaci\u00f3n de la banca, de la que todav\u00eda hay disponibles m\u00e1s de 6.000 millones de euros.\n\nPor lo tanto, y tal y como advierte ya la oposici\u00f3n, la factura de la recapitalizaci\u00f3n, s\u00ed podr\u00eda recaer en los contribuyentes.\n\nEl Gobierno mantiene, sin embargo, que los fondos del programa de ayuda financiera ser\u00e1n reembolsados a trav\u00e9s de \"la venta de la nueva entidad\" y de las contribuciones del sistema bancario y financiero al Fondo de Resoluci\u00f3n.\n\nEste mismo lunes, el BES saldr\u00e1 oficialmente de la Bolsa, donde su cotizaci\u00f3n fue suspendida el viernes por la Comisi\u00f3n del Mercado de Valores (CMVM) lusa, tras dos d\u00edas consecutivos de p\u00e9rdidas astron\u00f3micas, que llegaron a situar el valor de sus t\u00edtulos al m\u00ednimo hist\u00f3rico de 10,1 c\u00e9ntimos.\n\nLa ca\u00edda en picado del Banco se precipit\u00f3 tras la publicaci\u00f3n de sus resultados en el primer semestre de este a\u00f1o, en el que perdi\u00f3 3.577 millones de euros.",
                    "date": "2014-08-04",
                    "eventUri": "1056736",
                    "id": "16714121",
                    "isDuplicate": false,
                    "lang": "spa",
                    "sim": 0.8013,
                    "source": {
                        "title": "LaVanguardia",
                        "uri": "www.lavanguardia.com"
                    },
                    "time": "04:57:00",
                    "title": "Nace Nuevo Banco con los activos buenos de Banco Espirito Santo",
                    "uri": "201487156",
                    "url": "http://www.lavanguardia.com/economia/20140804/54413472212/nace-nuevo-banco-con-activos-buenos-de-banco-espirito-santo.html",
                    "wgt": 1
                },
                {
                    "body": "El gobernador del Banco de Portugal, Carlos Costa, desvelar\u00e1 esta noche el plan de reestructuraci\u00f3n y recapitalizaci\u00f3n del Banco Esp\u00edrito Santo (BES).\n\nA trav\u00e9s de una declaraci\u00f3n, que se har\u00e1 p\u00fablica hacia las 22.30, hora local (23.30 hora peninsular espa\u00f1ola), en la sede del Banco de Portugal, Costa dar\u00e1 a conocer la soluci\u00f3n acordada con la nueva c\u00fapula de la entidad y el Gobierno luso.\n\nFuentes del BES confirmaron que, despu\u00e9s de que Costa haya desvelado los detalles del plan, el presidente del banco, V\u00edtor Bento, har\u00e1 tambi\u00e9n una declaraci\u00f3n con su visi\u00f3n sobre el proyecto de futuro de la entidad.\n\nVarios medios avanzan que el plan pasa por una inyecci\u00f3n de m\u00e1s de 3.000 millones de euros a trav\u00e9s del llamado Fondo de Resoluci\u00f3n bancario y por la segregaci\u00f3n de activos del banco. De ser as\u00ed, el capital del banco pasar\u00eda a manos de ese Fondo, creado en 2012 y financiado por el sector bancario luso, y los contribuyentes lusos no se ver\u00edan afectados por esta crisis.\n\nEl Fondo se quedar\u00eda con lo que los analistas llaman el \"banco bueno\" hasta encontrar compradores para el mismo, y los actuales accionistas con el \"banco malo\", al que ser\u00edan transferidos los activos m\u00e1s problem\u00e1ticos de la entidad.\n\nA la espera de que se conozca la decisi\u00f3n definitiva, se mantiene la suspensi\u00f3n de la cotizaci\u00f3n del BES en la Bolsa de Lisboa, acordada el viernes por la Comisi\u00f3n del Mercado de Valores (CMVM) lusa, tras dos d\u00edas consecutivos de p\u00e9rdidas astron\u00f3micas, que llegaron a situar el valor de sus t\u00edtulos al m\u00ednimo hist\u00f3rico de 10,1 c\u00e9ntimos.\n\nLa ca\u00edda en picado del Banco se precipit\u00f3 tras la publicaci\u00f3n de sus resultados en el primer semestre de este a\u00f1o, en el que perdi\u00f3 3.577 millones de euros, una cifra que supera con mucho el colch\u00f3n de capital de la entidad.\n\nCon esas p\u00e9rdidas multimillonarias, el banco ni siquiera cumple ahora los ratios de solvencia exigidos por las autoridades europeas, lo que le obliga a hacer una nueva ampliaci\u00f3n de capital, que podr\u00eda llegar hasta los 4.000 millones de euros.\n\nEl BES se ha visto directamente afectado por la crisis que atraviesa su matriz, el Grupo Esp\u00edrito Santo, un emporio familiar con peso espec\u00edfico en la econom\u00eda lusa y en cuyo seno ya son varias sociedades que se encuentran en concurso de acreedores y existen empresas al borde de la insolvencia.",
                    "date": "2014-08-03",
                    "eventUri": "1056736",
                    "id": "16697680",
                    "isDuplicate": false,
                    "lang": "spa",
                    "sim": 0.7794,
                    "source": {
                        "title": "La Voz de Galicia",
                        "uri": "www.lavozdegalicia.es"
                    },
                    "time": "17:47:00",
                    "title": "El Banco de Portugal desvelar\u00e1 esta noche el plan de recapitalici\u00f3n del Esp\u00edritu Santo",
                    "uri": "201402805",
                    "url": "http://www.lavozdegalicia.es/noticia/economia/2014/08/03/banco-portugal-desvelara-noche-plan-recapitalicion-espiritu-santo/00031407087635706357694.htm",
                    "wgt": 1
                },
                {
                    "body": "Lisboa, 3 ago (EFE).- El gobernador del Banco de Portugal, Carlos Costa, desvelar\u00e1 esta noche el plan de reestructuraci\u00f3n y recapitalizaci\u00f3n del Banco Esp\u00edrito Santo (BES).\n\nA trav\u00e9s de una declaraci\u00f3n, que se har\u00e1 p\u00fablica hacia las 22.30, hora local (21.30 GMT), en la sede del Banco de Portugal, Costa dar\u00e1 a conocer la soluci\u00f3n acordada con la nueva c\u00fapula de la entidad y el Gobierno luso.\n\nFuentes del BES (BES.LI)confirmaron a EFE que, despu\u00e9s de que Costa haya desvelado los detalles del plan, el presidente del banco, V\u00edtor Bento, har\u00e1 tambi\u00e9n una declaraci\u00f3n con su visi\u00f3n sobre el proyecto de futuro de la entidad.\n\nVarios medios avanzan que el plan pasa por una inyecci\u00f3n de m\u00e1s de 3.000 millones de euros a trav\u00e9s del llamado Fondo de Resoluci\u00f3n bancario y por la segregaci\u00f3n de activos del banco.\n\nDe ser as\u00ed, el capital del banco pasar\u00eda a manos de ese Fondo, creado en 2012 y financiado por el sector bancario luso, y los contribuyentes lusos no se ver\u00edan afectados por esta crisis.\n\nEl Fondo se quedar\u00eda con lo que los analistas llaman el \"banco bueno\" hasta encontrar compradores para el mismo, y los actuales accionistas con el \"banco malo\", al que ser\u00edan transferidos los activos m\u00e1s problem\u00e1ticos de la entidad.\n\nA la espera de que se conozca la decisi\u00f3n definitiva, se mantiene la suspensi\u00f3n de la cotizaci\u00f3n del BES en la Bolsa de Lisboa, acordada el viernes por la Comisi\u00f3n del Mercado de Valores (CMVM) lusa, tras dos d\u00edas consecutivos de p\u00e9rdidas astron\u00f3micas, que llegaron a situar el valor de sus t\u00edtulos al m\u00ednimo hist\u00f3rico de 10,1 c\u00e9ntimos.\n\nLa ca\u00edda en picado del Banco se precipit\u00f3 tras la publicaci\u00f3n de sus resultados en el primer semestre de este a\u00f1o, en el que perdi\u00f3 3.577 millones de euros, una cifra que supera con mucho el colch\u00f3n de capital de la entidad.\n\nCon esas p\u00e9rdidas multimillonarias, el banco ni siquiera cumple ahora los ratios de solvencia exigidos por las autoridades europeas, lo que le obliga a hacer una nueva ampliaci\u00f3n de capital, que podr\u00eda llegar hasta los 4.000 millones de euros.\n\nEl BES se ha visto directamente afectado por la crisis que atraviesa su matriz, el Grupo Esp\u00edrito Santo, un emporio familiar con peso espec\u00edfico en la econom\u00eda lusa y en cuyo seno ya son varias sociedades que se encuentran en concurso de acreedores y existen empresas al borde de la insolvencia.",
                    "date": "2014-08-03",
                    "eventUri": "1056736",
                    "id": "16698281",
                    "isDuplicate": false,
                    "lang": "spa",
                    "sim": 0.7757,
                    "source": {
                        "title": "El Economista",
                        "uri": "www.eleconomista.es"
                    },
                    "time": "18:16:00",
                    "title": "El Banco de Portugal desvelar\u00e1 hoy el plan de recapitalizaci\u00f3n del BES",
                    "uri": "201406168",
                    "url": "http://www.eleconomista.es/mercados-cotizaciones/noticias/5988377/08/14/El-Banco-de-Portugal-desvelara-hoy-el-plan-de-recapitalizacion-del-BES.html",
                    "wgt": 1
                },
                {
                    "body": "El Banco Esp\u00edrito Santo ha muerto, viva el Novo Banco.\n\nLos fondos europeos acuden al rescate del Banco Esp\u00edrito Santo con una nueva f\u00f3rmula que divide los activos de la entidad entre dos bancos, el Novo y el malo o sea el BES. Inyecta 4.900 millones de euros en el Novo Banco, a donde ir\u00e1n los activos buenos (dep\u00f3sitos, oficinas, empleados) y a otro lado queda el banco malo, el Esp\u00edrito Santo, con sus activos t\u00f3xicos, seg\u00fan anunci\u00f3 en la noche del domingo el Banco de Portugal. El gobernador, Carlos Costa, calific\u00f3 al BES de estar en un \"grave desequilibrio financiero\" y explic\u00f3 que las nuevas medidas han sido tomadas tras hablar con las autoridades europeas.\n\nEs la primera vez que se utiliza en Europa una f\u00f3rmula como esta para salvar un banco. Parece que el objetivo es decir que el ciudadano no va a pagar ni un euro de su bolsillo por la quiebra de un banco, a costa de que los accionistas lo pierdan todo. Lo pierde todo el gran accionista, como la familia Esp\u00edrito Santo (20,1% del banco), Cr\u00e9dit Agricole (17%) y Bradesco (cerca del 3%), -si es que no vendieron antes- am\u00e9n de los fondos internacionales; pero tambi\u00e9n lo pierde todo el peque\u00f1o accionista y el ahorrador que compr\u00f3 deuda subordinada y que seguro que no escap\u00f3 a tiempo. Las acciones del BES dejan de cotizar. Aunque el Banco de Portugal no pronuncie la palabra, es una nacionalizaci\u00f3n en toda regla.\n\nEl Novo Banco se queda con los dep\u00f3sitos, las oficinas y los activos rentables, y el banco malo con todas las deudas de dif\u00edcil recuperaci\u00f3n, con los activos t\u00f3xicos en general. El \u00fanico accionista del Novo Banco es el Fondo de Resoluci\u00f3n, es decir una especie de nacionalizaci\u00f3n transitoria a la espera de poner a la venta el nuevo banco. Y la propiedad del banco malo con todas sus p\u00e9rdidas van a cargo de los accionistas actuales, con las implicaciones que eso tiene para la confianza del inversor. Si el Novo Banco se vende, posteriormente, por encima de los 4.900 millones, ese beneficio ir\u00eda para el banco malo, con lo que sus accionistas recuperar\u00edan parte de su dinero, aunque esta posibilidad casi nunca se ha dado.\n\nLa intervenci\u00f3n del Estado llega tres d\u00edas despu\u00e9s de que el BES anunciara unas p\u00e9rdidas semestrales de 3.577 millones de euros y de que la acci\u00f3n cotizara a 10 c\u00e9ntimos cuando la ampliaci\u00f3n de capital de junio se hizo a 65 c\u00e9ntimos.\n\nEl Banco de Portugal insiste en que la soluci\u00f3n no va en perjuicio de los contribuyentes, como si el dinero tomado del fondo europeo de estabilizaci\u00f3n no lo tuviera que devolver el pa\u00eds y con sus intereses. El supervisor central se ha visto superado durante toda la crisis del BES en el \u00faltimo mes. Basta recordar que a finales de junio anunci\u00f3 que ser\u00edan los accionistas los que elegir\u00edan a la nueva direcci\u00f3n del banco el 31 de julio. Ante el caos creado, el domingo 13 de julio tuvo que rectificar y anunciar a un nuevo administrador, V\u00edtor Bento, sin esperar a la junta de accionistas.\n\nTambi\u00e9n el Banco de Portugal reiter\u00f3 en diversas ocasiones que el BES ten\u00eda recursos propios para hacer frente a las deudas contra\u00eddas (algo m\u00e1s de mil euros, seg\u00fan la auditora KPMG); cuando se vio que no era as\u00ed, afirm\u00f3 que hab\u00eda capital privado interesado en una ampliaci\u00f3n de capital. Ahora ha habido que recurrir a recursos p\u00fablicos europeos. En su excusa, el gobernador Carlos Costa, se\u00f1al\u00f3 anoche que el BES \"viol\u00f3 las instrucciones dadas por el banco de Portugal, lo que empeor\u00f3 la situaci\u00f3n del banco e impidi\u00f3 que entrara capital privado\". Seg\u00fan Costa, que anunci\u00f3 medidas criminales y penales contra los anteriores administradores, el perjuicio de sus acciones fue de 1.500 millones.\n\nAl final -como bien saben los ciudadanos espa\u00f1oles- se trata de limpiar el banco con dinero p\u00fablico para luego venderlo a un privado -el supervisor quiere que sea portugu\u00e9s- y con ello saldar el cr\u00e9dito; pero la experiencia dice que siempre se pierde dinero en la subasta.\n\nEn Espa\u00f1a, la f\u00f3rmula de rescate empleada fue diferente. Con todos los activos malos se cre\u00f3 el SAREB -convertido de repente en la primera inmobiliaria del pa\u00eds con 50.000 millones en ladrillo-. En su primer ejercicio completo (2013) ha perdido cinco veces m\u00e1s de los previsto en su plan de viabilidad. El SAREB se cre\u00f3 para gestionar los activos t\u00f3xicos; en el caso portugu\u00e9s, quienes se quedan con los activos t\u00f3xicos son los accionistas del BES. El Novo Banco queda en manos p\u00fablicas, solo con un accionista, el citado Fondo de Resoluci\u00f3n.\n\nEl lunes el BES ya dejar\u00e1 de ser un banco del Esp\u00edrito Santo por primera vez en 144 a\u00f1os. El sustituto Novo Banco pasar\u00e1 a ser propiedad al 100% del Fondo de Resoluci\u00f3n de la Banca (FRC) -lo que en Espa\u00f1a se conoce como Fondo de Garant\u00eda de Dep\u00f3sitos-. Efectivamente, es una sociedad privada, formada en 2012 por las entidades financieras del pa\u00eds, pero solo dispone de un capital de 182 millones de euros, un capital tan \u00ednfimo que ni cumple los m\u00ednimos exigidos. Para poder hacer frente a las p\u00e9rdidas del 3.577 millones del BES, el FRC solicitar\u00e1 un pr\u00e9stamo estatal de 4.900 millones al Plan de Estabilizaci\u00f3n que implant\u00f3 la troika (FMI, BCE y Comisi\u00f3n Europea) durante el per\u00edodo de vigilancia de las finanzas portuguesas (2011-2014) y donde hay una l\u00ednea de cr\u00e9dito de 6.400 millones de euros para la banca en apuros.\n\nAl solicitar el rescate, todos los \u00f3rganos de gobierno de la entidad quedan suspendidas. Y el nuevo accionista, el Fondo de Resoluci\u00f3n de la Banca, elegir\u00e1 los nuevos, con lo que confirmar\u00e1 al equipo de V\u00edtor Bento, colocado por el Banco de Portugal hace quince d\u00edas.\n\nEn principio el plan es devolver los 4.900 millones en seis meses, tras haber sido vendido o subastado el banco. No habr\u00e1 pues ampliaci\u00f3n de capital y menos por bancos privados, no hay intenci\u00f3n de inyectar dinero privado, como afirm\u00f3 el gobernador central Carlos Costa hace una semana; lo que hay es el Novo Banco con los activos buenos del BES. Desde la noche del domingo, el Banco Esp\u00edrito Santo ha sido nacionalizado y ha entrado en periodo de liquidaci\u00f3n. La segunda nacionalizaci\u00f3n de su larga historia parece la definitiva.",
                    "date": "2014-08-03",
                    "eventUri": "1056736",
                    "id": "16703676",
                    "isDuplicate": false,
                    "lang": "spa",
                    "sim": 0.7287,
                    "source": {
                        "title": "EL PA\u00cdS",
                        "uri": "economia.elpais.com"
                    },
                    "time": "22:41:00",
                    "title": "Portugal rescata al Banco Esp\u00edrito Santo con los fondos de la 'troika'",
                    "uri": "201433482",
                    "url": "http://economia.elpais.com/economia/2014/08/03/actualidad/1407085046_047518.html",
                    "wgt": 1
                },
                {
                    "body": "Lisboa, 4 ago (EFE).- El economista V\u00edctor Bento, designado para liderar el \"Nuevo Banco\" creado con los activos buenos del Banco Esp\u00edrito Santo (BES) y una inyecci\u00f3n de 4.900 millones de euros, asegur\u00f3 que nace una nueva entidad \"m\u00e1s fuerte\", \"segura\" y alejada de incertidumbres.\n\n\"Para nuestros clientes y colaboradores solo ha cambiado una cosa: su banco est\u00e1 ahora m\u00e1s fuerte y seguro que antes\", subraya Bento en una declaraci\u00f3n escrita emitida despu\u00e9s de que se divulgase el plan de recapitalizaci\u00f3n y reestructuraci\u00f3n del BES.\n\nEl Nuevo Banco, a\u00f1ade, deja atr\u00e1s \"las incertidumbres que amenazaban la instituci\u00f3n\" y se lleva consigo todos los ingredientes necesarios para convertirse en una de las principales instituciones financieras del pa\u00eds.\n\nV\u00edtor Bento lanzaba este mensaje despu\u00e9s de que el gobernador del Banco de Portugal, Carlos Costa, anunciase la segregaci\u00f3n de los activos del BES en dos entidades: el Nuevo Banco, al que se transfieren los activos 'buenos' y el llamado por los analistas 'banco malo', que se quedar\u00e1 con el nombre y con los activos t\u00f3xicos y problem\u00e1ticos.\n\nEl Nuevo Banco nace con un capital social de 4.900 millones de euros procedentes del Fondo de Resoluci\u00f3n, anunci\u00f3 el gobernador, quien asegur\u00f3 que esta soluci\u00f3n \"no tendr\u00e1 ning\u00fan coste para el erario p\u00fablico ni para los contribuyentes\".\n\nSer\u00e1 una entidad saneada y que tendr\u00e1 como \u00fanico accionista el citado Fondo, un instrumento creado en 2012 en el marco de la Uni\u00f3n Bancaria europea y financiado por instituciones financieras y bancarias lusas.",
                    "date": "2014-08-04",
                    "eventUri": "1056736",
                    "id": "16705936",
                    "isDuplicate": false,
                    "lang": "spa",
                    "sim": 0.6988,
                    "source": {
                        "title": "El Economista",
                        "uri": "www.eleconomista.es"
                    },
                    "time": "00:16:00",
                    "title": "V\u00edtor Bento liderar\u00e1 el \"Nuevo Banco\" que nace \"m\u00e1s fuerte y seguro\"",
                    "uri": "201443815",
                    "url": "http://www.eleconomista.es/mercados-cotizaciones/noticias/5988548/08/14/Vitor-Bento-liderara-el-Nuevo-Banco-que-nace-mas-fuerte-y-seguro.html",
                    "wgt": 1
                },
                {
                    "body": "LISBOA (Reuters) -- El Banco Central de Portugal dijo el domingo que decidi\u00f3 rescatar al Banco Esp\u00edrito Santo (BES), con una recapitalizaci\u00f3n de 4,900 millones de d\u00f3lares (mdd) que ser\u00e1 inyectada en la parte sana del banco, que ser\u00e1 separada de los activos comprometidos.\n\nLa entidad ser\u00e1 dividida en un banco \"bueno\" y otro \"malo\" como parte de un multimillonario plan de Lisboa, que dispone de 6,400 mdd para recapitalizaci\u00f3n bancaria como parte del rescate internacional del pa\u00eds, dijo el gobernador del Banco de Portugal, Carlos Costa.\n\nEl plan apunta a salvar a un banco que se ha visto afectado por la dram\u00e1tica ca\u00edda del imperio financiero de la familia Esp\u00edrito Santo. El dinero del rescate ser\u00e1 usado para financiar un fondo especial de resoluci\u00f3n bancaria establecido por Portugal en el 2012 que a su vez inyectar\u00e1 dinero al nuevo \"banco bueno\" del BES.\n\nLos actuales accionistas del banco y los tenedores de deuda subordinada ser\u00e1n responsables de los riesgos en el \"banco malo\".\n\nEl banco central de Portugal, que hace pocos d\u00edas dijo que el BES ser\u00eda recapitalizado por inversores privados, destac\u00f3 que el plan no generar\u00e1 costos para el Estado porque el pr\u00e9stamo ser\u00e1 temporal.\n\nLa entidad espera que el Estado recupere el dinero cuando Novo Banco sea vendido a inversores privados.\n\n\"El plan no involucra riesgos para las finanzas p\u00fablicas o los contribuyentes\", dijo Costa en una rueda de prensa a \u00faltima hora del domingo en Lisboa.\n\nEn tanto, la Comisi\u00f3n Europea (CE) dijo que el plan de rescate de Esp\u00edrito Santo est\u00e1 en l\u00ednea con las reglas de ayuda estatal de la Uni\u00f3n Europea (UE).\n\n\"La adopci\u00f3n de esta resoluci\u00f3n es una medida adecuada para restaurar la confianza en la estabilidad financiera y asegurar la continuidad de servicios y evitar potenciales efectos sist\u00e9micos adversos\", sostuvo la Comisi\u00f3n en un comunicado.\n\nLos esfuerzos por salvar al banco tienen lugar despu\u00e9s de que BES report\u00f3 la semana pasada una p\u00e9rdida de 3,600 millones de euros (mde), mayor a la esperada, y dijo que hab\u00eda sido expuesto m\u00e1s de lo estimado originalmente a una serie de empresas en bancarrota de propiedad de la familia Esp\u00edrito Santo.",
                    "date": "2014-08-04",
                    "eventUri": "1056736",
                    "id": "16708314",
                    "isDuplicate": false,
                    "lang": "spa",
                    "sim": 0.6944,
                    "source": {
                        "title": "www.cnnexpansion.com",
                        "uri": "www.cnnexpansion.com"
                    },
                    "time": "02:26:00",
                    "title": "Portugal rescatar\u00e1 a Esp\u00edrito Santo",
                    "uri": "201456412",
                    "url": "http://www.cnnexpansion.com/negocios/2014/08/03/portugal-rescatara-a-espirito-santo",
                    "wgt": 1
                },
                {
                    "body": "V\u00edtor Bento, economista portugu\u00e9s hasta ahora consejero delegado del Banco Espirito Santo (BES), ha sido nombrado director de Novo Banco, el llamado 'banco bueno' tras la recapitalizaci\u00f3n y divisi\u00f3n del BES a partir de al menos la mitad de los 6.000 millones de euros restantes del dinero empleado en el rescate de Portugal.\n\nEl BES ser\u00e1 dividido en un 'banco bueno' --Novo Banco-- y en un 'banco malo' --que mantendr\u00e1 el nombre de BES-- para, a partir de ese momento, comenzar a devolver este dinero a trav\u00e9s de futuras inversiones. Las acciones del BES dejar\u00e1n de cotizar en bolsa, y los accionistas perder\u00e1n lo invertido casi con toda probabilidad.\n\n\"Tengo el placer de haber sido nombrado para liderar Novo Banco. Para nuestros clientes y colaboradores, solo ha cambiado una cosa: su banco es ahora m\u00e1s fuerte y m\u00e1s seguro que antes\", ha indicado Bento a trav\u00e9s de un comunicado.\n\n\"Las incertidumbres que amenazaban a la instituci\u00f3n en los \u00faltimos tiempos han quedado atr\u00e1s. Novo Banco cuenta con las caracter\u00edsticas que lo van a convertir en una de las principales instituciones financieras: un equipo de trabajo dedicado, su fuerte focalizaci\u00f3n en el cliente, y un extenso portafolio de servicios bancarios, que van a contribuir al progreso de la econom\u00eda portuguesa\", ha agregado.\n\nBento ha recalcado que la sucursal del banco en Espa\u00f1a \"forma parte importante de Novo Banco\". \"Quiero agradecer a nuestros colaboradores, y nuestros fieles clientes nacionales e internacionales, que hayan sido tan pacientes en los \u00faltimos tiempos, mientras se defin\u00eda la soluci\u00f3n que garantiza una s\u00f3lida base financiera para un crecimiento futuro\", ha remachado.\n\nEl BES inform\u00f3 a \u00faltima hora del s\u00e1bado de que entre enero y junio registr\u00f3 p\u00e9rdidas netas por importe de 3.577 millones de euros como consecuencia del impacto negativo de \"factores de naturaleza excepcional\".\n\nLa mayor\u00eda de las p\u00e9rdidas de este \u00faltimo semestre --3.488 millones de euros-- correspondieron al periodo que va de abril a junio y, sin extraordinarios, los n\u00fameros rojos durante la primera mitad de 2014 ser\u00edan de 255,4 millones, seg\u00fan el BES.\n\nLos datos referentes a Espa\u00f1a tambi\u00e9n siguen la misma l\u00ednea, con p\u00e9rdidas de 11,7 millones de euros. Sin embargo, la entidad habla de \"recuperaci\u00f3n\" en comparaci\u00f3n con el primer semestre de 2013, cuando estas p\u00e9rdidas fueron de 14,3 millones.\n\nTras la publicaci\u00f3n de sus cuentas, el propio Bento indic\u00f3 la necesidad de adoptar \"acciones decisivas\" para el saneamiento de la entidad, incluyendo una ampliaci\u00f3n de capital, as\u00ed como la materializaci\u00f3n de desinversiones de activos.",
                    "date": "2014-08-03",
                    "eventUri": "1056736",
                    "id": "16705169",
                    "isDuplicate": false,
                    "lang": "spa",
                    "sim": 0.6523,
                    "source": {
                        "title": "El Economista",
                        "uri": "www.eleconomista.es"
                    },
                    "time": "23:38:00",
                    "title": "Victor Bento, nombrado director de Novo Banco: \"Para nuestros clientes su banco es m\u00e1s seguro que antes\"",
                    "uri": "201439973",
                    "url": "http://www.eleconomista.es/internacional/noticias/5988538/08/14/Victor-Bento-nombrado-director-de-Novo-Banco-Para-nuestros-clientes-su-banco-es-mas-seguro-que-antes.html",
                    "wgt": 1
                },
                {
                    "body": "El Esp\u00edrito Santo se divide en un banco 'malo' con los activos t\u00f3xicos y otro 'bueno', controlado por las entidades lusas y que se vender\u00e1 en seis meses.\n\nNovo Banco... para nuevos tiempos, que se esperan claramente mejores. Esa es la denominaci\u00f3n con la que empezar\u00e1 a funcionar en las pr\u00f3ximas horas el Banco Esp\u00edrito Santo (BES), que este mismo lunes podr\u00eda volver a cotizar tras la suspensi\u00f3n decretada finales de la semana pasada por la Comisi\u00f3n del Mercado de Valores Mobiliarios lusa. Claro que no ser\u00e1 la misma entidad, pues fuera de ella - cual si fueran un remedo financiero del Dr.Jeckyll y Mr.Hyde- quedar\u00e1n sus activos t\u00f3xicos, precisamente aquellos que le han llevado a declarar unas p\u00e9rdidas hist\u00f3ricas de 3.577 millones de euros en el primer semestre.\n\nAunque no se explay\u00f3 mucho en la letra peque\u00f1a del plan, el gobernador del Banco luso, Carlos Costa, insisti\u00f3 en que los 4.900 millones que se inyectar\u00e1n a ese 'Nuevo Banco' no supondr\u00e1n perjuicio alguno para los contribuyentes de un pa\u00eds que empieza a ver la luz tras el rescate que recibi\u00f3 en 2011 de la 'troika' (Comisi\u00f3n Europea, BCE y FMI) y que se cerr\u00f3 en mayo. Para ello se recurrir\u00e1 precisamente al mecanismo financiero que se habilitaba en ese programa para salvar a entidades en problemas.\n\nEsta l\u00ednea de cr\u00e9dito concreta asciende a 6.400 millones y el Ejecutivo de Pedro Passos Coelho har\u00e1 uso de ella para inyectar algo m\u00e1s de 4.600 millones en el banco 'bueno' que aglutinar\u00e1 la actividad comercial del BES, sus fondos y dep\u00f3sitos. Los otros 290 millones ser\u00e1n aportados por las propias entidades financieras lusas a trav\u00e9s del remanente que existe en el llamado Fondo de Resoluci\u00f3n de la Banca -el hom\u00f3logo portugu\u00e9s del Fondo de Garant\u00eda de Dep\u00f3sitos (FGD) espa\u00f1ol-, que ser\u00e1 el que asuma la titularidad del 100% del capital social del Novo Banco.\n\nLa novedad en este caso es que el dinero ser\u00e1 prestado por el Estado directamente a dicha asociaci\u00f3n privada, que soportar\u00e1 de esta manera los riesgos en caso de que la venta del hijo 'bueno' del BES -para la que se estima, en principio, un plazo de seis meses- no alcance a cubrir esos 4.600 millones.\n\nEn Espa\u00f1a, la f\u00f3rmula usada para derivar los activos t\u00f3xicos de las entidades en problemas -sobre todo, inmobiliarios- ha sido la Sareb, que act\u00faa as\u00ed como un banco 'malo', mientras que el rescate y la recapitalizaci\u00f3n posterior ha reca\u00eddo en el Fondo de Reestructuraci\u00f3n Ordenada Bancaria -es decir, el Estado- y apenas en el FGD.\n\nAunque ser\u00e1 el Fondo de Resoluci\u00f3n portugu\u00e9s quien elija a los nuevos gestores del sucesor del BES, se da por hecho que continuar\u00e1 al frente Vitor Bento, colocado a mediados de julio por el Banco de Portugal tras la renuncia forzosa del presidente anterior, Ricardo Salgado. Eso s\u00ed, a este \u00faltimo no le saldr\u00e1 gratis su penosa gesti\u00f3n.\n\nEl 'malo' valdr\u00e1 cero\n\nEl otro banco en que se dividir\u00e1 el Espirito Santo, el 'malo' con los activos t\u00f3xicos -incluidas las p\u00e9rdidas de 1.500 millones derivadas de recompras sospechosas de deuda a clientes 'preferentes'-, ser\u00e1 soportado por los accionistas actuales, de modo que el valor real de sus participaciones ser\u00e1 cero. Entre ellos, el clan familiar de Salgado con el 20,1%, contra quien el Banco de Portugal va a emprender acciones penales -adem\u00e1s de contra otros administradores de la entidad que han trabado con \u00e9l- por los perjuicios causados, sin olvidar tampoco los expedientes administrativos.\n\nA diferencia de esta sociedad que nace pr\u00e1cticamente en quiebra t\u00e9cnica, el Novo Banco su cumplir\u00e1 claramente con los niveles de solvencia exigidos por las autoridades europeas, al alcanzar una ratio de capital del 8,5% gracias a la inyecci\u00f3n de 4.900 millones que recibir\u00e1. Suficiente, a priori, para poner de nuevo a flote una entidad que hoy s\u00f3lo vale 675 millones de euros, apenas una s\u00e9ptima parte de los 4.219 millones de cotizaci\u00f3n burs\u00e1til que alcanzaba finales de mayo cuando se destaparon los graves problemas financieros que arrastraba.\n\nMientras, la familia Espirito Santo - a la que el jueves se le retir\u00f3 su derecho de veto en el banco que fund\u00f3, donde a\u00fan mantiene el 20,1% del capital social-, continua su derrumbe desde la divinidad financiera a la mortalidad econ\u00f3mica. Ricardo Salgado, actual patriarca del clan -conocidos como los Rockefeller portugueses-, se encuentra desde el pasado 24 de julio en libertad bajo fianza tras tener que abonar tres millones de euros. Est\u00e1 acusado de sendos delitos de fraude, abuso de confianza, falsificaci\u00f3n y blanqueo de capitales en el marco del llamado 'caso Monte Branco', donde se investiga la mayor red de lavado de dinero descubierta en el pa\u00eds.",
                    "date": "2014-08-03",
                    "eventUri": "1056736",
                    "id": "16705128",
                    "isDuplicate": false,
                    "lang": "spa",
                    "sim": 0.6511,
                    "source": {
                        "title": "ABC.ES",
                        "uri": "www.abc.es"
                    },
                    "time": "23:36:00",
                    "title": "Portugal salva al BES con 4.900 millones del rescate de la 'troika'",
                    "uri": "201439789",
                    "url": "http://www.abc.es/economia/20140804/rc-portugal-salva-millones-rescate-201408040113.html?utm_source=abc&utm_medium=rss&utm_content=uh-rss&utm_campaign=traffic-rss",
                    "wgt": 1
                },
                {
                    "body": "LISBOA (Reuters) -- El Banco Esp\u00edrito Santo (BES) de Portugal ser\u00eda dividido en un banco \"bueno\" y otro \"malo\" como parte de un multimillonario plan de rescate estatal que es preparado por Lisboa y autoridades de la Uni\u00f3n Europea, dijeron el domingo personas familiarizadas con las negociaciones.\n\nEl plan, que apunta a salvar al banco afectado por la dram\u00e1tica ca\u00edda del imperio financiero de la familia Esp\u00edrito Santo, incluye el uso de al menos la mitad de los 6,000 millones de euros (mde) remanentes de un programa de rescate internacional del que Portugal sali\u00f3 hace poco, seg\u00fan las fuentes.\n\nEl dinero del rescate ser\u00e1 usado para financiar un fondo especial de resoluci\u00f3n bancaria establecido por Portugal en el 2012 que a su vez inyectar\u00e1 dinero al nuevo \"banco bueno\" de Banco Esp\u00edrito Santo, o BES, sostuvieron.\n\nEn virtud del plan, las acciones de BES dejar\u00e1n de cotizar en la Bolsa de Lisboa y los accionistas probablemente perder\u00e1n sus inversiones, a\u00f1adieron.\n\nUna fuente dijo que la inyecci\u00f3n de dinero podr\u00eda ser de al menos 4,000 mde. No estaba claro c\u00f3mo se manejar\u00e1 al \"banco malo\".\n\nEl plan, en cuya elaboraci\u00f3n tambi\u00e9n participan funcionarios del Banco Central Europeo (BCE) y de la Comisi\u00f3n Europea (CE), ser\u00eda anunciado el domingo por la noche. A\u00fan se trabaja en los detalles y un anuncio podr\u00eda ser pospuesto hasta el lunes, dijeron personas familiarizadas con las conversaciones.\n\nLos esfuerzos por salvar al mayor banco portugu\u00e9s por activos que cotiza en bolsa tiene lugar despu\u00e9s de que el BES report\u00f3 la semana pasada una p\u00e9rdida de 3,600 mde, mayor a la esperada, y dijo que hab\u00eda sido expuesto m\u00e1s de lo estimado originalmente a una serie de empresas en bancarrota de propiedad de la familia Esp\u00edrito Santo.\n\nTras una semana ca\u00f3tica en que las acciones de BES perdieron un 75% de su valor, autoridades gubernamentales y el Banco de Portugal concluyeron que el uso de fondos p\u00fablicos era la \u00fanica soluci\u00f3n por ahora, dijeron fuentes.\n\nPortugal sali\u00f3 en mayo de un rescate de 78,000 mde y a\u00fan tiene 6,400 millones de una l\u00ednea original de recapitalizaci\u00f3n bancaria de 12,000 millones recibidos en virtud del programa.",
                    "date": "2014-08-03",
                    "eventUri": "1056736",
                    "id": "16699176",
                    "isDuplicate": false,
                    "lang": "spa",
                    "sim": 0.6442,
                    "source": {
                        "title": "www.cnnexpansion.com",
                        "uri": "www.cnnexpansion.com"
                    },
                    "time": "18:58:00",
                    "title": "Esp\u00edrito Santo, banco bueno y malo",
                    "uri": "201410723",
                    "url": "http://www.cnnexpansion.com/negocios/2014/08/03/espirito-santo-banco-bueno-y-malo",
                    "wgt": 1
                },
                {
                    "body": "V\u00edtor Bento, economista portugu\u00e9s hasta ahora consejero delegado del Banco Espirito Santo (BES), ha sido nombrado director de Novo Banco, el llamado 'banco bueno' tras la recapitalizaci\u00f3n y divisi\u00f3n del BES a partir de al menos la mitad de los 6.000 millones de euros restantes del dinero empleado en el rescate de Portugal.\n\nMADRID, 4 (EUROPA PRESS)\n\nEl BES ser\u00e1 dividido en un 'banco bueno' --Novo Banco-- y en un 'banco malo' --que mantendr\u00e1 el nombre de BES-- para, a partir de ese momento, comenzar a devolver este dinero a trav\u00e9s de futuras inversiones. Las acciones del BES dejar\u00e1n de cotizar en bolsa, y los accionistas perder\u00e1n lo invertido casi con toda probabilidad.\n\n\"Tengo el placer de haber sido nombrado para liderar Novo Banco. Para nuestros clientes y colaboradores, solo ha cambiado una cosa: su banco es ahora m\u00e1s fuerte y m\u00e1s seguro que antes\", ha indicado Bento a trav\u00e9s de un comunicado.\n\n\"Las incertidumbres que amenazaban a la instituci\u00f3n en los \u00faltimos tiempos han quedado atr\u00e1s. Novo Banco cuenta con las caracter\u00edsticas que lo van a convertir en una de las principales instituciones financieras: un equipo de trabajo dedicado, su fuerte focalizaci\u00f3n en el cliente, y un extenso portafolio de servicios bancarios, que van a contribuir al progreso de la econom\u00eda portuguesa\", ha agregado.\n\nBento ha recalcado que la sucursal del banco en Espa\u00f1a \"forma parte importante de Novo Banco\". \"Quiero agradecer a nuestros colaboradores, y nuestros fieles clientes nacionales e internacionales, que hayan sido tan pacientes en los \u00faltimos tiempos, mientras se defin\u00eda la soluci\u00f3n que garantiza una s\u00f3lida base financiera para un crecimiento futuro\", ha remachado.\n\nEl BES inform\u00f3 a \u00faltima hora del s\u00e1bado de que entre enero y junio registr\u00f3 p\u00e9rdidas netas por importe de 3.577 millones de euros como consecuencia del impacto negativo de \"factores de naturaleza excepcional\".\n\nLa mayor\u00eda de las p\u00e9rdidas de este \u00faltimo semestre --3.488 millones de euros-- correspondieron al periodo que va de abril a junio y, sin extraordinarios, los n\u00fameros rojos durante la primera mitad de 2014 ser\u00edan de 255,4 millones, seg\u00fan el BES.\n\nLos datos referentes a Espa\u00f1a tambi\u00e9n siguen la misma l\u00ednea, con p\u00e9rdidas de 11,7 millones de euros. Sin embargo, la entidad habla de \"recuperaci\u00f3n\" en comparaci\u00f3n con el primer semestre de 2013, cuando estas p\u00e9rdidas fueron de 14,3 millones.\n\nTras la publicaci\u00f3n de sus cuentas, el propio Bento indic\u00f3 la necesidad de adoptar \"acciones decisivas\" para el saneamiento de la entidad, incluyendo una ampliaci\u00f3n de capital, as\u00ed como la materializaci\u00f3n de desinversiones de activos.",
                    "date": "2014-08-03",
                    "eventUri": "1056736",
                    "id": "16705172",
                    "isDuplicate": false,
                    "lang": "spa",
                    "sim": 0.6375,
                    "source": {
                        "title": "El Economista",
                        "uri": "www.eleconomista.es"
                    },
                    "time": "23:38:00",
                    "title": "Victor Bento, nombrado director de Novo Banco",
                    "uri": "201439974",
                    "url": "http://www.eleconomista.es/internacional/noticias/5988535/08/14/Victor-Bento-nombrado-director-de-Novo-Banco.html",
                    "wgt": 1
                },
                {
                    "body": "El Gobernador del Banco de Portugal, Carlos Costa, ha comparecido este domingo para anunciar las medidas de recapitalizaci\u00f3n del Banco Espirito Santo.\n\nEn una comunicaci\u00f3n a la naci\u00f3n lusa, Costa ha asegurado que la entidad pasar\u00e1 a llamarse desde este lunes 'Novo Banco'.\n\nSe inyectar\u00e1 un total de 4.900 millones de euros en el banco, de los cuales 4.500 se pondr\u00e1n a trav\u00e9s del equivalente portugu\u00e9s al FROB y los otros 500 millones desde otras entidades bancarias.\n\nTambi\u00e9n se ha anunciado la separaci\u00f3n de los activos t\u00f3xicos de la entidad con la creaci\u00f3n de un 'banco malo'.\n\nDe este modo se pretende compensar las p\u00e9rdidas de 3.577 millones de euros sufridas por la entidad y comenzar un nuevo proceso de saneamiento y estabilidad en la instituci\u00f3n.",
                    "date": "2014-08-03",
                    "eventUri": "1056736",
                    "id": "16703310",
                    "isDuplicate": false,
                    "lang": "spa",
                    "sim": 0.5513,
                    "source": {
                        "title": "El Economista",
                        "uri": "www.eleconomista.es"
                    },
                    "time": "22:27:00",
                    "title": "Portugal anuncia que el rescate de Banco Espirito Santo asciende a 4.900 millones de euros",
                    "uri": "201431933",
                    "url": "http://www.eleconomista.es/internacional/noticias/5988507/08/14/Portugal-anuncia-que-el-rescate-de-Banco-Espirito-Santo-asciende-a-4900-millones-de-euros.html",
                    "wgt": 1
                }
            ]
        },
        "info": {
            "articleCount": 14,
            "averageDate": "2014-08-03",
            "avgCos": 0.7205,
            "categories": [],
            "customDate": false,
            "customLocation": false,
            "eventUri": "1056736",
            "extractedDate": "",
            "extractedDateEnd": "",
            "id": "1056736",
            "lang": "spa",
            "location": {
                "country": {
                    "labelEng": "Colombia",
                    "lat": 4,
                    "long": -72,
                    "wikiUri": "http://en.wikipedia.org/wiki/Colombia"
                },
                "labelEng": "El Banco",
                "lat": 9.00114,
                "long": -73.97581,
                "wikiUri": "http://en.wikipedia.org/wiki/El_Banco"
            },
            "storyDate": "2014-08-03",
            "storyDateEnd": "",
            "uri": "e7e700df-6a06-44ea-a4f3-f736278fc36b-226161",
            "variance": 0.4809
        }
    },
    "meta": {
        "CCAArticleMatchCount": 2,
        "CCAArticleMatchRatio": 0.008368200836820083,
        "CCAAvgCosSim": 0.674875,
        "CCAAvgMatchWgt": 57.5,
        "_articleUri1": "201482094",
        "_articleUri2": "201015263",
        "_datetime": "2015-01-20 16:18:19",
        "_ruleBasedShouldMerge": false,
        "_storyUri1": "e7e700df-6a06-44ea-a4f3-f736278fc36b-226161",
        "_storyUri2": "850f305d-14db-4c75-b547-79470a557ea3-625104",
        "_username": "Evgenia Belyaeva",
        "artCount1": 14,
        "artCount2": 5,
        "avgCosSimStory1": 0.7205,
        "avgCosSimStory2": 0.3766,
        "categorySim": 0,
        "conceptCosSim": 0.06019132805459791,
        "conceptJaccardSim": 0.0449438202247191,
        "coreTime1": 127890.2666666667,
        "coreTime2": 127837.3333333333,
        "coreTimeStDev1": 3.529383930085847,
        "coreTimeStDev2": 50.21353181940062,
        "entityCosSim": 0,
        "entityJaccardSim": 0,
        "extractedDateJaccardSim": 0,
        "extractedDatesStory1": 2,
        "extractedDatesStory2": 0,
        "hasSameLocation": 0,
        "keywordCosSim": 0.08727803374667366,
        "keywordJaccardSim": 0.07142857142857142,
        "lang1": "spa",
        "lang2": "eng",
        "matchingDateCount": 0,
        "matchingDateRatio": 0,
        "ratioAnnotatedArticlesStory1": 1,
        "ratioAnnotatedArticlesStory2": 1,
        "shouldMerge": false,
        "storyQuality1": 20,
        "storyQuality2": 4,
        "timeAvg1": 127895.9738095238,
        "timeAvg2": 127896.0166666667,
        "timeStDev1": 3.897672862299701,
        "timeStDev2": 50.21353181940062,
        "varianceStory1": 0.4809,
        "varianceStory2": 0.3582
    }
}