{
    "b738a3b7-2db3-4d38-88c8-76c4eb4f835b-188921": {
        "articles": {
            "resultCount": 9,
            "results": [
                {
                    "body": "M\u00fcnchen (dpa) - Kinderbetreuung, mehr Auswahl f\u00fcr Vegetarier und Zelte von internationalen Brauereien: Das w\u00fcnschen sich viele Deutsche laut einer Umfrage f\u00fcr das M\u00fcnchner Oktoberfest.\n\nWas w\u00fcrden sie am gr\u00f6\u00dften Volksfest der Welt \u00e4ndern, wenn sie die M\u00f6glichkeit dazu h\u00e4tten? Im Auftrag der Reisesuchmaschine Momondo.de hatte Emnid im August rund 1000 Deutsche ab 16 Jahren befragt.\n\nMehr als die H\u00e4lfte der Befragten (53 Prozent) h\u00e4lt einen Wiesn-Kindergarten demnach f\u00fcr eine gute Idee. Mehr als ein Drittel (37 Prozent) w\u00fcnscht sich eine gr\u00f6\u00dfere Auswahl an vegetarischem Essen, und knapp ein Drittel (32 Prozent) will internationale Biere und nicht nur die sechs gro\u00dfen M\u00fcnchner Brauereien auf der Wiesn sehen. Der gr\u00f6\u00dfte Wunsch an das Oktoberfest aber ist finanzieller Art: 62 Prozent der Befragten w\u00fcnschen sich niedrigere Bierpreise, wie Momondo.de mitteilte.\n\nDie Wiesn-Ma\u00df \u00fcberschreitet in diesem Jahr erstmals die magische 10-Euro-Grenze. Bis zu 10,10 Euro wird der Liter Bier auf dem Oktoberfest kosten, in manchen Zelten ist die Ma\u00df noch f\u00fcr 9,70 Euro zu haben.\n\nVom 20. September bis zum 5. Oktober werden wieder mehrere Millionen Besucher auf der M\u00fcnchner Theresienwiese erwartet. \u00a9 dpa",
                    "date": "2014-09-10",
                    "eventUri": "1260045",
                    "id": "18965719",
                    "isDuplicate": false,
                    "lang": "deu",
                    "sim": 0.7998,
                    "source": {
                        "title": "WEB.DE",
                        "uri": "www.gmx.net"
                    },
                    "time": "14:27:00",
                    "title": "Mehr Veggie-Angebote und eine Kita - W\u00fcnsche f\u00fcr die Wiesn",
                    "uri": "209591890",
                    "url": "http://www.gmx.net/magazine/reise/veggie-angebote-kita-wuensche-wiesn-30053724",
                    "wgt": 1
                },
                {
                    "body": "Tolle Stimmung - dennoch haben Wiesn-Besucher einige \u00c4nderungsvorschl\u00e4ge.\n\nEin breiteres Angebot an vegetarischem Essen, eine Wiesn-Kita und vor allem niedrigere Bierpreise - das w\u00fcnschen sich viele f\u00fcrs Oktoberfest. Nach einer Emnid-Umfrage im Auftrag der Reisesuchmaschine Momondo.de w\u00fcrden 62 Prozent der Teilnehmer gerne weniger f\u00fcr die Mass bezahlen. Gut die H\u00e4lfte der Befragten (53 Prozent) h\u00e4lt einen Wiesn-Kindergarten f\u00fcr eine gute Idee. Mehr als ein Drittel (37 Prozent) w\u00fcnscht sich eine gr\u00f6\u00dfere Auswahl an vegetarischem Essen. Knapp ein Drittel (32 Prozent) will nicht nur die sechs gro\u00dfen M\u00fcnchner Brauereien auf der Wiesn sehen, sondern auch internationale Biere im Ausschank haben.\n\nDie Preise f\u00fcr eine Mass \u00fcberschreiten in diesem Jahr erstmals die 10-Euro-Grenze. Bis zu 10,10 Euro wird der Liter Bier auf dem Oktoberfest kosten, in manchen Zelten ist die Mass noch f\u00fcr 9,70 Euro zu haben. Vom 20. September bis zum 5. Oktober werden wieder mehrere Millionen Besucher auf der M\u00fcnchner Theresienwiese erwartet.\n\nZur Erhebung der Daten hatte Emnid im August rund 1000 Menschen in Deutschland ab 16 Jahren befragt, was sie am gr\u00f6\u00dften Volksfest der Welt \u00e4ndern w\u00fcrden, wenn sie die M\u00f6glichkeit dazu h\u00e4tten.",
                    "date": "2014-09-10",
                    "eventUri": "1260045",
                    "id": "18946704",
                    "isDuplicate": false,
                    "lang": "deu",
                    "sim": 0.7987,
                    "source": {
                        "title": "Merkur Online",
                        "uri": "www.merkur-online.de:80"
                    },
                    "time": "07:50:00",
                    "title": "Das w\u00fcnschen sich die Besucher f\u00fcrs Oktoberfest",
                    "uri": "209526229",
                    "url": "http://www.merkur-online.de:80/lokales/muenchen/oktoberfest/wuenschen-sich-besucher-fuers-oktoberfest-3847621.html?cmp=defrss",
                    "wgt": 1
                },
                {
                    "body": "M\u00fcnchen (dpa/lby) - Kinderbetreuung, mehr Auswahl f\u00fcr Vegetarier und Zelte von internationalen Brauereien - das w\u00fcnschen sich viele Deutsche f\u00fcr das M\u00fcnchner Oktoberfest.\n\nIm Auftrag der Reisesuchmaschine Momondo.de hatte Emnid im August rund 1000 Deutsche ab 16 Jahren befragt, was sie am gr\u00f6\u00dften Volksfest der Welt \u00e4ndern w\u00fcrden, wenn sie die M\u00f6glichkeit dazu h\u00e4tten. Mehr als die H\u00e4lfte der Befragten (53 Prozent) h\u00e4lt einen Wiesn-Kindergarten demnach f\u00fcr eine gute Idee. Mehr als ein Drittel (37 Prozent) w\u00fcnscht sich eine gr\u00f6\u00dfere Auswahl an vegetarischem Essen, und knapp ein Drittel (32 Prozent) will internationale Biere und nicht nur die sechs gro\u00dfen M\u00fcnchner Brauereien auf der Wiesn sehen. Der gr\u00f6\u00dfte Wunsch an das Oktoberfest aber ist finanzieller Art: 62 Prozent der Befragten w\u00fcnschen sich niedrigere Bierpreise, wie Momondo.de mitteilte.\n\nDie Wiesn-Ma\u00df \u00fcberschreitet in diesem Jahr erstmals die magische 10-Euro-Grenze. Bis zu 10,10 Euro wird der Liter Bier auf dem Oktoberfest kosten, in manchen Zelten ist die Ma\u00df noch f\u00fcr 9,70 Euro zu haben.\n\nVom 20. September bis zum 5. Oktober werden wieder mehrere Millionen Besucher auf der M\u00fcnchner Theresienwiese erwartet.",
                    "date": "2014-09-10",
                    "eventUri": "1260045",
                    "id": "18941865",
                    "isDuplicate": false,
                    "lang": "deu",
                    "sim": 0.798,
                    "source": {
                        "title": "DIE WELT",
                        "uri": "www.welt.de"
                    },
                    "time": "05:35:00",
                    "title": "W\u00fcnsche f\u00fcr das Oktoberfest",
                    "uri": "209507056",
                    "url": "http://www.welt.de/regionales/bayern/article132082434/Wuensche-fuer-das-Oktoberfest.html",
                    "wgt": 1
                },
                {
                    "body": "M\u00fcnchen - Was w\u00fcrden Sie am Oktoberfest anders machen, wenn Sie die M\u00f6glichkeit dazu h\u00e4tten? Eine Umfrage hat erstaunliche \u00c4nderungsvorschl\u00e4ge hervor gebracht.\n\nEin breiteres Angebot an vegetarischem Essen, eine Wiesn-Kita und vor allem niedrigere Bierpreise - das w\u00fcnschen sich viele f\u00fcrs Oktoberfest. Nach einer Emnid-Umfrage im Auftrag der Reisesuchmaschine Momondo.de w\u00fcrden 62 Prozent der Teilnehmer gerne weniger f\u00fcr die Mass bezahlen. Gut die H\u00e4lfte der Befragten (53 Prozent) h\u00e4lt einen Wiesn-Kindergarten f\u00fcr eine gute Idee. Mehr als ein Drittel (37 Prozent) w\u00fcnscht sich eine gr\u00f6\u00dfere Auswahl an vegetarischem Essen. Knapp ein Drittel (32 Prozent) will nicht nur die sechs gro\u00dfen M\u00fcnchner Brauereien auf der Wiesn sehen, sondern auch internationale Biere im Ausschank haben.\n\nDie Preise f\u00fcr eine Mass \u00fcberschreiten in diesem Jahr erstmals die 10-Euro-Grenze. Bis zu 10,10 Euro wird der Liter Bier auf dem Oktoberfest kosten, in manchen Zelten ist die Mass noch f\u00fcr 9,70 Euro zu haben. Vom 20. September bis zum 5. Oktober werden wieder mehrere Millionen Besucher auf der M\u00fcnchner Theresienwiese erwartet.\n\nZur Erhebung der Daten hatte Emnid im August rund 1000 Menschen in Deutschland ab 16 Jahren befragt, was sie am gr\u00f6\u00dften Volksfest der Welt \u00e4ndern w\u00fcrden, wenn sie die M\u00f6glichkeit dazu h\u00e4tten.\n\ndpa",
                    "date": "2014-09-10",
                    "eventUri": "1260045",
                    "id": "18946791",
                    "isDuplicate": false,
                    "lang": "deu",
                    "sim": 0.7807,
                    "source": {
                        "title": "www.tz.de:80",
                        "uri": "www.tz.de:80"
                    },
                    "time": "07:52:00",
                    "title": "Das w\u00fcnschen sich die Besucher f\u00fcrs Oktoberfest",
                    "uri": "209526516",
                    "url": "http://www.tz.de:80/muenchen/wiesn/wuenschen-sich-besucher-fuers-oktoberfest-3847621.html?cmp=defrss",
                    "wgt": 1
                },
                {
                    "body": "M\u00fcnchen - Auf dem M\u00fcnchner Oktoberfest geht es nicht immer nur friedlich zu. Jedes Jahr kommt es auch zu sexuellen \u00dcbergriffen auf M\u00e4dchen und Frauen. Die \"Sichere Wiesn\" gibt weiblichen Festbesuchern in Notlagen Zuflucht. Der Bedarf ist gro\u00df.\n\nBrauchtum, Tradition, Genuss - das verbinden viele Besucher und Wirte mit dem M\u00fcnchner Oktoberfest. Doch die fr\u00f6hliche Ausgelassenheit kann auch ins Gegenteil umschlagen. Im Gedr\u00e4nge werden junge Frauen begrapscht oder sexuell gen\u00f6tigt. Seit zw\u00f6lf Jahren gibt es deshalb die Anlaufstelle \"Sichere Wiesn\". \u00dcbergriffsopfer erhalten dort Beistand.\n\nDas Risiko eines sexuellen \u00dcbergriffs steige, wenn M\u00e4dchen und Frauen die F\u00e4higkeit zum Selbstschutz verlieren, erkl\u00e4rt die Sozialp\u00e4dagogin Julia J\u00e4ckel: \"Etwa, wenn sie den Anschluss an ihre Gruppe von Freunden verlieren und den Weg zum Hotel nicht mehr wissen. Gerade wenn sie ein oder zwei Bier getrunken haben, schlecht Deutsch sprechen und vielleicht der Handy-Akku leer ist, sind die Frauen im ersten Moment hilflos - und werden leichter Opfer sexueller Gewalt.\"\n\nEin Raum im Geb\u00e4ude des Servicezentrums zu F\u00fc\u00dfen der Bavariastatue bietet Zuflucht und Hilfe. \"Unser Ziel ist, den Klientinnen in ihrer Notlage zu helfen und einen sicheren Nachhauseweg zu erm\u00f6glichen\", sagt Kristina Gottl\u00f6ber, die bei \"Sichere Wiesn\" f\u00fcr die Logistik zust\u00e4ndig ist. Im Raum gibt es eine Sitzecke zur Beratung, zwei Telefone und Arbeitstische mit Internetanschluss, au\u00dferdem stehen Tee und Kaffee bereit.\n\nDen Klientinnen steht ein mehrsprachiges Team aus f\u00fcnf Fachfrauen und 45 ehrenamtlichen Helferinnen, meist Studentinnen sozialer oder p\u00e4dagogischer F\u00e4cher, zur Seite. Alle Fachfrauen haben eine Ausbildung f\u00fcr dem Umgang mit psychischen Traumata sowie jahrelange Beratungserfahrung. Die Helferinnen werden von den Organisatoren in einem mehrt\u00e4gigen Seminar zur Krisenintervention geschult. An jedem Abend sind ab 18.00 Uhr sechs bis acht Helferinnen und eine Fachfrau im Einsatz - oft bis in die fr\u00fchen Morgenstunden. \"Wir haben auch schon bis 10 Uhr morgens eine Klientin in die Klinik begleitet\", sagt J\u00e4ckel.\n\nDer Bedarf ist gro\u00df: Im Jahr 2013 hat \"Sichere Wiesn\" 156 Opfer betreut, darunter zwei Vergewaltigungsopfer. Von Jahr zu Jahr wachse die Zahl der Klientinnen, die F\u00e4lle w\u00fcrden auch beratungsintensiver und zeitaufwendiger. \"Das liegt wohl nicht daran, dass mehr Taten stattfinden - sondern dass mehr bedrohte M\u00e4dchen und Frauen den Weg zu uns finden\", vermutet Gottl\u00f6ber.\n\n\"Uns f\u00e4llt alles vor die F\u00fc\u00dfe\", sagt sie. Das k\u00f6nnen ausw\u00e4rtige Touristinnen sein, die den Reisebus nach Hause verpasst haben und eine Nachtunterkunft brauchen. Andere Frauen sind vor einem eskalierenden Ehestreit gefl\u00fcchtet oder m\u00fcssen ihr Handy aufladen, um Kontakt zu ihren Freunden aufzunehmen.\n\n90 Prozent der Klientinnen sind unter 30 Jahre alt. \u00dcber ein Drittel kam im vergangenen Jahr aus dem Ausland. An den besucherstarken Samstagen \u00f6ffnet die Hilfsstation schon um 15.00 Uhr, au\u00dferdem steht eine zweite Fachfrau bereit.\n\nGegr\u00fcndet wurde die Anlaufstelle von drei M\u00fcnchner Organisationen: dem Institut zur Pr\u00e4vention von sexuellem Missbrauch AMYNA, der Initiative f\u00fcr M\u00fcnchner M\u00e4dchen IMMA und dem Frauennotruf M\u00fcnchen. Hilfe erh\u00e4lt die von der Stadt M\u00fcnchen getragene Aktion von vielen Seiten. Die Taxizentrale IsarFunk stellt zum Beispiel ein Taxi-Rufger\u00e4t und ein Kontingent an Taxigutscheinen zur Verf\u00fcgung. Die Wiesn-Wirte liefern Geldspenden.\n\nDabei wurde die Initiative anfangs noch bel\u00e4chelt. \"In den ersten Jahren haben wir oft geh\u00f6rt: \"Wir haben doch die Polizei!\"\", berichtet Gottl\u00f6ber. \"Doch die Wiesnwache kann nur Strafanzeigen aufnehmen, aber keine Nachsorge leisten. Auch das Rote Kreuz hat nicht genug Kapazit\u00e4t, um die Opfer l\u00e4nger psychologisch zu betreuen.\" Deshalb arbeiteten die Helfer auf der Wiesn eng zusammen: Viele Klientinnen werden von Polizisten oder Sanit\u00e4tern zum St\u00fctzpunkt im Servicezentrum gebracht.\n\n\"Eine unsch\u00e4tzbare Hilfe sind f\u00fcr uns auch die Festzelt-Bedienungen\", betont Gottl\u00f6ber. \"Die kriegen \u00dcbergriffe unmittelbar mit und schreiten ein.\" Genauso wichtig sei die Hilfe aufmerksamer Wiesn-Besucher. Viele sexuelle \u00dcbergriffe k\u00f6nnten verhindert werden, wenn orientierungslose oder in Tr\u00e4nen aufgel\u00f6ste M\u00e4dchen und Frauen rechtzeitig zur Station gebracht werden.\n\ndpa\n\nRubriklistenbild: \u00a9 dpa",
                    "date": "2014-09-10",
                    "eventUri": "1260045",
                    "id": "18960745",
                    "isDuplicate": false,
                    "lang": "deu",
                    "sim": 0.6006,
                    "source": {
                        "title": "www.tz.de:80",
                        "uri": "www.tz.de:80"
                    },
                    "time": "12:52:00",
                    "title": "\"Sichere Wiesn\": Eine Rettungsinsel f\u00fcr Frauen",
                    "uri": "209576036",
                    "url": "http://www.tz.de:80/muenchen/wiesn/sichere-wiesn-eine-rettungsinsel-frauen-3848016.html?cmp=defrss",
                    "wgt": 1
                },
                {
                    "body": "Brauchtum, Tradition, Genuss - das verbinden viele Besucher und Wirte mit dem M\u00fcnchner Oktoberfest. Doch die fr\u00f6hliche Ausgelassenheit kann auch ins Gegenteil umschlagen. Im Gedr\u00e4nge werden junge Frauen begrapscht oder sexuell gen\u00f6tigt. Seit zw\u00f6lf Jahren gibt es deshalb die Anlaufstelle \"Sichere Wiesn\". \u00dcbergriffsopfer erhalten dort Beistand.\n\nDas Risiko eines sexuellen \u00dcbergriffs steige, wenn M\u00e4dchen und Frauen die F\u00e4higkeit zum Selbstschutz verlieren, erkl\u00e4rt die Sozialp\u00e4dagogin Julia J\u00e4ckel: \"Etwa, wenn sie den Anschluss an ihre Gruppe von Freunden verlieren und den Weg zum Hotel nicht mehr wissen. Gerade wenn sie ein oder zwei Bier getrunken haben, schlecht Deutsch sprechen und vielleicht der Handy-Akku leer ist, sind die Frauen im ersten Moment hilflos - und werden leichter Opfer sexueller Gewalt.\"\n\nEin Raum im Geb\u00e4ude des Servicezentrums zu F\u00fc\u00dfen der Bavariastatue bietet Zuflucht und Hilfe. \"Unser Ziel ist, den Klientinnen in ihrer Notlage zu helfen und einen sicheren Nachhauseweg zu erm\u00f6glichen\", sagt Kristina Gottl\u00f6ber, die bei \"Sichere Wiesn\" f\u00fcr die Logistik zust\u00e4ndig ist. Im Raum gibt es eine Sitzecke zur Beratung, zwei Telefone und Arbeitstische mit Internetanschluss, au\u00dferdem stehen Tee und Kaffee bereit.\n\nDen Klientinnen steht ein mehrsprachiges Team aus f\u00fcnf Fachfrauen und 45 ehrenamtlichen Helferinnen, meist Studentinnen sozialer oder p\u00e4dagogischer F\u00e4cher, zur Seite. Alle Fachfrauen haben eine Ausbildung f\u00fcr dem Umgang mit psychischen Traumata sowie jahrelange Beratungserfahrung. Die Helferinnen werden von den Organisatoren in einem mehrt\u00e4gigen Seminar zur Krisenintervention geschult. An jedem Abend sind ab 18.00 Uhr sechs bis acht Helferinnen und eine Fachfrau im Einsatz - oft bis in die fr\u00fchen Morgenstunden. \"Wir haben auch schon bis 10 Uhr morgens eine Klientin in die Klinik begleitet\", sagt J\u00e4ckel.\n\nDer Bedarf ist gro\u00df: Im Jahr 2013 hat \"Sichere Wiesn\" 156 Opfer betreut, darunter zwei Vergewaltigungsopfer. Von Jahr zu Jahr wachse die Zahl der Klientinnen, die F\u00e4lle w\u00fcrden auch beratungsintensiver und zeitaufwendiger. \"Das liegt wohl nicht daran, dass mehr Taten stattfinden - sondern dass mehr bedrohte M\u00e4dchen und Frauen den Weg zu uns finden\", vermutet Gottl\u00f6ber.\n\n\"Uns f\u00e4llt alles vor die F\u00fc\u00dfe\", sagt sie. Das k\u00f6nnen ausw\u00e4rtige Touristinnen sein, die den Reisebus nach Hause verpasst haben und eine Nachtunterkunft brauchen. Andere Frauen sind vor einem eskalierenden Ehestreit gefl\u00fcchtet oder m\u00fcssen ihr Handy aufladen, um Kontakt zu ihren Freunden aufzunehmen.\n\n90 Prozent der Klientinnen sind unter 30 Jahre alt. \u00dcber ein Drittel kam im vergangenen Jahr aus dem Ausland. An den besucherstarken Samstagen \u00f6ffnet die Hilfsstation schon um 15.00 Uhr, au\u00dferdem steht eine zweite Fachfrau bereit.\n\nGegr\u00fcndet wurde die Anlaufstelle von drei M\u00fcnchner Organisationen: dem Institut zur Pr\u00e4vention von sexuellem Missbrauch AMYNA, der Initiative f\u00fcr M\u00fcnchner M\u00e4dchen IMMA und dem Frauennotruf M\u00fcnchen. Hilfe erh\u00e4lt die von der Stadt M\u00fcnchen getragene Aktion von vielen Seiten. Die Taxizentrale IsarFunk stellt zum Beispiel ein Taxi-Rufger\u00e4t und ein Kontingent an Taxigutscheinen zur Verf\u00fcgung. Die Wiesn-Wirte liefern Geldspenden.\n\nDabei wurde die Initiative anfangs noch bel\u00e4chelt. \"In den ersten Jahren haben wir oft geh\u00f6rt: \"Wir haben doch die Polizei!\"\", berichtet Gottl\u00f6ber. \"Doch die Wiesnwache kann nur Strafanzeigen aufnehmen, aber keine Nachsorge leisten. Auch das Rote Kreuz hat nicht genug Kapazit\u00e4t, um die Opfer l\u00e4nger psychologisch zu betreuen.\" Deshalb arbeiteten die Helfer auf der Wiesn eng zusammen: Viele Klientinnen werden von Polizisten oder Sanit\u00e4tern zum St\u00fctzpunkt im Servicezentrum gebracht.\n\n\"Eine unsch\u00e4tzbare Hilfe sind f\u00fcr uns auch die Festzelt-Bedienungen\", betont Gottl\u00f6ber. \"Die kriegen \u00dcbergriffe unmittelbar mit und schreiten ein.\" Genauso wichtig sei die Hilfe aufmerksamer Wiesn-Besucher. Viele sexuelle \u00dcbergriffe k\u00f6nnten verhindert werden, wenn orientierungslose oder in Tr\u00e4nen aufgel\u00f6ste M\u00e4dchen und Frauen rechtzeitig zur Station gebracht werden.",
                    "date": "2014-09-10",
                    "eventUri": "1260045",
                    "id": "18961515",
                    "isDuplicate": false,
                    "lang": "deu",
                    "sim": 0.5683,
                    "source": {
                        "title": "Merkur Online",
                        "uri": "www.merkur-online.de:80"
                    },
                    "time": "13:11:00",
                    "title": "\"Sichere Wiesn\": Eine Rettungsinsel f\u00fcr Frauen",
                    "uri": "209578943",
                    "url": "http://www.merkur-online.de:80/lokales/muenchen/oktoberfest/sichere-wiesn-eine-rettungsinsel-frauen-3848016.html?cmp=defrss",
                    "wgt": 1
                },
                {
                    "body": "Der neue Oktoberfest-Chef und Zweite B\u00fcrgermeister der Stadt M\u00fcnchen, Josef Schmid (CSU), schlie\u00dft nicht aus, die Wiesn in Zukunft auch f\u00fcr kleinere M\u00fcnchner Brauereien zu \u00f6ffnen.\n\n\"Man sollte den kleinen Brauereien nicht f\u00fcr alle Zeit die Hoffnung nehmen\", sagte er dem M\u00dcNCHNER MERKUR (Donnerstag). Derzeit d\u00fcrfen nur sechs M\u00fcnchner Gro\u00dfbrauereien eigene Zelte auf dem Oktoberfest betreiben: Augustiner, Hacker-Pschorr, Hofbr\u00e4u, L\u00f6wenbr\u00e4u, Paulaner und Spaten. \"Bislang wurde vor allem argumentiert, dass die kleinen Brauereien nicht die Mengen f\u00fcr ein Zelt liefern k\u00f6nnen\", sagte Schmid. Zumindest ein kleinerer Stand auf der Wiesn sei aber auch f\u00fcr andere Brauereien denkbar. \"\u00dcber so eine kleine L\u00f6sung f\u00fcr die kleinen Brauereien kann man sicher nachdenken.\"\n\nSchmid k\u00fcndigte zudem ein transparenteres Bewerbungssystem f\u00fcr das Oktoberfest an. \"Die Kriterien sollen \u00f6ffentlich gemacht werden\", sagte er dem M\u00dcNCHNER MERKUR. \"Jeder, der sich neu bewerben m\u00f6chte, sieht dann, wie man Punkte sammeln kann. Es gibt 13 Bewertungskriterien mit 0 bis 11 Punkten. Da geht es zum Beispiel um die Zuverl\u00e4ssigkeit als Wirt, das Konzept, Tradition und die Frage, ob ein Bewerber aus M\u00fcnchen kommt.\" Im Oktober 2014 soll der Stadtrat \u00fcber das neue System beraten. Die konkreten Ergebnisse des Bewerbungsprozesses der erfolgreichen Wirte will Schmid jedoch bislang nicht offenlegen. \"Da gibt es Argumente daf\u00fcr und dagegen. An diesem Punkt sind wir noch nicht. Erst einmal geht es darum, welche Kriterien angelegt werden\", sagte er.\n\nDie Vergabe des neuen gro\u00dfen Wiesn-Zeltes an den Wirt Siegfried Able hatte im Fr\u00fchjahr dieses Jahres f\u00fcr Kritik gesorgt, weil nicht nachvollziehbar war, warum Able den Zuschlag erhalten hatte.",
                    "date": "2014-09-10",
                    "eventUri": "1260045",
                    "id": "18972123",
                    "isDuplicate": false,
                    "lang": "deu",
                    "sim": 0.5103,
                    "source": {
                        "title": "Merkur Online",
                        "uri": "www.merkur-online.de:80"
                    },
                    "time": "16:23:00",
                    "title": "\"Kleine M\u00fcnchner Brauereien auf Wiesn denkbar\"",
                    "uri": "209612342",
                    "url": "http://www.merkur-online.de:80/lokales/muenchen/oktoberfest/wiesn-chef-auch-kleine-muenchner-brauereien-oktoberfest-denkbar-3848824.html?cmp=defrss",
                    "wgt": 1
                },
                {
                    "body": "M\u00fcnchen - \"Ein Prosit der Gem\u00fctlichkeit\" - Ohne macht das Bier-Mass-Stemmen auf der Wiesn nur halb so viel Spa\u00df. Die tz erkl\u00e4rt, wie die Tradition entstanden ist.\n\nEigentlich wollte die Augustiner- Brauerei 1898 kein gro\u00dfes Zelt auf der Theresienwiese aufstellen. Wie in den Jahrzehnten davor, sollte die \u00e4lteste Biermarke der Stadt in Buden ausgeschenkt werden. Dass auf dem Oktoberfest pl\u00f6tzlich eine riesige Bierhalle stand, verdankten die Besucher einem Trick des Augustiner-Wirts Georg Lang aus N\u00fcrnberg. Der hatte sich \u00fcber Strohm\u00e4nner eine Fl\u00e4che gesichert, auf der f\u00fcnf Buden stehen sollten. Darauf stellte er seine Bierburg. Auch mit den \u00fcbrigen Zulassungsbedingungen nahm er es nicht so genau. Obwohl er nicht aus M\u00fcnchen stammte und den Ausschank auch nicht selbst bewirtschaftete, gelang ihm der Einzug auf die Wiesn.\n\nUnd Lang hatte noch mehr Ideen, mit denen er die Wiesn ver\u00e4ndern sollte. Man k\u00f6nnte ihn sogar den Vater der Bierzeltstimmung nennen. Als erster Wirt stellte er eine Kapelle ein, verteilte Texthefte zum Mitsingen. Um den Bierabsatz anzukurbeln, lie\u00df er sich Trinkspr\u00fcche einfallen. So entstand das ber\u00fchmte \"Prosit der Gem\u00fctlichkeit\". Aus Stolz \u00fcber seinen genialen Einfall pinselte er den Satz sogar an die Zeltfassade.\n\nDie hat sich seit Langs Zeit gewaltig ver\u00e4ndert. 1926 kam unter Wirt Xaver Kugler im Rahmen eines Neubaus der ber\u00fchmte Bierturm dazu. Das Wahrzeichen brannte aber im Zweiten Weltkrieg ab. Zur Jubil\u00e4ums-Wiesn 2010 lie\u00df ihn die Brauerei wieder auferstehen - originalgetreu, aber mit integriertem Fasslager.\n\nDenn eines hat sich im Augustinerzelt seit 116 Jahren nicht ver\u00e4ndert: Der Edelstoff sprudelt bis zum heutigen Tag aus dem Holzfass statt aus dem Stahlcontainer.",
                    "date": "2014-09-10",
                    "eventUri": "1260045",
                    "id": "18959899",
                    "isDuplicate": false,
                    "lang": "deu",
                    "sim": 0.4499,
                    "source": {
                        "title": "www.tz.de:80",
                        "uri": "www.tz.de:80"
                    },
                    "time": "12:38:00",
                    "title": "Hier haben sie das Prosit erfunden",
                    "uri": "209573576",
                    "url": "http://www.tz.de:80/muenchen/wiesn/hier-haben-prosit-erfunden-3847990.html?cmp=defrss",
                    "wgt": 1
                },
                {
                    "body": "Oans, zwoa, guad is! Seit Juni l\u00e4uft in der Brauerei die Produktion auf Hochtouren - gestern wurde bei Hacker-Pschorr das erste Wiesn-Bier verkostet.\n\nIm Handel gibt es bereits fertig abgef\u00fcllte Flaschen, das Bier f\u00fcr die Wiesn reift noch in Tanks im Brauereikeller bei null Grad. Traditionell probierten die Hacker-Pschorr-Wirte Toni Roiderer (Hackerzelt) und Georg Heide (Br\u00e4urosl) sowie Brauerei-Chef Andreas Steinfatt die ersten Kr\u00fcge. \"Allergr\u00f6\u00dften Respekt f\u00fcr dieses Bier\", lobt Wirte-Sprecher Toni Roiderer. Traditionell hat das Festbier mehr Alkohol - das Wiesn-Bier von Hacker- Pschorr kommt auf 5,9 Prozent bei einer Stammw\u00fcrze von 13,7 Prozent, hat zudem eine angenehme Bittere im Abgang. \"Die macht weiter Durst - das liegt ganz im Sinne der Brauerei und der Wirte\", witzelt Brauerei- Chef Andreas Steinfatt. \"Das macht ein gutes Wiesn-Bier aus:WennmananeinemAbend zwei, drei, vier, f\u00fcnf Mass Hacker- Pschorr trinkt und am n\u00e4chsten Tag sagt: ,Mir geht's wunderbar, ich geh heut gleich wieder auf die Wiesn.\"",
                    "date": "2014-09-10",
                    "eventUri": "1260045",
                    "id": "18956353",
                    "isDuplicate": false,
                    "lang": "deu",
                    "sim": 0.4436,
                    "source": {
                        "title": "Merkur Online",
                        "uri": "www.merkur-online.de:80"
                    },
                    "time": "11:25:00",
                    "title": "Prost! Hier flie\u00dft das Wiesn-Bier",
                    "uri": "209561502",
                    "url": "http://www.merkur-online.de:80/lokales/muenchen/oktoberfest/prost-hier-fliesst-wiesn-bier-3847898.html?cmp=defrss",
                    "wgt": 1
                }
            ]
        },
        "info": {
            "articleCount": 9,
            "averageDate": "2014-09-10",
            "avgCos": 0.4518,
            "categories": [],
            "customDate": false,
            "customLocation": false,
            "eventUri": "1260045",
            "extractedDate": "",
            "extractedDateEnd": "",
            "id": "1260045",
            "lang": "deu",
            "location": {
                "country": {
                    "labelEng": "Germany",
                    "lat": 51.5,
                    "long": 10.5,
                    "wikiUri": "http://en.wikipedia.org/wiki/Germany"
                },
                "labelEng": "Essen",
                "lat": 51.45657,
                "long": 7.01228,
                "wikiUri": "http://en.wikipedia.org/wiki/Essen"
            },
            "storyDate": "2014-09-10",
            "storyDateEnd": "",
            "uri": "b738a3b7-2db3-4d38-88c8-76c4eb4f835b-188921",
            "variance": 0.2959
        }
    },
    "e7e700df-6a06-44ea-a4f3-f736278fc36b-256043": {
        "articles": {
            "resultCount": 5,
            "results": [
                {
                    "body": "Las autoridades han informado este martes del hallazgo de los cad\u00e1veres de cinco ni\u00f1os de entre 1 y 8 a\u00f1os --desaparecidos en Carolina del Sur hace una semana-- en una zona rural del estado estadounidense de Alabama y de la detenci\u00f3n del padre de los menores, Timothy Ray Jones, que ha confesado los cr\u00edmenes.\n\nLas autoridades han informado este martes del hallazgo de los cad\u00e1veres de cinco ni\u00f1os de entre 1 y 8 a\u00f1os --desaparecidos en Carolina del Sur hace una semana-- en una zona rural del estado estadounidense de Alabama y de la detenci\u00f3n del padre de los menores, Timothy Ray Jones, que ha confesado los cr\u00edmenes.\n\nEste hombre de 32 a\u00f1os de edad, que ten\u00eda la custodia de los ni\u00f1os, ha confesado que mat\u00f3 a sus hijos y que arroj\u00f3 sus cuerpos a la carretera, de acuerdo con la informaci\u00f3n del diario estadounidense 'The New York Times'.\n\nEl departamento del sheriff del condado de Lexington, en Carolina del Sur, recibi\u00f3 el aviso de la madre de los menores, que denunci\u00f3 su desaparici\u00f3n el pasado 3 de septiembre. Desde entonces, las autoridades buscaron en una radio de unas 50 millas (unos 80 kil\u00f3metros) en los condados de Butler y Wilcox para encontrar los cuerpos.\n\nJones hab\u00eda sido arrestado el pasado 6 de septiembre por cargos no especificados, que no tendr\u00edan relaci\u00f3n con los ni\u00f1os desaparecidos, en el condado de Smith --estado de Misisipi--. El homicidio, por su parte, ser\u00e1 procesado en Carolina del Sur, donde se encontraron los cuerpos sin vida de los ni\u00f1os.",
                    "date": "2014-09-10",
                    "eventUri": "1259850",
                    "id": "18937830",
                    "isDuplicate": false,
                    "lang": "spa",
                    "sim": 0.9673,
                    "source": {
                        "title": "El Economista",
                        "uri": "www.eleconomista.es"
                    },
                    "time": "03:12:00",
                    "title": "Encuentran los cuerpos de cinco ni&ntilde;os en Alabama y arrestan a su padre, que confiesa",
                    "uri": "209490092",
                    "url": "http://www.eleconomista.es/eeuu/noticias/6066231/09/14/EEUU-Hallan-los-cuerpos-sin-vida-de-cinco-ninos-en-Alabama-EEUU-y-detienen-a-su-padre-que-confiesa-los-crimenes.html",
                    "wgt": 1
                },
                {
                    "body": "WASHINGTON, 10 Sep. (Notim\u00e9rica/EP) -\n\nLas autoridades han informado este martes del hallazgo de los cad\u00e1veres de cinco ni\u00f1os de entre 1 y 8 a\u00f1os --desaparecidos en Carolina del Sur hace una semana-- en una zona rural del estado estadounidense de Alabama y de la detenci\u00f3n del padre de los menores, Timothy Ray Jones, que ha confesado los cr\u00edmenes.\n\nEste hombre de 32 a\u00f1os de edad, que ten\u00eda la custodia de los ni\u00f1os, ha confesado que mat\u00f3 a sus hijos y que arroj\u00f3 sus cuerpos a la carretera, de acuerdo con la informaci\u00f3n del diario estadounidense 'The New York Times'.\n\nEl departamento del sheriff del condado de Lexington, en Carolina del Sur, recibi\u00f3 el aviso de la madre de los menores, que denunci\u00f3 su desaparici\u00f3n el pasado 3 de septiembre. Desde entonces, las autoridades buscaron en una radio de unas 50 millas (unos 80 kil\u00f3metros) en los condados de Butler y Wilcox para encontrar los cuerpos.\n\nJones hab\u00eda sido arrestado el pasado 6 de septiembre por cargos no especificados, que no tendr\u00edan relaci\u00f3n con los ni\u00f1os desaparecidos, en el condado de Smith --estado de Misisipi--. El homicidio, por su parte, ser\u00e1 procesado en Carolina del Sur, donde se encontraron los cuerpos sin vida de los ni\u00f1os.",
                    "date": "2014-09-10",
                    "eventUri": "1259850",
                    "id": "18941749",
                    "isDuplicate": false,
                    "lang": "spa",
                    "sim": 0.9572,
                    "source": {
                        "title": "notimerica.com",
                        "uri": "www.notimerica.com"
                    },
                    "time": "05:31:00",
                    "title": "Hallan los cuerpos sin vida de cinco ni\u00f1os en Alabama (EEUU)",
                    "uri": "209506703",
                    "url": "http://www.notimerica.com/estadosunidos/noticia-eeuu-hallan-cuerpos-vida-cinco-ninos-alabama-eeuu-detienen-padre-confiesa-crimenes-20140910042030.html",
                    "wgt": 1
                },
                {
                    "body": "Los menores desaparecieron en Carolina del Sur una semana antes.\n\nLas autoridades han informado este martes del hallazgo de los cad\u00e1veres de cinco ni\u00f1os de entre 1 y 8 a\u00f1os --desaparecidos en Carolina del Sur hace una semana-- en una zona rural del estado estadounidense de Alabama y de la detenci\u00f3n del padre de los menores, Timothy Ray Jones, que ha confesado los cr\u00edmenes.\n\nEl padre ha confesado que mat\u00f3 a sus hijos y que arroj\u00f3 sus cuerpos a la carreteraEste hombre de 32 a\u00f1os de edad, que ten\u00eda la custodia de los ni\u00f1os, ha confesado que mat\u00f3 a sus hijos y que arroj\u00f3 sus cuerpos a la carretera, de acuerdo con la informaci\u00f3n del diario estadounidense 'The New York Times'.\n\nEl departamento del sheriff del condado de Lexington, en Carolina del Sur, recibi\u00f3 el aviso de la madre de los menores, que denunci\u00f3 su desaparici\u00f3n el pasado 3 de septiembre.\n\nDesde entonces, las autoridades buscaron en una radio de unas 50 millas (unos 80 kil\u00f3metros) en los condados de Butler y Wilcox para encontrar los cuerpos.\n\nJones hab\u00eda sido arrestado el pasado 6 de septiembre por cargos no especificados, que no tendr\u00edan relaci\u00f3n con los ni\u00f1os desaparecidos, en el condado de Smith --estado de Misisipi--. El homicidio, por su parte, ser\u00e1 procesado en Carolina del Sur, donde se encontraron los cuerpos sin vida de los ni\u00f1os.",
                    "date": "2014-09-10",
                    "eventUri": "1259850",
                    "id": "18939483",
                    "isDuplicate": false,
                    "lang": "spa",
                    "sim": 0.9552,
                    "source": {
                        "title": "20minutos.es - \u00daltimas Noticias",
                        "uri": "www.20minutos.es"
                    },
                    "time": "03:44:00",
                    "title": "Detienen a un hombre en Alabama tras hallar los cuerpos sin vida de sus cinco hijos",
                    "uri": "209497487",
                    "url": "http://www.20minutos.es/noticia/2233878/0/cuerpos-sin-vida/cinco-menores-alabama/arrestan-padre/",
                    "wgt": 1
                },
                {
                    "body": "Las autoridades han informado del hallazgo de los cad\u00e1veres de cinco ni\u00f1os de entre 1 y 8 a\u00f1os desaparecidos en Carolina del Sur hace una semana en una zona rural del estado estadounidense de Alabama. El padre de los ni\u00f1os, Timothy Ray Jones, ha confesado los cr\u00edmenes y ha sido detenido.\n\nEl hombre, de 32 a\u00f1os de edad, que ten\u00eda la custodia de los ni\u00f1os, ha confesado que mat\u00f3 a sus hijos y que arroj\u00f3 sus cuerpos a la carretera, de acuerdo con la informaci\u00f3n del diario estadounidense 'The New York Times'.\n\nEl departamento del sheriff del condado de Lexington, en Carolina del Sur, recibi\u00f3 el aviso de la madre de los menores, que denunci\u00f3 su desaparici\u00f3n el pasado 3 de septiembre. Desde entonces, las autoridades buscaron en una radio de unos 80 kil\u00f3metros en los condados de Butler y Wilcox para encontrar los cuerpos.\n\nJones hab\u00eda sido arrestado el pasado 6 de septiembre cuando conduc\u00eda bajo los efectos del alcohol en el condado de Smith -estado de Misisipi-. Los agentes hallaron sangre en su coche y confes\u00f3 los cr\u00edmenes.\n\nEl homicidio, por su parte, ser\u00e1 procesado en Carolina del Sur, donde se encontraron los cuerpos sin vida de los ni\u00f1os.",
                    "date": "2014-09-10",
                    "eventUri": "1259850",
                    "id": "18944991",
                    "isDuplicate": false,
                    "lang": "spa",
                    "sim": 0.9328,
                    "source": {
                        "title": "Telecinco",
                        "uri": "www.telecinco.es"
                    },
                    "time": "07:04:00",
                    "title": "Detienen a un hombre por la muerte de sus cinco hijos en Alabama",
                    "uri": "209519474",
                    "url": "http://www.telecinco.es/informativos/internacional/Detienen-hombre-muerte-hijos-Alabama_0_1857975014.html",
                    "wgt": 1
                },
                {
                    "body": "Los cad\u00e1veres de cinco ni\u00f1os, de entre uno y ochos a\u00f1os, fueron hallados este martes (madrugada del mi\u00e9rcoles en la pen\u00ednsula ib\u00e9rica) en una zona rural de Alabama, EE UU. Timothy Ray Jones, padre de los menores -- desaparecidos en Carolina del Sur hace una semana -- confes\u00f3 haberlos asesinado, seg\u00fan autoridades locales.\n\nLos ni\u00f1os fueron vistos por \u00faltima vez el pasado 3 de septiembre con su padre, de 32 a\u00f1os, que fue detenido el s\u00e1bado pasado por la polic\u00eda del Condado de Smith (Misisipi). En el veh\u00edculo de Jones, los agentes encontraron productos qu\u00edmicos usados en la producci\u00f3n de metanfetaminas, marihuana sint\u00e9tica, lej\u00eda, \u00e1cido muri\u00e1tico, sangre y otros fluidos corporales. La denuncia de la desaparici\u00f3n fue puesta por la madre de los menores, que compart\u00eda la custodia con el progenitor tras el divorcio.\n\nJones hab\u00eda sido arrestado por cargos no especificados, que no tendr\u00edan relaci\u00f3n con los ni\u00f1os desaparecidos. El padre confes\u00f3 haber abandonado los cad\u00e1veres en alg\u00fan lugar entre Greenville y Camden (Alabama). El homicidio, por su parte, ser\u00e1 procesado en Carolina del Sur, donde se encontraron los cuerpos sin vida de los ni\u00f1os.",
                    "date": "2014-09-10",
                    "eventUri": "1259850",
                    "id": "18944794",
                    "isDuplicate": false,
                    "lang": "spa",
                    "sim": 0.6828,
                    "source": {
                        "title": "sociedad.elpais.com",
                        "uri": "sociedad.elpais.com"
                    },
                    "time": "06:57:00",
                    "title": "Hallados los cuerpos de cinco ni\u00f1os asesinados por su padre en EE UU",
                    "uri": "209518496",
                    "url": "http://sociedad.elpais.com/sociedad/2014/09/10/actualidad/1410331177_661782.html",
                    "wgt": 1
                }
            ]
        },
        "info": {
            "articleCount": 5,
            "averageDate": "2014-09-10",
            "avgCos": 0.6357,
            "categories": [],
            "customDate": false,
            "customLocation": false,
            "eventUri": "1259850",
            "extractedDate": "",
            "extractedDateEnd": "",
            "id": "1269705",
            "lang": "spa",
            "location": {
                "country": {
                    "labelEng": "United States",
                    "lat": 39.76,
                    "long": -98.5,
                    "wikiUri": "http://en.wikipedia.org/wiki/United_States"
                },
                "labelEng": "Alabama",
                "lat": 32.75041,
                "long": -86.75026,
                "wikiUri": "http://en.wikipedia.org/wiki/Alabama"
            },
            "storyDate": "2014-09-10",
            "storyDateEnd": "",
            "uri": "e7e700df-6a06-44ea-a4f3-f736278fc36b-256043",
            "variance": 0.0958
        }
    },
    "meta": {
        "CCAArticleMatchCount": 0,
        "CCAArticleMatchRatio": 0,
        "CCAAvgCosSim": 0,
        "CCAAvgMatchWgt": 0,
        "_articleUri1": "209591890",
        "_articleUri2": "209490092",
        "_datetime": "2015-01-20 16:23:44",
        "_ruleBasedShouldMerge": false,
        "_storyUri1": "b738a3b7-2db3-4d38-88c8-76c4eb4f835b-188921",
        "_storyUri2": "e7e700df-6a06-44ea-a4f3-f736278fc36b-256043",
        "_username": "Evgenia Belyaeva",
        "artCount1": 9,
        "artCount2": 5,
        "avgCosSimStory1": 0.4518,
        "avgCosSimStory2": 0.6357,
        "categorySim": 0,
        "conceptCosSim": 0,
        "conceptJaccardSim": 0,
        "coreTime1": 128789.5833333333,
        "coreTime2": 128787.2,
        "coreTimeStDev1": 3.333528800853966,
        "coreTimeStDev2": 1.597171110292384,
        "entityCosSim": 0,
        "entityJaccardSim": 0,
        "extractedDateJaccardSim": 0,
        "extractedDatesStory1": 0,
        "extractedDatesStory2": 1,
        "hasSameLocation": 0,
        "keywordCosSim": 0,
        "keywordJaccardSim": 0,
        "lang1": "deu",
        "lang2": "spa",
        "matchingDateCount": 0,
        "matchingDateRatio": 0,
        "ratioAnnotatedArticlesStory1": 1,
        "ratioAnnotatedArticlesStory2": 1,
        "shouldMerge": false,
        "storyQuality1": 8,
        "storyQuality2": 16,
        "timeAvg1": 128795.3574074074,
        "timeAvg2": 128789.2933333333,
        "timeStDev1": 3.333528800853966,
        "timeStDev2": 1.597171110292384,
        "varianceStory1": 0.2959,
        "varianceStory2": 0.0958
    }
}