{
    "850f305d-14db-4c75-b547-79470a557ea3-53168": {
        "articles": {
            "resultCount": 8,
            "results": [
                {
                    "body": "HOUSTON, TX--(Marketwired - Jan 7, 2014) - Total Safety, proveedor internacional l\u00edder de soluciones de seguridad, anunci\u00f3 la adquisici\u00f3n de Flare Ignitors Holdings, propietaria de Flare Ignitors & Rentals y Flare Ignitors Pipeline & Refinery.  Con sede en San Antonio, Texas, Flare Ignitors tiene el grupo m\u00e1s completo de personal de servicio capacitado, respaldado por la mayor flota de alquiler de antorchas especiales montadas sobre patines y sobre remolques en la industria.  No fueron revelados los t\u00e9rminos de la transacci\u00f3n.\n Flare Ignitors, fundada en 1991, fabrica conforme a especificaciones y vende antorchas al tiempo que proporciona una gama completa de servicios de antorchas, incluyendo todas las necesidades de antorchas en tierra y fuera de la costa para explotaci\u00f3n y producci\u00f3n, purga y quemado de gaseoductos, sistemas de antorchas permanentes y temporales para refiner\u00edas e instalaciones de tuber\u00edas, mantenimiento e inspecci\u00f3n de antorchas y reconversiones de boquillas de antorchas y sistemas especializados de ignici\u00f3n.\n \"Flare Ignitors es un excelente complemento para nuestra cartera integrada de soluciones de seguridad\", dijo Troy Thacker, CEO de Total Safety.  \"Nos enorgullecemos de nuestro compromiso con el bienestar de los trabajadores al brindarles el respaldo de seguridad m\u00e1s amplio del mundo en los mercados de petr\u00f3leo y gas, refiner\u00edas, qu\u00edmica, petroqu\u00edmica, generaci\u00f3n de energ\u00eda, miner\u00eda e industria.  Flare Ignitors nos permite reforzar a\u00fan m\u00e1s ese compromiso con nuestros clientes\".\n El grupo integrado de servicios de antorchas de Total Safety es capaz de realizar el quemado y el monitoreo de casi cualquier tipo de producto de gas a una eficiencia de destrucci\u00f3n del 98,5 % como m\u00ednimo, sin producir humo.  Supera los requisitos de antorchas e ignici\u00f3n de antorchas con ingenier\u00eda de calidad y avanzado dise\u00f1o del sistema.  Adem\u00e1s, sus instalaciones de fabricaci\u00f3n y prueba cumplen con las especificaciones y los requisitos exactos de alquiler o ventas.\n \"Estamos muy contentos de incorporar nuestros conocimientos y experiencia en Total Safety\", dijo Cameron Sherwin, CEO de Flare Ignitors.  \"La capacidad de ofrecer acceso a especialistas en antorchas las 24 horas del d\u00eda es una forma m\u00e1s en la que podemos, como equipo combinado, estar preparados para brindar soporte de seguridad llave en mano\".\n Acerca de Total Safety\nTotal Safety, una sociedad de cartera de Warburg Pincus, es el principal proveedor del mundo en materia de servicios y productos integrados de seguridad y cumplimiento necesarios para apoyarlas, entre ellos, detecci\u00f3n de gas, protecci\u00f3n respiratoria, capacitaci\u00f3n en seguridad, protecci\u00f3n contra incendios, cumplimiento e inspecci\u00f3n, servicios integrales de quemado, higiene industrial, tratamiento m\u00e9dico de emergencia en el sitio/ param\u00e9dicos, sistemas de comunicaciones, dise\u00f1o de sistemas de ingenier\u00eda y gesti\u00f3n de materiales.  Opera en 148 ubicaciones en 20 pa\u00edses para salvaguardar el bienestar de todos los trabajadores del mundo (Wellbeing of Workers Worldwide, W3) .  Para obtener m\u00e1s informaci\u00f3n acerca de Total Safety y su compromiso inquebrantable con la seguridad, ingrese en www.totalsafety.com.",
                    "date": "2014-01-07",
                    "eventUri": "105366",
                    "id": "1748190",
                    "isDuplicate": false,
                    "lang": "eng",
                    "sim": 0.7874,
                    "source": {
                        "title": "Market Wired",
                        "uri": "www.marketwired.com"
                    },
                    "time": "05:58:00",
                    "title": "Total Safety adquiere importante empresa de servicios de antorchas",
                    "uri": "148316302",
                    "url": "http://www.marketwired.com/press-release/total-safety-adquiere-importante-empresa-de-servicios-de-antorchas-1866570.htm",
                    "wgt": 1
                },
                {
                    "body": "LONDRES, January 7, 2014 /NEWS.G GNOM.E ES/ -\nPor primera vez, London Collections: Men har\u00e1 una muestra de lo mejor en accesorios para el hombre brit\u00e1nico en Fortnum & Mason, en el coraz\u00f3n de la hist\u00f3rica Jermyn Street, St James's, el pr\u00f3ximo 8 de enero.\n (Photo: http://photos.NEWS.GNOM.ES.com/prnh/20130107/662705-a )\n(Photo: http://photos.NEWS.GNOM.ES.com/prnh/20130107/662705-b )\n(Photo: http://photos.NEWS.GNOM.ES.com/prnh/20130107/662705-c )\nEn asociaci\u00f3n con The Crown Estate, la muestra incluir\u00e1 una selecci\u00f3n cuidadosamente conservada de los elementos m\u00e1s ic\u00f3nicos y reconocidos del guardarropa de un caballero, destacando la excelencia y estilo que se encuentran en Jermyn Street, St James's.  Entre las marcas participantes est\u00e1n Budd, Tricker's y Lock & Co, cuya presencia en St James's se remonta ya a hace mucho tiempo, as\u00ed como las marcas relativamente reci\u00e9n llegadas Emma Willis, Emmett y Barbour.\n Jermyn Street, St James's es una parte \u00fanica del moderno West End de Londres con una destacada herencia sartorial, y una colecci\u00f3n sin rivales de excepcionales sastrer\u00edas, fabricantes de camisas, cuidados de lujo y especialistas en estilismo masculino.  Reconocidas durante siglos como el hogar de accesorios para hombre, las calles de St. James's son sin\u00f3nimo de elegancia, artesan\u00eda y sofisticaci\u00f3n refinada.  Su delicadeza ha ayudado a definir al caballero brit\u00e1nico y su estilo atemporal.  Dylan Jones, presidente de London Collections: Men, coment\u00f3: \"St. James's es de enorme importancia para el crecimiento de la ropa para hombre en Londres y es uno de los centros de excelencia m\u00e1s influyentes en la capital\".\n Para respaldar y nutrir esta rica tradici\u00f3n, The Crown Estate se ha embarcado en un programa de inversi\u00f3n de 500 millones de libras centrado en St James's para proteger la herencia \u00fanica del sitio mientras mejora su reputaci\u00f3n como destino de compras y restauraci\u00f3n de clase mundial.  James Cooksey, director de carteras Regional y St James's de The Crown Estate, coment\u00f3: \"The Crown Estate se ha comprometido a refinar y mejorar St James's, para reflejar su herencia \u00fanica y cubrir las necesidades de sus ocupantes, visitantes y residentes en el siglo 21, fomentando la combinaci\u00f3n \u00fanica de negocios familiares con tiendas insignes, y ofreciendo un estilo de vanguardia.  Jermyn Street y St James's continuar\u00e1n centr\u00e1ndose en ropa a medida para el hombre, una herencia que queremos que siga creciendo mientras miramos hacia el futuro\".\n Tras la muestra, los invitados podr\u00e1n hacer una visita por Jermyn Street, St James's, visitando las marcas residentes para experimentar 400 a\u00f1os de excelencia sartorial y hacer un gui\u00f1o al futuro del hombre bien vestido.\n Nick Brooke, consejero delegado de la marca participante Sunspel, una nueva llegada al sitio, coment\u00f3: \"Jermyn Street es una de las calles de ropa de hombre m\u00e1s reconocidas y consideradas del mundo, y sent\u00edamos que Sunspel deb\u00eda ser parte de ella.  Somos una marca l\u00edder para los b\u00e1sicos de lujo para hombre y con nuestra rica herencia creo que encajamos perfectamente en St James's hoy en d\u00eda\".\n Turnbull & Asser, un antiguo residente de Jermyn Street, tambi\u00e9n participar\u00e1 en la presentaci\u00f3n.  Nigel Blow, director administrativo, destac\u00f3: \"La resurgencia de calidad y artesan\u00eda en el vestir ha llevado a este sitio a estar al frente del mercado.  Jermyn Street y St James's son fundamentales para el futuro de la ropa de hombre brit\u00e1nico y hemos sido esenciales en el desarrollo de Londres como capital de moda para hombre\".\n The Crown Estate gestiona un negocio de propiedad altamente diverso valorado en 8.600 millones de libras.  Los ingresos excedentes de la organizaci\u00f3n (beneficio) van a la Tesorer\u00eda para el beneficio del pa\u00eds cada a\u00f1o: en 2012/13 fueron 52,6 millones de libras.  En los \u00faltimos 10 a\u00f1os, The Crown Estate ha pagado m\u00e1s de 2.000 millones de libras a la Tesorer\u00eda.\n The Crown Estate posee casi un 50% de los edificios de St James's y la zona es parte del tejido principal de su cartera urbana.  La cartera es actualmente el foco de un plan de inversi\u00f3n de 500 millones de libras.  Nuestro enfoque est\u00e1 guiado por una estrategia clara, que pretende mejorar y refinar St James's, de forma sensata, cuidadosa y a largo plazo.  La inversi\u00f3n mejorar\u00e1 la cohesi\u00f3n de nuestros holdings pero tambi\u00e9n proteger\u00e1 el futuro de St James's como nicho distintivo en el mercado de oficinas de West End, y un reconocido distintivo mundial de tiendas y restaurantes.\n S\u00edganos en Twitter: @_StJamesLondon y #JermynSTJames",
                    "date": "2014-01-07",
                    "eventUri": "105366",
                    "id": "1756356",
                    "isDuplicate": false,
                    "lang": "eng",
                    "sim": 0.7098,
                    "source": {
                        "title": "news.gnom.es",
                        "uri": "news.gnom.es"
                    },
                    "time": "07:46:00",
                    "title": "Jermyn St, St James's mostrar\u00e1 lo mejor en accesorios para hombre en la London Collections: Men",
                    "uri": "148337901",
                    "url": "http://news.gnom.es/pr/jermyn-st-st-jamess-mostrara-lo-mejor-en-accesorios-para-hombre-en-la-london-collections-men",
                    "wgt": 1
                },
                {
                    "body": "In de loop der jaren zijn er honderden boeken verfilmd.  Bibliotheek Zuid-Hollandse Delta, vestiging Ouddorp vertoont iedere eerste woensdag van de maand zo'n boekverfilming.\n Op woensdag 8 januari 2014 wordt de verfilming van het boek Veilige haven van Nicholas Sparks vertoond.  De film vertelt het verhaal van een echtpaar dat hun relatie ziet stranden door alcoholproblematiek.  De film houdt het midden tussen een romantisch verhaal en een spannende thriller.\n Toegangskaarten (\u20ac5,00 voor leden / \u20ac7,50 voor niet-leden) zijn vanaf heden te reserveren aan de balie in de Bibliotheek, Hofdijksweg 20 of via www.bzhd.nl.\n De film begint om 19:30 uur.  Vanaf 19:00 uur is de Bibliotheek open en staat de koffie/thee klaar.  Na afloop is er gelegenheid tot napraten.  Tot ziens in de Bibliotheek.",
                    "date": "2014-01-07",
                    "eventUri": "105366",
                    "id": "1775512",
                    "isDuplicate": false,
                    "lang": "eng",
                    "sim": 0.6816,
                    "source": {
                        "title": "Flakkee Nieuws",
                        "uri": "www.flakkeenieuws.nl"
                    },
                    "time": "11:28:00",
                    "title": "woensdag 08 januari 2014 - Boek&Film in de Bibliotheek",
                    "uri": "148391823",
                    "url": "http://www.flakkeenieuws.nl/agenda/boekfilm-in-de-bibliotheek/4188",
                    "wgt": 1
                },
                {
                    "body": "Amerikaanse kijkers van de Super Bowl kunnen volgende maand vanuit de tv-reclames van H&M direct doorklikken en de geadverteerde kleding kopen.\n David Beckham gooit voor H&M zijn torso in de strijd om passieve tv-kijkers om te toveren in actieve kopers.  Op 2 februari verschijnt hij voor het kledingmerk in een interactieve tv-commercial.  Het interactieve aspect eraan is, dat kijker op zijn Samsungtelevisie direct kan kopen.\n De kijker wordt niet weggeleid van de tv-uitzending, maar krijgt een extra balk in de marge van zijn scherm te zien.  Daarop staan de beschikbare producten die met een klik op de reguliere afstandsbediening te kopen zijn.\n H&M gebruikt voor deze proef de technologie van het technologiebedrijf Delivery Agent.  Dat is van plan om dit jaar naar de beurs te gaan om meer geld op te halen om zijn vooruitstrevende technologie door te ontwikkelen.\n Anders dan Shazam for TV, wat conceptueel hetzelfde doet, moet de technologie van Delivery Agent eerst in hardware van de kabel- of telecombedrijven zijn verwerkt die de tv-signalen doorgeven.  Dat is een technische en politieke flessenhals die de internationale uitrol van het systeem kan vertragen.\n In het geval van de H&M-campagne zit de technologie in een aantal types Samsungtelevisie verwerkt.\n De technologiebedrijf haalde afgelopen jaren ruim 125 miljoen dollar groeigeld op bij onder meer Liberty Global, Intel en Samsung.\n Shazam en Delivery Agent zijn leveranciers van technologie waarmee tv-bedrijven nieuwe bronnen van inkomsten hopen aan te boren.",
                    "date": "2014-01-07",
                    "eventUri": "105366",
                    "id": "1762281",
                    "isDuplicate": false,
                    "lang": "eng",
                    "sim": 0.6721,
                    "source": {
                        "title": "www.emerce.nl",
                        "uri": "www.emerce.nl"
                    },
                    "time": "08:58:00",
                    "title": "H&M adverteert met 'tv-winkel' tijdens Super Bowl",
                    "uri": "148354583",
                    "url": "http://www.emerce.nl/nieuws/hm-adverteert-tvwinkel-super-bowl?utm_source=rss&utm_medium=rss&utm_campaign=hm-adverteert-tvwinkel-super-bowl",
                    "wgt": 1
                },
                {
                    "body": "UPDATE CD&V-Kamerlid en oud-staatssecretaris Carl Devlies zal niet opkomen bij de komende verkiezingen.  Devlies had gehoopt op de derde plaats op de Vlaams-Brabantse Kamerlijst, maar trekt zijn conclusies nu de partijtop die aan Vlaams parlementslid Eric Van Rompuy heeft aangeboden.  Devlies kreeg nog de vraag om de lijst te duwen, maar daarvoor past hij.  Met zijn besluit komt minstens voorlopig een eind aan de nationale politieke carri\u00e8re van Devlies, die elf jaar in de Kamer zetelde.  Hij wil zich nu resoluut toeleggen op zijn schepenambt in Leuven, klinkt het.\n Concurrent Eric Van Rompuy moest noodgedwongen van de Vlaamse naar de Kamerlijst verkassen, omdat de partij hem niet op \u00e9\u00e9n lijst wilde met neef Peter.  Toen Van Rompuy bekendmaakte dat de partijtop hem plaats drie had aangeboden, maakte Devlies duidelijk dat ook hij die ambitie nog niet had opgegeven.\n Maar vandaag gooit hij dan toch de handdoek.  Daardoor wordt meteen ook de stemming vermeden die dinsdagavond op het provinciaal bestuur gepland stond.\n Devlies is naar eigen zeggen niet teleurgesteld, omdat hij zich nu resoluut kan inzetten voor zijn Leuvens schepenambt.  \"En ik weet intussen wel hoe het werkt in de politiek\", luidt het.  Een eventuele terugkeer op het nationale plan in de toekomst sluit de CD&V'er ook niet uit.\n De Vlaams-Brabantse lijst steunen als lijstduwer, wil hij echter niet.  Nochtans heeft de partij hem dat wel gevraagd.  \"Maar dat is moeilijk als je kandidaat bent geweest voor een effectieve plaats, ook voor de campagnemedewerkers\", aldus nog Devlies.  \"En er zijn goede kandidaten genoeg.\" \"",
                    "date": "2014-01-07",
                    "eventUri": "105366",
                    "id": "1774241",
                    "isDuplicate": false,
                    "lang": "eng",
                    "sim": 0.6598,
                    "source": {
                        "title": "HLN",
                        "uri": "www.hln.be"
                    },
                    "time": "11:15:00",
                    "title": "CD&V'er Carl Devlies gooit de handdoek",
                    "uri": "148388358",
                    "url": "http://www.hln.be/hln/nl/957/Binnenland/article/detail/1769412/2014/01/07/CD-V-er-Carl-Devlies-gooit-de-handdoek.dhtml",
                    "wgt": 1
                },
                {
                    "body": "Los comentarios tienen la finalidad de difundir las opiniones que le merecen a nuestros lectores los contenidos que publicamos.  Sin embargo, no est\u00e1 permitido verter comentarios contrarios a las leyes espa\u00f1olas o internacionales, as\u00ed como tampoco insultos y descalificaciones de otras opiniones.  Tendencias21 se reserva el derecho a eliminar los comentarios que considere no se ajustan al tema de cada art\u00edculo o que no respeten las normas de uso.  Los comentarios a los art\u00edculos publicados son responsabilidad exclusiva de sus autores.  Tendencias21 no asume ninguna responsabilidad sobre ellos.  Los comentarios no se publican inmediatamente, sino que son editados por nuestra Redacci\u00f3n.  Tendencias21 podr\u00e1 hacer uso de los comentarios vertidos por sus lectores para ampliar debates en otros foros de discusi\u00f3n y otras publicaciones.",
                    "date": "2014-01-07",
                    "eventUri": "105366",
                    "id": "1743788",
                    "isDuplicate": false,
                    "lang": "eng",
                    "sim": 0.5986,
                    "source": {
                        "title": "Tendencias 21. Ciencia, tecnolog\u00eda, sociedad y cultura",
                        "uri": "www.tendencias21.net"
                    },
                    "time": "04:54:00",
                    "title": "\"Addiction\" Chosen as Topic of the Month for January on the Routledge Health & Social Care Arena",
                    "uri": "148305182",
                    "url": "http://www.tendencias21.net/Addiction-Chosen-as-Topic-of-the-Month-for-January-on-the-Routledge-Health-Social-Care-Arena_a29254.html",
                    "wgt": 1
                },
                {
                    "body": "Communiqu\u00e9 \u00e9tablissant le bilan semestriel du contrat de liquidit\u00e9 de la soci\u00e9t\u00e9 METROPOLE TELEVISION\nAu titre du contrat de liquidit\u00e9 confi\u00e9 par la soci\u00e9t\u00e9 M6 METROPOLE TELEVISION (Paris:MMT) \u00e0 NATIXIS, en date de transaction du 31 d\u00e9cembre 2013, les moyens suivants figuraient au compte de liquidit\u00e9 :\nLors du dernier bilan semestriel, \u00e0 la date du 28 juin 2013, les moyens suivants figuraient au compte de liquidit\u00e9 :\nIl est rappel\u00e9 que lors de sa mise en \u0153uvre, le 2 janvier 2013, les moyens suivants figuraient au compte de liquidit\u00e9 :\nM\u00c9TROPOLE T\u00c9L\u00c9VISION\n89, AVENUE CHARLES DE GAULLE 92575 NEUILLY-SUR-SEINE CEDEX\nT\u00c9L\u00c9PHONE : 01 41 92 61 11\nT\u00c9L\u00c9COPIEUR : 01 41 92 61 39\nINTERNET : http://www.m6.fr\nSOCI\u00c9T\u00c9 ANONYME \u00c0 DIRECTOIRE ET CONSEIL DE SURVEILLANCE AU CAPITAL DE 50 553 586 \u20ac RCS NANTERRE - SIRET 339 012 452 00084 - APE : 922 C - TVA : FR31 339 012 452\nCNCL D\u00c9CISION D'AUTORISATION N\u00b087.13 DU 26 FEVRIER 1987 RENOUVEL\u00c9E",
                    "date": "2014-01-07",
                    "eventUri": "105366",
                    "id": "1776778",
                    "isDuplicate": false,
                    "lang": "eng",
                    "sim": 0.5256,
                    "source": {
                        "title": "lesechos-comfi.lesechos.fr",
                        "uri": "lesechos-comfi.lesechos.fr"
                    },
                    "time": "11:43:00",
                    "title": "METROPOLE TV (FR0000053225) : Communiqu\u00e9 \u00e9tablissant le bilan semestriel du contrat de liquidit\u00e9 de la soci\u00e9t\u00e9 METROPOLE TELEVISION",
                    "uri": "148395322",
                    "url": "http://lesechos-comfi.lesechos.fr/actualite.html?id=288647&cf=rss",
                    "wgt": 1
                },
                {
                    "body": "R O M A N I A MINISTERUL AFACERILOR INTERNE NESECRET FN C.S. 06.01.2014 Constanta INSPECTORATUL GENERAL AL POLITIEI ROMANE INSPECTORATUL DE POLITIE AL JUDETULUI CONSTANTA BULETIN INFORMATIV Biroul de Investigarea Fraudelor Mangalia a prezentat magistratilor pe I. Orhan, care este cercetat pentru savarsirea infractiunii de contrabanda cu tigarete.  Impotriva sa a fost emis Mandat de Arestare Preventiva pentru 19 zile, barbatul fiind depus in arestul IPJ Constanta.  Sectia 6 Politie Rurala cerceteaz ...  Cite\u0219te mai departe...",
                    "date": "2014-01-07",
                    "eventUri": "105366",
                    "id": "1743435",
                    "isDuplicate": false,
                    "lang": "eng",
                    "sim": 0.4476,
                    "source": {
                        "title": "REALITATEA.NET",
                        "uri": "www.realitatea.net"
                    },
                    "time": "04:48:00",
                    "title": "Buletin informativ IPJ Constanta - 06.01.2014",
                    "uri": "148304204",
                    "url": "http://www.realitatea.net/buletin-informativ-ipj-constanta---06-01-2014_1352315.html",
                    "wgt": 1
                }
            ]
        },
        "info": {
            "articleCount": 8,
            "averageDate": "2014-01-07",
            "avgCos": 0.4492,
            "categories": [
                {
                    "label": "Society/Law/Conferences",
                    "uri": "http://www.dmoz.org/Society/Law/Conferences",
                    "wgt": 38
                },
                {
                    "label": "Society/Military/Multinational Forces",
                    "uri": "http://www.dmoz.org/Society/Military/Multinational_Forces",
                    "wgt": 37
                },
                {
                    "label": "Business/Food and Related Products/Conferences",
                    "uri": "http://www.dmoz.org/Business/Food_and_Related_Products/Conferences",
                    "wgt": 38
                }
            ],
            "customDate": false,
            "customLocation": false,
            "eventUri": "105366",
            "extractedDate": "",
            "extractedDateEnd": "",
            "id": "137323",
            "lang": "eng",
            "storyDate": "2014-01-07",
            "storyDateEnd": "",
            "uri": "850f305d-14db-4c75-b547-79470a557ea3-53168",
            "variance": 0.2982
        }
    },
    "e7e700df-6a06-44ea-a4f3-f736278fc36b-32150": {
        "articles": {
            "resultCount": 8,
            "results": [
                {
                    "body": "MADRID -- A continuaci\u00f3n la lista completa de nominados a los Premios Goya del cine espa\u00f1ol, seg\u00fan se anunci\u00f3 el martes.  Los galardones se entregar\u00e1n el pr\u00f3ximo 9 de febrero en una ceremonia en Madrid.\n -- Mejor pel\u00edcula: \"La gran familia espa\u00f1ola\", \"La herida\", \"Can\u00edbal\", \"15 a\u00f1os y un d\u00eda\", \"Vivir es f\u00e1cil con los ojos cerrados\".\n -- Mejor direcci\u00f3n: Daniel S\u00e1nchez Ar\u00e9valo, \"La gran familia espa\u00f1ola\"; Manuel Mart\u00edn Cuenta, \"Can\u00edbal\"; Gracia Querejeta, \"15 a\u00f1os y un d\u00eda\"; David Trueba, \"Vivir es f\u00e1cil con los ojos cerrados\".\n -- Mejor direcci\u00f3n novel: Fernando Franco, \"La herida\"; Neus Ball\u00fas, \"La plaga\"; Jorge Dorado, \"Mindscape\"; Rodrigo Sorogoyen, \"Stockholm\".\n -- Mejor actriz protagonista: Inma Cuesta, \"Tres bodas de m\u00e1s\"; Marian \u00c1lvarez, \"La herida\"; Aura Garrido, \"Stockholm\"; Nora Navas, \"Todos queremos lo mejor para ella\".\n -- Mejor actor protagonista: Tito Valverde, \"15 a\u00f1os y un d\u00eda\"; Antonio de la Torre, \"Can\u00edbal\"; Eduard Fern\u00e1ndez, \"Todas las mujeres\"; Javier C\u00e1mara, \"Vivir es f\u00e1cil con los ojos cerrados\".\n -- Mejor gui\u00f3n original: \"La gran familia espa\u00f1ola\", \"La herida\", \"Tres bodas de m\u00e1s\", \"Vivir es f\u00e1cil con los ojos cerrados\".\n -- Mejor gui\u00f3n adaptado: \"Alacr\u00e1n enamorado\", \"Can\u00edbal\", \"Todas las mujeres\", \"Zipi y Zape y el club de la canica\".\n -- Mejor actor de reparto: Carlos Bardem, \"Alacr\u00e1n enamorado\"; Antonio de la Torre, \"La gran familia espa\u00f1ola\"; Juan Diego Botto, \"Ismael\"; Roberto Alamo, \"La gran familia espa\u00f1ola\".\n -- Mejor actriz de reparto: Maribel Verd\u00fa, \"15 a\u00f1os y un d\u00eda\"; Terele P\u00e1vez, \"Las brujas de Zugarramurdi\"; Nathalie Poza, \"Todas las mujeres\"; Susi S\u00e1nchez, \"10.000 noches en ninguna parte\".\n -- Mejor actriz revelaci\u00f3n: Bel\u00e9n L\u00f3pez, \"15 a\u00f1os y un d\u00eda\"; Olimpia Melinte, \"Can\u00edbal\"; Mar\u00eda Morales, \"Todas las mujeres\"; Natalia de Molina, \"Vivir es f\u00e1cil con los ojos cerrados\".\n -- Mejor actor revelaci\u00f3n: Berto Romero, \"Tres bodas de m\u00e1s\"; Hovik Keuchkerian, \"Alacr\u00e1n enamorado\"; Patrick Criado, \"La gran familia espa\u00f1ola\"; Javier Pereira, \"Stockholm\".\n -- Mejor m\u00fasica original: \"Vivir es f\u00e1cil con los ojos cerrados\", \"Las brujas de Zugarramurdi\", \"La mula\", \"A Night in Old Mexico\".\n -- Mejor canci\u00f3n original: \"Rap 15 a\u00f1os y un d\u00eda\", de \"15 a\u00f1os y un d\u00eda\"; \"Aqu\u00ed sigo\", de \"A Night in Old Mexico\"; \"Do You Really Want To Be In Love?\", \"La gran familia espa\u00f1ola\": \"De cerca del mar\", de \"Alegr\u00edas de C\u00e1diz\".\n -- Mejor documental: \"Con la pata quebrada\", \"Guadalquivir\", \"Las maestras de la Rep\u00fablica\", \"Mon petit\".\n -- Mejor direcci\u00f3n de producci\u00f3n: Marta S\u00e1nchez de Miguel, \"Tres bodas de m\u00e1s\"; Carlos Bernases, \"Las brujas de Zugarramurdi\"; Josep Amor\u00f3s, \"Los \u00faltimos d\u00edas\"; Koldo Zuazua, \"Zipi y Zape y el club de la canica\".\n -- Mejor direcci\u00f3n de fotograf\u00eda: Pau Esteve Birba, \"Can\u00edbal\"; Kiko de la Rica, \"Las brujas de Zugarramurdi\"; Juan Carlos G\u00f3mez, \"15 a\u00f1os y un d\u00eda\"; Cristina Trenas, \"New York Shadows\".\n -- Mejor direcci\u00f3n art\u00edstica: Lloren\u00e7 Miquel, \"Alacr\u00e1n enamorado\"; Isabel Vi\u00f1ueales, \"Can\u00edbal\"; Arturo Garc\u00eda y Jos\u00e9 Luis Arrizabalaga \"Las brujas de Zugarramurdi\"; Juan Pedro de Gaspar, \"Zipi y Zape y el club de la canica\".\n -- Mejor montaje: Alberto de Toro, \"Tres bodas de m\u00e1s\"; Nacho Ruiz Capillas, \"La gran familia espa\u00f1ola\"; David Pinillos, \"La herida\"; Pablo Blanco, \"Las brujas de Zugarramurdi\".\n -- Mejor dise\u00f1o de vestuario: \"Tres bodas de m\u00e1s\", \"Vivir es f\u00e1cil con los ojos cerrados\", \"Los amantes pasajeros\", \"Las brujas de Zugarramurdi\".\n -- Mejor sonido: \"Can\u00edbal\", \"La gran familia espa\u00f1ola\", \"La herida\", \"Las brujas de Zugarramurdi\".\n -- Mejor pel\u00edcula de animaci\u00f3n: \"Futbol\u00edn\", \"El extraordinario viaje de Lucius Dumb\"; \"Justin y la espalda del valor\"; \"Hiroku: defensores de Gaia\".\n -- Mejor pel\u00edcula hispanoamericana: \"Azul y no tan rosa\", Jaime Ferrari (Venezuela); \"El m\u00e9dico alem\u00e1n.  Wakolda\", Luc\u00eda Puenzo (Argentina); \"Gloria\", Sebasti\u00e1n Lelio (Chile); \"La jaula de oro\", Diego Quemada-D\u00edez (M\u00e9xico).\n -- Mejor pel\u00edcula europea: \"Amor\", Michael Haneke; \"La caza\", Thomas Vinterberg; \"La vida de Adele\", Abdellatif Kechiche; \"La gran belleza\", Paolo Sorrentino.\n -- Mejor cortometraje documental espa\u00f1ol: \"El hombre que estaba all\u00ed\", \"La alfombra roja\", \"La gran desilusi\u00f3n\", \"Minerita\".\n -- Mejor cortometraje de ficci\u00f3n espa\u00f1ol: \"De noche y de pronto\", \"El paraguas de colores\", \"Pipas\", \"Lucas\", \"Abstenerse agencias\".\n -- Mejor cortometraje de animaci\u00f3n espa\u00f1ol: \"V\u00eda tango\", \"Cuerdas\", \"O xigante\", \"Blue & Malone, detectives imaginarios\".\n -- Mejor maquillaje o peluquer\u00eda: \"La gran familia espa\u00f1ola\", \"Grand piano\", \"Tres bodas de m\u00e1s\", \"Las brujas de Zugarramurdi\".\n -- Mejores efectos especiales: \"La gran familia espa\u00f1ola\", \"Los \u00faltimos d\u00edas\", \"Zipi y Zape y el club de la canica\", \"Las brujas de Zugarramurdi\".",
                    "date": "2014-01-07",
                    "eventUri": "105366",
                    "id": "1806470",
                    "isDuplicate": false,
                    "lang": "spa",
                    "sim": 0.9909,
                    "source": {
                        "title": "elnuevoherald",
                        "uri": "www.elnuevoherald.com"
                    },
                    "time": "16:16:00",
                    "title": "Lista de nominados a los premios Goya",
                    "uri": "148468858",
                    "url": "http://www.elnuevoherald.com/2014/01/07/1650746/lista-de-nominados-a-los-premios.html#storylink%3Drss",
                    "wgt": 1
                },
                {
                    "body": "Azul y no tan rosa competir\u00e1 como mejor pel\u00edcula iberoamericana MADRID (AP) _ A continuaci\u00f3n la lista completa de nominados a los Premios Goya del cine espa\u00f1ol, seg\u00fan se anunci\u00f3 el martes.  Los galardones se entregar\u00e1n el pr\u00f3ximo 9 de febrero en una ceremonia en Madrid.\n Mejor pel\u00edcula: ''La gran familia espa\u00f1ola'', ''La herida'', ''Can\u00edbal'', ''15 a\u00f1os y un d\u00eda'', ''Vivir es f\u00e1cil con los ojos cerrados''.\n Mejor direcci\u00f3n: Daniel S\u00e1nchez Ar\u00e9valo, ''La gran familia espa\u00f1ola''; Manuel Mart\u00edn Cuenta, ''Can\u00edbal''; Gracia Querejeta, ''15 a\u00f1os y un d\u00eda''; David Trueba, ''Vivir es f\u00e1cil con los ojos cerrados''.\n Mejor direcci\u00f3n novel: Fernando Franco, ''La herida''; Neus Ball\u00fas, ''La plaga''; Jorge Dorado, ''Mindscape''; Rodrigo Sorogoyen, ''Stockholm''.\n Mejor actriz protagonista: Inma Cuesta, ''Tres bodas de m\u00e1s''; Marian \u00c1lvarez, ''La herida''; Aura Garrido, ''Stockholm''; Nora Navas, ''Todos queremos lo mejor para ella''.\n Mejor actor protagonista: Tito Valverde, ''15 a\u00f1os y un d\u00eda''; Antonio de la Torre, ''Can\u00edbal''; Eduard Fern\u00e1ndez, ''Todas las mujeres''; Javier C\u00e1mara, ''Vivir es f\u00e1cil con los ojos cerrados''.\n Mejor gui\u00f3n original: ''La gran familia espa\u00f1ola'', ''La herida'', ''Tres bodas de m\u00e1s'', ''Vivir es f\u00e1cil con los ojos cerrados''.\n Mejor gui\u00f3n adaptado: ''Alacr\u00e1n enamorado'', ''Can\u00edbal'', ''Todas las mujeres'', ''Zipi y Zape y el club de la canica''.\n Mejor actor de reparto: Carlos Bardem, ''Alacr\u00e1n enamorado''; Antonio de la Torre, ''La gran familia espa\u00f1ola''; Juan Diego Botto, ''Ismael''; Roberto Alamo, ''La gran familia espa\u00f1ola''.\n Mejor actriz de reparto: Maribel Verd\u00fa, ''15 a\u00f1os y un d\u00eda''; Terele P\u00e1vez, ''Las brujas de Zugarramurdi''; Nathalie Poza, ''Todas las mujeres''; Susi S\u00e1nchez, ''10.000 noches en ninguna parte''.\n Mejor actriz revelaci\u00f3n: Bel\u00e9n L\u00f3pez, ''15 a\u00f1os y un d\u00eda''; Olimpia Melinte, ''Can\u00edbal''; Mar\u00eda Morales, ''Todas las mujeres''; Natalia de Molina, ''Vivir es f\u00e1cil con los ojos cerrados''.\n Mejor actor revelaci\u00f3n: Berto Romero, ''Tres bodas de m\u00e1s''; Hovik Keuchkerian, ''Alacr\u00e1n enamorado''; Patrick Criado, ''La gran familia espa\u00f1ola''; Javier Pereira, ''Stockholm''.\n Mejor m\u00fasica original: ''Vivir es f\u00e1cil con los ojos cerrados'', ''Las brujas de Zugarramurdi'', ''La mula'', ''A Night in Old Mexico''.\n Mejor canci\u00f3n original: ''Rap 15 a\u00f1os y un d\u00eda'', de ''15 a\u00f1os y un d\u00eda''; ''Aqu\u00ed sigo'', de ''A Night in Old Mexico''; ''Do You Really Want To Be In Love?'', ''La gran familia espa\u00f1ola'': ''De cerca del mar'', de ''Alegr\u00edas de C\u00e1diz''.\n Mejor documental: ''Con la pata quebrada'', ''Guadalquivir'', ''Las maestras de la Rep\u00fablica'', ''Mon petit''.\n Mejor direcci\u00f3n de producci\u00f3n: Marta S\u00e1nchez de Miguel, ''Tres bodas de m\u00e1s''; Carlos Bernases, ''Las brujas de Zugarramurdi''; Josep Amor\u00f3s, ''Los \u00faltimos d\u00edas''; Koldo Zuazua, ''Zipi y Zape y el club de la canica''.\n Mejor direcci\u00f3n de fotograf\u00eda: Pau Esteve Birba, ''Can\u00edbal''; Kiko de la Rica, ''Las brujas de Zugarramurdi''; Juan Carlos G\u00f3mez, ''15 a\u00f1os y un d\u00eda''; Cristina Trenas, ''New York Shadows''.\n Mejor direcci\u00f3n art\u00edstica: Lloren\u00e7 Miquel, ''Alacr\u00e1n enamorado''; Isabel Vi\u00f1ueales, ''Can\u00edbal''; Arturo Garc\u00eda y Jos\u00e9 Luis Arrizabalaga ''Las brujas de Zugarramurdi''; Juan Pedro de Gaspar, ''Zipi y Zape y el club de la canica''.\n Mejor montaje: Alberto de Toro, ''Tres bodas de m\u00e1s''; Nacho Ruiz Capillas, ''La gran familia espa\u00f1ola''; David Pinillos, ''La herida''; Pablo Blanco, ''Las brujas de Zugarramurdi''.\n Mejor dise\u00f1o de vestuario: ''Tres bodas de m\u00e1s'', ''Vivir es f\u00e1cil con los ojos cerrados'', ''Los amantes pasajeros'', ''Las brujas de Zugarramurdi''.\n Mejor sonido: ''Can\u00edbal'', ''La gran familia espa\u00f1ola'', ''La herida'', ''Las brujas de Zugarramurdi''.\n Mejor pel\u00edcula de animaci\u00f3n: ''Futbol\u00edn'', ''El extraordinario viaje de Lucius Dumb''; ''Justin y la espalda del valor''; ''Hiroku: defensores de Gaia''.\n Mejor pel\u00edcula hispanoamericana: ''Azul y no tan rosa'', Miguel Ferrari (Venezuela); ''El m\u00e9dico alem\u00e1n.  Wakolda'', Luc\u00eda Puenzo (Argentina); ''Gloria'', Sebasti\u00e1n Lelio (Chile); ''La jaula de oro'', Diego Quemada-D\u00edez (M\u00e9xico).\n Mejor pel\u00edcula europea: ''Amor'', Michael Haneke; ''La caza'', Thomas Vinterberg; ''La vida de Adele'', Abdellatif Kechiche; ''La gran belleza'', Paolo Sorrentino.\n Mejor cortometraje documental espa\u00f1ol: ''El hombre que estaba all\u00ed'', ''La alfombra roja'', ''La gran desilusi\u00f3n'', ''Minerita''.\n Mejor cortometraje de ficci\u00f3n espa\u00f1ol: ''De noche y de pronto'', ''El paraguas de colores'', ''Pipas'', ''Lucas'', ''Abstenerse agencias''.\n Mejor cortometraje de animaci\u00f3n espa\u00f1ol: ''V\u00eda tango'', ''Cuerdas'', ''O xigante'', ''Blue & Malone, detectives imaginarios''.\n Mejor maquillaje o peluquer\u00eda: ''La gran familia espa\u00f1ola'', ''Grand piano'', ''Tres bodas de m\u00e1s'', ''Las brujas de Zugarramurdi''.\n Mejores efectos especiales: ''La gran familia espa\u00f1ola'', ''Los \u00faltimos d\u00edas'', ''Zipi y Zape y el club de la canica'', ''Las brujas de Zugarramurdi''.\n Goya de honor: Jaime de Armi\u00f1\u00e1n.",
                    "date": "2014-01-07",
                    "eventUri": "105366",
                    "id": "1814186",
                    "isDuplicate": false,
                    "lang": "spa",
                    "sim": 0.9903,
                    "source": {
                        "title": "El Universal de Caracas",
                        "uri": "www.eluniversal.com"
                    },
                    "time": "17:16:00",
                    "title": "La lista completa de las pel\u00edculas nominadas a los premios Goya",
                    "uri": "148486557",
                    "url": "http://www.eluniversal.com/arte-y-entretenimiento/140107/la-lista-completa-de-las-peliculas-nominadas-a-los-premios-goya",
                    "wgt": 1
                },
                {
                    "body": "-Mejor pel\u00edcula: \"La gran familia espa\u00f1ola\" , \"La herida\" , \"Can\u00edbal\" , \"15 a\u00f1os y un d\u00eda\" , \"Vivir es f\u00e1cil con los ojos cerrados\" .\n -Mejor direcci\u00f3n: Daniel S\u00e1nchez Ar\u00e9valo, \"La gran familia espa\u00f1ola\" ; Manuel Mart\u00edn Cuenta, \"Can\u00edbal\" ; Gracia Querejeta, \"15 a\u00f1os y un d\u00eda\" ; David Trueba, \"Vivir es f\u00e1cil con los ojos cerrados\" .\n -Mejor direcci\u00f3n novel: Fernando Franco, \"La herida\" ; Neus Ball\u00fas, \"La plaga\" ; Jorge Dorado, \"Mindscape\" ; Rodrigo Sorogoyen, \"Stockholm\" .\n -Mejor actriz protagonista: Inma Cuesta, \"Tres bodas de m\u00e1s\" ; Marian \u00c1lvarez, \"La herida\" ; Aura Garrido, \"Stockholm\" ; Nora Navas, \"Todos queremos lo mejor para ella\" .\n -Mejor actor protagonista: Tito Valverde, \"15 a\u00f1os y un d\u00eda\" ; Antonio de la Torre, \"Can\u00edbal\" ; Eduard Fern\u00e1ndez, \"Todas las mujeres\" ; Javier C\u00e1mara, \"Vivir es f\u00e1cil con los ojos cerrados\" .\n -Mejor gui\u00f3n original: \"La gran familia espa\u00f1ola\" , \"La herida\" , \"Tres bodas de m\u00e1s\" , \"Vivir es f\u00e1cil con los ojos cerrados\" .\n -Mejor gui\u00f3n adaptado: \"Alacr\u00e1n enamorado\" , \"Can\u00edbal\" , \"Todas las mujeres\" , \"Zipi y Zape y el club de la canica\" .\n -Mejor actor de reparto: Carlos Bardem, \"Alacr\u00e1n enamorado\" ; Antonio de la Torre, \"La gran familia espa\u00f1ola\" ; Juan Diego Botto, \"Ismael\" ; Roberto Alamo, \"La gran familia espa\u00f1ola\" .\n -Mejor actriz de reparto: Maribel Verd\u00fa, \"15 a\u00f1os y un d\u00eda\" ; Terele P\u00e1vez, \"Las brujas de Zugarramurdi\" ; Nathalie Poza, \"Todas las mujeres\" ; Susi S\u00e1nchez, \"10.000 noches en ninguna parte\" .\n -Mejor actriz revelaci\u00f3n: Bel\u00e9n L\u00f3pez, \"15 a\u00f1os y un d\u00eda\" ; Olimpia Melinte, \"Can\u00edbal\" ; Mar\u00eda Morales, \"Todas las mujeres\" ; Natalia de Molina, \"Vivir es f\u00e1cil con los ojos cerrados\" .\n -Mejor actor revelaci\u00f3n: Berto Romero, \"Tres bodas de m\u00e1s\" ; Hovik Keuchkerian, \"Alacr\u00e1n enamorado\" ; Patrick Criado, \"La gran familia espa\u00f1ola\" ; Javier Pereira, \"Stockholm\" .\n -Mejor m\u00fasica original: \"Vivir es f\u00e1cil con los ojos cerrados\" , \"Las brujas de Zugarramurdi\" , \"La mula\" , \"A Night in Old Mexico\" .\n -Mejor canci\u00f3n original: \"Rap 15 a\u00f1os y un d\u00eda\" , de \"15 a\u00f1os y un d\u00eda\" ; \"Aqu\u00ed sigo\" , de \"A Night in Old Mexico\" ; \"Do You Really Want To Be In Love?\" , \"La gran familia espa\u00f1ola\" : \"De cerca del mar\" , de \"Alegr\u00edas de C\u00e1diz\" .\n -Mejor documental: \"Con la pata quebrada\" , \"Guadalquivir\" , \"Las maestras de la Rep\u00fablica\" , \"Mon petit\" .\n -Mejor direcci\u00f3n de producci\u00f3n: Marta S\u00e1nchez de Miguel, \"Tres bodas de m\u00e1s\" ; Carlos Bernases, \"Las brujas de Zugarramurdi\" ; Josep Amor\u00f3s, \"Los \u00faltimos d\u00edas\" ; Koldo Zuazua, \"Zipi y Zape y el club de la canica\" .\n -Mejor direcci\u00f3n de fotograf\u00eda: Pau Esteve Birba, \"Can\u00edbal\" ; Kiko de la Rica, \"Las brujas de Zugarramurdi\" ; Juan Carlos G\u00f3mez, \"15 a\u00f1os y un d\u00eda\" ; Cristina Trenas, \"New York Shadows\" .\n -Mejor direcci\u00f3n art\u00edstica: Lloren\u00e7 Miquel, \"Alacr\u00e1n enamorado\" ; Isabel Vi\u00f1ueales, \"Can\u00edbal\" ; Arturo Garc\u00eda y Jos\u00e9 Luis Arrizabalaga \"Las brujas de Zugarramurdi\" ; Juan Pedro de Gaspar, \"Zipi y Zape y el club de la canica\" .\n -Mejor montaje: Alberto de Toro, \"Tres bodas de m\u00e1s\" ; Nacho Ruiz Capillas, \"La gran familia espa\u00f1ola\" ; David Pinillos, \"La herida\" ; Pablo Blanco, \"Las brujas de Zugarramurdi\" .\n -Mejor dise\u00f1o de vestuario: \"Tres bodas de m\u00e1s\" , \"Vivir es f\u00e1cil con los ojos cerrados\" , \"Los amantes pasajeros\" , \"Las brujas de Zugarramurdi\" .\n -Mejor sonido: \"Can\u00edbal\" , \"La gran familia espa\u00f1ola\" , \"La herida\" , \"Las brujas de Zugarramurdi\" .\n -Mejor pel\u00edcula de animaci\u00f3n: \"Futbol\u00edn\" , \"El extraordinario viaje de Lucius Dumb\" ; \"Justin y la espalda del valor\" ; \"Hiroku: defensores de Gaia\" .\n -Mejor pel\u00edcula hispanoamericana: \"Azul y no tan rosa\" , Jaime Ferrari (Venezuela) ; \"El m\u00e9dico alem\u00e1n.  Wakolda\" , Luc\u00eda Puenzo (Argentina) ; \"Gloria\" , Sebasti\u00e1n Lelio (Chile) ; \"La jaula de oro\" , Diego Quemada-D\u00edez (M\u00e9xico) .\n -Mejor pel\u00edcula europea: \"Amor\" , Michael Haneke; \"La caza\" , Thomas Vinterberg; \"La vida de Adele\" , Abdellatif Kechiche; \"La gran belleza\" , Paolo Sorrentino.\n -Mejor cortometraje documental espa\u00f1ol: \"El hombre que estaba all\u00ed\" , \"La alfombra roja\" , \"La gran desilusi\u00f3n\" , \"Minerita\" .\n -Mejor cortometraje de ficci\u00f3n espa\u00f1ol: \"De noche y de pronto\" , \"El paraguas de colores\" , \"Pipas\" , \"Lucas\" , \"Abstenerse agencias\" .\n -Mejor cortometraje de animaci\u00f3n espa\u00f1ol: \"V\u00eda tango\" , \"Cuerdas\" , \"O xigante\" , \"Blue & Malone, detectives imaginarios\" .\n -Mejor maquillaje o peluquer\u00eda: \"La gran familia espa\u00f1ola\" , \"Grand piano\" , \"Tres bodas de m\u00e1s\" , \"Las brujas de Zugarramurdi\" .\n -Mejores efectos especiales: \"La gran familia espa\u00f1ola\" , \"Los \u00faltimos d\u00edas\" , \"Zipi y Zape y el club de la canica\" , \"Las brujas de Zugarramurdi\" .",
                    "date": "2014-01-07",
                    "eventUri": "105366",
                    "id": "1811608",
                    "isDuplicate": false,
                    "lang": "spa",
                    "sim": 0.9898,
                    "source": {
                        "title": "El Universal",
                        "uri": "www.eluniversal.com.mx"
                    },
                    "time": "16:57:00",
                    "title": "Lista de nominados a los premios Goya 2014",
                    "uri": "148480897",
                    "url": "http://www.eluniversal.com.mx/espectaculos/2014/lista-nominados-premios-goya-2014--977658.html",
                    "wgt": 1
                },
                {
                    "body": "-Mejor pel\u00edcula: \"La gran familia espa\u00f1ola\", \"La herida\", \"Can\u00edbal\", \"15 a\u00f1os y un d\u00eda\", \"Vivir es f\u00e1cil con los ojos cerrados\".\n -Mejor direcci\u00f3n: Daniel S\u00e1nchez Ar\u00e9valo, \"La gran familia espa\u00f1ola\"; Manuel Mart\u00edn Cuenta, \"Can\u00edbal\"; Gracia Querejeta, \"15 a\u00f1os y un d\u00eda\"; David Trueba, \"Vivir es f\u00e1cil con los ojos cerrados\".\n -Mejor direcci\u00f3n novel: Fernando Franco, \"La herida\"; Neus Ball\u00fas, \"La plaga\"; Jorge Dorado, \"Mindscape\"; Rodrigo Sorogoyen, \"Stockholm\".\n -Mejor actriz protagonista: Inma Cuesta, \"Tres bodas de m\u00e1s\"; Marian \u00c1lvarez, \"La herida\"; Aura Garrido, \"Stockholm\"; Nora Navas, \"Todos queremos lo mejor para ella\".\n -Mejor actor protagonista: Tito Valverde, \"15 a\u00f1os y un d\u00eda\"; Antonio de la Torre, \"Can\u00edbal\"; Eduard Fern\u00e1ndez, \"Todas las mujeres\"; Javier C\u00e1mara, \"Vivir es f\u00e1cil con los ojos cerrados\".\n -Mejor gui\u00f3n original: \"La gran familia espa\u00f1ola\", \"La herida\", \"Tres bodas de m\u00e1s\", \"Vivir es f\u00e1cil con los ojos cerrados\".\n -Mejor gui\u00f3n adaptado: \"Alacr\u00e1n enamorado\", \"Can\u00edbal\", \"Todas las mujeres\", \"Zipi y Zape y el club de la canica\".\n -Mejor actor de reparto: Carlos Bardem, \"Alacr\u00e1n enamorado\"; Antonio de la Torre, \"La gran familia espa\u00f1ola\"; Juan Diego Botto, \"Ismael\"; Roberto Alamo, \"La gran familia espa\u00f1ola\".\n -Mejor actriz de reparto: Maribel Verd\u00fa, \"15 a\u00f1os y un d\u00eda\"; Terele P\u00e1vez, \"Las brujas de Zugarramurdi\"; Nathalie Poza, \"Todas las mujeres\"; Susi S\u00e1nchez, \"10.000 noches en ninguna parte\".\n -Mejor actriz revelaci\u00f3n: Bel\u00e9n L\u00f3pez, \"15 a\u00f1os y un d\u00eda\"; Olimpia Melinte, \"Can\u00edbal\"; Mar\u00eda Morales, \"Todas las mujeres\"; Natalia de Molina, \"Vivir es f\u00e1cil con los ojos cerrados\".\n -Mejor actor revelaci\u00f3n: Berto Romero, \"Tres bodas de m\u00e1s\"; Hovik Keuchkerian, \"Alacr\u00e1n enamorado\"; Patrick Criado, \"La gran familia espa\u00f1ola\"; Javier Pereira, \"Stockholm\".\n -Mejor m\u00fasica original: \"Vivir es f\u00e1cil con los ojos cerrados\", \"Las brujas de Zugarramurdi\", \"La mula\", \"A Night in Old Mexico\".\n -Mejor canci\u00f3n original: \"Rap 15 a\u00f1os y un d\u00eda\", de \"15 a\u00f1os y un d\u00eda\"; \"Aqu\u00ed sigo\", de \"A Night in Old Mexico\"; \"Do You Really Want To Be In Love?\", \"La gran familia espa\u00f1ola\": \"De cerca del mar\", de \"Alegr\u00edas de C\u00e1diz\".\n -Mejor documental: \"Con la pata quebrada\", \"Guadalquivir\", \"Las maestras de la Rep\u00fablica\", \"Mon petit\".\n -Mejor direcci\u00f3n de producci\u00f3n: Marta S\u00e1nchez de Miguel, \"Tres bodas de m\u00e1s\"; Carlos Bernases, \"Las brujas de Zugarramurdi\"; Josep Amor\u00f3s, \"Los \u00faltimos d\u00edas\"; Koldo Zuazua, \"Zipi y Zape y el club de la canica\".\n -Mejor direcci\u00f3n de fotograf\u00eda: Pau Esteve Birba, \"Can\u00edbal\"; Kiko de la Rica, \"Las brujas de Zugarramurdi\"; Juan Carlos G\u00f3mez, \"15 a\u00f1os y un d\u00eda\"; Cristina Trenas, \"New York Shadows\".\n -Mejor direcci\u00f3n art\u00edstica: Lloren\u00e7 Miquel, \"Alacr\u00e1n enamorado\"; Isabel Vi\u00f1ueales, \"Can\u00edbal\"; Arturo Garc\u00eda y Jos\u00e9 Luis Arrizabalaga \"Las brujas de Zugarramurdi\"; Juan Pedro de Gaspar, \"Zipi y Zape y el club de la canica\".\n -Mejor montaje: Alberto de Toro, \"Tres bodas de m\u00e1s\"; Nacho Ruiz Capillas, \"La gran familia espa\u00f1ola\"; David Pinillos, \"La herida\"; Pablo Blanco, \"Las brujas de Zugarramurdi\".\n -Mejor dise\u00f1o de vestuario: \"Tres bodas de m\u00e1s\", \"Vivir es f\u00e1cil con los ojos cerrados\", \"Los amantes pasajeros\", \"Las brujas de Zugarramurdi\".\n -Mejor sonido: \"Can\u00edbal\", \"La gran familia espa\u00f1ola\", \"La herida\", \"Las brujas de Zugarramurdi\".\n -Mejor pel\u00edcula de animaci\u00f3n: \"Futbol\u00edn\", \"El extraordinario viaje de Lucius Dumb\"; \"Justin y la espalda del valor\"; \"Hiroku: defensores de Gaia\".\n -Mejor pel\u00edcula hispanoamericana: \"Azul y no tan rosa\", Jaime Ferrari (Venezuela); \"El m\u00e9dico alem\u00e1n.  Wakolda\", Luc\u00eda Puenzo (Argentina); \"Gloria\", Sebasti\u00e1n Lelio (Chile); \"La jaula de oro\", Diego Quemada-D\u00edez (M\u00e9xico).\n -Mejor pel\u00edcula europea: \"Amor\", Michael Haneke; \"La caza\", Thomas Vinterberg; \"La vida de Adele\", Abdellatif Kechiche; \"La gran belleza\", Paolo Sorrentino.\n -Mejor cortometraje documental espa\u00f1ol: \"El hombre que estaba all\u00ed\", \"La alfombra roja\", \"La gran desilusi\u00f3n\", \"Minerita\".\n -Mejor cortometraje de ficci\u00f3n espa\u00f1ol: \"De noche y de pronto\", \"El paraguas de colores\", \"Pipas\", \"Lucas\", \"Abstenerse agencias\".\n -Mejor cortometraje de animaci\u00f3n espa\u00f1ol: \"V\u00eda tango\", \"Cuerdas\", \"O xigante\", \"Blue & Malone, detectives imaginarios\".\n -Mejor maquillaje o peluquer\u00eda: \"La gran familia espa\u00f1ola\", \"Grand piano\", \"Tres bodas de m\u00e1s\", \"Las brujas de Zugarramurdi\".\n -Mejores efectos especiales: \"La gran familia espa\u00f1ola\", \"Los \u00faltimos d\u00edas\", \"Zipi y Zape y el club de la canica\", \"Las brujas de Zugarramurdi\".",
                    "date": "2014-01-07",
                    "eventUri": "105366",
                    "id": "1826927",
                    "isDuplicate": false,
                    "lang": "spa",
                    "sim": 0.9898,
                    "source": {
                        "title": "www.aztecanoticias.com.mx",
                        "uri": "www.aztecanoticias.com.mx"
                    },
                    "time": "18:57:00",
                    "title": "Nominados a los Premios Goya",
                    "uri": "148514500",
                    "url": "http://www.aztecanoticias.com.mx/notas/entretenimiento/178962/nominados-a-los-premios-goya",
                    "wgt": 1
                },
                {
                    "body": "Associated Press\nA continuaci\u00f3n la lista completa de nominados a los Premios Goya del cine espa\u00f1ol, seg\u00fan se anunci\u00f3 el martes.  Los galardones se entregar\u00e1n el pr\u00f3ximo 9 de febrero en una ceremonia en Madrid.\n -- Mejor pel\u00edcula: \"La gran familia espa\u00f1ola\", \"La herida\", \"Can\u00edbal\", \"15 a\u00f1os y un d\u00eda\", \"Vivir es f\u00e1cil con los ojos cerrados\".\n -- Mejor direcci\u00f3n: Daniel S\u00e1nchez Ar\u00e9valo, \"La gran familia espa\u00f1ola\"; Manuel Mart\u00edn Cuenta, \"Can\u00edbal\"; Gracia Querejeta, \"15 a\u00f1os y un d\u00eda\"; David Trueba, \"Vivir es f\u00e1cil con los ojos cerrados\".\n -- Mejor direcci\u00f3n novel: Fernando Franco, \"La herida\"; Neus Ball\u00fas, \"La plaga\"; Jorge Dorado, \"Mindscape\"; Rodrigo Sorogoyen, \"Stockholm\".\n -- Mejor actriz protagonista: Inma Cuesta, \"Tres bodas de m\u00e1s\"; Marian \u00c1lvarez, \"La herida\"; Aura Garrido, \"Stockholm\"; Nora Navas, \"Todos queremos lo mejor para ella\".\n -- Mejor actor protagonista: Tito Valverde, \"15 a\u00f1os y un d\u00eda\"; Antonio de la Torre, \"Can\u00edbal\"; Eduard Fern\u00e1ndez, \"Todas las mujeres\"; Javier C\u00e1mara, \"Vivir es f\u00e1cil con los ojos cerrados\".\n -- Mejor gui\u00f3n original: \"La gran familia espa\u00f1ola\", \"La herida\", \"Tres bodas de m\u00e1s\", \"Vivir es f\u00e1cil con los ojos cerrados\".\n -- Mejor gui\u00f3n adaptado: \"Alacr\u00e1n enamorado\", \"Can\u00edbal\", \"Todas las mujeres\", \"Zipi y Zape y el club de la canica\".\n -- Mejor actor de reparto: Carlos Bardem, \"Alacr\u00e1n enamorado\"; Antonio de la Torre, \"La gran familia espa\u00f1ola\"; Juan Diego Botto, \"Ismael\"; Roberto Alamo, \"La gran familia espa\u00f1ola\".\n -- Mejor actriz de reparto: Maribel Verd\u00fa, \"15 a\u00f1os y un d\u00eda\"; Terele P\u00e1vez, \"Las brujas de Zugarramurdi\"; Nathalie Poza, \"Todas las mujeres\"; Susi S\u00e1nchez, \"10.000 noches en ninguna parte\".\n -- Mejor actriz revelaci\u00f3n: Bel\u00e9n L\u00f3pez, \"15 a\u00f1os y un d\u00eda\"; Olimpia Melinte, \"Can\u00edbal\"; Mar\u00eda Morales, \"Todas las mujeres\"; Natalia de Molina, \"Vivir es f\u00e1cil con los ojos cerrados\".\n -- Mejor actor revelaci\u00f3n: Berto Romero, \"Tres bodas de m\u00e1s\"; Hovik Keuchkerian, \"Alacr\u00e1n enamorado\"; Patrick Criado, \"La gran familia espa\u00f1ola\"; Javier Pereira, \"Stockholm\".\n -- Mejor m\u00fasica original: \"Vivir es f\u00e1cil con los ojos cerrados\", \"Las brujas de Zugarramurdi\", \"La mula\", \"A Night in Old Mexico\".\n -- Mejor canci\u00f3n original: \"Rap 15 a\u00f1os y un d\u00eda\", de \"15 a\u00f1os y un d\u00eda\"; \"Aqu\u00ed sigo\", de \"A Night in Old Mexico\"; \"Do You Really Want To Be In Love?\", \"La gran familia espa\u00f1ola\": \"De cerca del mar\", de \"Alegr\u00edas de C\u00e1diz\".\n -- Mejor documental: \"Con la pata quebrada\", \"Guadalquivir\", \"Las maestras de la Rep\u00fablica\", \"Mon petit\".\n -- Mejor direcci\u00f3n de producci\u00f3n: Marta S\u00e1nchez de Miguel, \"Tres bodas de m\u00e1s\"; Carlos Bernases, \"Las brujas de Zugarramurdi\"; Josep Amor\u00f3s, \"Los \u00faltimos d\u00edas\"; Koldo Zuazua, \"Zipi y Zape y el club de la canica\".\n -- Mejor direcci\u00f3n de fotograf\u00eda: Pau Esteve Birba, \"Can\u00edbal\"; Kiko de la Rica, \"Las brujas de Zugarramurdi\"; Juan Carlos G\u00f3mez, \"15 a\u00f1os y un d\u00eda\"; Cristina Trenas, \"New York Shadows\".\n -- Mejor direcci\u00f3n art\u00edstica: Lloren\u00e7 Miquel, \"Alacr\u00e1n enamorado\"; Isabel Vi\u00f1ueales, \"Can\u00edbal\"; Arturo Garc\u00eda y Jos\u00e9 Luis Arrizabalaga \"Las brujas de Zugarramurdi\"; Juan Pedro de Gaspar, \"Zipi y Zape y el club de la canica\".\n -- Mejor montaje: Alberto de Toro, \"Tres bodas de m\u00e1s\"; Nacho Ruiz Capillas, \"La gran familia espa\u00f1ola\"; David Pinillos, \"La herida\"; Pablo Blanco, \"Las brujas de Zugarramurdi\".\n -- Mejor dise\u00f1o de vestuario: \"Tres bodas de m\u00e1s\", \"Vivir es f\u00e1cil con los ojos cerrados\", \"Los amantes pasajeros\", \"Las brujas de Zugarramurdi\".\n -- Mejor sonido: \"Can\u00edbal\", \"La gran familia espa\u00f1ola\", \"La herida\", \"Las brujas de Zugarramurdi\".\n -- Mejor pel\u00edcula de animaci\u00f3n: \"Futbol\u00edn\", \"El extraordinario viaje de Lucius Dumb\"; \"Justin y la espalda del valor\"; \"Hiroku: defensores de Gaia\".\n -- Mejor pel\u00edcula hispanoamericana: \"Azul y no tan rosa\", Jaime Ferrari (Venezuela); \"El m\u00e9dico alem\u00e1n.  Wakolda\", Luc\u00eda Puenzo (Argentina); \"Gloria\", Sebasti\u00e1n Lelio (Chile); \"La jaula de oro\", Diego Quemada-D\u00edez (M\u00e9xico).\n -- Mejor pel\u00edcula europea: \"Amor\", Michael Haneke; \"La caza\", Thomas Vinterberg; \"La vida de Adele\", Abdellatif Kechiche; \"La gran belleza\", Paolo Sorrentino.\n -- Mejor cortometraje documental espa\u00f1ol: \"El hombre que estaba all\u00ed\", \"La alfombra roja\", \"La gran desilusi\u00f3n\", \"Minerita\".\n -- Mejor cortometraje de ficci\u00f3n espa\u00f1ol: \"De noche y de pronto\", \"El paraguas de colores\", \"Pipas\", \"Lucas\", \"Abstenerse agencias\".\n -- Mejor cortometraje de animaci\u00f3n espa\u00f1ol: \"V\u00eda tango\", \"Cuerdas\", \"O xigante\", \"Blue & Malone, detectives imaginarios\".\n -- Mejor maquillaje o peluquer\u00eda: \"La gran familia espa\u00f1ola\", \"Grand piano\", \"Tres bodas de m\u00e1s\", \"Las brujas de Zugarramurdi\".\n -- Mejores efectos especiales: \"La gran familia espa\u00f1ola\", \"Los \u00faltimos d\u00edas\", \"Zipi y Zape y el club de la canica\", \"Las brujas de Zugarramurdi\".\n -- Goya de honor: Jaime de Armi\u00f1\u00e1n.\n AP - The Associated Press.  Todos los derechos reservados.\n Este material no puede ser copiado, transmitido, reformado o redistribuido.",
                    "date": "2014-01-07",
                    "eventUri": "105366",
                    "id": "1805209",
                    "isDuplicate": false,
                    "lang": "spa",
                    "sim": 0.9887,
                    "source": {
                        "title": "Terra",
                        "uri": "entretenimiento.terra.com.mx"
                    },
                    "time": "16:05:00",
                    "title": "Lista de nominados a los premios Goya",
                    "uri": "148465776",
                    "url": "http://entretenimiento.terra.com.mx/cine/lista-de-nominados-a-los-premios-goya%2C3c9a3eb0d9963410VgnCLD2000000dc6eb0aRCRD.html",
                    "wgt": 1
                },
                {
                    "body": "\"Wakolda\" y \"Metegol\" est\u00e1n ternadas en las categor\u00edas Mejor pel\u00edcula Iberoamericana y mejor film de animaci\u00f3n.\n En segundo lugar, pero fuera de las dos categor\u00edas principales, se sit\u00faa \"Las brujas de Zugarramurdi\", de \u00c1lex de la Iglesia, con diez candidaturas, y completa la terna de cintas m\u00e1s nominadas \"Can\u00edbal\" (Manuel Mart\u00edn Cuenca), con ocho candidaturas a premio.\n Adem\u00e1s de \u00e9sta y \"La gran familia espa\u00f1ola\", se disputar\u00e1n el Goya a la mejor pel\u00edcula \"Vivir es f\u00e1cil con los ojos cerrados\" (David Trueba), \"La herida\" (Fernando Franco) y la cinta seleccionada para representar a Espa\u00f1a en los Oscar: \"15 a\u00f1os y un d\u00eda\", de Gracia Querejeta, consign\u00f3 la agencia de noticias DPA.\n Dirigida por S\u00e1nchez Ar\u00e9valo, \"La gran familia espa\u00f1ola\" cuenta la historia del m\u00e1s peque\u00f1o de cinco hermanos que decide casarse con su novia embarazada, y el d\u00eda de la boda coincide con el que Espa\u00f1a juega la final del Mundial de Sud\u00e1frica.\n En total, a esta edici\u00f3n 28 de los Goya se presentaron 135 pel\u00edculas.\n La entrega de los galardones tendr\u00e1 lugar el 9 de febrero en el Hotel Auditorium Madrid y ser\u00e1 conducida por el periodista y humorista Manel Fuentes.\n Nominados a los Premios Goya 2014\nMejor pel\u00edcula\n- \\'15 a\u00f1os y un d\u00eda\\'\n- \\'Can\u00edbal\\'\n- \\'La herida\\'\n- \\'Vivir es f\u00e1cil con los ojos cerrados\\'\n- \\'La gran familia espa\u00f1ola\\'\nMejor director\n- Gracia Querejeta, \\'15 a\u00f1os y un d\u00eda\\'\n- Manuel Mart\u00edn Cuenca, \\'Can\u00edbal\\'\n- David Trueba, \\'Vivir es f\u00e1cil con los ojos cerrados\\'\n- Daniel S\u00e1nchez Ar\u00e9valo, \\'La gran familia espa\u00f1ola\\'\nMejor director novel\n- Fernando Franco, \\'La herida\\'\n- Neus Ballus, \\'La plaga\\'\n- Jorge Dorado, \\'Mindscape\\'\n- Rodrigo Sorogoyen, \\'Stockholm\\'\nMejor actor protagonista\n- Tito Valverde, \\'15 a\u00f1os y un d\u00eda\\'\n- Antonio de la Torre, \\'Can\u00edbal\\'\n- Eduard Fern\u00e1ndez, \\'Todas las mujeres\\'\n- Javier C\u00e1mara, \\'Vivir es f\u00e1cil con los ojos cerrados\\'\nMejor actriz protagonista\n- Inma Cuesta, \\'3 bodas de m\u00e1s\\'\n- Marian \u00c1lvarez, \\'La herida\\'\n- Nora Navas, \\'Todos queremos lo mejor para ella\\'\n- Aura Garrido, \\'Stockholm\\'\nMejor actor de reparto\n- Carlos Bardem, \\'Alacr\u00e1n enamorado\\'\n- Antonio de la Torre, \\'La gran familia espa\u00f1ola\\'\n- Juan Diego Botto, \\'Ismael\\'\n- Roberto \u00c1lamo, \\'La gran familia espa\u00f1ola\\'\nMejor actriz de reparto\n- Susi S\u00e1nchez, \\'10.000 noches en ninguna parte\\'\n- Maribel Verd\u00fa, \\'15 a\u00f1os y un d\u00eda\\'\n- Nathalie Poza, \\'Todas las mujeres\\'\n- Terele P\u00e1vez, \\'Las brujas de Zugarramurdi\\'\nActor revelaci\u00f3n\n- Berto Romero, \\'3 bodas de m\u00e1s\\'\n- Javier Pereira, \\'Stockholm\\'\n- Hovik Keuchkerian, \\'Alacr\u00e1n enamorado\\'\n- Patrick Criado, \\'La gran familia espa\u00f1ola\\'\nActriz revelaci\u00f3n\n- Bel\u00e9n L\u00f3pez, \\'15 a\u00f1os y un d\u00eda\\'\n- Olimpia Melinte, \\'Can\u00edbal\\'\n- Mar\u00eda Morales, \\'Todas las mujeres\\'\n- Natalia de Molina, \\'Vivir es f\u00e1cil con los ojos cerrados\\'\nMejor gui\u00f3n original\n- \\'3 bodas de m\u00e1s\\'\n- \\'La gran familia espa\u00f1ola\\'\n- \\'La herida\\'\n- \\'Vivir es f\u00e1cil con los ojos cerrados\\'\nMejor gui\u00f3n adaptado\n- \\'Alacr\u00e1n enamorado\\'\n- \\'Can\u00edbal\\'\n- \\'Todas las mujeres\\'\n- \\'Zipi y Zape y el club de la canica\\'\nMejor m\u00fasica original\n- \\'\\'A night in Old Mexico\\'\n- \\'La mula\\'\n- \\'Las brujas de Zugarramurdi\\'\n- \\'Vivir es f\u00e1cil con los ojos cerrados\\'\nMejor direcci\u00f3n de producci\u00f3n\n- \\'3 bodas de m\u00e1s\\'\n- \\'Las brujas de Zugarramurdi\\'\n- \\'Zipi y Zape y el club de la canica\\'\n- \\'Los \u00faltimos d\u00edas\\'\nMejor montaje\n- \\'3 bodas de m\u00e1s\\'\n- \\'La gran familia espa\u00f1ola\\'\n- \\'La herida\\'\n- \\'Las brujas de Zugarramurdi\\'\nMejor dise\u00f1o de vestuario\n- \\'3 bodas de m\u00e1s\\'\n- \\'La gran familia espa\u00f1ola\\'\n- \\'Las brujas de Zugarramurdi\\'\n- \\'Los amantes pasajeros\\'\nMejor sonido\n- \\'Can\u00edbal\\'\n- \\'La gran familia espa\u00f1ola\\'\n- \\'La herida\\'\n- \\'Las brujas de Zugarramurdi\\'\nMejor pel\u00edcula de animaci\u00f3n\n- \\'El extraordinario viaje de Lucius Dumb\\'\n- \\'Futbol\u00edn (Metegol)\\'\n- \\'Justin y la espada del valor\\'\n- \\'Hiroku: Defensores de Gaia\\'\nMejor pel\u00edcula iberoamericana\n- \\'Azul y no tan rosa\\'\n- \\'El m\u00e9dico alem\u00e1n (Wakolda)\\'\n- \\'Gloria\\'\n- \\'La jaula de oro\\'\nMejor cortometraje de ficci\u00f3n espa\u00f1ol\n- \\'De noche y de pronto\\'\n- \\'El paraguas de colores\\'\n- \\'Pipas\\'\n- \\'Lucas\\'\n- \\'Abstenerse agencias\\'\nMejor cortometraje documental espa\u00f1ol\n- \\'El hombre que estaba all\u00ed\\'\n- \\'La alfombra roja\\'\n- \\'La gran desilusi\u00f3n\\'\n- \\'Minerita\\'\nMejor canci\u00f3n original\n- \\'15 a\u00f1os y un d\u00eda\\'\n- \\'A Night in Old Mexico\\'\n- \\'Alegr\u00edas de C\u00e1diz\\'\n- \\'La gran familia espa\u00f1ola\\'\nMejor direcci\u00f3n de fotograf\u00eda\n- \\'15 a\u00f1os y un d\u00eda\\'\n- \\'Can\u00edbal\\'\n- \\'Las brujas de Zugarramurdi\\'\n- \\'New York Shadows\\'\nMejor direcci\u00f3n art\u00edstica\n- \\'Alacr\u00e1n enamorado\\'\n- \\'Can\u00edbal\\'\n- \\'Las brujas de Zugarramurdi\\'\n- \\'Zipi y Zape y el club de la canica\\'\nMejor maquillaje y/o peluquer\u00eda\n- \\'3 bodas de m\u00e1s\\'\n- \\'Grand Piano\\'\n- \\'La gran familia espa\u00f1ola\\'\n- \\'Las brujas de Zugarramurdi\\'\nMejores efectos especiales\n- \\'La gran familia espa\u00f1ola\\'\n- \\'Las brujas de Zugarramurdi\\'\n- \\'Los \u00faltimos d\u00edas\\'\n- \\'Zipi y Zape y el club de la canica\\'\nMejor pel\u00edcula documental\n- \\'Con la pata quebrada\\'\n- \\'Guadalquivir\\'\n- \\'Las Maestras de la Rep\u00fablica\\'\n- \\'M\u00f3n petit (Mundo peque\u00f1o)\\'\nMejor pel\u00edcula europea\n- \\'Amor\\'\n- \\'La caza\\'\n- \\'La gran belleza\\'\n- \\'La vida de Ad\u00e8le\\'\nMejor cortometraje de animaci\u00f3n espa\u00f1ol\n- \\'Blue & Malone, detectives imaginarios\\'\n- \\'Cuerdas\\'\n- \\'O xigante\\'\n- \\'V\u00eda tango\\'\nGoya de Honor\n- Jaime de Armi\u00f1\u00e1n",
                    "date": "2014-01-07",
                    "eventUri": "105366",
                    "id": "1791434",
                    "isDuplicate": false,
                    "lang": "spa",
                    "sim": 0.9438,
                    "source": {
                        "title": "lt10digital.com.ar",
                        "uri": "lt10digital.com.ar"
                    },
                    "time": "14:02:00",
                    "title": "\"La gran familia espa\u00f1ola\", favorita a los Goya",
                    "uri": "148432384",
                    "url": "http://lt10digital.com.ar/noticia/idnot/197832/lagranfamiliaespanolafavoritaalosgoya.html",
                    "wgt": 1
                },
                {
                    "body": "MADRID, Espa\u00c3\u00b1a(AP ) A continuaci\u00c3\u00b3n la lista completa de nominados a los Premios Goya del cine espa\u00c3\u00b1ol, seg\u00c3\u00ban se anunci\u00c3\u00b3 el martes.\n Los galardones se entregar\u00c3\u00a1n el pr\u00c3\u00b3ximo 9 de febrero en una ceremonia en Madrid.\n \u00e2\u0080\"Mejor pel\u00c3\u00adcula: \"La gran familia espa\u00c3\u00b1ola\", \"La herida\", \"Can\u00c3\u00adbal\", \"15 a\u00c3\u00b1os y un d\u00c3\u00ada\", \"Vivir es f\u00c3\u00a1cil con los ojos cerrados\".\n \u00e2\u0080\"Mejor direcci\u00c3\u00b3n: Daniel S\u00c3\u00a1nchez Ar\u00c3\u00a9valo, \"La gran familia espa\u00c3\u00b1ola\"; Manuel Mart\u00c3\u00adn Cuenta, \"Can\u00c3\u00adbal\"; Gracia Querejeta, \"15 a\u00c3\u00b1os y un d\u00c3\u00ada\"; David Trueba, \"Vivir es f\u00c3\u00a1cil con los ojos cerrados\".\n \u00e2\u0080\"Mejor direcci\u00c3\u00b3n novel: Fernando Franco, \"La herida\"; Neus Ball\u00c3\u00bas, \"La plaga\"; Jorge Dorado, \"Mindscape\"; Rodrigo Sorogoyen, \"Stockholm\".\n \u00e2\u0080\"Mejor actriz protagonista: Inma Cuesta, \"Tres bodas de m\u00c3\u00a1s\"; Marian \u00c3\u0081lvarez, \"La herida\"; Aura Garrido, \"Stockholm\"; Nora Navas, \"Todos queremos lo mejor para ella\".\n \u00e2\u0080\"Mejor actor protagonista: Tito Valverde, \"15 a\u00c3\u00b1os y un d\u00c3\u00ada\"; Antonio de la Torre, \"Can\u00c3\u00adbal\"; Eduard Fern\u00c3\u00a1ndez, \"Todas las mujeres\"; Javier C\u00c3\u00a1mara, \"Vivir es f\u00c3\u00a1cil con los ojos cerrados\".\n \u00e2\u0080\"Mejor gui\u00c3\u00b3n original: \"La gran familia espa\u00c3\u00b1ola\", \"La herida\", \"Tres bodas de m\u00c3\u00a1s\", \"Vivir es f\u00c3\u00a1cil con los ojos cerrados\".\n \u00e2\u0080\"Mejor gui\u00c3\u00b3n adaptado: \"Alacr\u00c3\u00a1n enamorado\", \"Can\u00c3\u00adbal\", \"Todas las mujeres\", \"Zipi y Zape y el club de la canica\".\n \u00e2\u0080\"Mejor actor de reparto: Carlos Bardem, \"Alacr\u00c3\u00a1n enamorado\"; Antonio de la Torre, \"La gran familia espa\u00c3\u00b1ola\"; Juan Diego Botto, \"Ismael\"; Roberto Alamo, \"La gran familia espa\u00c3\u00b1ola\".\n \u00e2\u0080\"Mejor actriz de reparto: Maribel Verd\u00c3\u00ba, \"15 a\u00c3\u00b1os y un d\u00c3\u00ada\"; Terele P\u00c3\u00a1vez, \"Las brujas de Zugarramurdi\"; Nathalie Poza, \"Todas las mujeres\"; Susi S\u00c3\u00a1nchez, \"10.000 noches en ninguna parte\".\n \u00e2\u0080\"Mejor actriz revelaci\u00c3\u00b3n: Bel\u00c3\u00a9n L\u00c3\u00b3pez, \"15 a\u00c3\u00b1os y un d\u00c3\u00ada\"; Olimpia Melinte, \"Can\u00c3\u00adbal\"; Mar\u00c3\u00ada Morales, \"Todas las mujeres\"; Natalia de Molina, \"Vivir es f\u00c3\u00a1cil con los ojos cerrados\".\n \u00e2\u0080\"Mejor actor revelaci\u00c3\u00b3n: Berto Romero, \"Tres bodas de m\u00c3\u00a1s\"; Hovik Keuchkerian, \"Alacr\u00c3\u00a1n enamorado\"; Patrick Criado, \"La gran familia espa\u00c3\u00b1ola\"; Javier Pereira, \"Stockholm\".\n \u00e2\u0080\"Mejor m\u00c3\u00basica original: \"Vivir es f\u00c3\u00a1cil con los ojos cerrados\", \"Las brujas de Zugarramurdi\", \"La mula\", \"A Night in Old Mexico\".\n \u00e2\u0080\"Mejor canci\u00c3\u00b3n original: \"Rap 15 a\u00c3\u00b1os y un d\u00c3\u00ada\", de \"15 a\u00c3\u00b1os y un d\u00c3\u00ada\"; \"Aqu\u00c3\u00ad sigo\", de \"A Night in Old Mexico\"; \"Do You Really Want To Be In Love?\", \"La gran familia espa\u00c3\u00b1ola\": \"De cerca del mar\", de \"Alegr\u00c3\u00adas de C\u00c3\u00a1diz\".\n \u00e2\u0080\"Mejor documental: \"Con la pata quebrada\", \"Guadalquivir\", \"Las maestras de la Rep\u00c3\u00bablica\", \"Mon petit\".\n \u00e2\u0080\"Mejor direcci\u00c3\u00b3n de producci\u00c3\u00b3n: Marta S\u00c3\u00a1nchez de Miguel, \"Tres bodas de m\u00c3\u00a1s\"; Carlos Bernases, \"Las brujas de Zugarramurdi\"; Josep Amor\u00c3\u00b3s, \"Los \u00c3\u00baltimos d\u00c3\u00adas\"; Koldo Zuazua, \"Zipi y Zape y el club de la canica\".\n \u00e2\u0080\"Mejor direcci\u00c3\u00b3n de fotograf\u00c3\u00ada: Pau Esteve Birba, \"Can\u00c3\u00adbal\"; Kiko de la Rica, \"Las brujas de Zugarramurdi\"; Juan Carlos G\u00c3\u00b3mez, \"15 a\u00c3\u00b1os y un d\u00c3\u00ada\"; Cristina Trenas, \"New York Shadows\".\n \u00e2\u0080\"Mejor direcci\u00c3\u00b3n art\u00c3\u00adstica: Lloren\u00c3\u00a7 Miquel, \"Alacr\u00c3\u00a1n enamorado\"; Isabel Vi\u00c3\u00b1ueales, \"Can\u00c3\u00adbal\"; Arturo Garc\u00c3\u00ada y Jos\u00c3\u00a9 Luis Arrizabalaga \"Las brujas de Zugarramurdi\"; Juan Pedro de Gaspar, \"Zipi y Zape y el club de la canica\".\n \u00e2\u0080\"Mejor montaje: Alberto de Toro, \"Tres bodas de m\u00c3\u00a1s\"; Nacho Ruiz Capillas, \"La gran familia espa\u00c3\u00b1ola\"; David Pinillos, \"La herida\"; Pablo Blanco, \"Las brujas de Zugarramurdi\".\n \u00e2\u0080\"Mejor dise\u00c3\u00b1o de vestuario: \"Tres bodas de m\u00c3\u00a1s\", \"Vivir es f\u00c3\u00a1cil con los ojos cerrados\", \"Los amantes pasajeros\", \"Las brujas de Zugarramurdi\".\n \u00e2\u0080\"Mejor sonido: \"Can\u00c3\u00adbal\", \"La gran familia espa\u00c3\u00b1ola\", \"La herida\", \"Las brujas de Zugarramurdi\".\n \u00e2\u0080\"Mejor pel\u00c3\u00adcula de animaci\u00c3\u00b3n: \"Futbol\u00c3\u00adn\", \"El extraordinario viaje de Lucius Dumb\"; \"Justin y la espalda del valor\"; \"Hiroku: defensores de Gaia\".\n \u00e2\u0080\"Mejor pel\u00c3\u00adcula hispanoamericana: \"Azul y no tan rosa\", Jaime Ferrari (Venezuela); \"El m\u00c3\u00a9dico alem\u00c3\u00a1n.  Wakolda\", Luc\u00c3\u00ada Puenzo (Argentina); \"Gloria\", Sebasti\u00c3\u00a1n Lelio (Chile); \"La jaula de oro\", Diego Quemada-D\u00c3\u00adez (M\u00c3\u00a9xico).\n \u00e2\u0080\"Mejor pel\u00c3\u00adcula europea: \"Amor\", Michael Haneke; \"La caza\", Thomas Vinterberg; \"La vida de Adele\", Abdellatif Kechiche; \"La gran belleza\", Paolo Sorrentino.\n \u00e2\u0080\"Mejor cortometraje documental espa\u00c3\u00b1ol: \"El hombre que estaba all\u00c3\u00ad\", \"La alfombra roja\", \"La gran desilusi\u00c3\u00b3n\", \"Minerita\".\n \u00e2\u0080\"Mejor cortometraje de ficci\u00c3\u00b3n espa\u00c3\u00b1ol: \"De noche y de pronto\", \"El paraguas de colores\", \"Pipas\", \"Lucas\", \"Abstenerse agencias\".\n \u00e2\u0080\"Mejor cortometraje de animaci\u00c3\u00b3n espa\u00c3\u00b1ol: \"V\u00c3\u00ada tango\", \"Cuerdas\", \"O xigante\", \"Blue & Malone, detectives imaginarios\".\n \u00e2\u0080\"Mejor maquillaje o peluquer\u00c3\u00ada: \"La gran familia espa\u00c3\u00b1ola\", \"Grand piano\", \"Tres bodas de m\u00c3\u00a1s\", \"Las brujas de Zugarramurdi\".\n \u00e2\u0080\"Mejores efectos especiales: \"La gran familia espa\u00c3\u00b1ola\", \"Los \u00c3\u00baltimos d\u00c3\u00adas\", \"Zipi y Zape y el club de la canica\", \"Las brujas de Zugarramurdi\".\n \u00e2\u0080\"Goya de honor: Jaime de Armi\u00c3\u00b1\u00c3\u00a1n.",
                    "date": "2014-01-07",
                    "eventUri": "105366",
                    "id": "1817112",
                    "isDuplicate": false,
                    "lang": "spa",
                    "sim": 0.8241,
                    "source": {
                        "title": "Frontera.info",
                        "uri": "www.frontera.info"
                    },
                    "time": "17:38:00",
                    "title": "Lista de nominados a los premios Goya",
                    "uri": "148493368",
                    "url": "http://www.frontera.info/EdicionEnlinea/Notas/Entretenimiento/07012014/793587-Lista-de-nominados-a-los-premios-Goya.html",
                    "wgt": 1
                },
                {
                    "body": "'La Gran Familia Espa\u00f1ola', con 11 candidaturas, parte como favorita en la 28 edici\u00f3n de los Premios Goya, que se realizar\u00e1 el pr\u00f3ximo 9 de febrero en Madrid Redacci\u00f3n Ciudad de M\u00e9xico\nDos comedias lideraron las nominaciones a los premios Goya: 'La Gran Familia Espa\u00f1ola' de Daniel S\u00e1nchez Ar\u00e9valo, con 11 candidaturas, y 'Las Brujas de Zugarramurdi' de Alex de la Iglesia, con 10; mientras que otras favoritas son 'Can\u00edbal' de Manuel Mart\u00edn Cuenca, con ocho nominaciones, y la precandidata espa\u00f1ola a los Oscar '15 A\u00f1os y un D\u00eda', de Gracia Querejeta, con siete.\n A continuaci\u00f3n la lista completa de nominados a los Premios Goya del cine espa\u00f1ol:\nMejor pel\u00edcula: 'La Gran Familia Espa\u00f1ola', 'La Herida', 'Can\u00edbal', '15 A\u00f1os y un D\u00eda', 'Vivir es F\u00e1cil con los Ojos Cerrados'.\n Mejor direcci\u00f3n: Daniel S\u00e1nchez Ar\u00e9valo, 'La gran familia espa\u00f1ola'; Manuel Mart\u00edn Cuenta, 'Can\u00edbal'; Gracia Querejeta, '15 a\u00f1os y un d\u00eda'; David Trueba, 'Vivir es f\u00e1cil con los ojos cerrados'.\n Mejor direcci\u00f3n novel: Fernando Franco, 'La herida'; Neus Ball\u00fas, 'La plaga'; Jorge Dorado, 'Mindscape'; Rodrigo Sorogoyen, 'Stockholm'.\n Mejor actriz protagonista: Inma Cuesta, 'Tres bodas de m\u00e1s'; Marian \u00c1lvarez, 'La herida'; Aura Garrido, 'Stockholm'; Nora Navas, 'Todos queremos lo mejor para ella'.\n Mejor actor protagonista: Tito Valverde, '15 a\u00f1os y un d\u00eda'; Antonio de la Torre, 'Can\u00edbal'; Eduard Fern\u00e1ndez, 'Todas las mujeres'; Javier C\u00e1mara, 'Vivir es f\u00e1cil con los ojos cerrados'.\n Mejor gui\u00f3n original: 'La gran familia espa\u00f1ola', 'La herida', 'Tres Bodas de M\u00e1s', 'Vivir es F\u00e1cil con los ojos Cerrados'.\n Mejor gui\u00f3n adaptado: 'Alacr\u00e1n Enamorado', 'Can\u00edbal', 'Todas las Mujeres', 'Zipi y Zape y el Club de la Canica'.\n Mejor actor de reparto: Carlos Bardem, 'Alacr\u00e1n Enamorado'; Antonio de la Torre, 'La Gran Familia Espa\u00f1ola'; Juan Diego Botto, 'Ismael'; Roberto Alamo, 'La Gran Familia Espa\u00f1ola'.\n Mejor actriz de reparto: Maribel Verd\u00fa, '15 A\u00f1os y un D\u00eda'; Terele P\u00e1vez, 'Las Brujas de Zugarramurdi'; Nathalie Poza, 'Todas las Mujeres'; Susi S\u00e1nchez, '10.000 Noches en Ninguna Parte'.\n Mejor actriz revelaci\u00f3n: Bel\u00e9n L\u00f3pez, '15 A\u00f1os y un D\u00eda'; Olimpia Melinte, 'Can\u00edbal'; Mar\u00eda Morales, 'Todas las Mujeres'; Natalia de Molina, 'Vivir es F\u00e1cil con los Ojos Cerrados'.\n Mejor actor revelaci\u00f3n: Berto Romero, 'Tres Bodas de M\u00e1s'; Hovik Keuchkerian, 'Alacr\u00e1n Enamorado'; Patrick Criado, 'La Gran Familia Espa\u00f1ola'; Javier Pereira, 'Stockholm'.\n Mejor m\u00fasica original: 'Vivir es F\u00e1cil con los Ojos Cerrados', 'Las Brujas de Zugarramurdi', 'La Mula', 'A Night in Old Mexico'.\n Mejor canci\u00f3n original: 'Rap 15 A\u00f1os y un D\u00eda', de '15 A\u00f1os y un D\u00eda' 'Aqu\u00ed Sigo', de 'A Night in Old Mexico'; 'Do You Really Want To Be In Love?', 'La Gran Familia Espa\u00f1ola': 'De Cerca del Mar', de Alegr\u00edas de C\u00e1diz.\n Mejor documental: 'Con la Pata Quebrada', 'Guadalquivir', 'Las Maestras de la Rep\u00fablica', 'Mon Petit'.\n Mejor direcci\u00f3n de producci\u00f3n: Marta S\u00e1nchez de Miguel, 'Tres Bodas de M\u00e1s'; Carlos Bernases, 'Las Brujas de Zugarramurdi'; Josep Amor\u00f3s, 'Los \u00daltimos D\u00edas'; Koldo Zuazua, 'Zipi y Zape y el Club de la Canica'.\n Mejor direcci\u00f3n de fotograf\u00eda: Pau Esteve Birba, 'Can\u00edbal'; Kiko de la Rica, 'Las Brujas de Zugarramurdi'; Juan Carlos G\u00f3mez, '15 A\u00f1os y un D\u00eda'; Cristina Trenas, 'New York Shadows'.\n Mejor direcci\u00f3n art\u00edstica: Lloren\u00e7 Miquel, 'Alacr\u00e1n Enamorado'; Isabel Vi\u00f1ueales, 'Can\u00edbal'; Arturo Garc\u00eda y Jos\u00e9 Luis Arrizabalaga 'Las Brujas de Zugarramurdi'; Juan Pedro de Gaspar, 'Zipi y Zape y el Club de la Canica'.\n Mejor montaje: Alberto de Toro, 'Tres Bodas de M\u00e1s'; Nacho Ruiz Capillas, 'La Gran Familia Espa\u00f1ola'; David Pinillos, 'La Herida'; Pablo Blanco, 'Las Brujas de Zugarramurdi'.\n Mejor dise\u00f1o de vestuario: 'Tres Bodas de M\u00e1s', 'Vivir es F\u00e1cil con los Ojos Cerrados', 'Los Amantes Pasajeros', 'Las Brujas de Zugarramurdi'.\n Mejor sonido: 'Can\u00edbal', 'La Gran Familia Espa\u00f1ola', 'La Herida', 'Las Brujas de Zugarramurdi'.\n Mejor pel\u00edcula de animaci\u00f3n: 'Futbol\u00edn', 'El Extraordinario Viaje de Lucius Dumb'; 'Justin y la Espalda del Valor'; 'Hiroku: Defensores de Gaia'.\n Mejor pel\u00edcula hispanoamericana: 'Azul y no tan Rosa', Jaime Ferrari (Venezuela); 'El M\u00e9dico Alem\u00e1n.  Wakolda', Luc\u00eda Puenzo (Argentina); 'Gloria', Sebasti\u00e1n Lelio (Chile); 'La Jaula de Oro', Diego Quemada-D\u00edez (M\u00e9xico).\n Mejor pel\u00edcula europea: 'Amor', Michael Haneke; 'La Caza', Thomas Vinterberg; 'La Vida de Adele', Abdellatif Kechiche; 'La Gran Belleza', Paolo Sorrentino.\n Mejor cortometraje documental espa\u00f1ol: 'El Hombre que Estaba All\u00ed', 'La Alfombra Roja', 'La Gran Desilusi\u00f3n', 'Minerita'.\n Mejor cortometraje de ficci\u00f3n espa\u00f1ol: 'De Noche y de Pronto', 'El Paraguas de Colores', 'Pipas', 'Lucas', 'Abstenerse Agencias'.\n Mejor cortometraje de animaci\u00f3n espa\u00f1ol: 'V\u00eda Tango', 'Cuerdas', 'O Xigante', 'Blue & Malone, Detectives Imaginarios'.\n Mejor maquillaje o peluquer\u00eda: 'La Gran Familia Espa\u00f1ola', 'Grand Piano', 'Tres Bodas de M\u00e1s', 'Las Brujas de Zugarramurdi'.\n Mejores efectos especiales: 'La Gran Familia Espa\u00f1ola', 'Los \u00daltimos D\u00edas', 'Zipi y Zape y el Club de la Canica', 'Las Brujas de Zugarramurdi'.\n Goya de honor: Jaime de Armi\u00f1\u00e1n.\n AP y AFP Con informaci\u00f3n de EFE Terra",
                    "date": "2014-01-07",
                    "eventUri": "105366",
                    "id": "1830191",
                    "isDuplicate": false,
                    "lang": "spa",
                    "sim": 0.7915,
                    "source": {
                        "title": "Terra",
                        "uri": "entretenimiento.terra.com.mx"
                    },
                    "time": "19:25:00",
                    "title": "Dos comedias lideran nominaciones a la 28 edici\u00f3n de los Goya",
                    "uri": "148522053",
                    "url": "http://entretenimiento.terra.com.mx/cine/dos-comedias-lideran-nominaciones-a-la-28-edicion-de-los-goya%2C7ec845547ed63410VgnVCM5000009ccceb0aRCRD.html",
                    "wgt": 1
                }
            ]
        },
        "info": {
            "articleCount": 8,
            "averageDate": "2014-01-07",
            "avgCos": 0.6637,
            "categories": [],
            "customDate": false,
            "customLocation": false,
            "eventUri": "105366",
            "extractedDate": "",
            "extractedDateEnd": "",
            "id": "105366",
            "lang": "spa",
            "location": {
                "country": {
                    "labelEng": "Spain",
                    "lat": 40,
                    "long": -4,
                    "wikiUri": "http://en.wikipedia.org/wiki/Spain"
                },
                "labelEng": "Madrid",
                "lat": 40.42526,
                "long": -3.69063,
                "wikiUri": "http://en.wikipedia.org/wiki/Madrid"
            },
            "storyDate": "2014-01-07",
            "storyDateEnd": "",
            "uri": "e7e700df-6a06-44ea-a4f3-f736278fc36b-32150",
            "variance": 0.0595
        }
    },
    "meta": {
        "CCAArticleMatchCount": 16,
        "CCAArticleMatchRatio": 0.128,
        "CCAAvgCosSim": 0.84360625,
        "CCAAvgMatchWgt": 39,
        "_articleUri1": "148468858",
        "_articleUri2": "148316302",
        "_datetime": "2015-01-20 16:53:12",
        "_ruleBasedShouldMerge": false,
        "_storyUri1": "e7e700df-6a06-44ea-a4f3-f736278fc36b-32150",
        "_storyUri2": "850f305d-14db-4c75-b547-79470a557ea3-53168",
        "_username": "Evgenia Belyaeva",
        "artCount1": 8,
        "artCount2": 8,
        "avgCosSimStory1": 0.6637,
        "avgCosSimStory2": 0.4492,
        "categorySim": 0,
        "conceptCosSim": 0,
        "conceptJaccardSim": 0,
        "coreTime1": 122894.0333333333,
        "coreTime2": 122884.8,
        "coreTimeStDev1": 1.59105572917207,
        "coreTimeStDev2": 2.74690166369221,
        "entityCosSim": 0,
        "entityJaccardSim": 0,
        "extractedDateJaccardSim": 0,
        "extractedDatesStory1": 0,
        "extractedDatesStory2": 3,
        "hasSameLocation": -1,
        "keywordCosSim": 0,
        "keywordJaccardSim": 0,
        "lang1": "spa",
        "lang2": "eng",
        "matchingDateCount": 0,
        "matchingDateRatio": 0,
        "ratioAnnotatedArticlesStory1": 1,
        "ratioAnnotatedArticlesStory2": 1,
        "shouldMerge": false,
        "storyQuality1": 23,
        "storyQuality2": 8,
        "timeAvg1": 122897.075,
        "timeAvg2": 122888.3541666667,
        "timeStDev1": 1.59105572917207,
        "timeStDev2": 2.74690166369221,
        "varianceStory1": 0.0595,
        "varianceStory2": 0.2982
    }
}