{
    "b738a3b7-2db3-4d38-88c8-76c4eb4f835b-303826": {
        "articles": {
            "resultCount": 7,
            "results": [
                {
                    "body": "Geduld ist nicht die St\u00e4rke von Miriam G\u00f6ssner. \"Ich bin halt von der Mentalit\u00e4t her ein Hoppla-Hopp-Mensch. Bei mir muss immer alles schnell, schnell gehen\", bekennt die einst als legitime Nachfolgerin von Magdalena Neuner gehandelte Biathletin freim\u00fctig. Doch auf ihrem Weg zur\u00fcck in die Weltspitze sind von der 24-J\u00e4hrigen mehr denn je Beharrlichkeit und Ausdauer gefordert. \"Miriam merkt, dass sie sich ihr Comeback erarbeiten muss und es ihr nicht in den Scho\u00df f\u00e4llt\", sagte Frauen-Bundestrainer Gerald H\u00f6nig nach dem Saisonauftakt im schwedischen \u00d6stersund.\n\nDort war die Garmischerin mit den Pl\u00e4tzen 68 im Einzel, 58 im Sprint und 51 in der Verfolgung nach langer Verletzungspause wieder in den Weltcup zur\u00fcckgekehrt - ihr geheimer Wunsch auf ein sofortiges gutes Resultat erf\u00fcllten sich nicht.\n\n\"Ich hatte halt einen langen Ausfall und die anderen sind ja jetzt nicht schlechter geworden, sondern Weltklasse-Biathletinnen. Es passt schon, der Weg ist der richtige und ich bin zuversichtlich\", sagte Miriam G\u00f6ssner, die sich auf den zweiten Weltcup im \u00f6sterreichischen Hochfilzen freut: \"Dort greife ich wieder an.\" Denn mit Sprint und Verfolgung stehen Rennen auf dem Programm, die sie mag. Zudem findet die erste Staffel der Saison statt.\n\nVor allem am Schie\u00dfstand, auch schon zu ihren Topzeiten ihre Wackeldisziplin, klappte es noch nicht so gut. Insgesamt 19 Fehler fabrizierte sie in \u00d6stersund bei 50 Schuss, das ist eine Trefferquote von 62 Prozent. \"Das funktioniert noch nicht so richtig. Eigentlich ist das Gef\u00fchl ganz gut, vor allem liegend f\u00fchle ich mich sicher. Ich muss einfach weiter arbeiten und versuchen, besser zu werden\", meinte die Freundin von Ski-alpin-Star Felix Neureuther. Auf dem hohen Niveau d\u00fcrfe man sich einfach keine Fehler erlauben. \"Ich versuche schon, mich am Schie\u00dfstand zusammenzurei\u00dfen und konsequent zu arbeiten.\"\n\nHoffnung gibt ihr, dass sie in der Loipe zum Teil schon wieder ihr Potenzial aufblitzen lie\u00df. \"Vom Laufen her f\u00fchle ich mich von Tag zu Tag wohler. Ich habe es selber in der Hand\", erkl\u00e4rte die Skij\u00e4gerin optimistisch. Im Verfolger schaffte sie die elftbeste Laufzeit, im Sprint die 16. und im Einzel die 20. \"Im Biathlon kann es dann auch mal schnell gehen. Wenn das Schie\u00dfergebnis passt, kann man gleich vorne dabei sein, und deshalb darf man nicht aufstecken.\"\n\nDass ihr Weg zur\u00fcck kein leichter wird, war klar. Bei einem schweren Mountainbike-Unfall im Fr\u00fchjahr 2013, bei dem sie nur knapp dem Rollstuhl entging, brach sie sich vier R\u00fcckenwirbel. Trotz aller Versuche musste sie ihre Teilnahme an den Olympischen Winterspiele in Sotschi absagen. Insgesamt fehlen ihr \u00fcber sieben Monate Training. Allein ihre R\u00fcckkehr ist schon ein Sieg.\n\n\"Miriam ist noch nicht auf dem Leistungsstand von vor zwei Jahren, wo sie Siegleistungen abliefern konnte. Aber das ist nach dieser Verletzung auch klar\", meinte H\u00f6nig. G\u00f6ssner arbeite sehr abgekl\u00e4rt und konzentriert. \"Dar\u00fcber bin ich sehr froh. Wir m\u00fcssen ihr weiter Zeit geben und geduldig sein.\"\n\nAuch ihre Teamkolleginnen glauben an G\u00f6ssner. \"Ich denke, dass sie das in den n\u00e4chsten Rennen gut meistern wird\", meinte Franziska Hildebrand, die vorerst die Nummer eins im deutschen Team ist. Youngster Franziska Preu\u00df, eine der deutschen Nachwuchshoffnungen, leidet mit ihrer Kollegin mit. \"Sie war halt schon mal ganz oben, und da tut es einem schon leid, wenn es nicht so gut l\u00e4uft\", sagte die 20-J\u00e4hrige. \"Ich glaube, Miriam versucht aus jedem Rennen das Beste mitzunehmen, und es wird dann bald schon wieder klappen.\"\n\nPortr\u00e4t Miriam G\u00f6ssner beim Deutschen Skiverband\n\nMelden Sie sich bitte an um einen Kommentar abzugeben. E-Mail-Adresse oder Benutzername Passwort Registrieren anmelden Passwort vergessen",
                    "date": "2014-12-11",
                    "eventUri": "2006542",
                    "id": "27854617",
                    "isDuplicate": false,
                    "lang": "deu",
                    "sim": 0.7452,
                    "source": {
                        "title": "NWZ Online",
                        "uri": "www.nwzonline.de"
                    },
                    "time": "09:24:00",
                    "title": "Die Hoffnung stirbt zuletzt: G\u00f6ssner k\u00e4mpft weiter",
                    "uri": "233380402",
                    "url": "http://www.nwzonline.de/wintersport/biathlon/die-hoffnung-stirbt-zuletzt-goessner-kaempft-weiter_a_21%2C0%2C915033368.html",
                    "wgt": 1
                },
                {
                    "body": "Geduld ist nicht die St\u00e4rke von Miriam G\u00f6ssner. \"Ich bin halt von der Mentalit\u00e4t her ein Hoppla-Hopp-Mensch. Bei mir muss immer alles schnell, schnell gehen\", bekennt die einst als legitime Nachfolgerin von Magdalena Neuner gehandelte Biathletin freim\u00fctig. Doch auf ihrem Weg zur\u00fcck in die Weltspitze sind von der 24-J\u00e4hrigen mehr denn je Beharrlichkeit und Ausdauer gefordert. \"Miriam merkt, dass sie sich ihr Comeback erarbeiten muss und es ihr nicht in den Scho\u00df f\u00e4llt\", sagte Frauen-Bundestrainer Gerald H\u00f6nig nach dem Saisonauftakt im schwedischen \u00d6stersund.\n\nDort war die Garmischerin mit den Pl\u00e4tzen 68 im Einzel, 58 im Sprint und 51 in der Verfolgung nach langer Verletzungspause wieder in den Weltcup zur\u00fcckgekehrt - ihr geheimer Wunsch auf ein sofortiges gutes Resultat erf\u00fcllten sich nicht.\n\n\"Ich hatte halt einen langen Ausfall und die anderen sind ja jetzt nicht schlechter geworden, sondern Weltklasse-Biathletinnen. Es passt schon, der Weg ist der richtige und ich bin zuversichtlich\", sagte Miriam G\u00f6ssner, die sich auf den zweiten Weltcup im \u00f6sterreichischen Hochfilzen freut: \"Dort greife ich wieder an.\" Denn mit Sprint und Verfolgung stehen Rennen auf dem Programm, die sie mag. Zudem findet die erste Staffel der Saison statt.\n\nVor allem am Schie\u00dfstand, auch schon zu ihren Topzeiten ihre Wackeldisziplin, klappte es noch nicht so gut. Insgesamt 19 Fehler fabrizierte sie in \u00d6stersund bei 50 Schuss, das ist eine Trefferquote von 62 Prozent. \"Das funktioniert noch nicht so richtig. Eigentlich ist das Gef\u00fchl ganz gut, vor allem liegend f\u00fchle ich mich sicher. Ich muss einfach weiter arbeiten und versuchen, besser zu werden\", meinte die Freundin von Ski-alpin-Star Felix Neureuther. Auf dem hohen Niveau d\u00fcrfe man sich einfach keine Fehler erlauben. \"Ich versuche schon, mich am Schie\u00dfstand zusammenzurei\u00dfen und konsequent zu arbeiten.\"\n\nHoffnung gibt ihr, dass sie in der Loipe zum Teil schon wieder ihr Potenzial aufblitzen lie\u00df. \"Vom Laufen her f\u00fchle ich mich von Tag zu Tag wohler. Ich habe es selber in der Hand\", erkl\u00e4rte die Skij\u00e4gerin optimistisch. Im Verfolger schaffte sie die elftbeste Laufzeit, im Sprint die 16. und im Einzel die 20. \"Im Biathlon kann es dann auch mal schnell gehen. Wenn das Schie\u00dfergebnis passt, kann man gleich vorne dabei sein, und deshalb darf man nicht aufstecken.\"\n\nDass ihr Weg zur\u00fcck kein leichter wird, war klar. Bei einem schweren Mountainbike-Unfall im Fr\u00fchjahr 2013, bei dem sie nur knapp dem Rollstuhl entging, brach sie sich vier R\u00fcckenwirbel. Trotz aller Versuche musste sie ihre Teilnahme an den Olympischen Winterspiele in Sotschi absagen. Insgesamt fehlen ihr \u00fcber sieben Monate Training. Allein ihre R\u00fcckkehr ist schon ein Sieg.\n\n\"Miriam ist noch nicht auf dem Leistungsstand von vor zwei Jahren, wo sie Siegleistungen abliefern konnte. Aber das ist nach dieser Verletzung auch klar\", meinte H\u00f6nig. G\u00f6ssner arbeite sehr abgekl\u00e4rt und konzentriert. \"Dar\u00fcber bin ich sehr froh. Wir m\u00fcssen ihr weiter Zeit geben und geduldig sein.\"\n\nAuch ihre Teamkolleginnen glauben an G\u00f6ssner. \"Ich denke, dass sie das in den n\u00e4chsten Rennen gut meistern wird\", meinte Franziska Hildebrand, die vorerst die Nummer eins im deutschen Team ist. Youngster Franziska Preu\u00df, eine der deutschen Nachwuchshoffnungen, leidet mit ihrer Kollegin mit. \"Sie war halt schon mal ganz oben, und da tut es einem schon leid, wenn es nicht so gut l\u00e4uft\", sagte die 20-J\u00e4hrige. \"Ich glaube, Miriam versucht aus jedem Rennen das Beste mitzunehmen, und es wird dann bald schon wieder klappen.\"\n\nPortr\u00e4t Miriam G\u00f6ssner beim Deutschen Skiverband",
                    "date": "2014-12-11",
                    "eventUri": "2006542",
                    "id": "27856320",
                    "isDuplicate": false,
                    "lang": "deu",
                    "sim": 0.742,
                    "source": {
                        "title": "Lausitzer Rundschau",
                        "uri": "www.lr-online.de"
                    },
                    "time": "09:47:00",
                    "title": "Die Hoffnung stirbt zuletzt: G\u00f6ssner k\u00e4mpft weiter",
                    "uri": "233386002",
                    "url": "http://www.lr-online.de/sport/wintersport/Biathlon-News-Die-Hoffnung-stirbt-zuletzt-nbsp-Goessner-kaempft-weiter%3Bart955%2C4842076",
                    "wgt": 1
                },
                {
                    "body": "F\u00fcr die Biathleten geht es an diesem Wochenende nach Tirol. In Hochfilzen mit dabei ist auch die zweimalige Staffel-Weltmeisterin Miriam G\u00f6ssner. Die Bayern, die lange verletzt war, hatte zum Weltcupauftakt vor allem beim Schie\u00dfen gro\u00dfe Probleme. Bei den Herren kommt am Wochenende ein Neuling zum Zug.\n\nAuf ihrem schmerzhaften Weg zur\u00fcck in die Weltspitze kann sich auch Miriam G\u00f6ssner auf weitere Eins\u00e4tze freuen. Nach einem entt\u00e4uschenden Saisonauftakt in \u00d6stersund mit vielen Schie\u00dffehlern sagte DSV-Damen-Cheftrainer Gerald H\u00f6nig, man m\u00fcsse der 24-J\u00e4hrigen \"weiter Zeit geben und geduldig sein.\" Nach monatelanger Verletzungspause feierte sie erst vor einer Woche ihr Comeback. \"Sie braucht die Wettk\u00e4mpfe\", so der Coach am Mittwoch, zwei Tage, bevor der Weltcup mit den Sprints beginnt.\n\nEine positive Tendenz konnte der Bundestrainer in \u00d6stersund vor allem bei Franziska Preu\u00df erkennen. Zudem konnte sich Franziska Hildebrand in \u00d6stersund \u00fcber die WM-Norm freuen. In Hochfilzen schickt H\u00f6nig mit G\u00f6ssner, Preu\u00df, Hildebrand, Vanessa Hinz, Karolin Horchler und Luise Kummer das gleiche Team wie beim Saisonauftakt ins Rennen. Insgesamt fand K\u00f6nig beim Saisonauftakt vor allem die Schie\u00dfleistungen im Einzel sehr erfreulich. Allerdings forderte der Cheftrainer auch eine l\u00e4uferische Steigerung.\n\nAuch Herren-Cheftrainer Mark Kirchner lobte die Ergebnisse am Schie\u00dfstand und freut sich: \"Die ersten Wettk\u00e4mpfe in \u00d6stersund haben uns gezeigt, dass die Mannschaft konkurrenzf\u00e4hig ist und im direkten Anschlussbereich zur Weltspitze steht.\" Zwar fehle noch die absolute Spitzenleistung, doch immerhin stehen nach dem Weltcup f\u00fcnf Athleten in den Top-25. \"Das zeigt die geschlossene Mannschaftsleistung\", so der Chefcoach.\n\nAuf sein erstes Rennen im Weltcup-Team kann sich Michael Willeitner freuen. Der Berchtesgadener ersetzt in Hochfilzen Florian Graf, dem die Trainer nach drei aufeinanderfolgenden Wettkampfwochen eine Pause verordnet haben. Der 24-j\u00e4hrige Willeitner empfahl sich durch einen Podestplatz im IBU-Cup f\u00fcr die Weltcup-Mannschaft. Als sechster Mann komplettiert er die Mannschaft mit Andreas Birnbacher, Daniel B\u00f6hm, Erik Lesser, Arnd Pfeiffer und Simon Schempp. Der zeigte sich mit seinem Einstieg in \u00d6stersund, vor allem mit dem Sprint, bei dem er Elfter wurde und der Verfolgung recht zufrieden. Seine Motivation f\u00fcr das n\u00e4chste Rennen sei sehr hoch, erkl\u00e4rte der 26-J\u00e4hrige. \"In Hochfilzen wird auch meine Familie zuschauen. Die Stimmung ist dort immer super und es f\u00fchlt sich fast wie ein Heimweltcup an.\"",
                    "date": "2014-12-11",
                    "eventUri": "2006542",
                    "id": "27849737",
                    "isDuplicate": false,
                    "lang": "deu",
                    "sim": 0.7344,
                    "source": {
                        "title": "www.sportschau.de",
                        "uri": "www.sportschau.de"
                    },
                    "time": "01:38:00",
                    "title": "Vor dem Biathlon-Weltcup in Hochfilzen: G\u00f6ssners zweite Chance - Premiere f\u00fcr Willeitner",
                    "uri": "233365036",
                    "url": "http://www.sportschau.de/wintersport/biathlon/goessners-zweite-chance-premiere-fuer-willeitner-100.html",
                    "wgt": 1
                },
                {
                    "body": "Michael Willeitner steht vor seinem Deb\u00fct im Biathlon-Weltcup. Der Berchtesgadener ersetzt bei der zweiten Weltcup-Station in Hochfilzen Florian Graf.\n\nGraf haben die Trainer nach drei aufeinanderfolgenden Wettkampfwochen eine Pause verordnet. Der 24-j\u00e4hrige Willeitner empfahl sich durch einen Podestplatz im IBU-Cup f\u00fcr die Weltcup-Mannschaft.\n\n\"Die ersten Wettk\u00e4mpfe in \u00d6stersund haben uns gezeigt, dass die Mannschaft konkurrenzf\u00e4hig ist und im direkten Anschlussbereich zur Weltspitze steht\", sagte Herren-Cheftrainer Mark Kirchner. \"Die Teamleistung am Schie\u00dfstand war gerade im Sprint sehr gut. Die erste Standortbestimmung war wichtig f\u00fcr uns, um zielorientiert weiter arbeiten zu k\u00f6nnen.\"\n\nKeine \u00c4nderung im Aufgebot gibt es bei den Frauen. Trotz ihrer enormen R\u00fcckst\u00e4nde in \u00d6stersund bekommt auch die lange verletzte Miriam G\u00f6ssner weiter ihre Chancen. \"Sie braucht die Wettk\u00e4mpfe, um sich weiterentwickeln zu k\u00f6nnen. Ihr m\u00fcssen wir weiter Zeit geben und geduldig sein\", betonte Cheftrainer Gerald H\u00f6nig. In \u00d6sterreich fordert er eine Steigerung seines Teams. \"Im Laufen fehlt uns sicher noch einiges, um uns auch mannschaftlich besser pr\u00e4sentieren zu k\u00f6nnen\", bemerkte der Frauen-Coach.\n\nMelden Sie sich bitte an um einen Kommentar abzugeben. E-Mail-Adresse oder Benutzername Passwort Registrieren anmelden Passwort vergessen",
                    "date": "2014-12-10",
                    "eventUri": "2006542",
                    "id": "27751283",
                    "isDuplicate": false,
                    "lang": "deu",
                    "sim": 0.7285,
                    "source": {
                        "title": "NWZ Online",
                        "uri": "www.nwzonline.de"
                    },
                    "time": "14:07:00",
                    "title": "Michael Willeitner ersetzt Graf in Hochfilzen",
                    "uri": "233131168",
                    "url": "http://www.nwzonline.de/wintersport/biathlon/michael-willeitner-ersetzt-graf-in-hochfilzen_a_21%2C0%2C850976874.html",
                    "wgt": 1
                },
                {
                    "body": "Graf haben die Trainer nach drei aufeinanderfolgenden Wettkampfwochen eine Pause verordnet. Der 24-j\u00e4hrige Willeitner empfahl sich durch einen Podestplatz im IBU-Cup f\u00fcr die Weltcup-Mannschaft.\n\n\"Die ersten Wettk\u00e4mpfe in \u00d6stersund haben uns gezeigt, dass die Mannschaft konkurrenzf\u00e4hig ist und im direkten Anschlussbereich zur Weltspitze steht\", sagte Herren-Cheftrainer Mark Kirchner. \"Die Teamleistung am Schie\u00dfstand war gerade im Sprint sehr gut. Die erste Standortbestimmung war wichtig f\u00fcr uns, um zielorientiert weiter arbeiten zu k\u00f6nnen.\"\n\nKeine \u00c4nderung im Aufgebot gibt es bei den Frauen. Trotz ihrer enormen R\u00fcckst\u00e4nde in \u00d6stersund bekommt auch die lange verletzte Miriam G\u00f6ssner weiter ihre Chancen. \"Sie braucht die Wettk\u00e4mpfe, um sich weiterentwickeln zu k\u00f6nnen. Ihr m\u00fcssen wir weiter Zeit geben und geduldig sein\", betonte Cheftrainer Gerald H\u00f6nig. In \u00d6sterreich fordert er eine Steigerung seines Teams. \"Im Laufen fehlt uns sicher noch einiges, um uns auch mannschaftlich besser pr\u00e4sentieren zu k\u00f6nnen\", bemerkte der Frauen-Coach.",
                    "date": "2014-12-10",
                    "eventUri": "2006542",
                    "id": "27752544",
                    "isDuplicate": false,
                    "lang": "deu",
                    "sim": 0.6941,
                    "source": {
                        "title": "Lausitzer Rundschau",
                        "uri": "www.lr-online.de"
                    },
                    "time": "14:17:00",
                    "title": "Michael Willeitner ersetzt Graf in Hochfilzen",
                    "uri": "233133954",
                    "url": "http://www.lr-online.de/sport/wintersport/Biathlon-News-Michael-Willeitner-ersetzt-Graf-in-Hochfilzen%3Bart955%2C4841119",
                    "wgt": 1
                },
                {
                    "body": "11.04 Uhr: Den ersten Sprint der Saison gewann die Norwegerin Tiril Eckhoff in 21:35.5 Minuten vor Veronika Vitkova aus Tschechien und der Finnin Kaisa M\u00e4k\u00e4r\u00e4inen. Beste deutsche Starterin war Nadine Hildebrand als Neunte, Franziska Preuss wurde 22., Karolin Horchler 45. und Miriam G\u00f6ssner 58.\n\n10.30 Uhr: Willkommen im Live-Ticker von FOCUS Online! Der Biathlon-Zirkus macht Halt im \u00f6sterreichischen Hochfilzen. Zum Auftakt steht der Sprint der Damen \u00fcber 7,5 Kilometer auf dem Programm. Bei den deutschen Starterinnen im Fokus: Miriam G\u00f6ssner. \"Miriam merkt, dass sie sich ihr Comeback erarbeiten muss und es ihr nicht in den Scho\u00df f\u00e4llt\", sagte Frauen-Bundestrainer Gerald H\u00f6nig nach dem Saisonauftakt im schwedischen \u00d6stersund.",
                    "date": "2014-12-12",
                    "eventUri": "2006542",
                    "id": "27965531",
                    "isDuplicate": false,
                    "lang": "deu",
                    "sim": 0.5986,
                    "source": {
                        "title": "FOCUS Online",
                        "uri": "www.focus.de"
                    },
                    "time": "10:17:00",
                    "title": "+++ Biathlon im Live-Ticker +++ - Sprint in Hochfilzen: Schl\u00e4gt G\u00f6ssner heute zur\u00fcck?",
                    "uri": "233674401",
                    "url": "http://www.focus.de/sport/wintersport/biathlon/biathlon-im-live-ticker-sprint-in-hochfilzen_id_4340547.html",
                    "wgt": 1
                },
                {
                    "body": "Biathlon: Karolin Horchler zufrieden mit Weltcup-Deb\u00fct im schwedischen \u00d6stersund\n\n\u00d6stersund. Das Weltcup-Deb\u00fct liegt hinter ihr - und mit Platz 24 im Einzel und Rang 45 im Sprint ist Biathletin Karolin Horchler recht zufrieden mit ihren Ergebnissen im schwedischen \u00d6stersund: \"Mein Einstand ist super gelaufen, vor allem das Schie\u00dfen ohne Fehler beim ersten Weltcup ist schon richtig cool\", sagt die f\u00fcr den WSV Clausthal-Zellerfeld startende Sportlerin und f\u00fcgt an: \"L\u00e4uferisch habe ich mich allerdings sehr schwer getan und l\u00e4ngst nicht das gezeigt, was ich eigentlich kann.\"\n\nAu\u00dferdem kamen beim Wettkampf am Samstag noch Schienbeinprobleme hinzu - in Absprache mit den Trainern ging die geb\u00fcrtige Ottlarerin deswegen auch am Sonntag bei der Verfolgung nicht an den Start.\n\n\"Ich habe mit meinen Trainern gesprochen und entschieden, das Rennen auszulassen. Ich h\u00e4tte mir keinen Gefallen getan und gerade in Hinblick auf den n\u00e4chsten Weltcup in Hochfilzen kann ich einen Tag Erholung gut gebrauchen\", so die 25-J\u00e4hrige. Denn: \"Die letzten vier Wochen waren ziemlich anstrengend mit den Qualifikations-Rennen in Sjusj\u00f8en, dem IBU-Cup in Beitost\u00f8len und dem Weltcup in \u00d6stersund.\"\n\nHeute steht f\u00fcr die Sportsoldatin erst einmal die R\u00fcckreise nach Ruhpolding an, wo Horchler seit Sommer lebt und trainiert, und dann hei\u00dft es W\u00e4sche waschen, bevor es schon am Mittwoch weiter nach Hochfilzen geht. Dort steht am Freitag ein Sprint auf dem Plan, Samstag folgt die Staffel und Sonntag der Verfolger. \"Bis dahin muss ich gut erholt sein, damit ich wieder fit an den Start gehen kann.\" Somit folgt f\u00fcr Karolin Horchler gleich der zweite Einsatz im Weltcup. Doch wie sah es bei der Premiere \u00fcberhaupt mit der Aufregung aus? \"Ich war eher gespannt, was da auf mich zukommt. Und eine gewisse Portion Aufregung ist ganz normal. Neu war f\u00fcr mich, mit der absoluten Weltspitze an den Start zu gehen - das war ein tolles Gef\u00fchl und darauf bin ich sehr stolz.\"\n\nW\u00e4hrend Karolin Horchler am Freitag wieder auf Weltcup-Punktejagd geht, f\u00e4hrt Schwester Nadine, die f\u00fcr den SC Willingen startet, am Dienstag nach Obertilliach, wo sie am Freitag und Samstag im Alpencup antritt, da der zweite IBU-Cup in Martell wegen Schneemangel abgesagt werden musste. In Obertilliach wird die 28-J\u00e4hrige dann aber bis zum 20. Dezember bleiben, denn nach dem Alpencup geht's gleich am 16. mit dem n\u00e4chsten IBU-Cup weiter.\n\nVon Friederike G\u00f6bel",
                    "date": "2014-12-07",
                    "eventUri": "2006542",
                    "id": "27413384",
                    "isDuplicate": false,
                    "lang": "deu",
                    "sim": 0.5275,
                    "source": {
                        "title": "www.hna.de:80",
                        "uri": "www.hna.de:80"
                    },
                    "time": "20:18:00",
                    "title": "\"Einstand super gelaufen\"",
                    "uri": "232294462",
                    "url": "http://www.hna.de:80/sport/regionalsport/wintersport-sti46665/einstand-super-gelaufen-4515862.html?cmp=defrss",
                    "wgt": 1
                }
            ]
        },
        "info": {
            "articleCount": 7,
            "averageDate": "2014-12-10",
            "avgCos": 0.4819,
            "categories": [],
            "customDate": false,
            "customLocation": false,
            "eventUri": "2006542",
            "extractedDate": "",
            "extractedDateEnd": "",
            "id": "2005285",
            "lang": "deu",
            "location": {
                "country": {
                    "labelEng": "Sweden",
                    "lat": 62,
                    "long": 15,
                    "wikiUri": "http://en.wikipedia.org/wiki/Sweden"
                },
                "labelEng": "\u00d6stersund",
                "lat": 63.1792,
                "long": 14.63566,
                "wikiUri": "http://en.wikipedia.org/wiki/\u00d6stersund"
            },
            "storyDate": "2014-12-10",
            "storyDateEnd": "",
            "uri": "b738a3b7-2db3-4d38-88c8-76c4eb4f835b-303826",
            "variance": 0.2678
        }
    },
    "e7e700df-6a06-44ea-a4f3-f736278fc36b-372444": {
        "articles": {
            "resultCount": 12,
            "results": [
                {
                    "body": "La eslovena Tina Maze se ha situado como nueva l\u00edder de la general de la Copa del Mundo femenina de esqu\u00ed alpino al ganar el primer supergigante en este circuito de la temporada, disputado en la estaci\u00f3n canadiense de Lake Louise.\n\nMaze, que ya acumula 25 victorias parciales en la Copa del Mundo -dos esta temporada-, se impuso en Lake Louise con 45 cent\u00e9simas de ventaja sobre la austr\u00edaca Anna Fenninger y 51 sobre la liechtensteniana Tina Weirather.\n\nLa polivalente esquiadora eslovena, dos veces campeona del mundo y otras dos ol\u00edmpica (en Sochia 2014), gan\u00f3 el pasado 15 de noviembre el slalom de Levi (Finlandia). Su triunfo de este viernes, el primero de su vida en Lake Louise, le permite situarse como nueva l\u00edder de la carrera por el Globo de Cristal con 288 puntos.\n\nEn su primera carrera tras su grave lesi\u00f3n, la estadounidense Lindsey Vonn marc\u00f3 el octavo mejor tiempo, a 85 cent\u00e9simas de Maze. La norteamericana sufri\u00f3 una grave lesi\u00f3n de rodilla que ola apart\u00f3 de los Juegos Ol\u00edmpicos de invierno de Sochi 2014.\n\nLa espa\u00f1ola Carolina Ruiz fue decimosexta a 1.43 de la ganadora.",
                    "date": "2014-12-06",
                    "eventUri": "1960007",
                    "id": "27230202",
                    "isDuplicate": false,
                    "lang": "spa",
                    "sim": 0.8368,
                    "source": {
                        "title": "MARCA.com",
                        "uri": "www.marca.com"
                    },
                    "time": "00:15:00",
                    "title": "Tina Maze gana el supergigante de Lake Louise y se pone l\u00edder",
                    "uri": "231832713",
                    "url": "http://www.marca.com/2014/12/05/mas_deportes/nieve/1417813918.html",
                    "wgt": 1
                },
                {
                    "body": "Redacci\u00f3n Deportes, 5 dic.- La eslovena Tina Maze se ha\n\nsituado como nueva l\u00edder de la general de la Copa del Mundo femenina\n\nde esqu\u00ed alpino al ganar este viernes el primer supergigante en este\n\ncircuito de la temporada, disputado en la estaci\u00f3n canadiense de\n\nLake Louise.\n\nMaze, que ya acumula 25 victorias parciales en la Copa del Mundo\n\n-dos esta temporada-, se impuso en Lake Louise con 45 cent\u00e9simas de\n\nventaja sobre la austr\u00edaca Anna Fenninger y 51 sobre la\n\nliechtensteniana Tina Weirather.\n\nLa polivalente esquiadora eslovena, dos veces campeona del mundo\n\ny otras dos ol\u00edmpica (en Sochia 2014), gan\u00f3 el pasado 15 de\n\nnoviembre el slalom de Levi (Finlandia). Su triunfo de este viernes,\n\nel primero de su vida en Lake Louise, le permite situarse como nueva\n\nl\u00edder de la carrera por el Globo de Cristal con 288 puntos.\n\nEn su primera carrera tras su grave lesi\u00f3n, la estadounidense\n\nLindsey Vonn marc\u00f3 el octavo mejor tiempo, a 85 cent\u00e9simas de Maze.\n\nLa norteamericana sufri\u00f3 una grave lesi\u00f3n de rodilla que ola apart\u00f3\n\nde los Juegos Ol\u00edmpicos de invierno de Sochi 2014.\n\nLa espa\u00f1ola Carolina Ruiz fue decimosexta a 1.43 de la ganadora.",
                    "date": "2014-12-06",
                    "eventUri": "1960007",
                    "id": "27251023",
                    "isDuplicate": false,
                    "lang": "spa",
                    "sim": 0.834,
                    "source": {
                        "title": "Radio Intereconom\u00eda",
                        "uri": "www.radiointereconomia.com"
                    },
                    "time": "01:47:00",
                    "title": "Maze wins the supergigante of Lake Louise and is as leader of the cup",
                    "uri": "231897417",
                    "url": "http://www.radiointereconomia.com/2014/12/05/maze-gana-el-supergigante-de-lake-louise-y-se-situa-como-lider-de-la-copa/",
                    "wgt": 1
                },
                {
                    "body": "Redacci\u00f3n Deportes, 5 dic.- La eslovena Tina Maze se ha\n\nsituado como nueva l\u00edder de la general de la Copa del Mundo femenina\n\nde esqu\u00ed alpino al ganar este viernes el primer descenso en este\n\ncircuito de la temporada, disputado en la estaci\u00f3n canadiense de\n\nLake Louise.\n\nMaze, que ya acumula 25 victorias parciales en la Copa del Mundo\n\n-dos esta temporada-, se impuso en Lake Louise con 45 cent\u00e9simas de\n\nventaja sobre la austr\u00edaca Anna Fenninger y 51 sobre la\n\nliechtensteniana Tina Weirather.\n\nLa polivalente esquiadora eslovena, dos veces campeona del mundo\n\ny otras dos ol\u00edmpica (en Sochi 2014), gan\u00f3 el pasado 15 de noviembre\n\nel slalom de Levi (Finlandia). Su triunfo de este viernes, el\n\nprimero de su vida en Lake Louise, le permite situarse como nueva\n\nl\u00edder de la carrera por el Globo de Cristal con 288 puntos.\n\nEn su primera carrera tras su grave lesi\u00f3n, la estadounidense\n\nLindsey Vonn marc\u00f3 el octavo mejor tiempo, a 85 cent\u00e9simas de Maze.\n\nLa norteamericana sufri\u00f3 una grave lesi\u00f3n de rodilla que ola apart\u00f3\n\nde los Juegos Ol\u00edmpicos de invierno de Sochi 2014.\n\nLa espa\u00f1ola Carolina Ruiz fue decimosexta a 1.43 de la ganadora.",
                    "date": "2014-12-06",
                    "eventUri": "1960007",
                    "id": "27252091",
                    "isDuplicate": false,
                    "lang": "spa",
                    "sim": 0.8328,
                    "source": {
                        "title": "Radio Intereconom\u00eda",
                        "uri": "www.radiointereconomia.com"
                    },
                    "time": "01:49:00",
                    "title": "Maze wins the decrease of Lake Louise and is as leader of the cup",
                    "uri": "231897374",
                    "url": "http://www.radiointereconomia.com/2014/12/05/maze-gana-el-descenso-de-lake-louise-y-se-situa-como-lider-de-la-copa/",
                    "wgt": 1
                },
                {
                    "body": "victorias parciales en Copas del Mundo son las que acumula Tina Maze.\n\nCanad\u00e1.- La eslovena Tina Maze se ha situado como nueva l\u00edder de la general de la Copa del Mundo femenina de esqu\u00ed alpino al ganar este viernes el primer supergigante en este circuito de la temporada, disputado en la estaci\u00f3n canadiense de Lake Louise.\n\nMaze, que ya acumula 25 victorias parciales en la Copa del Mundo -- dos esta temporada -- , se impuso en Lake Louise con 45 cent\u00e9simas de ventaja sobre la austr\u00edaca Anna Fenninger y 51 sobre la liechtensteniana Tina Weirather.\n\nLa polivalente esquiadora eslovena, dos veces campeona del mundo y otras dos ol\u00edmpica (en Sochia 2014), gan\u00f3 el pasado 15 de noviembre el slalom de Levi (Finlandia). Su triunfo de este viernes, el primero de su vida en Lake Louise, le permite situarse como nueva l\u00edder de la carrera por el Globo de Cristal con 288 puntos.\n\nEn su primera carrera tras su grave lesi\u00f3n, la estadounidense Lindsey Vonn marc\u00f3 el octavo mejor tiempo, a 85 cent\u00e9simas de Maze.\n\nLa norteamericana sufri\u00f3 una grave lesi\u00f3n de rodilla que la apart\u00f3 de los Juegos Ol\u00edmpicos de invierno de Sochi 2014, pero ahora est\u00e1 de regreso y contin\u00faa demostrando gran calidad.",
                    "date": "2014-12-06",
                    "eventUri": "1960007",
                    "id": "27328051",
                    "isDuplicate": false,
                    "lang": "spa",
                    "sim": 0.821,
                    "source": {
                        "title": "Vanguardia",
                        "uri": "www.vanguardia.com.mx"
                    },
                    "time": "16:28:00",
                    "title": "Maze is the leader of the alpine skiing in the world cup",
                    "uri": "232069662",
                    "url": "http://www.vanguardia.com.mx/mazeeslaliderdelesquialpinoenlacopadelmundo-2221366.html",
                    "wgt": 1
                },
                {
                    "body": "En su segunda carrera tras recuperarse de una grave lesi\u00f3n en la rodilla derecha, la estadounidense Lindsey Vonn volvi\u00f3 este s\u00e1bado a la senda de los triunfos al ganar el descenso de la Copa del Mundo disputado en la estaci\u00f3n canadiense de Beaver Creek.\n\nVonn, campeona ol\u00edmpica de descenso en Vancouver 2010 y campeona mundial de descenso y supergigante en 2009, ha vivido cerca de dos a\u00f1os perseguida por las lesiones. Su maltrecha rodilla derecha le priv\u00f3 de competir en los pasados Juegos Ol\u00edmpicos de Sochi 2014.\n\nEste s\u00e1bado se resarci\u00f3 de tantos sinsabores con una victoria, la sexag\u00e9sima de su carrera en la Copa del Mundo, en el descenso de Lake Louise, una prueba en las que otras dos estadounidenses la acompa\u00f1aron en el podio: Stacey Cook, segunda a 49 cent\u00e9simas, y Julia Mancuso, tercera a 57.\n\nVonn, de 30 a\u00f1os, lleva desde este s\u00e1bado 60 triunfos parciales en la Copa del Mundo (30 descensos, 20 supergigantes, 3 gigantes, 2 slaloms y 5 supercombinadas). Suma adem\u00e1s 104 podios,\n\nNo ganaba en la Copa del Mundo desde el 26 de enero de 2013, cuando se impuso en el gigante disputado en la pista eslovena de Maribor.\n\nAdem\u00e1s, la esquiadora de Vail acumula 17 t\u00edtulos en la Copa del Mundo (4 generales, 6 en descenso, 4 en super-G y 3 en combinada).\n\nSu pesadilla comenz\u00f3 el 5 de febrero de 2013, en los Mundiales de Schladming. En la primera carrera, el supergigante, Vonn sufri\u00f3 una ca\u00edda en la que se rompi\u00f3 dos ligamentos en la rodilla derecha y se fractur\u00f3 la tibia.\n\nTras una largo per\u00edodo de rehabilitaci\u00f3n, Vonn, con la mente puesta en Sochi 2014, plane\u00f3 su regreso a la competici\u00f3n para noviembre de 2013, pero volvi\u00f3 a lesionarse en la misma articulaci\u00f3n durante un entrenamiento. El 7 de enero de 2014 anunci\u00f3 que no podr\u00eda competir en los Juegos de Sochi por sus problemas en la rodilla derecha.\n\nEste viernes reapareci\u00f3 en la competici\u00f3n con un octavo puesto en el descenso de Lake Louise a 85 cent\u00e9simas de la ganadora, la eslovena Tina Maze. Al d\u00eda siguiente la norteamericana se impuso en el segundo descenso para recuperar la sonrisa.\n\nLa espa\u00f1ola Carolina Ruiz acab\u00f3 en el trig\u00e9simo puesto a 2.50 minutos de Vonn.",
                    "date": "2014-12-06",
                    "eventUri": "1960007",
                    "id": "27350867",
                    "isDuplicate": false,
                    "lang": "spa",
                    "sim": 0.803,
                    "source": {
                        "title": "MARCA.com",
                        "uri": "www.marca.com"
                    },
                    "time": "23:37:00",
                    "title": "Lindsey Vonn vuelve a lo m\u00e1s alto",
                    "uri": "232132013",
                    "url": "http://www.marca.com/2014/12/06/mas_deportes/nieve/1417904566.html",
                    "wgt": 1
                },
                {
                    "body": "En su segunda carrera tras recuperarse de una grave lesi\u00f3n en la rodilla derecha, la estadounidense Lindsey Vonn volvi\u00f3 este s\u00e1bado a la senda de los triunfos al ganar el descenso de la Copa del Mundo disputado en la estaci\u00f3n canadiense de Beaver Creek.\n\nVonn, campeona ol\u00edmpica de descenso en Vancouver 2010 y campeona mundial de descenso y supergigante en 2009, ha vivido cerca de dos a\u00f1os perseguida por las lesiones. Su maltrecha rodilla derecha le priv\u00f3 de competir en los pasados Juegos Ol\u00edmpicos de Sochi 2014.\n\nEste s\u00e1bado se resarci\u00f3 de tantos sinsabores con una victoria, la sexag\u00e9sima de su carrera en la Copa del Mundo, en el descenso de Lake Louise, una prueba en las que otras dos estadounidenses la acompa\u00f1aron en el podio: Stacey Cook, segunda a 49 cent\u00e9simas, y Julia Mancuso, tercera a 57.\n\nVonn, de 30 a\u00f1os, lleva desde este s\u00e1bado 60 triunfos parciales en la Copa del Mundo (30 descensos, 20 supergigantes, 3 gigantes, 2 slaloms y 5 supercombinadas). Suma adem\u00e1s 104 podios,\n\nNo ganaba en la Copa del Mundo desde el 26 de enero de 2013, cuando se impuso en el gigante disputado en la pista eslovena de Maribor. Adem\u00e1s, la esquiadora de Vail acumula 17 t\u00edtulos en la Copa del Mundo (4 generales, 6 en descenso, 4 en super-G y 3 en combinada).\n\nSu pesadilla comenz\u00f3 el 5 de febrero de 2013, en los Mundiales de Schladming. En la primera carrera, el supergigante, Vonn sufri\u00f3 una ca\u00edda en la que se rompi\u00f3 dos ligamentos en la rodilla derecha y se fractur\u00f3 la tibia.\n\nTras una largo per\u00edodo de rehabilitaci\u00f3n, Vonn, con la mente puesta en Sochi 2014, plane\u00f3 su regreso a la competici\u00f3n para noviembre de 2013, pero volvi\u00f3 a lesionarse en la misma articulaci\u00f3n durante un entrenamiento. El 7 de enero de 2014 anunci\u00f3 que no podr\u00eda competir en los Juegos de Sochi por sus problemas en la rodilla derecha.\n\nEste viernes reapareci\u00f3 en la competici\u00f3n con un octavo puesto en el descenso de Lake Louise a 85 cent\u00e9simas de la ganadora, la eslovena Tina Maze. Al d\u00eda siguiente la norteamericana se impuso en el segundo descenso para recuperar la sonrisa. La espa\u00f1ola Carolina Ruiz acab\u00f3 en el trig\u00e9simo puesto a 2.50 minutos de Vonn.",
                    "date": "2014-12-07",
                    "eventUri": "1960007",
                    "id": "27368394",
                    "isDuplicate": false,
                    "lang": "spa",
                    "sim": 0.803,
                    "source": {
                        "title": "AS.com",
                        "uri": "masdeporte.as.com"
                    },
                    "time": "06:08:00",
                    "title": "Lindsey Vonn vuelve a ganar",
                    "uri": "232174734",
                    "url": "http://masdeporte.as.com/masdeporte/2014/12/06/polideportivo/1417899670_388693.html",
                    "wgt": 1
                },
                {
                    "body": "En su segunda carrera tras recuperarse de una grave lesi\u00f3n en la rodilla derecha, la estadounidense Lindsey Vonn volvi\u00f3 este s\u00e1bado a la senda de los triunfos al ganar el descenso de la Copa del Mundo disputado en la estaci\u00f3n canadiense de Beaver Creek.\n\nVonn, campeona ol\u00edmpica de descenso en Vancouver 2010 y campeona mundial de descenso y supergigante en 2009, ha vivido cerca de dos a\u00f1os perseguida por las lesiones. Su maltrecha rodilla derecha le priv\u00f3 de competir en los pasados Juegos Ol\u00edmpicos de Sochi 2014.\n\nEste s\u00e1bado se resarci\u00f3 de tantos sinsabores con una victoria, la sexag\u00e9sima de su carrera en la Copa del Mundo, en el descenso de Lake Louise, una prueba en las que otras dos estadounidenses la acompa\u00f1aron en el podio: Stacey Cook, segunda a 49 cent\u00e9simas, y Julia Mancuso, tercera a 57.\n\nVonn, de 30 a\u00f1os, lleva desde este s\u00e1bado 60 triunfos parciales en la Copa del Mundo (30 descensos, 20 supergigantes, 3 gigantes, 2 slaloms y 5 supercombinadas). Suma adem\u00e1s 104 podios,\n\nNo ganaba en la Copa del Mundo desde el 26 de enero de 2013, cuando se impuso en el gigante disputado en la pista eslovena de Maribor.\n\nAdem\u00e1s, la esquiadora de Vail acumula 17 t\u00edtulos en la Copa del Mundo (4 generales, 6 en descenso, 4 en super-G y 3 en combinada).\n\nSu pesadilla comenz\u00f3 el 5 de febrero de 2013, en los Mundiales de Schladming. En la primera carrera, el supergigante, Vonn sufri\u00f3 una ca\u00edda en la que se rompi\u00f3 dos ligamentos en la rodilla derecha y se fractur\u00f3 la tibia.\n\nTras una largo per\u00edodo de rehabilitaci\u00f3n, Vonn, con la mente puesta en Sochi 2014, plane\u00f3 su regreso a la competici\u00f3n para noviembre de 2013, pero volvi\u00f3 a lesionarse en la misma articulaci\u00f3n durante un entrenamiento. El 7 de enero de 2014 anunci\u00f3 que no podr\u00eda competir en los Juegos de Sochi por sus problemas en la rodilla derecha.\n\nEste viernes reapareci\u00f3 en la competici\u00f3n con un octavo puesto en el descenso de Lake Louise a 85 cent\u00e9simas de la ganadora, la eslovena Tina Maze. Al d\u00eda siguiente la norteamericana se impuso en el segundo descenso para recuperar la sonrisa.\n\nMaze, octava este s\u00e1bado, sigue al frente de la general de la Copa del Mundo con 320 puntos. Vonn irrumpe en el d\u00e9cimo puesto con 132.\n\nEn la general de descenso Von ha empatado en el liderato con Tina Maze. Ambas acumulan 132 puntos.\n\n- Clasificaci\u00f3n descenso de Lake Louise:\n\n.1. Lindsey Vonn (USA) 1:50.48\n\n.2. Stacey Cook (USA) a 49\n\n.3. Julia Mancuso (USA) a 57\n\n.4. Larisa Yurkiw (CAN) a 74\n\n.5. Viktoria Rebensburg (ALE) a 76\n\n.6. Laurenne Ross (USA) a 81\n\n.7. Elena Fanchini (ITA) a 86\n\n.8. Tina Maze (SLO) a 89\n\n.9. Anna Fenninger (AUT) a 91\n\n10. Cornelia H\u00fctter (AUT) a 1.00\n\n- General Copa del Mundo:\n\n.1. Tina Maze (SLO) 320 puntos\n\n.2. Kathrin Zettel (AUT) 250\n\n.3. Anna Fenninger (AUT) 231\n\n.4. Mikaela Shiffrin (USA) 209\n\n.5. Frida Hansdotter (SUE) 175\n\n.6. Eva-Maria Brem (AUT) 166\n\n.7. Maria Pietilae-Holmner (SUE) 154\n\n.8. Viktoria Rebensburg (ALE) 147\n\n.9. Nicole Hosp (AUT) 141\n\n10. Lindsey Vonn (USA) 132\n\n- Copa del Mundo de descenso:\n\n.1. Tina Maze (SLO) 132 puntos\n\n.1. Lindsey Vonn (USA) 132\n\n.3. Anna Fenninger (AUT) 109\n\n.3. Stacey Cook (USA) 109\n\n.5. Julia Mancuso (USA) 96.",
                    "date": "2014-12-06",
                    "eventUri": "1960007",
                    "id": "27345912",
                    "isDuplicate": false,
                    "lang": "spa",
                    "sim": 0.8028,
                    "source": {
                        "title": "Metro Mexico City",
                        "uri": "www.publimetro.com.mx"
                    },
                    "time": "21:50:00",
                    "title": "Lindsey Vonn vuelve a ganar",
                    "uri": "232118063",
                    "url": "http://www.publimetro.com.mx/publisport/lindsey-vonn-vuelve-a-ganar/enlf%212484799/",
                    "wgt": 1
                },
                {
                    "body": "La estadounidense logra en el descenso de Lake Louis su victoria 60 en la Copa del mundo, tras casi dos a\u00f1os lesionada\n\nY en su segunda carrera volvi\u00f3 a triunfar. Lindsey Vonn ha dicho por fin adi\u00f3s a su lesi\u00f3n de rodilla, esa que la lleva torturando durante casi dos a\u00f1os. El viernes reapareci\u00f3 en Lake Louise, octava en el primer descenso. Y el s\u00e1bado lleg\u00f3 el premio. La norteamericana gan\u00f3 el segundo descenso en la estaci\u00f3n canadiense, su victoria n\u00famero 60 en la Copa del Mundo.\n\nVonn, campeona ol\u00edmpica de descenso en Vancouver 2010 y campeona mundial de descenso y supergigante en 2009, ha vivido cerca de dos a\u00f1os perseguida por las lesiones. Su maltrecha rodilla derecha le priv\u00f3 de competir en los pasados Juegos Ol\u00edmpicos de Sochi 2014.\n\nEste s\u00e1bado se resarci\u00f3 de tantos sinsabores con otras dos estadounidenses en el podio: Stacey Cook, segunda a 49 cent\u00e9simas, y Julia Mancuso, tercera a 57. Estados Unidos celebr\u00f3 as\u00ed su primer 'triplete' en la Copa del Mundo de esqu\u00ed alpino desde la creaci\u00f3n de la competencia en 1967, ya sea entre hombres o mujeres.\n\n\"Es un gran sentimiento estar de vuelta en lo m\u00e1s alto despu\u00e9s de tanto trabajo duro. Siempre supe que volver\u00eda\", dijo Vonn con l\u00e1grimas en los ojos. \"Fue algo incre\u00edble y muy emotivo, un regreso perfecto\", a\u00f1adi\u00f3 Vonn, que celebr\u00f3 el triunfo lanz\u00e1ndose emocionada sobre la nieve.\n\nVonn, de 30 a\u00f1os, ha ganado 60 pruebas de la Copa del Mundo (30 descensos, 20 supergigantes, 3 gigantes, 2 slaloms y 5 supercombinadas). Suma adem\u00e1s 104 podios, pero hab\u00eda que remontarse al 26 de enero de 2013 para recordar su \u00faltimo triunfo, en el gigante de Maribor. Adem\u00e1s, la esquiadora de Vail acumula 17 t\u00edtulos en la Copa del Mundo (4 generales, 6 en descenso, 4 en super-G y 3 en combinada).\n\nSu pesadilla comenz\u00f3 el 5 de febrero de 2013, en los Mundiales de Schladming. En la primera carrera, el supergigante, Vonn sufri\u00f3 una ca\u00edda en la que se rompi\u00f3 dos ligamentos en la rodilla derecha y se fractur\u00f3 la tibia. Tras una largo per\u00edodo de rehabilitaci\u00f3n, Vonn, con la mente puesta en Sochi 2014, plane\u00f3 su regreso a la competici\u00f3n para noviembre de 2013, pero volvi\u00f3 a lesionarse en la misma articulaci\u00f3n durante un entrenamiento. El 7 de enero de 2014 anunci\u00f3 que no podr\u00eda competir a los Juegos rusos.\n\nMaze, octava este s\u00e1bado, sigue al frente de la general de la Copa del Mundo con 320 puntos. Vonn irrumpe en el d\u00e9cimo puesto con 132. En la general de descenso Von ha empatado en el liderato con Tina Maze. Ambas acumulan 132 puntos.",
                    "date": "2014-12-06",
                    "eventUri": "1960007",
                    "id": "27348978",
                    "isDuplicate": false,
                    "lang": "spa",
                    "sim": 0.7204,
                    "source": {
                        "title": "ELMUNDO",
                        "uri": "www.elmundo.es"
                    },
                    "time": "22:54:00",
                    "title": "Regreso triunfal de Lindsay Vonn",
                    "uri": "232126915",
                    "url": "http://www.elmundo.es/deportes/2014/12/06/54837b6622601da0228b458c.html",
                    "wgt": 1
                },
                {
                    "body": "La suiza Lara Gut, bronce ol\u00edmpico en descenso, consigui\u00f3 este domingo la victoria en el primer Supergigante de la temporada de esqu\u00ed alpino, en la estaci\u00f3n canadiense de Lake Louise.\n\nGut, de 23 a\u00f1os, ganadoras del Globo de la especialidad en 2014, se impuso con un tiempo de 1:18.46, seguida de la estadounidense Lindsey Vonn (1:18.83) y de la eslovena Tina Maze (1:19.27).\n\n-- Clasificaci\u00f3n Supergigante de Lake Louise:\n\n.1. Lara Gut (SUI) 1:18.46\n\n.2. Lindsey Vonn (USA) 1:18.83 (+0.37)\n\n.3. Tina Maze (SLO) 1:19.27 (+0.81)\n\n.4. Viktoria Rebensburg (GER) 1:19.33 (+0.87)\n\n.5. Cornelia Huetter (AUT) 1:19.37 (+0.91)\n\n.6. Julia Mancuso (USA) 1:19.43 (+0.97)\n\n.7. Tina Weirather (LIE) 1:19.59 (+1.13)\n\n.8. Anna Fenninger (AUT) 1:19.63 (+1.17)\n\n.9. Daniela Merighetti (ITA) 1:19.88 (+1.42)\n\n10. Kajsa Kling (SWE) 1:19.91 (+1.45)",
                    "date": "2014-12-07",
                    "eventUri": "1960007",
                    "id": "27424592",
                    "isDuplicate": false,
                    "lang": "spa",
                    "sim": 0.6725,
                    "source": {
                        "title": "Metro Mexico City",
                        "uri": "www.publimetro.com.mx"
                    },
                    "time": "22:45:00",
                    "title": "La suiza Lara Gut gana el primer Supergigante de la temporada",
                    "uri": "232325218",
                    "url": "http://www.publimetro.com.mx/publisport/la-suiza-lara-gut-gana-el-primer-supergigante-de-la-temporada/enlg%212485345/",
                    "wgt": 1
                },
                {
                    "body": "La suiza Lara Gut, bronce ol\u00edmpico en descenso, consigui\u00f3 este domingo la victoria en el primer Supergigante de la temporada de esqu\u00ed alpino, en el que la espa\u00f1ola Carolina Ruiz se ha clasificado decimoctava.\n\nGut, de 23 a\u00f1os, ganadoras del Globo de la especialidad en 2014, se impuso con un tiempo de 1:18.46, seguida de la estadounidense Lindsey Vonn (1:18.83) y de la eslovena Tina Maze (1:19.27).\n\nLa andaluza de origen chileno Carolina Ruiz, de 33 a\u00f1os, \u00fanica espa\u00f1ola que ha ganado un descenso de la Copa del Mundo de esqu\u00ed alpino -el de Meribel (Francia), en febrero de 2013-, termin\u00f3 decimoctava con un tiempo de 1:20.25, despu\u00e9s de haber partido con el dorsal n\u00famero 5.",
                    "date": "2014-12-07",
                    "eventUri": "1960007",
                    "id": "27412825",
                    "isDuplicate": false,
                    "lang": "spa",
                    "sim": 0.5175,
                    "source": {
                        "title": "AS.com",
                        "uri": "masdeporte.as.com"
                    },
                    "time": "20:08:00",
                    "title": "Lara Gut se lleva el primer supergigante de la temporada",
                    "uri": "232293200",
                    "url": "http://masdeporte.as.com/masdeporte/2014/12/07/polideportivo/1417981967_422802.html",
                    "wgt": 1
                },
                {
                    "body": "El austr\u00edaco Hannes Reichelt se impuso este s\u00e1bado en el supergigante disputado en la estaci\u00f3n estadounidense de Beaver Creek, y lo hizo por delante del esquiador m\u00e1s en forma del momento, el noruego Kjetil Janrsud, que llevaba tres victorias consecutivas en las tres primeras pruebas de velocidad de la Copa del Mundo.\n\nJanrud buscaba este s\u00e1bado su cuarta victoria seguida, tras haber ganado hace una semana el descenso y el superigante de Lake Louise (Canad\u00e1) y, este mismo viernes, el descenso de Beaver Creek. S\u00f3lo otros dos esquiadores han ganado las tres primeras carreras de velocidad de la Copa del Mundo: Bode Miller en 2004 y Stephan Eberharter en 2002.\n\n\u00danicamente un error en la parte final del recorrido, que a punto estuvo de costarle una ca\u00edda, impidi\u00f3 a Jansrud lograr un nuevo triunfo. Al final fue Reichelt el ganador del superigante de Beaver Creek. Con 52 cent\u00e9simas menos que Jansrud y 62 de margen respecto al tercero, el franc\u00e9s Alexis Pinturault.\n\nLa de este s\u00e1bado es la octava victoria -tercera en Beaver Creek- de Reichelt, de 34 a\u00f1os, en la Copa del Mundo, y la primera desde el pasado 25 de enero, cuando se impuso en el descenso de Kitzb\u00fchel (Austria).\n\nEl estadounidense Ted Ligety, de regreso tras su lesi\u00f3n en la mu\u00f1eca izquierda, sigue su proceso de readaptaci\u00f3n y este s\u00e1bado fue und\u00e9cimo a 1:11 de Reichelt.\n\nKjetil Jansrud se afianza un poco m\u00e1s al frente de la general de la Copa del Mundo, por su segunda plaza y porque el austr\u00edaco Marcel Hirscher no pudo acabar este s\u00e1bado en Beaver Creek.",
                    "date": "2014-12-06",
                    "eventUri": "1960007",
                    "id": "27350875",
                    "isDuplicate": false,
                    "lang": "spa",
                    "sim": 0.4457,
                    "source": {
                        "title": "MARCA.com",
                        "uri": "www.marca.com"
                    },
                    "time": "23:37:00",
                    "title": "Reichelt frena a Jansrud en el supergigante de Beaver Creek",
                    "uri": "232132018",
                    "url": "http://www.marca.com/2014/12/06/mas_deportes/nieve/1417898940.html",
                    "wgt": 1
                },
                {
                    "body": "El austriaco Hannes Reichelt entrena en descenso durante la Copa Mundial de esqu\u00ed, en Beaver Creek, Colorado (EE.UU.). EFE\n\nEl austr\u00edaco Hannes Reichelt se impuso este s\u00e1bado en el supergigante disputado en la estaci\u00f3n estadounidense de Beaver Creek, y lo hizo por delante del esquiador m\u00e1s en forma del momento, el noruego Kjetil Janrsud, que llevaba tres victorias consecutivas en las tres primeras pruebas de velocidad de la Copa del Mundo.\n\nJanrud buscaba este s\u00e1bado su cuarta victoria seguida, tras haber ganado hace una semana el descenso y el superigante de Lake Louise (Canad\u00e1) y, este mismo viernes, el descenso de Beaver Creek. S\u00f3lo otros dos esquiadores han ganado las tres primeras carreras de velocidad de la Copa del Mundo: Bode Miller en 2004 y Stephan Eberharter en 2002.\n\n\u00danicamente un error en la parte final del recorrido, que a punto estuvo de costarle una ca\u00edda, impidi\u00f3 a Jansrud lograr un nuevo triunfo. Al final fue Reichelt el ganador del superigante de Beaver Creek. Con 52 cent\u00e9simas menos que Jansrud y 62 de margen respecto al tercero, el franc\u00e9s Alexis Pinturault.\n\nLa de este s\u00e1bado es la octava victoria -tercera en Beaver Creek- de Reichelt, de 34 a\u00f1os, en la Copa del Mundo, y la primera desde el pasado 25 de enero, cuando se impuso en el descenso de Kitzb\u00fchel (Austria).\n\nEl estadounidense Ted Ligety, de regreso tras su lesi\u00f3n en la mu\u00f1eca izquierda, sigue su proceso de readaptaci\u00f3n y este s\u00e1bado fue und\u00e9cimo a 1:11 de Reichelt.\n\nKjetil Jansrud se afianza un poco m\u00e1s al frente de la general de la Copa del Mundo, por su segunda plaza y porque el austr\u00edaco Marcel Hirscher no pudo acabar este s\u00e1bado en Beaver Creek.\n\nEste domingo se disputa una nueva prueba en Beaver Creek. Ser\u00e1 un gigante. La primera manga a partir de las 17.45 CET (16.45 GMT) y la segunda, a las 20.45 CET (19.45 GMT).\n\n- Clasificaci\u00f3n supergigante Beaver Creek:\n\n.1. Hannes Reichelt (AUT) 1:12.78\n\n.2. Kjetil Jansrud (NOR) a 52\n\n.3. Alexis Pinturault (FRA) a 62\n\n.4. Peter Fill (ITA) a 66\n\n.5. Dominik Paris (ITA) a 82\n\n.6. Georg Streitberger (AUT) a 84\n\n.7. Didier Defago (SUI) a 99\n\n.8. Matteo Marsaglia (ITA) a 1.01\n\n.9. Carlo Janka (SUI) a 1.03\n\n10. Andrew Weibrecht (USA) a 1.07\n\n11. Ted Ligety (USA) a 1.11.",
                    "date": "2014-12-06",
                    "eventUri": "1960007",
                    "id": "27339869",
                    "isDuplicate": false,
                    "lang": "spa",
                    "sim": 0.4229,
                    "source": {
                        "title": "Metro Mexico City",
                        "uri": "www.publimetro.com.mx"
                    },
                    "time": "19:55:00",
                    "title": "Reichelt frena a Jansrud en el supergigante de Beaver Creek",
                    "uri": "232101910",
                    "url": "http://www.publimetro.com.mx/publisport/reichelt-frena-a-jansrud-en-el-supergigante-de-beaver-creek/enlf%212484764/",
                    "wgt": 1
                }
            ]
        },
        "info": {
            "articleCount": 12,
            "averageDate": "2014-12-06",
            "avgCos": 0.5016,
            "categories": [],
            "customDate": false,
            "customLocation": false,
            "eventUri": "1960007",
            "extractedDate": "",
            "extractedDateEnd": "",
            "id": "1960007",
            "lang": "spa",
            "storyDate": "2014-12-06",
            "storyDateEnd": "",
            "uri": "e7e700df-6a06-44ea-a4f3-f736278fc36b-372444",
            "variance": 0.2484
        }
    },
    "meta": {
        "CCAArticleMatchCount": 8,
        "CCAArticleMatchRatio": 0.1,
        "CCAAvgCosSim": 0.5972687499999999,
        "CCAAvgMatchWgt": 34.625,
        "_articleUri1": "233380402",
        "_articleUri2": "231832713",
        "_datetime": "2015-01-20 17:32:00",
        "_ruleBasedShouldMerge": false,
        "_storyUri1": "b738a3b7-2db3-4d38-88c8-76c4eb4f835b-303826",
        "_storyUri2": "e7e700df-6a06-44ea-a4f3-f736278fc36b-372444",
        "_username": "Evgenia Belyaeva",
        "artCount1": 7,
        "artCount2": 12,
        "avgCosSimStory1": 0.4819,
        "avgCosSimStory2": 0.5016,
        "categorySim": 0,
        "conceptCosSim": 0.04487746177263918,
        "conceptJaccardSim": 0.1,
        "coreTime1": 130916.3,
        "coreTime2": 130873.7833333333,
        "coreTimeStDev1": 31.74408688487047,
        "coreTimeStDev2": 11.80737540221609,
        "entityCosSim": 0.06603552759329312,
        "entityJaccardSim": 0.1818181818181818,
        "extractedDateJaccardSim": 0,
        "extractedDatesStory1": 0,
        "extractedDatesStory2": 2,
        "hasSameLocation": 0,
        "keywordCosSim": 0.03757240165092719,
        "keywordJaccardSim": 0.05263157894736842,
        "lang1": "deu",
        "lang2": "spa",
        "matchingDateCount": 0,
        "matchingDateRatio": 0,
        "ratioAnnotatedArticlesStory1": 1,
        "ratioAnnotatedArticlesStory2": 1,
        "shouldMerge": false,
        "storyQuality1": 8,
        "storyQuality2": 13,
        "timeAvg1": 130986.2571428572,
        "timeAvg2": 130893.1013888889,
        "timeStDev1": 31.74408688487047,
        "timeStDev2": 14.40218196292438,
        "varianceStory1": 0.2678,
        "varianceStory2": 0.2484
    }
}