{
    "850f305d-14db-4c75-b547-79470a557ea3-706166": {
        "articles": {
            "resultCount": 12,
            "results": [
                {
                    "body": "ANDREA Pinedo managed to secure seven GCSEs despite only starting the courses 11 months ago.\n\nThe 16-year-old moved to Oxford from Venezuela in September and enrolled at Oxford Spires Academy.\n\nYesterday she opened her envelope to find two A*s, two As, two Bs and a C.\n\nThe Headington resident said: \"It was demanding but I knew I had to keep a balance. I want to be an actor so it was important for me to do things outside of the exams.\n\n\"I did put pressure on myself and I didn't want to be disappointed.\"\n\nDo you want alerts delivered straight to your phone via our WhatsApp service? Text NEWS or SPORT or NEWS AND SPORT, depending on which services you want, and your full name to 07767 417704. Save our number into your phone's contacts as Oxford Mail WhatsApp and ensure you have WhatsApp installed.\n\nOur top stories\n\nRelated links GCSE success stories around the county GCSE results should send a clear message to Mr Gove",
                    "date": "2014-08-31",
                    "eventUri": "1214535",
                    "id": "18207272",
                    "isDuplicate": false,
                    "lang": "eng",
                    "sim": 0.7816,
                    "source": {
                        "title": "Bicester Advertiser",
                        "uri": "www.bicesteradvertiser.net"
                    },
                    "time": "03:01:00",
                    "title": "Spires newcomer is clearly a fast learner",
                    "uri": "207408957",
                    "url": "http://www.bicesteradvertiser.net/education/11426368.Spires_newcomer_is_clearly_a_fast_learner/?ref=rss",
                    "wgt": 1
                },
                {
                    "body": "FROM jittery to joyful, these pictures capture what GCSE results meant to every pupil across Oxfordshire yesterday.\n\nWith a shaking hand Zainab Azam opened her envelope and read her results: one A*, eight As, three Bs.\n\nThe Oxford Spires Academy pupil, 16, said: \"I'm really happy. I've done better in some subjects than I thought I would. When I finished my physics exam I wasn't too sure how I'd done, but it's all been okay.\" Zainab, from Cowley, added: \"I was predicted high grades so the pressure of keeping up with that was tough. I didn't want to disappoint anybody, but I don't think I have.\"\n\nNow Zainab is planning to take A-Levels at the East Oxford academy and then study dentistry at university.\n\nDo you want alerts delivered straight to your phone via our WhatsApp service? Text NEWS or SPORT or NEWS AND SPORT, depending on which services you want, and your full name to 07767 417704. Save our number into your phone's contacts as Oxford Mail WhatsApp and ensure you have WhatsApp installed.\n\nOur top stories\n\nRelated links GCSE results should send a clear message to Mr Gove",
                    "date": "2014-08-31",
                    "eventUri": "1214535",
                    "id": "18204746",
                    "isDuplicate": false,
                    "lang": "eng",
                    "sim": 0.6891,
                    "source": {
                        "title": "Bicester Advertiser",
                        "uri": "www.bicesteradvertiser.net"
                    },
                    "time": "02:52:00",
                    "title": "GCSE joy for Zainab",
                    "uri": "207408938",
                    "url": "http://www.bicesteradvertiser.net/education/11426437.GCSE_joy_for_Zainab/?ref=rss",
                    "wgt": 1
                },
                {
                    "body": "A 34-year-old man has avoided jail after he was convicted of carrying out a sexual assault.\n\nJohn Draper, of Whittenham Close, Reading, was found guilty by a jury of committing the offence on August 2 last year against a child under 13 in Wallingford.\n\nHe was yesterday handed an 18-month prison sentence, suspended for two years, with 180 hours of unpaid work and two years supervision.\n\nDraper was also made subject to a sexual offences prevention order and will be on the sex offenders' register for 10 years.\n\nThe case was heard in Oxford Crown Court.\n\nDo you want alerts delivered straight to your phone via our WhatsApp service? Text NEWS or SPORT or NEWS AND SPORT, depending on which services you want, and your full name to 07767 417704. Save our number into your phone's contacts as Oxford Mail WhatsApp and ensure you have WhatsApp installed\n\nOur top stories",
                    "date": "2014-08-31",
                    "eventUri": "1214535",
                    "id": "18204612",
                    "isDuplicate": false,
                    "lang": "eng",
                    "sim": 0.6763,
                    "source": {
                        "title": "Herald Series",
                        "uri": "www.heraldseries.co.uk"
                    },
                    "time": "02:50:00",
                    "title": "Sentence suspended",
                    "uri": "207415245",
                    "url": "http://www.heraldseries.co.uk/news/hswallingfordnews/11417540.Sentence_suspended/?ref=rss",
                    "wgt": 1
                },
                {
                    "body": "identical twins Ben, left, and Lewis Thorne, who got identical grades at Oxford Spires Academy\n\nEXAMINERS were seeing double when they marked the papers of identical twins Ben and Lewis Thorne, who got identical grades of nine A*s and three As.\n\nThe Oxford Spires Academy pupils - who are also active in sport and drama at the Glanville Road, East Oxford, school - were among its top pupils. On top of their impressive grades the 16-year-olds, who live in Cowley, both got full marks in all of their physics and chemistry exams.\n\nBen said: \"They were what we expected; we thought we'd do quite well.\n\n\"We're really pleased.\"\n\nLewis added: \"It's quite nice to take them together. It means you have someone to talk to about how they went and have someone to revise with.\n\n\"Because we have quite similar strengths it's a good comparison on how you've done.\"\n\nHe said: \"It would be really awkward if we were quite different in ability.\n\n\"Imagine if one person found the exams hard and the other found it really easy.\"\n\nPrincipal Sue Croft said: \"I'm really pleased for them.\n\n\"It's incredible - very impressive.\"\n\nDo you want alerts delivered straight to your phone via our WhatsApp service? Text NEWS or SPORT or NEWS AND SPORT, depending on which services you want, and your full name to 07767 417704. Save our number into your phone's contacts as Oxford Mail WhatsApp and ensure you have WhatsApp installed.\n\nRelated links Headteachers criticise new policy of 'half-time results' GCSE results should send a clear message to Mr Gove\n\nOur top stories",
                    "date": "2014-08-31",
                    "eventUri": "1214535",
                    "id": "18206174",
                    "isDuplicate": false,
                    "lang": "eng",
                    "sim": 0.641,
                    "source": {
                        "title": "Bicester Advertiser",
                        "uri": "www.bicesteradvertiser.net"
                    },
                    "time": "02:56:00",
                    "title": "It's a photo finish for A-grade identical twins",
                    "uri": "207408948",
                    "url": "http://www.bicesteradvertiser.net/education/11426153.It___s_a_photo_finish_for_A_grade_identical_twins/?ref=rss",
                    "wgt": 1
                },
                {
                    "body": "OXFORDSHIRE County Council said last night it cannot yet tell how many pupils are achieving the national target because of disparities in how results are being reported.\n\nThe education authority said it was because some schools chose to submit their best results - which include resits - while others submitted their official results, which don't include resits.\n\nChanges introduced by the Government mean that a school's position in league tables depends on the first sitting of an exam, with resits not being taken into account.\n\nBut some schools are ignoring this and releasing their best results.\n\nCounty cabinet member for education, Melinda Tilley, said: \"This is very much a new regime - which inevitably makes it difficult to make meaningful comparisons with results from previous years.\n\n\"However, it is right that the Government has focused on ensuring GCSEs represent a tough challenge for students.\"\n\nDo you want alerts delivered straight to your phone via our WhatsApp service? Text NEWS or SPORT or NEWS AND SPORT, depending on which services you want, and your full name to 07767 417704. Save our number into your phone's contacts as Oxford Mail WhatsApp and ensure you have WhatsApp installed.\n\nRelated links Oxford Academy results fall amid celebrations elsewhere GCSE results should send a clear message to Mr Gove\n\nOur top stories",
                    "date": "2014-08-31",
                    "eventUri": "1214535",
                    "id": "18202864",
                    "isDuplicate": false,
                    "lang": "eng",
                    "sim": 0.6328,
                    "source": {
                        "title": "Bicester Advertiser",
                        "uri": "www.bicesteradvertiser.net"
                    },
                    "time": "02:42:00",
                    "title": "Change hits county GCSE statistics",
                    "uri": "207408991",
                    "url": "http://www.bicesteradvertiser.net/education/11426269.Change_hits_county_GCSE_statistics/?ref=rss",
                    "wgt": 1
                },
                {
                    "body": "OXFORDSHIRE looks to have bucked the national trend yesterday as the county's pass rate remained stable despite a nationwide dip.\n\nThousands of students across Oxfordshire nervously tore open envelopes yesterday morning to find out what their A-Level results were, putting an end to years of hard work.\n\nEarly indications appeared to show that results across Oxfordshire were similar to last year, with about 93 per cent of students gaining two or more A-Levels at the pass rate - grades A* to E.\n\nLast year's figure was 92.6 per cent.\n\nNationally, 98 per cent of exams scored at least an E this summer, down by 0.1 percentage points - the first time it has fallen in 32 years.\n\nMelinda Tilley, the county council cabinet member for education, said: \"Congratulations to all those students receiving such excellent results.\n\n\"As always, results day represents the culmination of years of hard work on the part of the young people themselves, and the efforts of dedicated teaching staff.\n\n\"Parents also play a crucial role in supporting their children through the exam period, which can be extremely stressful.\"\n\nDo you want alerts delivered straight to your phone via our WhatsApp service? Text NEWS or SPORT or NEWS AND SPORT, depending on which services you want, and your full name to 07767 417704. Save our number into your phone's contacts as Oxford Mail WhatsApp and ensure you have WhatsApp installed.\n\nOur top stories",
                    "date": "2014-08-31",
                    "eventUri": "1214535",
                    "id": "18206443",
                    "isDuplicate": false,
                    "lang": "eng",
                    "sim": 0.6259,
                    "source": {
                        "title": "Bicester Advertiser",
                        "uri": "www.bicesteradvertiser.net"
                    },
                    "time": "03:00:00",
                    "title": "A-Level results: county bucks trend as national figures dip",
                    "uri": "207409083",
                    "url": "http://www.bicesteradvertiser.net/education/11411393.A_Level_results__county_bucks_trend_as_national_figures_dip/?ref=rss",
                    "wgt": 1
                },
                {
                    "body": "IT is hard enough to get nine A*s, two As and a B in your GCSEs, but 16-year-old Maia Jordan has done it all while being a young carer at home.\n\nThe King Alfred's Academy pupil, from West Hendred, helps look after her three younger siblings - Kasia, 14, Jan, 11, and 10-year-old Eliza - because her mother, Anne, suffers from mental health problems and works full-time as a primary school teacher.\n\nShe said: \"It means making their school lunches, making them breakfast, and helping them do their homework when they come home from school. And I do a lot of the housework. It becomes difficult to manage school work on top.\n\n\"I had quite high aspirations for what grades I wanted to get, so it was hard trying to do the amount of revision I needed to get those grades.\"\n\nMaia took on her caring responsibilities last year when her older brother, Isaac, 19, left to travel through Australia and Vietnam before going to Cambridge University in September.\n\nNow her GCSEs are in the bag, Maia is going to do her A-Levels and then hopes to go to the University of Edinburgh to study performance costume design.\n\nMeanwhile 16-year-old Emily Jones a student at Abingdon's John Mason School, found herself giving birth four weeks before her exams started.\n\nRelated links Classy pupils prove they're stars all round GCSE results should send a clear message to Mr Gove\n\nShe said: \"It was difficult, every time I did my exams and was revising she just kept moving around and was distracting me a little bit, it was quite hard.\n\n\"Lilia is four weeks in a couple of days and I had her while revising.\n\n\"I want to be a Macmillan nurse so I'm going to try my best next year in college to try and get what I need to do that.\"\n\nShe managed to get two Cs in Art and Design and Textiles, three Ds, three Es, two Fs and one X.\n\nAnd Arianna Cantarelli, a pupil at St Helen and St Katharine from Boar's Hill, had to dictate most of her exams after breaking her right wrist in a fall.\n\nThe 16-year-old, who got 10 A*s and two As, said: \"It was easier than I expected but in mocks and at school we had practised writing it down and it was very different to what I had been preparing to do.\"\n\nDo you want alerts delivered straight to your phone via our WhatsApp service? Text NEWS or SPORT or NEWS AND SPORT, depending on which services you want, and your full name to 07767 417704. Save our number into your phone's contacts as Oxford Mail WhatsApp and ensure you have WhatsApp installed.\n\nOur top stories",
                    "date": "2014-08-31",
                    "eventUri": "1214535",
                    "id": "18207616",
                    "isDuplicate": false,
                    "lang": "eng",
                    "sim": 0.5635,
                    "source": {
                        "title": "Bicester Advertiser",
                        "uri": "www.bicesteradvertiser.net"
                    },
                    "time": "03:05:00",
                    "title": "GCSE success stories around the county",
                    "uri": "207408962",
                    "url": "http://www.bicesteradvertiser.net/education/11426350.GCSE_success_stories_around_the_county/?ref=rss",
                    "wgt": 1
                },
                {
                    "body": "Wallingford chef Matthew Cockman cooks with Mark Powell's produce from Ash Trees Farm at Benson\n\nMATTHEW Cockman cooked up a storm at Wallingford Local Producer's Market on Saturday as he promoted local food and suppliers.\n\nThe chef at the town's Partridge Inn rustled up a frittata made from local ingredients, including organic vegetables from Ash Trees Farm at Benson.\n\nHe said: \"I wanted to promote everything that goes with local food and look at seasonal vegetables.\n\n\"I cut up some nice onions, peppers and courgettes and some cheese and eggs and cooked them in the oven for a bit.\n\n\"Over the last few weeks when the weather was so warm the courgettes were growing almost overnight and we have been doing everything we can to use them.\n\n\"We have so much great local food, why would you spend money on things from another country when you can get so much great produce right here?\"\n\nMr Cockman, 26, also showed off his knife skills and gave tips to visitors.\n\nHe said: \"Some people who were there wanted to purchase a set of new knives so I was able to help them out with that.\n\n\"It was nice to be able to do that sort of thing as well as promoting local food.\"\n\nDo you want alerts delivered straight to your phone via our WhatsApp service? Text NEWS or SPORT or NEWS AND SPORT, depending on which services you want, and your full name to 07767 417704. Save our number into your phone's contacts as Oxford Mail WhatsApp and ensure you have WhatsApp installed.\n\nOur top stories",
                    "date": "2014-08-31",
                    "eventUri": "1214535",
                    "id": "18204281",
                    "isDuplicate": false,
                    "lang": "eng",
                    "sim": 0.5493,
                    "source": {
                        "title": "Herald Series",
                        "uri": "www.heraldseries.co.uk"
                    },
                    "time": "02:48:00",
                    "title": "Pub chef cooks up a treat with local food",
                    "uri": "207415241",
                    "url": "http://www.heraldseries.co.uk/news/hswallingfordnews/11417067.Pub_chef_cooks_up_a_treat_with_local_food/?ref=rss",
                    "wgt": 1
                },
                {
                    "body": "OLYMPIC swimmers, athletes and even a Britain's Got Talent contestant aced their exams.\n\nTeam GB synchronised swimmer Genevieve Randall, 16, from Faringdon, has only spent one day at school a week for the last two years.\n\nBut the student at King Alfred's, Wantage, student still bagged five As and 4 Bs, which might help her in her back-up career - an army nurse.\n\nShe said: \"I just want a job that's thrilling, something with more edge.\"\n\nIn the meantime, she is aiming for a goldmedal at Rio in 2016.\n\nGenevieve's twin sister, Fleur, is also looking at a career in nursing, and her three As and four Bs have earned her a place at King Alfred's sixth form in September.\n\nTeenage gymnast Ben Goodall was selected for team GB's tumbling squad in July, and has a rigorous training regime.\n\nHe still managed to get five A*, five A and two B grades, which he said he is very pleased with.\n\nBen, who celebrates his 16th birthday today, said: \"I did really well. It has been tough managing both, having to go to training in Milton Keynes two hours away.\n\n\"I revised in the car, got into kit and practised, then revised on the way home again.\"\n\nBen will now travel to Portugal to compete in The Loule Cup, which focuses on tumbling and trampolining.\n\nRelated links GCSE success stories around the county Classy pupils prove they're stars all round GCSE results should send a clear message to Mr Gove\n\nEbony Cantwell spent most of this year rehearsing for her appearance in the semi final of Britain's Got Talent, with her group REAformed.\n\nThe 16-year-old from Grove still managed to get the GCSE grades she needs to get into the sixth form at King Alfred's, Wantage, and get some A-Levels, just in case her career in pop music doesn't work out.\n\nBen Rowland, a student at John Mason School in Abingdon, has juggled his studies with a career as a European Pool Champion.\n\nThe 16-year-old, who got two Bs in art, said: \"I passed everything but was hoping for a bit better.\n\n\"Some of my training overlapped with revision.\"\n\nHe added: \"I had pool tournaments nearly every weekend so it sort of clashed sometimes, I missed the revision instead of the tournaments.\"\n\nBen has now set his sites on winning the World Championships for his age group in Scotland in October.\n\nIn his spare time, he has also taken up snooker.\n\nDo you want alerts delivered straight to your phone via our WhatsApp service? Text NEWS or SPORT or NEWS AND SPORT, depending on which services you want, and your full name to 07767 417704. Save our number into your phone's contacts as Oxford Mail WhatsApp and ensure you have WhatsApp installed.\n\nOur top stories",
                    "date": "2014-08-31",
                    "eventUri": "1214535",
                    "id": "18207103",
                    "isDuplicate": false,
                    "lang": "eng",
                    "sim": 0.5205,
                    "source": {
                        "title": "Bicester Advertiser",
                        "uri": "www.bicesteradvertiser.net"
                    },
                    "time": "02:57:00",
                    "title": "Juggling exams with glory on the national stage",
                    "uri": "207408953",
                    "url": "http://www.bicesteradvertiser.net/education/11426365.Juggling_exams_with_glory_on_the_national_stage/?ref=rss",
                    "wgt": 1
                },
                {
                    "body": "Martin Way blows a traditional Viking horn at the Wallingford Museum event\n\nIN 1006, the Vikings swept through Wallingford and burnt the place to the ground.\n\nNow, more than 1,000 years later, the people of the town came together to see their invaders' culture brought to life. Wallingford Museum was home to all things Viking on Saturday as children and adults turned out to sample Viking life.\n\nFour-year-old Toby Taylor tried out the armour\n\nMartin Way, 70, a local history lecturer from Alvescot, said: \"We had a tremendous number of children and adults who turned out. We even had a Norwegian man come along, but he didn't cause any trouble.\"\n\nHe added: \"From a Viking point of view people were really interested in the culture and craftmanship.\"\n\nThe modern folk of Wallingford tried their hand at Viking pottery and pattern welding, a Viking technique for strengthening swords.\n\nMr Way made the most of the equipment, including helmets and Viking horns, which was sampled by children on the day.\n\nDo you want alerts delivered straight to your phone via our WhatsApp service? Text NEWS or SPORT or NEWS AND SPORT, depending on which services you want, and your full name to 07767 417704. Save our number into your phone's contacts as Oxford Mail WhatsApp and ensure you have WhatsApp installed.\n\nOur top stories\n\nRelated links More Wallingford news",
                    "date": "2014-08-31",
                    "eventUri": "1214535",
                    "id": "18205113",
                    "isDuplicate": false,
                    "lang": "eng",
                    "sim": 0.474,
                    "source": {
                        "title": "Herald Series",
                        "uri": "www.heraldseries.co.uk"
                    },
                    "time": "02:52:00",
                    "title": "Celebrating a traditional Viking way of life at museum",
                    "uri": "207415256",
                    "url": "http://www.heraldseries.co.uk/news/hswallingfordnews/11417290.Celebrating_a_traditional_Viking_way_of_life_at_museum/?ref=rss",
                    "wgt": 1
                },
                {
                    "body": "Jonny Rayfield, who qualified as a stonemason in 2012 after a three-year apprenticeship, with AF Jones owner Angus Jones\n\nMEDIEVAL skills used to build a 12th century Oxfordshire abbey are to go on display.\n\nDorchester Abbey is set to host its Traditional Skills in Action event over the Bank Holiday weekend.\n\nMore than 3,000 people are expected to visit the medieval church to learn about the skills used to construct it.\n\nOrganiser and former abbey education officer, Sue Dixon, who lives in Dorchester, said: \"I think it increases people's understanding of a beautiful piece of work.\n\n\"It helps them appreciate the finished article much more.\n\n\"I love the event because all the craftspeople who come are absolutely passionate about what they do and their enthusiasm is so obvious when we talk to them.\n\n\"I just love the opportunity to show the abbey off because it's a beautiful building.\"\n\nThis will be the third time the event has been held, with previous Traditional Skills in Action events in 2008 and 2010.\n\nMrs Dixon and fellow Dorchester resident Helen Russell have spent the past year preparing for the three-day event.\n\nPeople representing thirteen different crafting professions will join the free event. Demonstrations will include presentations from a woodcarver, stained glass artist, blacksmith, embroiderer and stonemasons.\n\nOther craftspeople taking part include a pole lathe turner, coracle maker, weavers, spinners, dyers, calligrapher, illuminator, basket maker and beekeepers.\n\nThe interior of the Abbey\n\nVisitors will also get the chance to try the various crafts themselves.\n\nStonemason Angus Jones, owner of Ipsden's AF Jones Stonemasons, will be taking part.\n\nHis great-grandfather Arthur founded the family company in Reading in 1858.\n\nMr Jones, 48, said new machine tools and robots had cut the time the job took.\n\nHe said: \"The skills are the same essentially. It's just the time to achieve the end result that has changed.\"\n\nThe event runs from noon to 6pm next Saturday and Sunday.\n\nOn Bank Holiday Monday, the abbey will open between 10am and 4pm.\n\nFor more information, visit dorchester-abbey.org.uk\n\nDo you want alerts delivered straight to your phone via our WhatsApp service? Text NEWS or SPORT or NEWS AND SPORT, depending on which services you want, and your full name to 07767 417704. Save our number into your phone's contacts as Oxford Mail WhatsApp and ensure you have WhatsApp installed.\n\nOur top stories",
                    "date": "2014-08-31",
                    "eventUri": "1214535",
                    "id": "18205729",
                    "isDuplicate": false,
                    "lang": "eng",
                    "sim": 0.4047,
                    "source": {
                        "title": "Herald Series",
                        "uri": "www.heraldseries.co.uk"
                    },
                    "time": "02:56:00",
                    "title": "Medieval magic on display at skills fest",
                    "uri": "207415266",
                    "url": "http://www.heraldseries.co.uk/news/hswallingfordnews/11415150.Medieval_magic_on_display_at_skills_fest/?ref=rss",
                    "wgt": 1
                },
                {
                    "body": "Operator: Did you say Connor, is that your friend who's been beaten up?\n\nKyle Martin: Please hurry up. Please hurry up.\n\nOperator: We are...I need you to answer my questions. What's happened to him?\n\nKyle Martin: Yeah I think so, I think he's been stabbed.\n\nOperator: Okay.\n\nKyle Martin: Think... Connor what happened, stabbed or what? Where? Please hurry up.\n\nOperator: Has he been stabbed?\n\nKyle Martin: Yeah he has, he has yeah.\n\nOperator: Whereabouts?\n\nKyle Martin: In the chest I think, oh my God, please hurry up.\n\nOperator: Yep we're getting an ambulance. What was he stabbed with?\n\nKyle Martin: I don't know, Connor what was you stabbed with mate?\n\nOperator: With a what?\n\nKyle Martin: I don't know.\n\n[A few seconds later] Operator: Okay. Is there anyone else there with you?\n\nKyle Martin: No, please hurry up.\n\nOperator: Yeah, don't worry Kyle we are getting something out to you, you just need to stay on the phone with me.\n\nKyle Martin: Yeah.\n\nOperator: Okay. So how old is Connor?\n\nKyle Martin: Seventeen man, he's...he's like my little brother, he's all I've got, can you please hurry up?\n\nDo you want alerts delivered straight to your phone via our WhatsApp service? We are running a service covering this trial as well as our normal News and Sport services. Text CONNOR or NEWS or SPORT or a combination of all three depending on which services you want, plus your full name to 07767 417704. Save our number into your phone's contacts as Oxford Mail WhatsApp and ensure you have WhatsApp installed. Our top stories",
                    "date": "2014-08-31",
                    "eventUri": "1214535",
                    "id": "18201632",
                    "isDuplicate": false,
                    "lang": "eng",
                    "sim": 0.3224,
                    "source": {
                        "title": "The Oxford Times",
                        "uri": "www.oxfordtimes.co.uk"
                    },
                    "time": "02:35:00",
                    "title": "Connor Tremble murder: Extract from 999 call",
                    "uri": "207415789",
                    "url": "http://www.oxfordtimes.co.uk/news/yourtown/oxford/11442017.Connor_Tremble_murder__Extract_from_999_call/?ref=rss",
                    "wgt": 1
                }
            ]
        },
        "info": {
            "articleCount": 12,
            "averageDate": "2014-08-31",
            "avgCos": 0.4055,
            "categories": [],
            "customDate": false,
            "customLocation": false,
            "eventUri": "1214535",
            "extractedDate": "",
            "extractedDateEnd": "",
            "id": "1214535",
            "lang": "eng",
            "location": {
                "country": {
                    "labelEng": "United Kingdom",
                    "lat": 54.75844,
                    "long": -2.69531,
                    "wikiUri": "http://en.wikipedia.org/wiki/United_Kingdom"
                },
                "labelEng": "Oxford",
                "lat": 51.75222,
                "long": -1.25596,
                "wikiUri": "http://en.wikipedia.org/wiki/Oxford"
            },
            "storyDate": "2014-08-31",
            "storyDateEnd": "",
            "uri": "850f305d-14db-4c75-b547-79470a557ea3-706166",
            "variance": 0.3356
        }
    },
    "850f305d-14db-4c75-b547-79470a557ea3-709867": {
        "articles": {
            "resultCount": 12,
            "results": [
                {
                    "body": "Cancer campaigner Clive Stone has welcomed news of a \u00a3160m boost to a drug fund set up following his fight for drug treatment.\n\nThe Government announced last week that \u00a380m would be added to the annual \u00a3200m Cancer Drugs Fund for each of the next two years.\n\nThe fund was set up in 2011 to give patients access to cancer drugs not routinely available on the NHS.\n\nIt was announced by Prime Minister and Witney MP David Cameron in 2010 after Mr Stone, 66, lobbied him following his successful fight to be treated with kidney cancer drug Sunitinib in 2007.\n\nMr Stone, from Eynsham, who has had 34 brain tumours removed, has written to Mr Cameron to praise the move.\n\nHe said: \"I'm over the moon. It's incredible.\n\n\"We know that at least for the next two years we will get cancer drugs -- especially for people with rarer cancers.\n\n\"It won't necessarily save lives but it will extend lives. Some people may be saved, because, if they get the drug at the right time, they could be cured.\"\n\nHe said: \"This is very good for the drug side of things but I hope we can complete it and I will keep pushing to make sure we get all the radiotherapy we need.\"\n\nHealth Secretary Jeremy Hunt said: \"It's vitally important that as many people as possible have access to these pioneering, life-enhancing drugs.\"\n\nDo you want alerts delivered straight to your phone via our WhatsApp service? Text NEWS or SPORT or NEWS AND SPORT, depending on which services you want, and your full name to 07767 417704. Save our number into your phone's contacts as Oxford Mail WhatsApp and ensure you have WhatsApp installed.\n\nSend your Letter to the Editor\n\n11:20am Monday 28th July 2014\n\nWhat do you think? We welcome letters from our readers on a wide variety of subjects and you can send us a letter through the blue headline above.\n\nOur top stories\n\nCampaigner delighted at \u00a3160m boost to cancer drug fund\n\n7:00am Monday 1st September 2014\n\nCancer campaigner Clive Stone has welcomed news of a \u00a3160m boost to a drug fund set up following his fight for drug treatment.\n\nPaedophile is jailed for plan to watch rape\n\n7:00am Monday 1st September 2014\n\nA paedophile who planned to watch the \"depraved\" rape and sexual abuse of a young girl has been jailed for five-and-a-half years.\n\nd'Overbroecks School keen to make use of Oxford's old Masonic lodge\n\n7:00am Monday 1st September 2014\n\nOxford's former Masonic lodge could be turned into a school building.\n\nThis year's Bunkfest puts others in the shade\n\n7:00am Monday 1st September 2014\n\nAS some of the last rays of summer sun beat down on Oxfordshire at the weekend, thousands turned out to celebrate the 13th annual BunkFest in Wallingford.\n\nHave your say Musicians strike last blow of the year for Carterton bandstand\n\n7:00am Monday 1st September 2014\n\nThe sound of a traditional British summer was played out in Carterton yesterday as the town bandstand hosted its final show for the year.\n\nOxfordshire 'Oyster' mired in debate over technology\n\n7:00am Monday 1st September 2014\n\nAN OYSTER-style travel card for Oxfordshire is being hampered by technology wrangles, it has been claimed.\n\nHave your say",
                    "date": "2014-09-01",
                    "eventUri": "1222963",
                    "id": "18293402",
                    "isDuplicate": false,
                    "lang": "eng",
                    "sim": 0.7256,
                    "source": {
                        "title": "Oxford Mail",
                        "uri": "www.oxfordmail.co.uk"
                    },
                    "time": "06:53:00",
                    "title": "Campaigner delighted at \u00a3160m boost to cancer drug fund",
                    "uri": "207649250",
                    "url": "http://www.oxfordmail.co.uk/news/yourtown/witney/11443368.Campaigner_delighted_at___160m_boost_to_cancer_drug_fund/?ref=rss",
                    "wgt": 1
                },
                {
                    "body": "The sound of a traditional British summer was played out in Carterton yesterday as the town bandstand hosted its final show for the year.\n\nAbout 50 people brought deckchairs and picnics to enjoy music from Witney Town Band.\n\nCarterton's mayor, Lynn Little said: \"It's a British tradition and it's one we're very lucky to have in Carterton. The acoustics are tremendous -- we really do have a fabulous grandstand.\"\n\n\"It was wonderful to see so many people having a great afternoon in the sun.\"\n\nThe mayor said she hoped to see bands of all ages use the Alvescot Road recreation ground facility next year and said trophies would also be handed out to the best performers in 2015.\n\nMusic teacher Nikki Jones, who usually conducts for Wantage Silver Band, led Witney Town Band yesterday.\n\nThe 43-year-old, from Minster Lovell, said the band played modern pop songs and classics from the First World War era to mark 100 years since the start of the conflict.\n\nShe said: \"The weather was kind and the audience seemed very up for it.\"\n\nDo you want alerts delivered straight to your phone via our WhatsApp service? Text NEWS or SPORT or NEWS AND SPORT, depending on which services you want, and your full name to 07767 417704. Save our number into your phone's contacts as Oxford Mail WhatsApp and ensure you have WhatsApp installed.\n\nSend your Letter to the Editor\n\n11:20am Monday 28th July 2014\n\nWhat do you think? We welcome letters from our readers on a wide variety of subjects and you can send us a letter through the blue headline above.\n\nOur top stories\n\nCampaigner delighted at \u00a3160m boost to cancer drug fund\n\n7:00am Monday 1st September 2014\n\nCancer campaigner Clive Stone has welcomed news of a \u00a3160m boost to a drug fund set up following his fight for drug treatment.\n\nPaedophile is jailed for plan to watch rape\n\n7:00am Monday 1st September 2014\n\nA paedophile who planned to watch the \"depraved\" rape and sexual abuse of a young girl has been jailed for five-and-a-half years.\n\nd'Overbroecks School keen to make use of Oxford's old Masonic lodge\n\n7:00am Monday 1st September 2014\n\nOxford's former Masonic lodge could be turned into a school building.\n\nThis year's Bunkfest puts others in the shade\n\n7:00am Monday 1st September 2014\n\nAS some of the last rays of summer sun beat down on Oxfordshire at the weekend, thousands turned out to celebrate the 13th annual BunkFest in Wallingford.\n\nHave your say Musicians strike last blow of the year for Carterton bandstand\n\n7:00am Monday 1st September 2014\n\nThe sound of a traditional British summer was played out in Carterton yesterday as the town bandstand hosted its final show for the year.\n\nOxfordshire 'Oyster' mired in debate over technology\n\n7:00am Monday 1st September 2014\n\nAN OYSTER-style travel card for Oxfordshire is being hampered by technology wrangles, it has been claimed.\n\nHave your say",
                    "date": "2014-09-01",
                    "eventUri": "1222963",
                    "id": "18293410",
                    "isDuplicate": false,
                    "lang": "eng",
                    "sim": 0.6949,
                    "source": {
                        "title": "Oxford Mail",
                        "uri": "www.oxfordmail.co.uk"
                    },
                    "time": "06:53:00",
                    "title": "Musicians strike last blow of the year for Carterton bandstand",
                    "uri": "207649251",
                    "url": "http://www.oxfordmail.co.uk/news/yourtown/witney/11443348.Musicians_strike_last_blow_of_the_year_for_Carterton_bandstand/?ref=rss",
                    "wgt": 1
                },
                {
                    "body": "There are 12 days left to comment on plans to build a new primary school as part of a 3,300-home development at Didcot.\n\nOxfordshire County Council submitted a planning application on July 24 for the new Great Western Park Academy.\n\nIt involves land north of the B4493, Didcot Road, and is expected to take 60 pupils in its first year.\n\nPeople can comment on the plans at oxfordshire.gov.uk before August 29.\n\nTop News\n\nDo you want alerts delivered straight to your phone via our WhatsApp service? Text NEWS or SPORT or NEWS AND SPORT, depending on which services you want, and your full name to 07767 417704. Save our number into your phone's contacts as Oxford Mail WhatsApp and ensure you have WhatsApp installed.\n\nOur top stories\n\nheadlines(3181909,limit=6)",
                    "date": "2014-08-31",
                    "eventUri": "1222963",
                    "id": "18199473",
                    "isDuplicate": false,
                    "lang": "eng",
                    "sim": 0.6396,
                    "source": {
                        "title": "Bicester Advertiser",
                        "uri": "www.bicesteradvertiser.net"
                    },
                    "time": "02:20:00",
                    "title": "Have a say on school",
                    "uri": "207409038",
                    "url": "http://www.bicesteradvertiser.net/education/11415213.Have_a_say_on_school/?ref=rss",
                    "wgt": 1
                },
                {
                    "body": "Cancer campaigner Clive Stone has welcomed news of a \u00a3160m boost to a drug fund set up following his fight for drug treatment.\n\nThe Government announced last week that \u00a380m would be added to the annual \u00a3200m Cancer Drugs Fund for each of the next two years.\n\nThe fund was set up in 2011 to give patients access to cancer drugs not routinely available on the NHS.\n\nIt was announced by Prime Minister and Witney MP David Cameron in 2010 after Mr Stone, 66, lobbied him following his successful fight to be treated with kidney cancer drug Sunitinib in 2007.\n\nMr Stone, from Eynsham, who has had 34 brain tumours removed, has written to Mr Cameron to praise the move.\n\nHe said: \"I'm over the moon. It's incredible.\n\n\"We know that at least for the next two years we will get cancer drugs -- especially for people with rarer cancers.\n\n\"It won't necessarily save lives but it will extend lives. Some people may be saved, because, if they get the drug at the right time, they could be cured.\"\n\nHe said: \"This is very good for the drug side of things but I hope we can complete it and I will keep pushing to make sure we get all the radiotherapy we need.\"\n\nHealth Secretary Jeremy Hunt said: \"It's vitally important that as many people as possible have access to these pioneering, life-enhancing drugs.\"\n\nDo you want alerts delivered straight to your phone via our WhatsApp service? Text NEWS or SPORT or NEWS AND SPORT, depending on which services you want, and your full name to 07767 417704. Save our number into your phone's contacts as Oxford Mail WhatsApp and ensure you have WhatsApp installed.\n\nOur top stories",
                    "date": "2014-09-01",
                    "eventUri": "1222963",
                    "id": "18291130",
                    "isDuplicate": false,
                    "lang": "eng",
                    "sim": 0.5714,
                    "source": {
                        "title": "Witney Gazette",
                        "uri": "www.witneygazette.co.uk"
                    },
                    "time": "06:08:00",
                    "title": "Campaigner delighted at \u00a3160m boost to cancer drug fund",
                    "uri": "207642974",
                    "url": "http://www.witneygazette.co.uk/news/wgheadlines/witney/11443368.Campaigner_delighted_at___160m_boost_to_cancer_drug_fund/?ref=rss",
                    "wgt": 1
                },
                {
                    "body": "AS some of the last rays of summer sun beat down on Oxfordshire at the weekend, thousands turned out to celebrate the 13th annual BunkFest in Wallingford.\n\nThe three-day festival -- which started on Friday -- had the biggest turn-out yet, organisers said.\n\nMore than 20,000 watched traditional dancing and live bands, stroked sheep, goats and ponies in the petting zoo and had fun on the fairground rides.\n\nCoal-powered traction engines sent clouds of steam billowing out across Kinecroft Park.\n\nThe annual festival, named after the bunk line railway from Cholsey to Wallingford, is staffed and organised by about 300 volunteers.\n\nFestival director Dominic Feeley, 50, said: \"We think it is the biggest free festival in the country, and we have people from all over the UK visiting.\"\n\nHe said popular attractions included a \"silent disco\" on Saturday night when revellers bopped away to music piped through headphones.\n\nTraction engine owner Arthur Honey, 66, who came with two of his red machines, said: \"They attract a lot of attention.\n\n\"The kids just love them, but a lot of the children don't understand what the coal is, I have to keep showing them the fire.\"\n\nGesturing with his engine oil-stained hands to the bigger of the two, he said: \"This one is called Lady Ann, and the smaller one is Phoenix. I call them my babies.\"\n\nThe Wallingford resident said: \"I have been coming to the festival since it started, when there were just a few tables and chairs around the Cross Keys pub, and it has escalated out of all proportion.\n\n\"I think this is the best one yet, and certainly the busiest.\"\n\nArthur Honey with his traction engine, and visitor Bertie Chapman, two\n\nTwo-year-old Bertie Chapman, from Upper Basildon in West Berkshire, beamed as he sat on Lady Ann's leather seat.\n\nHis dad Mark Jex, 45, said: \"He really likes tractors and he likes these too.\n\n\"This is the first time we have been to the festival and the weather has been wonderful.\"\n\nJulia Smith, 58, from Wallingford, said: \"We have been every day this year. As we live just around the corner, it is so convenient.\n\n\"It is absolutely brilliant.\"\n\nDo you want alerts delivered straight to your phone via our WhatsApp service? Text NEWS or SPORT or NEWS AND SPORT, depending on which services you want, and your full name to 07767 417704. Save our number into your phone's contacts as Oxford Mail WhatsApp and ensure you have WhatsApp installed.\n\nOur top stories",
                    "date": "2014-09-01",
                    "eventUri": "1222963",
                    "id": "18291230",
                    "isDuplicate": false,
                    "lang": "eng",
                    "sim": 0.5691,
                    "source": {
                        "title": "Herald Series",
                        "uri": "www.heraldseries.co.uk"
                    },
                    "time": "06:10:00",
                    "title": "This year's Bunkfest puts others in the shade",
                    "uri": "207643243",
                    "url": "http://www.heraldseries.co.uk/news/hswallingfordnews/11443333.This_year_s_Bunkfest_puts_others_in_the_shade/?ref=rss",
                    "wgt": 1
                },
                {
                    "body": "AS some of the last rays of summer sun beat down on Oxfordshire at the weekend, thousands turned out to celebrate the 13th annual BunkFest in Wallingford.\n\nThe three-day festival -- which started on Friday -- had the biggest turn-out yet, organisers said.\n\nMore than 20,000 watched traditional dancing and live bands, stroked sheep, goats and ponies in the petting zoo and had fun on the fairground rides.\n\nCoal-powered traction engines sent clouds of steam billowing out across Kinecroft Park.\n\nThe annual festival, named after the bunk line railway from Cholsey to Wallingford, is staffed and organised by about 300 volunteers.\n\nFestival director Dominic Feeley, 50, said: \"We think it is the biggest free festival in the country, and we have people from all over the UK visiting.\"\n\nHe said popular attractions included a \"silent disco\" on Saturday night when revellers bopped away to music piped through headphones.\n\nTraction engine owner Arthur Honey, 66, who came with two of his red machines, said: \"They attract a lot of attention.\n\n\"The kids just love them, but a lot of the children don't understand what the coal is, I have to keep showing them the fire.\"\n\nRelated links Bunkfest picture gallery\n\nGesturing with his engine oil-stained hands to the bigger of the two, he said: \"This one is called Lady Ann, and the smaller one is Phoenix. I call them my babies.\"\n\nThe Wallingford resident said: \"I have been coming to the festival since it started, when there were just a few tables and chairs around the Cross Keys pub, and it has escalated out of all proportion.\n\n\"I think this is the best one yet, and certainly the busiest.\"\n\nArthur Honey with his traction engine, and visitor Bertie Chapman, two\n\nTwo-year-old Bertie Chapman, from Upper Basildon in West Berkshire, beamed as he sat on Lady Ann's leather seat.\n\nHis dad Mark Jex, 45, said: \"He really likes tractors and he likes these too.\n\n\"This is the first time we have been to the festival and the weather has been wonderful.\"\n\nJulia Smith, 58, from Wallingford, said: \"We have been every day this year. As we live just around the corner, it is so convenient.\n\n\"It is absolutely brilliant.\"\n\nClick here for more Bunkfest pictures Do you want alerts delivered straight to your phone via our WhatsApp service? Text NEWS or SPORT or NEWS AND SPORT, depending on which services you want, and your full name to 07767 417704. Save our number into your phone's contacts as Oxford Mail WhatsApp and ensure you have WhatsApp installed.\n\nOur top stories",
                    "date": "2014-09-03",
                    "eventUri": "1222963",
                    "id": "18489743",
                    "isDuplicate": false,
                    "lang": "eng",
                    "sim": 0.5671,
                    "source": {
                        "title": "Herald Series",
                        "uri": "www.heraldseries.co.uk"
                    },
                    "time": "10:42:00",
                    "title": "This year's Bunkfest puts others in the shade + picture gallery",
                    "uri": "208155703",
                    "url": "http://www.heraldseries.co.uk/news/11443333.This_year_s_Bunkfest_puts_others_in_the_shade___picture_gallery/?ref=rss",
                    "wgt": 1
                },
                {
                    "body": "Residents have their first chance to comment on a plan for nearly 10,000 new homes today.\n\nWest Oxfordshire District Council is holding a public exhibition at Chipping Norton Town Hall from 2pm to 7pm for its new draft local plan.\n\nThe plan outlines where 9,450 new homes could be built by 2029.\n\nToday's exhibition will be followed by another at Carterton Town Hall on Thursday and Witney Methodist Church on Friday at the same times.\n\nOur top stories\n\nCampaigner delighted at \u00a3160m boost to cancer drug fund\n\n7:00am Monday 1st September 2014\n\nCancer campaigner Clive Stone has welcomed news of a \u00a3160m boost to a drug fund set up following his fight for drug treatment.\n\nPaedophile is jailed for plan to watch rape\n\n7:00am Monday 1st September 2014\n\nA paedophile who planned to watch the \"depraved\" rape and sexual abuse of a young girl has been jailed for five-and-a-half years.\n\nd'Overbroecks School keen to make use of Oxford's old Masonic lodge\n\n7:00am Monday 1st September 2014\n\nOxford's former Masonic lodge could be turned into a school building.\n\nThis year's Bunkfest puts others in the shade\n\n7:00am Monday 1st September 2014\n\nAS some of the last rays of summer sun beat down on Oxfordshire at the weekend, thousands turned out to celebrate the 13th annual BunkFest in Wallingford.\n\nHave your say Musicians strike last blow of the year for Carterton bandstand\n\n7:00am Monday 1st September 2014\n\nThe sound of a traditional British summer was played out in Carterton yesterday as the town bandstand hosted its final show for the year.\n\nOxfordshire 'Oyster' mired in debate over technology\n\n7:00am Monday 1st September 2014\n\nAN OYSTER-style travel card for Oxfordshire is being hampered by technology wrangles, it has been claimed.\n\nHave your say",
                    "date": "2014-09-01",
                    "eventUri": "1222963",
                    "id": "18293400",
                    "isDuplicate": false,
                    "lang": "eng",
                    "sim": 0.5616,
                    "source": {
                        "title": "Oxford Mail",
                        "uri": "www.oxfordmail.co.uk"
                    },
                    "time": "06:53:00",
                    "title": "New homes meeting",
                    "uri": "207649249",
                    "url": "http://www.oxfordmail.co.uk/news/yourtown/witney/11443350.New_homes_meeting/?ref=rss",
                    "wgt": 1
                },
                {
                    "body": "A HEADTEACHER has warned that GCSE results across Oxfordshire are likely to be more varied than usual, after examination rules were changed.\n\nLast September the Government announced that only a student's first exam will count in performance tables - and not any subsequent resits.\n\nSue Croft, principal of Oxford Spires Academy, said this was likely to adversely affect some schools which entered pupils into November exams.\n\nIt could lead to a two-track system, she said, where some schools would only give out data that included resits.\n\nShe said: \"There will be much more variety and I expect that some schools will only give out the better results.\n\n\"The final percentage of children who achieved A* to C grades by the end of the year is likely to be higher than the league table - because the table only counts the first sitting.\n\n\"Because this is the first year that it has been introduced, schools have found it difficult to respond. But in the long run it will probably be a good thing, having one sitting for everybody is a better way forward.\"\n\nDo you want alerts delivered straight to your phone via our WhatsApp service? Text NEWS or SPORT or NEWS AND SPORT, depending on which services you want, and your full name to 07767 417704. Save our number into your phone's contacts as Oxford Mail WhatsApp and ensure you have WhatsApp installed.\n\nOur top stories",
                    "date": "2014-08-31",
                    "eventUri": "1222963",
                    "id": "18197757",
                    "isDuplicate": false,
                    "lang": "eng",
                    "sim": 0.5614,
                    "source": {
                        "title": "Bicester Advertiser",
                        "uri": "www.bicesteradvertiser.net"
                    },
                    "time": "02:12:00",
                    "title": "'Exam changes likely to affect schools' GCSEs'",
                    "uri": "207409029",
                    "url": "http://www.bicesteradvertiser.net/education/11419820.___Exam_changes_likely_to_affect_schools____GCSEs___/?ref=rss",
                    "wgt": 1
                },
                {
                    "body": "FOR Cheryl Huntbach, the news isn't just a source of information - it could show her where her next job will be.\n\nDuring the week, the 47-year-old works in a Butterfly Meadows Children's Centre in Bloxham, run by Oxfordshire County Council (OCC).\n\nBut at the weekend she dons \"greens\" to work as a military reservist at RAF Brize Norton, helping to load and send cargo all over the world.\n\nHer employers Oxfordshire County Council is today set to join 10 other local organisations vowing to support military reservists.\n\nThe 'corporate covenant' document is viewed as an expression of the organisation's commitment to supporting people in Mrs Huntbach's position.\n\nThe mother-of-two took up a reservist role after spotting an advert on the RAF website two-and-a-half years ago.\n\nMrs Huntbach said: \"It is the best of both worlds, I get to work with children in the week and then work with aeroplanes at the weekend.\"\n\nReservists are part-time military personnel and can be called up in times of conflict.\n\nThey are paid day rates of between \u00a340 and \u00a360 and are expected to work one weekend a month, including Friday evenings.\n\nThe mum-of-two is also a Senior Aircraftswoman in the RAF Reserves\n\nMollington resident Mrs Huntbach had her first taste of military life when she was 22, joining the RAF as a weapons inspector in Lincolnshire, servicing weapons systems and small arms in preparation for the first Gulf War.\n\nBut she gave it up three years later after she had her daughter.\n\nShe said: \"I just thought 'that sounds exciting'.You used to come home absolu-tely filthy and I loved it.\"\n\nMrs Huntbach, whose children Molly and Kyran are now 22 and 20, said she always missed the camaraderie that came with the job.\n\nBut now her husband, Jon, and children are \"very proud\" of what she does - and so is she.\n\n\"I would recommend it to anybody. You have to take some risks in your life and follow your dreams,\" she said.\n\nAs part of the job, Mrs Huntbach has been to Norway and Lithuania and on countless military parades.\n\nShe said her second job does not affect her day-to-day life, but means she watches the news in a different way.\n\n\"You sit there and think how is that going to affect me,\" she said. \"If we were to mobilise, I could end up going to those places.\"\n\nThe Ministry of Defence is urging more people to sign up for the reserves, after only 140 people in the country signed up in the first half of this year.\n\nIt comes in the wake of national cuts to the Army, with the MoD trying to cut the number of full-time troops from 100,000 to 80,000.\n\nUnlike some other workplaces, Mrs Huntbach can go on training courses without taking annual leave.\n\nCounty council leader Ian Hudspeth said: \"Reservists can bring real benefits to an employer, and the armed forces are very keen to do their bit to nurture a two-way relationship and ensure the needs of companies are considered alongside their own.\"\n\nCurrently OCC has six reservists on its staff, but says it is open to encouraging more staff to take up posts.\n\nOxfordshire firms Amey and Prolinx have also already signed up to the covenant. Due to sign today are: JSP of Minster Lovell; Oxfordshire Clinical Commissioning Group; South Oxfordshire District Council; Vale of White Horse District Council, Oxford City Council; Wantage Town Council, West Oxfordshire District Council and Carterton Town Council. People interested in being reservists can sign up via the Army, RAF and Navy websites.\n\nDo you want alerts delivered straight to your phone via our WhatsApp service? Text NEWS or SPORT or NEWS AND SPORT, depending on which services you want, and your full name to 07767 417704. Save our number into your phone's contacts as Oxford Mail WhatsApp and ensure you have WhatsApp installed.\n\nOur top stories",
                    "date": "2014-09-02",
                    "eventUri": "1222963",
                    "id": "18374471",
                    "isDuplicate": false,
                    "lang": "eng",
                    "sim": 0.4986,
                    "source": {
                        "title": "The Oxford Times",
                        "uri": "www.oxfordtimes.co.uk"
                    },
                    "time": "07:05:00",
                    "title": "RAF job no child's play for this reservist mum",
                    "uri": "207866540",
                    "url": "http://www.oxfordtimes.co.uk/news/yourtown/oxfordshire/11445483.RAF_job_no_child___s_play_for_this_reservist_mum/?ref=rss",
                    "wgt": 1
                },
                {
                    "body": "AN OYSTER-style travel card for Oxfordshire is being hampered by technology wrangles, it has been claimed.\n\nCounty council leader Ian Hudspeth has been in discussions with train and bus companies about introducing a single method of paying for public transport across Oxfordshire - including parking.\n\nBut while companies back the principle of the idea, he said they could not agree on what technology to use.\n\nMr Hudspeth said part of the problem was the increasingly diverse range of technology available. And he said he didn't want to end up in a \"Betamax situation\", referring to the 1980s rivalry between Sony's video cassette format and the ultimately victorious VHS.\n\nMr Hudspeth, who first mooted a county-wide Oyster card in January last year, said: \"It is not as simple as one would think.\n\n\"The train companies are saying yes in principle, but they want to have their own technology as well, while both Stagecoach and First Great Western have put a lot of investment into their unique cards.\n\n\"It is a question of finding something that is going to be common across the board.\n\n\"All these companies can do it for London. You would have thought they would be able to do a similar thing elsewhere.\"\n\nIn 2011 a joint ticketing arrangement was introduced so that Oxford Bus Company and Stagecoach passengers could travel on both sets of buses using a SmartZone option on the smartcards.\n\nTransport for London's plastic Oyster smartcard can be used instead of paper tickets for single journeys on buses, Tube, trams, the Docklands light railway, London overground and most national rail services in London.\n\nIt can be topped up with credit and be used to renew travelcards or bus passes.\n\nA CrossCountry spokesman said: \"Because CrossCountry don't operate any railway stations, which are the primary points at which smartcard ticketing would be used, we are not engaged in discussions.\"\n\nFirst Great Western said: \"We are working with the rail industry as a whole and the Department for Transport to extend the use of smartcards.\"\n\nA Stagecoach spokesman said: \"Stagecoach in Oxfordshire are keen to work with the county council on ticketing schemes proposals and discussions are ongoing.\"\n\nOxford Bus Company said: \"There has to be an agreement on what the concept encompasses. Once that happens we can get to work on sorting out the technology that is needed.\"\n\nDo you want alerts delivered straight to your phone via our WhatsApp service? Text NEWS or SPORT or NEWS AND SPORT, depending on which services you want, and your full name to 07767 417704. Save our number into your phone's contacts as Oxford Mail WhatsApp and ensure you have WhatsApp installed.\n\nOur top stories",
                    "date": "2014-09-01",
                    "eventUri": "1222963",
                    "id": "18291134",
                    "isDuplicate": false,
                    "lang": "eng",
                    "sim": 0.467,
                    "source": {
                        "title": "Witney Gazette",
                        "uri": "www.witneygazette.co.uk"
                    },
                    "time": "06:09:00",
                    "title": "Oxfordshire 'Oyster' mired in debate over technology",
                    "uri": "207642975",
                    "url": "http://www.witneygazette.co.uk/news/wgheadlines/witney/11443336.Oxfordshire__Oyster__mired_in_debate_over_technology/?ref=rss",
                    "wgt": 1
                },
                {
                    "body": "UP TO 150 jobs are being created as two new bargain stores open in Didcot and Abingdon.\n\nA B&M Home Store is opening at Fairacres Retail Park in Abingdon on September 18.\n\nAnd two days later the chain, which already has shops in Cowley and Wantage, will open another Home Store with a garden centre in the former Focus building on the Wallingford Road Retail Park in Didcot.\n\nThe bargain chain says the two new shops will create up to 150 jobs.\n\nEmma East, spokeswoman for Didcot promotion agency Didcot First, said: \"I think it is great news.\n\n\"The Focus site has been empty for a while. I think this a great opportunity for another company to move into Didcot.\n\n\"More competition is a good thing.\"\n\nShe added: \"Those industries are doing very well in this economic climate, and I think it will be popular.\"\n\nThe 31,000 sq ft bargain stores will sell low-price food, toiletries, toys, soft furnishings and electrical goods.\n\nOxfordshire county councillor for Didcot West Nick Hards said: \"Everyone in Didcot loves a bargain.\n\n\"It will be good to have that site in use. I think it has been empty for so long people have forgotten that vacant unit is there.\"\n\nThe retail park is also home to Tesco and a branch of Halfords.\n\nMr Hards added: \"It will be nice that people who use Tesco have somewhere else to shop on the same site.\"\n\nFormer DIY shop Focus closed in 2008, the company blaming the \"difficult economic climate\".\n\nAbingdon business and civic leaders have raised concerns about out-of-town retail outlets taking shoppers away from the town centre.\n\nAnd Abingdon Town Council leader Sandy Lovatt said he could not see people \"beating a path\" to the new Abingdon store at the expense of the town centre.\n\nMr Lovatt said: \"We would like to see more 'destination shops' in the town centre, a Next or something like that which will bring people into the town.\"\n\nB&M area manager for Oxfordshire Darryl Neville said: \"We're really proud to be opening not one but two new stores across Oxfordshire, creating up to 150 new jobs and playing our part in the local community.\n\n\"We are excited to get the doors open this month and have two teams of colleagues who are willing to provide great value products and world class service to our customers.\"\n\nThere are vacancies at both stores. For more information, and to apply, go to bmstores/careers\n\nReady for a move on the continent\n\nEntrepreneur Malcolm Billington opened his first B&M bargain store in 1978 in Blackpool, Lancashire.\n\nThe company was taken over by Simon and Bobby Arora in December 2004, at which time it ran 21 stores\n\nThe firm now runs more than 370 shops and employs some 16,000 staff.\n\nThis year B&M listed on the London Stock Exchange and set its sights on expanding into continental Europe.\n\nThe listing followed B&M's acquisition of a majority stake in German discount retailer JA Woll.\n\nDo you want alerts delivered straight to your phone via our WhatsApp service? Text NEWS or SPORT or NEWS AND SPORT, depending on which services you want, and your full name to 07767 417704. Save our number into your phone's contacts as Oxford Mail WhatsApp and ensure you have WhatsApp installed.\n\nOur top stories",
                    "date": "2014-09-03",
                    "eventUri": "1222963",
                    "id": "18494720",
                    "isDuplicate": false,
                    "lang": "eng",
                    "sim": 0.4394,
                    "source": {
                        "title": "Bicester Advertiser",
                        "uri": "www.bicesteradvertiser.net"
                    },
                    "time": "11:52:00",
                    "title": "Dozens of jobs in store as bargain business expands",
                    "uri": "208168939",
                    "url": "http://www.bicesteradvertiser.net/business/news/11447743.Dozens_of_jobs_in_store_as_bargain_business_expands/?ref=rss",
                    "wgt": 1
                },
                {
                    "body": "Sir - WODC recently distributed a newsletter entitled Creating Futures inviting us to comment on housing targets and the draft local plan.\n\nI will certainly have my say regarding the proposed ill-named Carterton East development which would effectively create a self-contained 'island community' of 700 houses, shops, pub, car showroom, school etc bringing no benefit to Carterton town centre or Brize Norton.\n\nI also noted the 'potential employment land (four hectares) subject to replacement of playing fields' located on the corner of Carterton Road and Monahan Way.\n\nDoes this mean the sports pavilion will be closed? If so this will certainly cause concern to Carterton Lions Club and the Royal British Legion who offer comfort, support and hospitality to the next-of-kin at the Sports Pavilion on Repatriation Days.\n\nIndeed it was only recently that a more private area was created within the pavilion for the benefit of grieving families.\n\nWhilst it is hoped that our withdrawal from Afghanistan will see an end to these very sad occasions current events in Iraq and in other parts of the world make me more pessimistic.\n\nI sincerely hope the planners have not overlooked the importance of the sports pavilion beyond its primary function.\n\nKeith Beckingham, Brize Norton",
                    "date": "2014-09-01",
                    "eventUri": "1222963",
                    "id": "18334831",
                    "isDuplicate": false,
                    "lang": "eng",
                    "sim": 0.2568,
                    "source": {
                        "title": "The Oxford Times",
                        "uri": "www.oxfordtimes.co.uk"
                    },
                    "time": "18:09:00",
                    "title": "'Island community'",
                    "uri": "207764938",
                    "url": "http://www.oxfordtimes.co.uk/news/opinions/letters/11445429.___Island_community___/?ref=rss",
                    "wgt": 1
                }
            ]
        },
        "info": {
            "articleCount": 12,
            "averageDate": "2014-09-01",
            "avgCos": 0.3861,
            "categories": [],
            "customDate": false,
            "customLocation": false,
            "eventUri": "1222963",
            "extractedDate": "",
            "extractedDateEnd": "",
            "id": "1222963",
            "lang": "eng",
            "location": {
                "country": {
                    "labelEng": "United Kingdom",
                    "lat": 54.75844,
                    "long": -2.69531,
                    "wikiUri": "http://en.wikipedia.org/wiki/United_Kingdom"
                },
                "labelEng": "Oxfordshire",
                "lat": 51.83333,
                "long": -1.25,
                "wikiUri": "http://en.wikipedia.org/wiki/Oxfordshire"
            },
            "storyDate": "2014-09-01",
            "storyDateEnd": "",
            "uri": "850f305d-14db-4c75-b547-79470a557ea3-709867",
            "variance": 0.3509
        }
    },
    "meta": {
        "CCAArticleMatchCount": 4,
        "CCAArticleMatchRatio": 0.02941176470588235,
        "CCAAvgCosSim": 0.654875,
        "CCAAvgMatchWgt": 71,
        "_articleUri1": "207649250",
        "_articleUri2": "207408957",
        "_datetime": "2015-01-20 17:48:20",
        "_ruleBasedShouldMerge": false,
        "_storyUri1": "850f305d-14db-4c75-b547-79470a557ea3-709867",
        "_storyUri2": "850f305d-14db-4c75-b547-79470a557ea3-706166",
        "_username": "Evgenia Belyaeva",
        "artCount1": 12,
        "artCount2": 12,
        "avgCosSimStory1": 0.3861,
        "avgCosSimStory2": 0.4055,
        "categorySim": 0,
        "conceptCosSim": 0.5134062962326261,
        "conceptJaccardSim": 0.1764705882352941,
        "coreTime1": 128546.3333333333,
        "coreTime2": 128546.7,
        "coreTimeStDev1": 19.73489126732968,
        "coreTimeStDev2": 0.09165151389900036,
        "entityCosSim": 0.4258188705374083,
        "entityJaccardSim": 0.1538461538461539,
        "extractedDateJaccardSim": -1,
        "extractedDatesStory1": 0,
        "extractedDatesStory2": 0,
        "hasSameLocation": 0,
        "keywordCosSim": 0.541119950497584,
        "keywordJaccardSim": 0.2,
        "lang1": "eng",
        "lang2": "eng",
        "matchingDateCount": 0,
        "matchingDateRatio": 0,
        "ratioAnnotatedArticlesStory1": 1,
        "ratioAnnotatedArticlesStory2": 1,
        "shouldMerge": false,
        "storyQuality1": 6,
        "storyQuality2": 7,
        "timeAvg1": 128581.6194444444,
        "timeAvg2": 128546.8805555555,
        "timeStDev1": 24.66395145841883,
        "timeStDev2": 0.1336512413748449,
        "varianceStory1": 0.3509,
        "varianceStory2": 0.3356
    }
}