{
    "850f305d-14db-4c75-b547-79470a557ea3-550881": {
        "articles": {
            "resultCount": 5,
            "results": [
                {
                    "body": "The world is wrestling with a variety of events, all classed under the name of Islam.  A storm of social media criticism against the shocking kidnapping by the militant Boko Haram of more than 200 schoolgirls in Chibok, Nigeria, eventually prompted countries like the United States, the United Kingdom, France, Israel and Canada to offer military and intelligence aid to Nigeria.  At the same time, a spontaneous and celebrity-led boycott of top hotels in Hollywood owned by the Sultan of Brunei, though not expected to be effective, is underway after the little Southeast Asian kingdom initiated a staggered implementation of hudud punishments, which would eventually include stoning adulterers to death.\n While the two events are not connected, both help fuel a perception of a deep polarization between ways regarded as \"Islamic\" and those that are not.\n Two related dynamics are involved, which if left undiscussed may inflame international relations for decades to come.  The first has to do with the excessive use of \"Islam\" in denoting as many aspects of daily life as possible.  With Islam being a holistic religion, modern leaders of Muslim-majority societies tend to encourage the description of as many aspects as possible of modern life under a restrictive Islamic paradigm.  Regrettably, this tendency mirrors and sustains the simultaneous propensity of non-Muslims to regard Muslim societies as being steered by a rigid religious ideology.\n Second, the sense of besiegement felt in Muslim societies since the fall of the Ottoman Empire has discouraged public criticism among Muslims of any aspect of culture their society has already labeled Islamic.  This is avoided especially in contexts involving non-Muslims.  Again, matters are exacerbated by a growing propensity of non-Muslims to vex unfavorably on Islamic culture.\n Typically, the international assistance being given to Nigeria in the search for the schoolgirls does not include Muslim countries.  This is a pity and is symptomatic of the treacherous Islam-versus-the-rest paradigm the world has created and of the two dynamics mentioned above\nHistorically, effective resistance to excessive Islamization in Muslim-majority countries has often been headed by the military, as champions of secularism.  This has been obvious in the modern history of the Middle East.\n Where monarchies have reigned, Islam's role has been harder to predict.  And so in Brunei, a stable country living off oil wells, the sudden implementation of hudud has left many baffled.  The government has suppressed social media response against the sudden imposition of hudud.  Whether the whole exercise is simply the whim of an autocrat or long-term strategic politics is too early to determine.\n In nations where Muslims comprise a small majority of the population, the role of Islam has been more undecided.  In Malaysia, where about 60 percent are Muslims, the trend has been towards a homogenizing of Islam and a strengthening of the religious bureaucracy.  The incessant drawing of an effective line to separate Muslims from non-Muslims has over the last 40 years also precipitated the painful erasure of healthy distinctions among the Muslims themselves.\n This is an unfortunate historical change.  A common understanding about the spread of Islam in Southeast Asia since the 14th century is that it was largely peaceful and commerce-driven.  In a wish to attract the Arab and other Muslim merchants who then dominated oceanic traffic, port rulers became Muslims.\n Given the hierarchic and caste-based nature of the many ancient Indic kingdoms that dotted the archipelago, Islam came as a liberating ideology for the lower classes.  This democratization of religious consciousness did not go very far, and traditional authoritarian structures of power did in fact prevail.  The nine sultans in Malaysia and the Brunei Sultanate are a case in point.",
                    "date": "2014-07-10",
                    "eventUri": "959335",
                    "id": "14585917",
                    "isDuplicate": false,
                    "lang": "eng",
                    "sim": 0.6745,
                    "source": {
                        "title": "www.realclearworld.com",
                        "uri": "www.realclearworld.com"
                    },
                    "time": "14:16:00",
                    "title": "Islam Is Up for Grabs",
                    "uri": "195603023",
                    "url": "http://www.realclearworld.com/articles/2014/06/29/islam_is_up_for_grabs_110612.html",
                    "wgt": 1
                },
                {
                    "body": "Because fundamental ideas in Christianity and Islam are so different, a meeting of minds is difficult.\n The world today sees a sudden aggressive presence of Islam in a way not seen since the defense of Vienna in 1532.  Large numbers of Muslims are now aggressively present in the West and on all Islam's world borders.  They insist on retaining their religion and customs wherever they reside.  They present internal problems in Western nations that they have not had to face before.  The leading forces in Islam seem to have decided that the best way to expand through and defeat the west is not by imitating modern science and technology, but by establishing and enforcing Muslim law everywhere, either gradually or quickly.\n Yet, a hard-headed Muslim intellectual today, if there be such, would have a sense of the history of theology and of the military means by which Muslim expansion originally took place.  He might well judge that, everything seems to be falling into place.\n Yet, two dangerous \"technical\" developments could undermine the present Muslim rigid hold on its own people and on its recently renewed determination to expand.  A long dormant Islam, but one that lost few followers in the five centuries since it lost world political power, has overcome its inferiority complex against Western modernity.  It has, in various ways, symbolized by the bombing of the World Trade Center by primitive means, developed a new way to defeat advanced technical power that is no longer morally confident of its own principles.\n The first caution to this advancement thesis is the realization that vast undeveloped quantities of oil and gas are known to exist outside of Islamic borders.  These rapidly developing resources, plus several significant nuclear energy advances, might well, if used with political shrewdness, make Arab oil considerably less important and profitable to the world economy.  Arab power and religious expansion have been fueled by oil money.  But little in the Arab world itself was the cause of these oil-based riches.  Islam sat on oil, protected by Western theories of sovereignty, but it did not develop the economy or the tools that made oil valuable.  Much of Arab oil wealth, moreover, has gone into the private hands of rulers and their families.  Arab countries themselves are quite poor and comparatively backward.\n The second threat to Islam stems from studies, especially in Germany, of the technical background and actual history of the Qur'an, a study forbidden in Islam itself, probably out of fear of these very findings.  The claim is that the Arabic Qur'an came directly from an eternity next to Allah.  It was given to Mohammed.  It had no pre-history on earth.\n Such views cannot be reconciled with variant Qur'anic texts, many of which were deliberately suppressed.  The Qur'an was never subject to the methods of scientific criticism.  The work on a critical edition of the Qur'an promises to show that the Qur'an is not what it claims to be.  It had prior texts which were later woven together in a fashion that revealed internal contradictions in the Qur'an itself.  It was out of these latter contradictions that the philosophic theories of voluntarism arose as the only way to defend what the Qur'an actually said.  The crisis will occur when Muslims finally understand that the Qur'an cannot possibly be what it claims to be.  And this claim rests on clearly examined grounds that anyone can understand.\n But while these two approaches are well advanced and foreshadow serious crises in Islamic culture and politics, an even more basic issue is that of the philosophic suppositions on which Islam has had to base itself in order even to imply that its revelation made sense.  Few have looked into this background more acutely than Robert Reilly.  His book, The Closing of the Muslim Mind, presents his basic arguments and the grounds for them.\n However here, I want to comment on a more recent and shorter booklet that Reilly has written assessing the possibilities of any meaningful dialogues between Catholics and Islam.  Reilly's reading of Muslim texts and arguments in this area are wide-ranging.  I will not here attempt to reproduce them.  His presentation of what Muslim authors say and do is clear in any reading of The Prospects and Perils of Catholic-Muslim Dialogue.\n What I wish rather to do is to summarize the issues themselves.  Reilly argued effectively in The Closing of the Muslim Mind what he here restates.  A school of Muslim thinkers, the Mu'tazilites, did accept the validity of the Greek notion of reason.  This acceptance was something that Christianity itself did almost from its very beginning when Paul was called to Macedonia.  A later school of Muslim thought, the Ash'arites, whose major figure was al-Ghazali (d.  1111), rejected any relationship between the Qur'an with human or divine reason.  This school became the main school of Islamic thought.  It dominated almost all Muslim thinking.  It is this background that Reilly presents so effectively.\n How much do Christians and Muslims have in common?\n The context of Reilly's analysis is based on Catholic efforts to enter dialogues with Islam about their acknowledged areas of agreement and disagreement.  The initiative for these conversations is almost never from the Muslim side.  Some attention was paid to Islam by French and German thinkers as by Belloc in the 1900s.\n But it was Vatican Council II and subsequent Catholic initiatives to converse with Islamic leaders that set the stage of Reilly's analysis.  Catholics often assumed and stated that Islam and Catholicism had many things in common.  At first sight, they all believed in justice and love; they wanted peace and disliked war, they believed in the one God of Abraham, and they respected each other's religion.  So it seemed sensible to spell out in further detail their disagreements in the light of common principles or words on which both sides could agree.\n It turned out not to be so simple.  The single most significant reason for this inability to come to agreeable terms is rooted in the philosophical presuppositions that Islam chose to accept if it was, in its own eyes and those of others, to be consistent with itself.  In case after case, Reilly shows that Catholic-Muslim dialogue fails or is dangerous because Muslims usually know exactly what they mean in their own theoretic terms, while many Catholic participants tend to assume that words have the same meaning in Islam and in the western tradition.\n If a Muslim and a Catholic agree that they should work for \"peace,\" for example, the Catholic means simply a condition of non-war or non-violence.  By true \"peace,\" however, the Muslim means a world in which everyone is Muslim.  Less than that, we have a state of war between the Muslim seekers of \"peace\" and those who are not yet Muslim.  It is important to realize that the Muslim is not necessarily seeking to trick the Catholic here if the Catholic has not gone to the trouble to know what Muslims mean by peace and war.  Muslims understand \"dialogue\" to be a practical means to further Muslim goals of a world at \"peace\" where everyone worships Allah.  Those who do not accept this understanding are seen to be in opposition to Islam.\n Obstacles to dialogue\nReilly argues that Benedict XVI, in his Regensburg Lecture and other comments on Islam, is one of the few thinkers who really grasped what is at stake here.  He understood that no \"dialogue\" of any sort could exist between Islam and Catholicism so long as Islam completely \"dehellenized\" itself, that is, so long as it rejected reason as based in God and in nature.  Benedict also realized that because of the resulting emphasis on a will based understanding of God, many strands of Western thought were converging to the same philosophic conclusion, namely, that no order could be found in nature.\n The one flaw in the Reilly book, I think, is not to point out that the Hobbesian understanding of \"rights\" and the Muslim understanding of the power in Allah have the same intellectual presuppositions.  Only if we give a completely different account of \"rights\" from that which is mainly operative in modern philosophy can we argue that Islam ought to accept the \"rational\" basis of \"human rights.\" \" \"Human rights\" in the West have become themselves to mean a relativism whereby any \"right\" that the individual or state decides is, on that basis alone, a human \"right,\" however much it may be opposed to what Catholics call \"natural law.\" \"\nBenedict thought there might be a few social or moral issues on which Muslims and Catholics could agree, but until Islam formally rejected the notion that Allah can do whatever he wants, including the opposite of what he said before, no real dialogue with Islam is possible.  Pope Benedict insisted that the Muslim world needs to reject \"violence\" as contrary to God's Logos, or reason.  It had to affirm and enforce within its borders a \"religious freedom\" that did not mean Islam's \"right\" to use violence in the name of Allah or give second-class status to non-Muslims.  Both sides had to agree that what is unreasonable cannot be maintained.  For a Muslim, the notion of \"reason,\" whereby God can prohibit what is unreasonable, is said to \"limit\" the \"power\" of Allah.  Hence, to claim the primacy of reason in God is blasphemy because it denies to God the \"power\" of contradicting Himself.\n The \"freedom\" of Allah is such that he can will the opposite of what he willed yesterday.  He can command violence to propagate Islam without contradiction because no contradiction is possible.  This issue is what Benedict was getting at in the Regensburg Lecture when he cited the Muslim theologian Ibn Hazm who affirmed precisely this \"power\" in Allah.  In this context, as R\u00e9mi Brague has recently observed in his book, On the God of the Christians: (and on one or two others), it is very difficult to identify what God means to Christians with what Muslims mean by Allah.  So long as this radical difference was not recognized, real understanding between Muslims and Catholics was impossible.\n In the history of Islam, we see a continual use of force.  Originally, Islam expanded by conquest of Christian lands, which, except for Spain and the Balkans, it was never forced to give up.  Once a land is Muslim, it must remain Muslim.  Moreover, force can be used to expand religion and to prevent Muslims from changing their religion.  Indeed, originally, everyone was said to be Muslim, including Adam.  If someone was not Muslim, it was because some parent or body interfered.  By right, everyone is and should be Muslim.\n If a Muslim suicide bomber dies while killing others, he is considered to be a martyr of the faith.  By dying trying to terrorize unbelievers, he shows his piety.  Christians and Jews are said to be treated with a special tolerance because they believe in the Book.  This special treatment means, in practice, that they are second-class citizens who must pay a special tax.  They can have no real part in the public order.  No Christian or Jewish books or symbols are allowed.  This arrangement is considered to be \"just,\" or even \"kind.\" \" Islam has no real notion of citizenship or civic equality or freedom.  The mosque is not separated from the state.  The state is an instrument in the expansion and protection of Islam.  The state and the mosque operate together, even though, at times, military rulers prevent extremes.  At the price of death, no Muslim can convert to another religion.\n A fascinating section of Reilly's essay concerns the careful manner in which Muslim apologists deal with the \"One\" that is Allah.  The Qur'an specifically denies as possible the Trinity, a life of otherness within the one Godhead, and the Incarnation of one of its persons.  These positions are contrary to the Oneness of Allah.  No distinctions of reason or theology are allowed.  Moreover, the Bible itself is said to be corrupted.  Abraham was originally a Muslim.  Mohammed came to rewrite the Scripture so that these Christian blasphemies against Allah could be removed.  While Jesus is said to be a Prophet (something Islam shares with modern liberalism) and Mary a holy lady, nothing divine hovers about them.  Thus, it is quite difficult to see how a dialogue could take place when the very thing that needs to be discussed is denied and said to be blasphemy.\n The basic principles of reality\nAll of this background leads to the Muslim need of a voluntaristic metaphysic if there is hope of making Islam seem anything other than utterly incoherent.  Basically, its \"logic\" ended up accepting the incoherence in the name of emphasizing Allah's complete power and man's complete powerlessness.  This view leaves to man only the obligation of complete submission to Allah.  The purpose of Muslim jihad is ultimately to accomplish this world-wide submission which is claimed to be the will of Allah.  And it is not complete until everyone else makes this same submission.  If no reason or order is found in Allah, this means that we can find no secondary causes in ourselves or in things.  Nothing follows from anything.\n In the end, Reilly points out that no such a thing as \"authority\" exists in Islam.  We do find, out of the limelight, certain Muslims who understand their civilization's backwardness and the incoherence of voluntarism.  The need for the \"rehellenization\" of both Islam and the West ironically comes to a head at the same time.  In insisting that Allah can do the opposite of what he did yesterday, in allowing that violence is permitted by Allah's will, Islam is very close to the modern liberal democratic position that we can have a \"right\" to what is against reason.  What counts is only what Allah or the Leviathan wills.\n What is at stake in the Muslim-Catholic dialogue, which this essay of Robert Reilly makes vividly clear, is the importance of understanding that God is Logos, that what is created in His image follows from this understanding of God.  When God or nature becomes simply \"will,\" everything is permitted to reach our end, whether it be a utopia or in a world submissive to Allah.  Robert Reilly supplies, in clear terms, what has long been lacking, a straight-forward explanation about why Muslim and Catholic dialogues achieve very little.  It is because, when they do manage to understand each other, they cannot agree on the basic principles of reality.",
                    "date": "2014-07-10",
                    "eventUri": "959335",
                    "id": "14587248",
                    "isDuplicate": false,
                    "lang": "eng",
                    "sim": 0.6541,
                    "source": {
                        "title": "www.mercatornet.com",
                        "uri": "www.mercatornet.com"
                    },
                    "time": "14:25:00",
                    "title": "Dialoguing with Islam",
                    "uri": "195829674",
                    "url": "http://www.mercatornet.com/articles/view/dialoguing_with_islam",
                    "wgt": 1
                },
                {
                    "body": "What is really going on in Iraq and how the sudden rise of the ISIS or ISIL?  Mathaba Analyst Dr Bleher takes a closer look.  Let's start with a proviso: these observations are written on the assumption that what we are told about developments in Iraq and Syria are at least partially true.  This is not always a safe assumption to make.  Britain, that self-styled peaceful post-imperial nation is at war and has been on numerous battle fields uninterrupted since the First World War she now celebrates (and upon which occasion her prime minister now wants Muslims to sell poppies for Remembrance Day), and being an experienced belligerent her propaganda machine is well oiled.  Her former colony in the Americas is cut of the same cloth.  Both nations are also experts at undercover and clandestine activities to further their ends.  We remember some lies, such as Saddam Hussein's weapons of mass destruction or the Kuwaiti incubators, but most lies we are dished up as news go undetected.\n When today's super powers were fighting proxy wars all over the place, in Afghanistan, Syria and Ukraine, to name a few of the battle locations, we are told on this side of the conflict that we are defending freedom, sponsoring democracy and assisting populations under attack.  The Arab Spring was sold to us as a spontaneous war of liberation by Arab nations tired of tyranny in order to justify intervention, and all that Western military assistance brought them in Egypt, Libya and now Iraq and Syria is untold suffering, chaos and more tyranny.  The dangerous Talibans and al-Qaida whose brands have become a household name were created, trained and marketed by the same mindset and people who sell us MacDonalds and CocaCola.  Words and deeds rarely match when it comes to power politics.  As a Hadith of the prophet Muhammad, peace be upon him, states: War is deception.\n So here we are presented with another Islamic bogie man: the Islamic State of Iraq and the Levant (as-Sham), variably abbreviated as ISIL and ISIS.  Leaving aside such confusion about its short name as a minor trademark problem whilst developing this new brand, here are its key selling points [with brief comments in brackets]: it started as a break-away faction from al-Qaida since al-Qaida has lost the pure Islamic way and got corrupted [in other words, Muslims all over the world have since realised that al-Qaida was a set-up to justify military intervention]; it is a militant Sunni group which loves killing Shia even more than it loves killing infidels [in other words, it is yet again a means of dividing rather than uniting Muslims]; it disrespects traditional borders and wants to create an Islamic state spanning multiple Muslim countries, starting with Iraq and Syria [and incidentally those borders drawn up by the West after the First World War no longer serve its purpose any more either whilst opening the border between Iraq and Syria allows the United States to bring in additional support from its bases in Iraq into Syria where its war with Russia hasn't been going all too well]; it has a self-declared caliph who demands unconditional support from all Muslims [and has never been elected or appointed by them but rose to fame out of ignominy after having been incarcerated in a US prison in Iraq]; it represents the uncompromising face of Islam which harshly squashes any opposition [and continues to present Muslims as barbaric and the Shariah, a complex legal system of statute and case laws, as limited arsenal of gruesome punishments].\n Now there are a couple of ways to cut through the fog and get to the truth in most matters.  Firstly, actions speak louder than words, or as Jesus said: by their fruits you shall know them.  Secondly, go with where the money is, or the old Latin adage Qui Bono - who benefits?  Looked at from those angles, most ideologically justified wars we are asked to support with our ever increasing taxes and concurrent cuts in services are strangely related to economic interests, more often than not oil, be it in Iraq, Afghanistan or even Sudan.  They also frequently serve perceived strategic interest, first and foremost the protection of that so-called only democracy in the Middle East, Israel, that outlying member state or colony of Europe [did you ever wonder why a country in Asia takes part in the European song contests and is handled at by the European desk of travel agents?].  Here is the picture of an Israeli coin showing a map of \"Greater Israel\", encompassing the Lebanon, Iraq, Syria, Kuwait and parts of Saudi-Arabia.\n It illustrates why removing traditional borders is maybe not quite the threat to the New World Order it is supposed to be.  And seeing that America the Great is so powerless in the face of this massive advance of Muslim jihadists, maybe our well armed friend and ally Israel can be asked or enticed to stem the tide for us?\n But let's not jump the gun quite yet.  Let's look at the new Muslim caliphate from an Islamic perspective.  Of course, ever since the old Ottoman Turkish caliphate was destroyed by the plotting of First World War victors, Muslims have yearned for a common state, for re-establishing unity, for having Islamic principles represented rather than national interests [which in turn were more often than not sold and surrendered to outsiders].  Is this newly declared Islamic state the new Medinah for Muslims to which every individual should make Hijra (migrate) similar to the Jewish migration to their promised land under the right of return?  Naturally, Muslims in other parts of the world remain cautious since he who lives by the sword will die by the sword, and with this new caliphate having emerged out of factional warfare, the dangers are tangible.  But it is not just out of cowardice that the Muslim masses aren't flocking to pledge their allegiance to the new caliph of Baghdad, once the seat of an Islamic caliphate under the Abbasides prior to the Ottomans.\n Surah an-Nisa' (the Women) of the Qur'an lays out some of the key guiding principles for warfare as sanctioned by Islam.  Incidentally it also set down inheritance and other rights of women one and a half millennia ago at a time the women of the British Isles could not dare dream of emancipation or even civilisation.  One of the reasons why Western media seem obsessed with only acknowledging Muslim women when they are either allegedly being oppressed or stoned to death for adultery is that to provide information about the real status and dignity Islam affords them would inevitably embarrass them greatly: women's liberation in the West is a myth - yes, they are now allowed, or rather compelled, to work like men, but they also continue to be exploited by an industry selling its products through undressing them for potential buyers and forcing them to live up to an unnatural and unhealthy image of what their advertising agencies perceive as model beauty.  Whilst Britain contemplates to emulate French laws forbidding Muslim women to cover up, she neglects her own.  When England (inevitably) loses in football, there is a concomitant rise of domestic violence against women by a third.  Incidentally, Surah an-Nisa' also talks about orphans and institutes, one and a half thousand years ago, child protection rights, whereas here we are only starting to find out how much child abuse has gone unnoticed and unreported in recent decades.\n But since this post will become far too long if we were to start comparing the Islamic and the \"democratic\" way of life in more depth, let's keep to matters of belligerence.  Verse 75 of Surah an-Nisa' provides us with the justification for \"jihad\", stating: And what is the matter with you that you do not fight in the way of Allah and for the weak amongst the men and women and children who say: our Lord, take us out from this town of wrongdoing people and assign us a protector from You and assign us a helper from You?  The justification for applying military force in Islam is to protect the weak amongst men, women and children suffering from oppression.  It is for this reason that in the early days of Islam the conquering Muslim armies were welcomed as liberators.  It is the same justification, Western governments want to now appropriate for themselves when they try to justify military intervention in the name of freedom and democracy.\n Against this reality, the new caliph's ISIS perform miserably.  Their actions increase fear and terror amongst innocent men, women and children and make them flee from their advance.  Furthermore, warfare in Islam does not only have to be justified in its objectives, it also must follow clearly pronounced moral principles.  For example (verse 92-93): And it is not permitted for a believer to kill a believer except by mistake.  ...  And whoever kills a believer deliberately, his reward is hell where he remains forever, and Allah is angry with him and curses him and has prepared for him tremendous punishment.  Of course, the British-sponsored Wahhabi and American-sponsored Al-Qaida movements got round this prohibition by the instrument of \"Takfir\", declaring that somebody not sharing their own interpretation of Islam is not really a proper believer and may therefore be killed.  As if in anticipation of this diversion, the next verse of the Surah, verse 94, provides a direct answer to such connivance: Oh you believers, when you go out in the way of Allah then make sure and do not say to anyone who offers you peace 'You are not a believer', desiring the offering of this world when with Allah there is plenty of gain; you yourselves were like this before, then Allah bestowed His favours on you, so make sure, for Allah is aware of what you do.\n Again, this is not the place to write a detailed study \"On War and Peace\" as ordained by Islam.  But based on this cursory inspection of Qur'anic injunctions and not even having touched the wealth of advice given by the prophet of Islam on the matter, the new group allegedly spearheading the Islamic revival has failed the test.  By your fruits you shall know them.  Now back to \"Qui Bono\".  Who benefits when Islam is given a bad name?  Who benefits when Muslims are driven out of their homes and add to the sea of refugees already consisting of 70% Muslims?  Who benefits when there is suddenly a renewed interest to support the failing interventions of the USA and Britain in Iraq and Syria?  Who benefits when the countries surrounding Israel get further destabilised?  Who benefits when Western security agencies are given more powers due to renewed security concerns, forgotten that only very recently they were found out to having been spying on their own people?  Who benefits from a permanent state of war?\n The jury is out but it shouldn't take all too long to reach a verdict.  Provided, as I said at the outset, evidence and information we have so far is reliable.",
                    "date": "2014-07-10",
                    "eventUri": "959335",
                    "id": "14582319",
                    "isDuplicate": false,
                    "lang": "eng",
                    "sim": 0.629,
                    "source": {
                        "title": "www.mathaba.net",
                        "uri": "www.mathaba.net"
                    },
                    "time": "13:58:00",
                    "title": "On caliphs and holy war",
                    "uri": "195824249",
                    "url": "http://www.mathaba.net/news/?x=634052%3Frss",
                    "wgt": 1
                },
                {
                    "body": "'Problem lies nowhere else but right inside the Muslim mind' was one of the important messages of renowned Scholar Dr. Rashid Shaz to the audience, when he was addressing a group of expatriates during an Iftaar Party organized by Riyadh Chapter of India Islamic Cultural Centre (IICC) on the occasion of the blessed month of Ramadhan.\n Dr. Rashid Shaz applauded the role of India Islamic Cultural Centre which has the purpose of promoting mutual understanding and amity amongst the people and to depict the true face of Islam which is most tolerant, liberal, progressive, rational and forward looking religion.\n Author of more than twenty five books in English, Urdu and Arabic, Dr. Shaz emphasized that a paradigm shift is required in our thinking as traditional mind will lead the Muslims nowhere.  'The future depends not on Islamic evangelism, or any other evangelism for that matter, as many of us would like to believe, but on Islamic intellectualism, on our rediscovery of the great prophetic mission' said Dr. Rashid Shaz.\n IICC Convener Murshid Kamal welcomed Dr. Rashid Shaz and thanked him for his time to attend the event.  He conveyed the best wishes of IICC President Mr Sirajuddin Qureshi and extended all the support on his behalf required for any debates or seminar on the Muslim issues highlighted by Dr. Rashid Shaz.  'Since IICC provides a forum where scholars from all fields of learning can interact with each other to promote brotherhood, friendship, peace and amity amongst the groups, a brain storming session would be organized by IICC to support such noble cause' added Murshid.\n Kaunain Shahidi, IICC Life Member conducted the program and thanked the audience to make the event successful.  'It is our pride to have scholar like Dr.Rashid Shaz, and his pragmatic approach towards the Muslims issues are the need of the hour which shall be welcomed', said Shahidi.\n Short documentary about IICC, indicating its purpose of spreading message of Islam and contribution to the society in general was also showed, and appreciated by more than 100 attendees.\n Life Members of IICC, Tarique Masood, Mohammed Zaigham Khan, Feroze Rehman, Mohd Akram, Laique Azmi, Khursheed Anwar, Nusrat Ali, Syed Muneer, Amanullah, Shahid Azam, Chairman of Hira International, Salim Zubeidi, President of AMOUBA, Dr. Ahmed Badsha, President of Jamia Alumni Association, Ghizal Mahdi, Chairman of Biswas Obaidur Rehman & Gen Sec. Akhtarul Islam, President of United India Association Dr. Ashraf Ali, Director of Indian Public School Salman Khalid and Maulana Najeeb Qasmi were prominent personalities to attend the event.\n Other among present were, AR Saleem, Naushad Ahmed, Abdul Ahad, Md Owais, Arif Shah, Asif Iqbal, Aftab Nizami, Mohd Shaheen, Hilal Ahmed, and many more members of Indian communities.\n The event started with Tilawat-e-Quran by Shabbir Nadwi while Zaigham Khan presented a vote of thanks to the guests and audience and invited them for the Dinner.",
                    "date": "2014-07-10",
                    "eventUri": "959335",
                    "id": "14586467",
                    "isDuplicate": false,
                    "lang": "eng",
                    "sim": 0.4809,
                    "source": {
                        "title": "YaHind.com",
                        "uri": "www.yahind.com"
                    },
                    "time": "14:19:00",
                    "title": "India Islamic Culture Centre Invites Dr. Rashid Shaz.",
                    "uri": "195894271",
                    "url": "http://www.yahind.com/india-islamic-culture-centre-invites-dr-rashid-shaz/",
                    "wgt": 1
                },
                {
                    "body": "Daesh terrorist group has been established by the western intelligent services to manipulate the portray of Islam in the world, the statement added.\n It called on Muslims to be vigilant towards US and its allies\u02c8 divisive plots.\n What Daesh is doing is against the Islamic teachings, the statement noted.\n Daesh is a Salafi organization affiliated to al-Qaeda founded in Iraq in 2004.\n The group leadership has also banned followers of using the name \"Daesh\" and anyone who uses this name in his account will be lashed 70 times.\n They have an advertising ministry-like setup which issues statements on different subjects such as, do not wear jeans, do not use makeup, do not shave your face, etc, and they get their statements from their clerics.\n 9191**1422",
                    "date": "2014-07-10",
                    "eventUri": "959335",
                    "id": "14584837",
                    "isDuplicate": false,
                    "lang": "eng",
                    "sim": 0.4275,
                    "source": {
                        "title": "Islamic Republic News Agency (IRNA)",
                        "uri": "www.irna.ir"
                    },
                    "time": "14:13:00",
                    "title": "Sistan and Baluchestan tribal leaders urge unity among Muslims",
                    "uri": "195838233",
                    "url": "http://www.irna.ir/en/News/2720858/Politic/Sistan_and_Baluchestan_tribal_leaders_urge_unity_among_Muslims",
                    "wgt": 1
                }
            ]
        },
        "info": {
            "articleCount": 5,
            "averageDate": "2014-07-10",
            "avgCos": 0.4448,
            "categories": [
                {
                    "label": "Society/Religion_and_Spirituality/Islam",
                    "uri": "http://www.dmoz.org/Society/Religion_and_Spirituality/Islam",
                    "wgt": 67
                },
                {
                    "label": "Arts/Periods_and_Movements/Islamic",
                    "uri": "http://www.dmoz.org/Arts/Periods_and_Movements/Islamic",
                    "wgt": 37
                }
            ],
            "customDate": false,
            "customLocation": false,
            "eventUri": "959335",
            "extractedDate": "",
            "extractedDateEnd": "",
            "id": "954650",
            "lang": "eng",
            "storyDate": "2014-07-10",
            "storyDateEnd": "",
            "uri": "850f305d-14db-4c75-b547-79470a557ea3-550881",
            "variance": 0.4021
        }
    },
    "b738a3b7-2db3-4d38-88c8-76c4eb4f835b-134325": {
        "articles": {
            "resultCount": 5,
            "results": [
                {
                    "body": "Delmenhorst Deutschlands ehemaliges Staatsoberhaupt kommt nach Delmenhorst: Alt-Bundespr\u00e4sident Christian Wulff ( CDU ) besucht die Stadt am Mittwoch, 16. Juli. Hier wird er am Iftar-Mahl teilnehmen und sich ins Goldene Buch der Stadt eintragen. Wulff folgt einer Einladung des Ratsherrn Murat Kalmis ( FDP ) und der Islamischen Gemeinden Delmenhorst ( Delmenhorster Integrations- und Bildungsverein, Islamische Gemeinde Mevlana und T\u00fcrkisch-Islamische Gemeinde zu Delmenhorst ). Das Essen nach Sonnenuntergang geh\u00f6rt zu den Ritualen des Fastenmonats Ramadan und findet in diesem Jahr in der Markthalle statt. Das Iftar-Mahl beendet f\u00fcr gl\u00e4ubige Muslime die t\u00e4gliche Fastenzeit im Ramadan, die mit dem Sonnenaufgang beginnt. Wulff hatte sich in seiner vorzeitig beendeten Amtszeit als Bundespr\u00e4sident ( Juli 2010 bis Februar 2012 ) vor allem f\u00fcr das Thema \"Integration\" stark gemacht. Gro\u00dfe Beachtung fand seine Rede zum 20. Jahrestag der Deutschen Einheit am 3. Oktober 2010, in der er den Satz formulierte: \"Der Islam geh\u00f6rt inzwischen auch zu Deutschland. \" Seit der Premiere des Iftar-Mahls in Delmenhorst 2010 waren bereits zahlreiche Prominente zu Gast. Im vergangenen Jahr kam Niedersachsens Sozialministerin Cornelia Rundt ( SPD ). Melden Sie sich bitte an um einen Kommentar abzugeben. E-Mail-Adresse oder Benutzername Passwort Registrieren anmelden Passwort vergessen Das k\u00f6nnte Sie auch interessieren",
                    "date": "2014-07-10",
                    "eventUri": "946181",
                    "id": "14472527",
                    "isDuplicate": false,
                    "lang": "deu",
                    "sim": 0.7666,
                    "source": {
                        "title": "NWZ Online",
                        "uri": "www.nwzonline.de"
                    },
                    "time": "03:38:00",
                    "title": "Christian Wulff besucht Muslime in Delmenhorst",
                    "uri": "195310049",
                    "url": "http://www.nwzonline.de/delmenhorst/alt-bundespraesident-kommt-zum-iftar-mahl-christian-wulff-besucht-muslime-in-delmenhorst_a_16%2C0%2C1499430924.html",
                    "wgt": 1
                },
                {
                    "body": "Delmenhorst Alt-Bundespr\u00e4sident Christian Wulff ( CDU ) kommt nach Delmenhorst. Das ehemalige Staatsoberhaupt ist am Mittwoch, 16. Juli, zu Gast beim Iftar-Mahl in der Markthalle auf dem Rathausplatz. Zuvor soll sich Wulff ins Goldene Buch der Stadt eintragen. Das Iftar-Mahl beendet f\u00fcr gl\u00e4ubige Muslime die t\u00e4gliche Fastenzeit im Fastenmonat Ramadan, die mit dem Sonnenaufgang beginnt. Seit 2010 organisieren die Islamischen Gemeinden Delmenhorst das Iftar-Mahl einmal pro Fastenmonat als offizielle Veranstaltung mit geladenen G\u00e4sten. Im vergangenen Jahr war Niedersachsens Sozialministerin Cornelia Rundt ( SPD ) zu Gast in Delmenhorst. Der Alt-Bundespr\u00e4sident folgt einer Einladung der Islamischen Gemeinden, den Ehrengast vorgeschlagen hatte Ratsherr Murat Kalmis ( FDP ). Wulff hatte sich in seiner Amtszeit als Bundespr\u00e4sident ( 2010 bis 2012 ) f\u00fcr das Thema \"Integration\" eingesetzt. Gro\u00dfe Beachtung fand unter anderem seine Rede zum 20. Jahrestag der Deutschen Einheit am 3. Oktober 2010, in der er sagte: \"Der Islam geh\u00f6rt inzwischen auch zu Deutschland. \" Melden Sie sich bitte an um einen Kommentar abzugeben. E-Mail-Adresse oder Benutzername Passwort Registrieren anmelden Passwort vergessen Das k\u00f6nnte Sie auch interessieren",
                    "date": "2014-07-10",
                    "eventUri": "946181",
                    "id": "14472712",
                    "isDuplicate": false,
                    "lang": "deu",
                    "sim": 0.743,
                    "source": {
                        "title": "NWZ Online",
                        "uri": "www.nwzonline.de"
                    },
                    "time": "03:38:00",
                    "title": "Wulff zu Gast beim Fastenbrechen",
                    "uri": "195310033",
                    "url": "http://www.nwzonline.de/politik/niedersachsen/wulff-zu-gast-beim-fastenbrechen_a_16%2C0%2C1499061133.html",
                    "wgt": 1
                },
                {
                    "body": "Delmenhorst/Dorsten August H\u00fcsing ( 56 ), seit 1993 Pfarrer in Delmenhorst, \u00fcbernimmt zum 26. Oktober die Pfarrstellen von St. Josef, St. Marien und St. Paulus in Dorsten ( Nordrhein-Westfalen ). H\u00fcsing wird Delmenhorst voraussichtlich Anfang Oktober verlassen. H\u00fcsing, geboren in Emstek ( Landkreis Cloppenburg ), studierte 1979 bis 1984 Theologie in M\u00fcnster und Freiburg im Breisgau. 1985 weihte ihn Bischof Reinhard Lettmann zum Diakon, ein Jahr sp\u00e4ter zum Priester. Erste Seelsorgestellen f\u00fchrten ihn 1986 nach Nordenham, Butjadingen, Kamp-Lintfort und Raesfeld. 1986 wurde er Kaplan in L\u00f6ningen, 1990 in Damme. 1993 \u00fcbernahm H\u00fcsing die Pfarrstelle von St. Christophorus in Delmenhorst. 2002 berief ihn Weihbischof Heinrich Timmerevers zum Landespr\u00e4ses der Katholischen Arbeitnehmerbewegung ( KAB ) des Landesverbandes Oldenburg, seit 2006 geh\u00f6rt er dem Priesterrat der Di\u00f6zese M\u00fcnster an. 2008 \u00fcbernahm er als Pfarrverwalter auch die Pfarrei Heilig Geist im Lemwerder. Melden Sie sich bitte an um einen Kommentar abzugeben. E-Mail-Adresse oder Benutzername Passwort Registrieren anmelden Passwort vergessen Das k\u00f6nnte Sie auch interessieren",
                    "date": "2014-07-10",
                    "eventUri": "946181",
                    "id": "14472785",
                    "isDuplicate": false,
                    "lang": "deu",
                    "sim": 0.543,
                    "source": {
                        "title": "NWZ Online",
                        "uri": "www.nwzonline.de"
                    },
                    "time": "03:38:00",
                    "title": "Pfarrer H\u00fcsing verl\u00e4sst Delmenhorst",
                    "uri": "195310012",
                    "url": "http://www.nwzonline.de/kirche/pfarrer-huesing-verlaesst-delmenhorst_a_16%2C0%2C1499435525.html",
                    "wgt": 1
                },
                {
                    "body": "Delmenhorst Jede Menge los auf 114 Seiten: Das Stadtmarketing Delmenhorst und der F\u00f6rderverein der \u00f6rtlichen Wirtschaft haben am Freitag den ersten Einkaufs- und Erlebnisf\u00fchrer f\u00fcr Delmenhorst vorgestellt. \"Jedes Unternehmen sollte mit hinein\", sagte Stadtmarketing-Leiter Axel Langnau. In der Brosch\u00fcre sind neben Gesch\u00e4ften aber auch Freizeit- und Kulturangebote zu finden. An diesem Wochenende wird die erste Ausgabe an 85 000 Haushalte in der Stadt und im Umland verteilt. Entstanden war die Idee aus einer Umfrage der Innenstadtkaufleute, an der sich vor zwei Jahren 2700 B\u00fcrger beteiligt hatten. \"Viele sehen nur die Leerst\u00e4nde, und nicht, dass auch eine Menge passiert\", sagte Wolfgang Etrich, Vorsitzender des F\u00f6rdervereins. \"Das m\u00fcssen wir durchbrechen. \" Dabei soll auch der durch Stadtmarketing, F\u00f6rderverein und Anzeigen finanzierte F\u00fchrer helfen. Verantwortlich f\u00fcr die Umsetzung war Kristin Martini vom Stadtmarketing. Marlis D\u00fc\u00dfmann, Aufsichtsratsvorsitzende des Stadtmarketings, lobte die gute Zusammenarbeit mit dem F\u00f6rderverein. K\u00fcnftig soll der Einkaufs- und Erlebnisf\u00fchrer laut Langnau etwa alle eineinhalb bis zwei Jahre aktualisiert werden. Zudem soll es eine Version im Internet geben. Melden Sie sich bitte an um einen Kommentar abzugeben. E-Mail-Adresse oder Benutzername Passwort Registrieren anmelden Passwort vergessen Das k\u00f6nnte Sie auch interessieren",
                    "date": "2014-07-10",
                    "eventUri": "946181",
                    "id": "14472598",
                    "isDuplicate": false,
                    "lang": "deu",
                    "sim": 0.5244,
                    "source": {
                        "title": "NWZ Online",
                        "uri": "www.nwzonline.de"
                    },
                    "time": "03:38:00",
                    "title": "Brosch\u00fcre wirbt f\u00fcr Innenstadt",
                    "uri": "195310298",
                    "url": "http://www.nwzonline.de/delmenhorst/broschuere-wirbt-fuer-innenstadt_a_16%2C0%2C1150039583.html",
                    "wgt": 1
                },
                {
                    "body": "Delmenhorst Schwangerschaft, Konflikt, Beratung: Wer diese drei Begriffe h\u00f6rt, denkt meist an einen Schwangerschaftsabbruch. Wenige wissen, dass jede schwangere Frau einen Anspruch auf anonyme Beratung hat - in jeder Lebenssituation und so lange wie n\u00f6tig. Das seit Mai in Kraft getretene \"Gesetz zum Ausbau der Hilfen f\u00fcr Schwangere und zur Regelung der vertraulichen Geburt\" soll Schwangeren mit dem Wunsch nach Anonymit\u00e4t den Weg in die Beratungsstelle erleichtern. Auch die Beratungsstellen in Delmenhorst bauen ihre anonymen Hilfen weiter aus. Frauen, die ihre Schwangerschaft verheimlichen, befinden sich in einer schwerwiegenden, mit Angst und R\u00fcckzug verbundenen Krise, hei\u00dft es in einer Mitteilung der Stadt. Ihre Verzweiflung k\u00f6nne so gro\u00df sein, dass sie sich niemandem anvertrauen k\u00f6nnen. Bei den Beratungsstellen f\u00fcr schwangere Frauen in Delmenhorst - Caritas Schwangerschaftsberatung ( Louisenstra\u00dfe 27 ), Evangelische Beratungsstelle f\u00fcr Schwangeren- und Schwangerschaftskonfliktberatung ( Kirchstra\u00dfe 3 ) und der Fachdienst Gesundheit, Schwangeren- und Schwangerschaftskonfliktberatung der Stadt ( Lange Stra\u00dfe 1a ) - finden Schwangere in Not ab sofort noch umfassender Rat und Hilfe, ohne ihren Namen nennen zu m\u00fcssen, hei\u00dft es. Laut Stadt m\u00fcssten noch mehr Frauen von den Angeboten erfahren. Denn was viele nicht w\u00fcssten: Sie haben einen gesetzlichen Anspruch, sich zu allen Fragen rund um eine Schwangerschaft beraten zu lassen - kostenfrei und auf Wunsch anonym. Alle anvertrauten Informationen sind durch die gesetzliche Schweigepflicht der Beraterinnen besonders gesch\u00fctzt. Die Mitarbeiterinnen der Beratungsstellen sind kompetent und besonders geschult. Auch auf psychosoziale Konflikte sind die Beraterinnen vorbereitet. Frauen, die ihre Schwangerschaft verheimlichen oder verdr\u00e4ngen, haben nicht nur die M\u00f6glichkeit, sich anonym beraten zu lassen, sondern k\u00f6nnen durch das neue Gesetz ihr Kind medizinisch begleitet zur Welt bringen, ohne ihre Identit\u00e4t zu offenbaren. Heimliche Geburten und F\u00e4lle, in denen Neugeborene ausgesetzt oder get\u00f6tet werden, sollen dadurch verhindert werden. Gleichzeitig hat das Kind sp\u00e4ter die Chance, seine Herkunft zu erfahren. Rat und Hilfe gibt es auch unter der vom Bundesfamilienministerium eingerichteten Notrufnummer 0800/ 4040020 und im Internet. www.geburt-vertraulich.de Melden Sie sich bitte an um einen Kommentar abzugeben. E-Mail-Adresse oder Benutzername Passwort Registrieren anmelden Passwort vergessen Das k\u00f6nnte Sie auch interessieren",
                    "date": "2014-07-10",
                    "eventUri": "946181",
                    "id": "14472713",
                    "isDuplicate": false,
                    "lang": "deu",
                    "sim": 0.491,
                    "source": {
                        "title": "NWZ Online",
                        "uri": "www.nwzonline.de"
                    },
                    "time": "03:38:00",
                    "title": "Stadt baut Beratung f\u00fcr Schwangere aus",
                    "uri": "195310283",
                    "url": "http://www.nwzonline.de/rund-ums-kind/stadt-baut-beratung-fuer-schwangere-aus_a_16%2C0%2C1150003807.html",
                    "wgt": 1
                }
            ]
        },
        "info": {
            "articleCount": 5,
            "averageDate": "2014-07-10",
            "avgCos": 0.4339,
            "categories": [],
            "customDate": false,
            "customLocation": false,
            "eventUri": "946181",
            "extractedDate": "",
            "extractedDateEnd": "",
            "id": "946181",
            "lang": "deu",
            "location": {
                "country": {
                    "labelEng": "Germany",
                    "lat": 51.5,
                    "long": 10.5,
                    "wikiUri": "http://en.wikipedia.org/wiki/Germany"
                },
                "labelEng": "Delmenhorst",
                "lat": 53.0511,
                "long": 8.63091,
                "wikiUri": "http://en.wikipedia.org/wiki/Delmenhorst"
            },
            "storyDate": "2014-07-10",
            "storyDateEnd": "",
            "uri": "b738a3b7-2db3-4d38-88c8-76c4eb4f835b-134325",
            "variance": 0.3117
        }
    },
    "meta": {
        "CCAArticleMatchCount": 5,
        "CCAArticleMatchRatio": 0.05319148936170213,
        "CCAAvgCosSim": 0.6750700000000001,
        "CCAAvgMatchWgt": 56.6,
        "_articleUri1": "195310049",
        "_articleUri2": "195829674",
        "_datetime": "2015-01-20 18:02:02",
        "_ruleBasedShouldMerge": false,
        "_storyUri1": "b738a3b7-2db3-4d38-88c8-76c4eb4f835b-134325",
        "_storyUri2": "850f305d-14db-4c75-b547-79470a557ea3-550881",
        "_username": "Evgenia Belyaeva",
        "artCount1": 5,
        "artCount2": 5,
        "avgCosSimStory1": 0.4339,
        "avgCosSimStory2": 0.4448,
        "categorySim": 0,
        "conceptCosSim": 0.04566293570019225,
        "conceptJaccardSim": 0.009174311926605505,
        "coreTime1": 127299.6333333333,
        "coreTime2": 127309.9666666667,
        "coreTimeStDev1": 0,
        "coreTimeStDev2": 0.1503329637872525,
        "entityCosSim": 0,
        "entityJaccardSim": 0,
        "extractedDateJaccardSim": 0,
        "extractedDatesStory1": 1,
        "extractedDatesStory2": 0,
        "hasSameLocation": 0,
        "keywordCosSim": 0.0799113434619863,
        "keywordJaccardSim": 0.01694915254237288,
        "lang1": "deu",
        "lang2": "eng",
        "matchingDateCount": 0,
        "matchingDateRatio": 0,
        "ratioAnnotatedArticlesStory1": 1,
        "ratioAnnotatedArticlesStory2": 1,
        "shouldMerge": false,
        "storyQuality1": 5,
        "storyQuality2": 5,
        "timeAvg1": 127299.6333333333,
        "timeAvg2": 127310.2366666667,
        "timeStDev1": 0,
        "timeStDev2": 0.1503329637872525,
        "varianceStory1": 0.3117,
        "varianceStory2": 0.4021
    }
}