{
    "850f305d-14db-4c75-b547-79470a557ea3-1126960": {
        "articles": {
            "resultCount": 10,
            "results": [
                {
                    "body": "And please don't tell me I can't use any repetitive or consecutive numbers in my password. That's getting a little extre...\n\nFor the complete article, please pick up a copy of The Citizen for this day or purchase this day's electronic edition at http://secure.floridakeys.com/keysnews/enews. Home Delivery & Electronic Edition subscibers to The Citizen may access this article, once logged in to keysnews.com, at no charge. If you forget your password, please call us at 305-292-7777, ext. 4.",
                    "date": "2014-12-07",
                    "eventUri": "1941997",
                    "id": "27368764",
                    "isDuplicate": false,
                    "lang": "eng",
                    "sim": 0.956,
                    "source": {
                        "title": "www.solareshill.com",
                        "uri": "www.solareshill.com"
                    },
                    "time": "06:17:00",
                    "title": "How many passwords can one person recall?",
                    "uri": "232175659",
                    "url": "http://www.solareshill.com/node/61064",
                    "wgt": 1
                },
                {
                    "body": "The 34-year-old man and 44-year-old woman both face misdemeanor prostitution-related charges.\n\nFor the complete article, please pick up a copy of The Citizen for this day or purchase this day's electronic edition at http://secure.floridakeys.com/keysnews/enews. Home Delivery & Electronic Edition subscibers to The Citizen may access this article, once logged in to keysnews.com, at no charge. If you forget your password, please call us at 305-292-7777, ext. 4.",
                    "date": "2014-12-04",
                    "eventUri": "1941997",
                    "id": "27052495",
                    "isDuplicate": false,
                    "lang": "eng",
                    "sim": 0.9543,
                    "source": {
                        "title": "www.solareshill.com",
                        "uri": "www.solareshill.com"
                    },
                    "time": "06:16:00",
                    "title": "Cops bust prostitute, customer in the act",
                    "uri": "231369549",
                    "url": "http://www.solareshill.com/node/60970",
                    "wgt": 1
                },
                {
                    "body": "\"If you're going to ride your bike on the wrong side of the road, can you take responsibility and pay attention when you know you're driving up to a driveway and proceed with caution...\n\nFor the complete article, please pick up a copy of The Citizen for this day or purchase this day's electronic edition at http://secure.floridakeys.com/keysnews/enews. Home Delivery & Electronic Edition subscibers to The Citizen may access this article, once logged in to keysnews.com, at no charge. If you forget your password, please call us at 305-292-7777, ext. 4.",
                    "date": "2014-12-05",
                    "eventUri": "1941997",
                    "id": "27157638",
                    "isDuplicate": false,
                    "lang": "eng",
                    "sim": 0.9266,
                    "source": {
                        "title": "www.solareshill.com",
                        "uri": "www.solareshill.com"
                    },
                    "time": "06:58:00",
                    "title": "Citizens' Voice",
                    "uri": "231641730",
                    "url": "http://www.solareshill.com/node/60996",
                    "wgt": 1
                },
                {
                    "body": "\"I felt sick when I read that the city is seeking to remove more than 40 trees as part of the Truman Waterfront park plans. Seriously? What possible reason can th...\n\nFor the complete article, please pick up a copy of The Citizen for this day or purchase this day's electronic edition at http://secure.floridakeys.com/keysnews/enews. Home Delivery & Electronic Edition subscibers to The Citizen may access this article, once logged in to keysnews.com, at no charge. If you forget your password, please call us at 305-292-7777, ext. 4.",
                    "date": "2014-12-06",
                    "eventUri": "1941997",
                    "id": "27293553",
                    "isDuplicate": false,
                    "lang": "eng",
                    "sim": 0.9207,
                    "source": {
                        "title": "www.solareshill.com",
                        "uri": "www.solareshill.com"
                    },
                    "time": "06:47:00",
                    "title": "Citizens' Voice",
                    "uri": "231974054",
                    "url": "http://www.solareshill.com/node/61036",
                    "wgt": 1
                },
                {
                    "body": "\"How can we have 15 percent more cruise ships visiting this year? I thought the sages said if we didn't dredge, they wouldn't come. Shouldn't the numbers be decreasing?\"\n\nFor the complete article, please pick up a copy of The Citizen for this day or purchase this day's electronic edition at http://secure.floridakeys.com/keysnews/enews. Home Delivery & Electronic Edition subscibers to The Citizen may access this article, once logged in to keysnews.com, at no charge. If you forget your password, please call us at 305-292-7777, ext. 4.",
                    "date": "2014-12-04",
                    "eventUri": "1941997",
                    "id": "27052506",
                    "isDuplicate": false,
                    "lang": "eng",
                    "sim": 0.9077,
                    "source": {
                        "title": "www.solareshill.com",
                        "uri": "www.solareshill.com"
                    },
                    "time": "06:17:00",
                    "title": "Citizens' Voice",
                    "uri": "231369557",
                    "url": "http://www.solareshill.com/node/60971",
                    "wgt": 1
                },
                {
                    "body": "Francisco Moya, 46, of Stock Island, and Gerardo Bojorge, 55, of Key West, were charged with felony grand theft. Police were called to the former Days Inn, 3842 N. Roosevelt Blvd.,...\n\nFor the complete article, please pick up a copy of The Citizen for this day or purchase this day's electronic edition at http://secure.floridakeys.com/keysnews/enews. Home Delivery & Electronic Edition subscibers to The Citizen may access this article, once logged in to keysnews.com, at no charge. If you forget your password, please call us at 305-292-7777, ext. 4.",
                    "date": "2014-12-05",
                    "eventUri": "1941997",
                    "id": "27157622",
                    "isDuplicate": false,
                    "lang": "eng",
                    "sim": 0.8703,
                    "source": {
                        "title": "www.solareshill.com",
                        "uri": "www.solareshill.com"
                    },
                    "time": "06:58:00",
                    "title": "Construction workers charged with stealing",
                    "uri": "231641683",
                    "url": "http://www.solareshill.com/node/60993",
                    "wgt": 1
                },
                {
                    "body": "Richard Edward Thibeault, 35, of the 100 block of Jo Jean Way, faces charges of possession of marijuana over 20 grams, possession of drug paraphernalia, tr...\n\nFor the complete article, please pick up a copy of The Citizen for this day or purchase this day's electronic edition at http://secure.floridakeys.com/keysnews/enews. Home Delivery & Electronic Edition subscibers to The Citizen may access this article, once logged in to keysnews.com, at no charge. If you forget your password, please call us at 305-292-7777, ext. 4.",
                    "date": "2014-12-06",
                    "eventUri": "1941997",
                    "id": "27293556",
                    "isDuplicate": false,
                    "lang": "eng",
                    "sim": 0.865,
                    "source": {
                        "title": "www.solareshill.com",
                        "uri": "www.solareshill.com"
                    },
                    "time": "06:47:00",
                    "title": "Deputies seize $1K, drugs in raid",
                    "uri": "231974055",
                    "url": "http://www.solareshill.com/node/61037",
                    "wgt": 1
                },
                {
                    "body": "The latest episode in this seven-year odyssey occurred at Tuesday's city commission meeting. Commissioners voted 4-3 to stick with their decision to award a $15 million contract to Burke Construction to convert the 1920's era Glynn Archer Elementary School into...\n\nFor the complete article, please pick up a copy of The Citizen for this day or purchase this day's electronic edition at http://secure.floridakeys.com/keysnews/enews. Home Delivery & Electronic Edition subscibers to The Citizen may access this article, once logged in to keysnews.com, at no charge. If you forget your password, please call us at 305-292-7777, ext. 4.",
                    "date": "2014-12-07",
                    "eventUri": "1941997",
                    "id": "27368794",
                    "isDuplicate": false,
                    "lang": "eng",
                    "sim": 0.8589,
                    "source": {
                        "title": "www.solareshill.com",
                        "uri": "www.solareshill.com"
                    },
                    "time": "06:17:00",
                    "title": "City hall project digs deep into our wallets",
                    "uri": "232175703",
                    "url": "http://www.solareshill.com/node/61076",
                    "wgt": 1
                },
                {
                    "body": "A recent columnist shared the results of a study that one's sense of gratitude for all one has is a proven antidote for impulse purchase feelings that can arise this time of year. Being genuinely grateful requires me to appreciate what I find around me -- in the community, at work, with friends and at home with family. Appreciating people, places and things connects me to them, and reinforces t...\n\nFor the complete article, please pick up a copy of The Citizen for this day or purchase this day's electronic edition at http://secure.floridakeys.com/keysnews/enews. Home Delivery & Electronic Edition subscibers to The Citizen may access this article, once logged in to keysnews.com, at no charge. If you forget your password, please call us at 305-292-7777, ext. 4.",
                    "date": "2014-12-06",
                    "eventUri": "1941997",
                    "id": "27293571",
                    "isDuplicate": false,
                    "lang": "eng",
                    "sim": 0.8447,
                    "source": {
                        "title": "www.solareshill.com",
                        "uri": "www.solareshill.com"
                    },
                    "time": "06:47:00",
                    "title": "Choral concert at KWHS a perfect holiday activity",
                    "uri": "231974097",
                    "url": "http://www.solareshill.com/node/61042",
                    "wgt": 1
                },
                {
                    "body": "\"Drive by Simonton and Virginia streets and look at where 40 working-class Key Westers were evicted and 30 mature trees removed to make way for a huge empty lot soon to be filled with faux conch modular townhouses that even the realtors in this town can't give away. Yes, city pl...\n\nFor the complete article, please pick up a copy of The Citizen for this day or purchase this day's electronic edition at http://secure.floridakeys.com/keysnews/enews. Home Delivery & Electronic Edition subscibers to The Citizen may access this article, once logged in to keysnews.com, at no charge. If you forget your password, please call us at 305-292-7777, ext. 4.",
                    "date": "2014-12-07",
                    "eventUri": "1941997",
                    "id": "27368783",
                    "isDuplicate": false,
                    "lang": "eng",
                    "sim": 0.8179,
                    "source": {
                        "title": "www.solareshill.com",
                        "uri": "www.solareshill.com"
                    },
                    "time": "06:17:00",
                    "title": "Citizens' Voice",
                    "uri": "232175681",
                    "url": "http://www.solareshill.com/node/61072",
                    "wgt": 1
                }
            ]
        },
        "info": {
            "articleCount": 10,
            "averageDate": "2014-12-05",
            "avgCos": 0.6309,
            "categories": [],
            "customDate": false,
            "customLocation": false,
            "eventUri": "1941997",
            "extractedDate": "",
            "extractedDateEnd": "",
            "id": "1941997",
            "lang": "eng",
            "storyDate": "2014-12-05",
            "storyDateEnd": "",
            "uri": "850f305d-14db-4c75-b547-79470a557ea3-1126960",
            "variance": 0.102
        }
    },
    "e7e700df-6a06-44ea-a4f3-f736278fc36b-259393": {
        "articles": {
            "resultCount": 12,
            "results": [
                {
                    "body": "Los comentarios publicados est\u00e1n s\u00f3lo en plataforma de Facebook y La Naci\u00f3n.cl no se hace responsable de su contenido ni aplicar\u00e1 edici\u00f3n a ellos. No obstante, se reservar\u00e1 el derecho de administrar las listas de comentarios cuando \u00e9stos presenten ofensas personales.\n\nLos usuarios que se sientan afectados por alg\u00fan comentario tambi\u00e9n pueden usar la misma plataforma de Facebook para denunciarlos en caso que los consideren ofensivos o denigrantes.\n\nLos art\u00edculos publicados bajo la etiqueta de Opini\u00f3n son de responsabilidad exclusiva de sus autores y no necesariamente representan la l\u00ednea editorial Naci\u00f3n.cl",
                    "date": "2014-11-08",
                    "eventUri": "1285066",
                    "id": "24957778",
                    "isDuplicate": false,
                    "lang": "spa",
                    "sim": 0.9936,
                    "source": {
                        "title": "Triunfo | Deportes en Naci\u00f3n.cl",
                        "uri": "www.lanacion.cl"
                    },
                    "time": "22:54:00",
                    "title": "Mart\u00edn Lasarte is cautious: \"we are three end\"",
                    "uri": "225448168",
                    "url": "http://www.lanacion.cl/noticias/deportes/futbol-nacional/primera-division/martin-lasarte-es-cauteloso-nos-quedan-tres-finales/2014-11-08/184010.html",
                    "wgt": 1
                },
                {
                    "body": "Bachelet: Tengo la certeza profunda que vamos a tener mejor educaci\u00f3n\n\nLos comentarios publicados est\u00e1n s\u00f3lo en plataforma de Facebook y La Naci\u00f3n.cl no se hace responsable de su contenido ni aplicar\u00e1 edici\u00f3n a ellos. No obstante, se reservar\u00e1 el derecho de administrar las listas de comentarios cuando \u00e9stos presenten ofensas personales.\n\nLos usuarios que se sientan afectados por alg\u00fan comentario tambi\u00e9n pueden usar la misma plataforma de Facebook para denunciarlos en caso que los consideren ofensivos o denigrantes.\n\nLos art\u00edculos publicados bajo la etiqueta de Opini\u00f3n son de responsabilidad exclusiva de sus autores y no necesariamente representan la l\u00ednea editorial Naci\u00f3n.cl",
                    "date": "2014-12-06",
                    "eventUri": "1285066",
                    "id": "27289956",
                    "isDuplicate": false,
                    "lang": "spa",
                    "sim": 0.9677,
                    "source": {
                        "title": "Triunfo | Deportes en Naci\u00f3n.cl",
                        "uri": "www.lanacion.cl"
                    },
                    "time": "05:49:00",
                    "title": "Auditor asked the government reports on spot and comic educational reform",
                    "uri": "231965043",
                    "url": "http://www.lanacion.cl/noticias/pais/gobierno/contralor-pidio-al-gobierno-informes-sobre-spot-y-comic-de-reforma-educacional/2014-12-05/213513.html",
                    "wgt": 1
                },
                {
                    "body": "Navidad: Comercio minorista extender\u00e1 en 2 horas jornada laboral\n\nLos comentarios publicados est\u00e1n s\u00f3lo en plataforma de Facebook y La Naci\u00f3n.cl no se hace responsable de su contenido ni aplicar\u00e1 edici\u00f3n a ellos. No obstante, se reservar\u00e1 el derecho de administrar las listas de comentarios cuando \u00e9stos presenten ofensas personales.\n\nLos usuarios que se sientan afectados por alg\u00fan comentario tambi\u00e9n pueden usar la misma plataforma de Facebook para denunciarlos en caso que los consideren ofensivos o denigrantes.\n\nLos art\u00edculos publicados bajo la etiqueta de Opini\u00f3n son de responsabilidad exclusiva de sus autores y no necesariamente representan la l\u00ednea editorial Naci\u00f3n.cl",
                    "date": "2014-12-06",
                    "eventUri": "1285066",
                    "id": "27327580",
                    "isDuplicate": false,
                    "lang": "spa",
                    "sim": 0.9604,
                    "source": {
                        "title": "Triunfo | Deportes en Naci\u00f3n.cl",
                        "uri": "www.lanacion.cl"
                    },
                    "time": "16:19:00",
                    "title": "Ipc November marked a variation of zero per cent",
                    "uri": "232067867",
                    "url": "http://www.lanacion.cl/noticias/economia/comercio/ipc-de-noviembre-marco-una-variacion-de-cero-por-ciento/2014-12-06/105554.html",
                    "wgt": 1
                },
                {
                    "body": "Esval cortar\u00e1 el agua este mi\u00e9rcoles en la parte alta de Valpara\u00edso\n\nLos comentarios publicados est\u00e1n s\u00f3lo en plataforma de Facebook y La Naci\u00f3n.cl no se hace responsable de su contenido ni aplicar\u00e1 edici\u00f3n a ellos. No obstante, se reservar\u00e1 el derecho de administrar las listas de comentarios cuando \u00e9stos presenten ofensas personales.\n\nLos usuarios que se sientan afectados por alg\u00fan comentario tambi\u00e9n pueden usar la misma plataforma de Facebook para denunciarlos en caso que los consideren ofensivos o denigrantes.\n\nLos art\u00edculos publicados bajo la etiqueta de Opini\u00f3n son de responsabilidad exclusiva de sus autores y no necesariamente representan la l\u00ednea editorial Naci\u00f3n.cl",
                    "date": "2014-12-16",
                    "eventUri": "1285066",
                    "id": "28486702",
                    "isDuplicate": false,
                    "lang": "spa",
                    "sim": 0.9579,
                    "source": {
                        "title": "Triunfo | Deportes en Naci\u00f3n.cl",
                        "uri": "www.lanacion.cl"
                    },
                    "time": "13:53:00",
                    "title": "Incautan arma de fuego que se vend\u00eda en feria de las pulgas de ... - La Naci\u00f3n (Chile)",
                    "uri": "234888286",
                    "url": "http://www.lanacion.cl/noticias/regiones/valparaiso/incautan-arma-de-fuego-que-se-vendia-en-feria-de-las-pulgas-de-valparaiso/2014-12-16/084535.html",
                    "wgt": 1
                },
                {
                    "body": "Corte de Valpara\u00edso acogi\u00f3 recurso contra libro Nicol\u00e1s tiene dos pap\u00e1s\n\nLos comentarios publicados est\u00e1n s\u00f3lo en plataforma de Facebook y La Naci\u00f3n.cl no se hace responsable de su contenido ni aplicar\u00e1 edici\u00f3n a ellos. No obstante, se reservar\u00e1 el derecho de administrar las listas de comentarios cuando \u00e9stos presenten ofensas personales.\n\nLos usuarios que se sientan afectados por alg\u00fan comentario tambi\u00e9n pueden usar la misma plataforma de Facebook para denunciarlos en caso que los consideren ofensivos o denigrantes.\n\nLos art\u00edculos publicados bajo la etiqueta de Opini\u00f3n son de responsabilidad exclusiva de sus autores y no necesariamente representan la l\u00ednea editorial Naci\u00f3n.cl",
                    "date": "2014-11-09",
                    "eventUri": "1285066",
                    "id": "25015470",
                    "isDuplicate": false,
                    "lang": "spa",
                    "sim": 0.9539,
                    "source": {
                        "title": "Triunfo | Deportes en Naci\u00f3n.cl",
                        "uri": "www.lanacion.cl"
                    },
                    "time": "23:11:00",
                    "title": "Orrego participates in the first run by integration",
                    "uri": "225617200",
                    "url": "http://www.lanacion.cl/noticias/pais/nacional/orrego-participa-en-la-primera-corrida-por-la-integracion/2014-11-09/174209.html",
                    "wgt": 1
                },
                {
                    "body": "Se mantienen desv\u00edos en Departamental por fallas en pavimento\n\nLos comentarios publicados est\u00e1n s\u00f3lo en plataforma de Facebook y La Naci\u00f3n.cl no se hace responsable de su contenido ni aplicar\u00e1 edici\u00f3n a ellos. No obstante, se reservar\u00e1 el derecho de administrar las listas de comentarios cuando \u00e9stos presenten ofensas personales.\n\nLos usuarios que se sientan afectados por alg\u00fan comentario tambi\u00e9n pueden usar la misma plataforma de Facebook para denunciarlos en caso que los consideren ofensivos o denigrantes.\n\nLos art\u00edculos publicados bajo la etiqueta de Opini\u00f3n son de responsabilidad exclusiva de sus autores y no necesariamente representan la l\u00ednea editorial Naci\u00f3n.cl",
                    "date": "2014-12-09",
                    "eventUri": "1285066",
                    "id": "27618948",
                    "isDuplicate": false,
                    "lang": "spa",
                    "sim": 0.9523,
                    "source": {
                        "title": "Triunfo | Deportes en Naci\u00f3n.cl",
                        "uri": "www.lanacion.cl"
                    },
                    "time": "00:27:00",
                    "title": "Operaci\u00f3n retorno: revise las medidas de contingencia - La Naci\u00f3n (Chile)",
                    "uri": "232802766",
                    "url": "http://www.lanacion.cl/noticias/pais/transportes/operacion-retorno-revise-las-medidas-de-contingencia/2014-12-08/193531.html",
                    "wgt": 1
                },
                {
                    "body": "Dos detenidos y carabineros lesionados deja persecuci\u00f3n policial por Santiago\n\nLos comentarios publicados est\u00e1n s\u00f3lo en plataforma de Facebook y La Naci\u00f3n.cl no se hace responsable de su contenido ni aplicar\u00e1 edici\u00f3n a ellos. No obstante, se reservar\u00e1 el derecho de administrar las listas de comentarios cuando \u00e9stos presenten ofensas personales.\n\nLos usuarios que se sientan afectados por alg\u00fan comentario tambi\u00e9n pueden usar la misma plataforma de Facebook para denunciarlos en caso que los consideren ofensivos o denigrantes.\n\nLos art\u00edculos publicados bajo la etiqueta de Opini\u00f3n son de responsabilidad exclusiva de sus autores y no necesariamente representan la l\u00ednea editorial Naci\u00f3n.cl",
                    "date": "2014-12-07",
                    "eventUri": "1285066",
                    "id": "27414911",
                    "isDuplicate": false,
                    "lang": "spa",
                    "sim": 0.9514,
                    "source": {
                        "title": "Triunfo | Deportes en Naci\u00f3n.cl",
                        "uri": "www.lanacion.cl"
                    },
                    "time": "20:47:00",
                    "title": "Man kills himself in the Mall Costanera center",
                    "uri": "232298467",
                    "url": "http://www.lanacion.cl/noticias/pais/policial/hombre-se-suicida-en-el-mall-costanera-center/2014-12-07/145836.html",
                    "wgt": 1
                },
                {
                    "body": "Delincuentes armados roban 2 veh\u00edculos de estacionamiento bajo La Moneda\n\nLos comentarios publicados est\u00e1n s\u00f3lo en plataforma de Facebook y La Naci\u00f3n.cl no se hace responsable de su contenido ni aplicar\u00e1 edici\u00f3n a ellos. No obstante, se reservar\u00e1 el derecho de administrar las listas de comentarios cuando \u00e9stos presenten ofensas personales.\n\nLos usuarios que se sientan afectados por alg\u00fan comentario tambi\u00e9n pueden usar la misma plataforma de Facebook para denunciarlos en caso que los consideren ofensivos o denigrantes.\n\nLos art\u00edculos publicados bajo la etiqueta de Opini\u00f3n son de responsabilidad exclusiva de sus autores y no necesariamente representan la l\u00ednea editorial Naci\u00f3n.cl",
                    "date": "2014-11-09",
                    "eventUri": "1285066",
                    "id": "25003667",
                    "isDuplicate": false,
                    "lang": "spa",
                    "sim": 0.9337,
                    "source": {
                        "title": "Triunfo | Deportes en Naci\u00f3n.cl",
                        "uri": "www.lanacion.cl"
                    },
                    "time": "18:36:00",
                    "title": "C2b alleged leader of millionaire theft to the \"aunt fadn\"",
                    "uri": "225583114",
                    "url": "http://www.lanacion.cl/noticias/pais/policial/cae-presunto-lider-del-millonario-robo-a-la-tia-rica/2014-11-09/135028.html",
                    "wgt": 1
                },
                {
                    "body": "Ex mirista que particip\u00f3 en secuestro en Brasil ser\u00e1 deportado a Chile\n\nLos comentarios publicados est\u00e1n s\u00f3lo en plataforma de Facebook y La Naci\u00f3n.cl no se hace responsable de su contenido ni aplicar\u00e1 edici\u00f3n a ellos. No obstante, se reservar\u00e1 el derecho de administrar las listas de comentarios cuando \u00e9stos presenten ofensas personales.\n\nLos usuarios que se sientan afectados por alg\u00fan comentario tambi\u00e9n pueden usar la misma plataforma de Facebook para denunciarlos en caso que los consideren ofensivos o denigrantes.\n\nLos art\u00edculos publicados bajo la etiqueta de Opini\u00f3n son de responsabilidad exclusiva de sus autores y no necesariamente representan la l\u00ednea editorial Naci\u00f3n.cl",
                    "date": "2014-11-10",
                    "eventUri": "1285066",
                    "id": "25074540",
                    "isDuplicate": false,
                    "lang": "spa",
                    "sim": 0.9323,
                    "source": {
                        "title": "Triunfo | Deportes en Naci\u00f3n.cl",
                        "uri": "www.lanacion.cl"
                    },
                    "time": "16:32:00",
                    "title": "Land-ward for four months more research Colliguay sect",
                    "uri": "225779453",
                    "url": "http://www.lanacion.cl/noticias/pais/tribunales/extienden-por-cuatro-meses-mas-investigacion-a-secta-de-colliguay/2014-11-10/105113.html",
                    "wgt": 1
                },
                {
                    "body": "Hijo de Orlando Letelier pide a Obama liberar a tres esp\u00edas cubanos\n\nLos comentarios publicados est\u00e1n s\u00f3lo en plataforma de Facebook y La Naci\u00f3n.cl no se hace responsable de su contenido ni aplicar\u00e1 edici\u00f3n a ellos. No obstante, se reservar\u00e1 el derecho de administrar las listas de comentarios cuando \u00e9stos presenten ofensas personales.\n\nLos usuarios que se sientan afectados por alg\u00fan comentario tambi\u00e9n pueden usar la misma plataforma de Facebook para denunciarlos en caso que los consideren ofensivos o denigrantes.\n\nLos art\u00edculos publicados bajo la etiqueta de Opini\u00f3n son de responsabilidad exclusiva de sus autores y no necesariamente representan la l\u00ednea editorial Naci\u00f3n.cl",
                    "date": "2014-12-17",
                    "eventUri": "1285066",
                    "id": "28468124",
                    "isDuplicate": false,
                    "lang": "spa",
                    "sim": 0.9304,
                    "source": {
                        "title": "Triunfo | Deportes en Naci\u00f3n.cl",
                        "uri": "www.lanacion.cl"
                    },
                    "time": "14:19:00",
                    "title": "Chilean and arrested accused of being the islamic state lived 9 years ago in Spain",
                    "uri": "234964780",
                    "url": "http://www.lanacion.cl/noticias/mundo/chilenos/chilena-detenida-y-acusada-de-ser-del-estado-islamico-vivia-hace-9-anos-en-espana/2014-12-17/085551.html",
                    "wgt": 1
                },
                {
                    "body": "Ex ministro de Educaci\u00f3n de Frei asume como director de AES Gener\n\nLos comentarios publicados est\u00e1n s\u00f3lo en plataforma de Facebook y La Naci\u00f3n.cl no se hace responsable de su contenido ni aplicar\u00e1 edici\u00f3n a ellos. No obstante, se reservar\u00e1 el derecho de administrar las listas de comentarios cuando \u00e9stos presenten ofensas personales.\n\nLos usuarios que se sientan afectados por alg\u00fan comentario tambi\u00e9n pueden usar la misma plataforma de Facebook para denunciarlos en caso que los consideren ofensivos o denigrantes.\n\nLos art\u00edculos publicados bajo la etiqueta de Opini\u00f3n son de responsabilidad exclusiva de sus autores y no necesariamente representan la l\u00ednea editorial Naci\u00f3n.cl",
                    "date": "2014-10-29",
                    "eventUri": "1285066",
                    "id": "23744826",
                    "isDuplicate": false,
                    "lang": "spa",
                    "sim": 0.9226,
                    "source": {
                        "title": "Triunfo | Deportes en Naci\u00f3n.cl",
                        "uri": "www.lanacion.cl"
                    },
                    "time": "00:11:00",
                    "title": "After 12 years, paul Yrarr\u00e1zaval leaves address of enersis",
                    "uri": "222348313",
                    "url": "http://www.lanacion.cl/noticias/economia/empresas/tras-12-anos-pablo-yrarrazaval-deja-direccion-de-enersis/2014-10-28/190840.html",
                    "wgt": 1
                },
                {
                    "body": "Llaman a usar v\u00edas alternativas por inicio de obras del corredor Vicu\u00f1a Mackenna\n\nLos comentarios publicados est\u00e1n s\u00f3lo en plataforma de Facebook y La Naci\u00f3n.cl no se hace responsable de su contenido ni aplicar\u00e1 edici\u00f3n a ellos. No obstante, se reservar\u00e1 el derecho de administrar las listas de comentarios cuando \u00e9stos presenten ofensas personales.\n\nLos usuarios que se sientan afectados por alg\u00fan comentario tambi\u00e9n pueden usar la misma plataforma de Facebook para denunciarlos en caso que los consideren ofensivos o denigrantes.\n\nLos art\u00edculos publicados bajo la etiqueta de Opini\u00f3n son de responsabilidad exclusiva de sus autores y no necesariamente representan la l\u00ednea editorial Naci\u00f3n.cl",
                    "date": "2014-10-30",
                    "eventUri": "1285066",
                    "id": "23873046",
                    "isDuplicate": false,
                    "lang": "spa",
                    "sim": 0.9221,
                    "source": {
                        "title": "Triunfo | Deportes en Naci\u00f3n.cl",
                        "uri": "www.lanacion.cl"
                    },
                    "time": "01:24:00",
                    "title": "Medidas para el Cl\u00e1sico Universitario: Metro reforzar\u00e1 servicio en L5",
                    "uri": "222671840",
                    "url": "http://www.lanacion.cl/noticias/pais/transportes/medidas-para-el-clasico-universitario-metro-reforzara-servicio-en-l5/2014-10-29/195728.html",
                    "wgt": 1
                }
            ]
        },
        "info": {
            "articleCount": 12,
            "averageDate": "2014-11-23",
            "avgCos": 0.671,
            "categories": [],
            "customDate": false,
            "customLocation": false,
            "eventUri": "1285066",
            "extractedDate": "",
            "extractedDateEnd": "",
            "id": "1285066",
            "lang": "spa",
            "storyDate": "2014-11-23",
            "storyDateEnd": "",
            "uri": "e7e700df-6a06-44ea-a4f3-f736278fc36b-259393",
            "variance": 0.0497
        }
    },
    "meta": {
        "CCAArticleMatchCount": 0,
        "CCAArticleMatchRatio": 0,
        "CCAAvgCosSim": 0,
        "CCAAvgMatchWgt": 0,
        "_articleUri1": "232175659",
        "_articleUri2": "225448168",
        "_datetime": "2015-01-20 18:13:06",
        "_ruleBasedShouldMerge": false,
        "_storyUri1": "850f305d-14db-4c75-b547-79470a557ea3-1126960",
        "_storyUri2": "e7e700df-6a06-44ea-a4f3-f736278fc36b-259393",
        "_username": "Evgenia Belyaeva",
        "artCount1": 10,
        "artCount2": 12,
        "avgCosSimStory1": 0.6309,
        "avgCosSimStory2": 0.671,
        "categorySim": 0,
        "conceptCosSim": 0.0003140015143326187,
        "conceptJaccardSim": 0.01639344262295082,
        "coreTime1": 130830.2833333333,
        "coreTime2": 129985.4,
        "coreTimeStDev1": 23.1556058727353,
        "coreTimeStDev2": 394.9810024123548,
        "entityCosSim": 0,
        "entityJaccardSim": 0,
        "extractedDateJaccardSim": -1,
        "extractedDatesStory1": 0,
        "extractedDatesStory2": 0,
        "hasSameLocation": -1,
        "keywordCosSim": 0.0003424055005590043,
        "keywordJaccardSim": 0.02173913043478261,
        "lang1": "eng",
        "lang2": "spa",
        "matchingDateCount": 0,
        "matchingDateRatio": 0,
        "ratioAnnotatedArticlesStory1": 1,
        "ratioAnnotatedArticlesStory2": 1,
        "shouldMerge": false,
        "storyQuality1": 22,
        "storyQuality2": 29,
        "timeAvg1": 130871.3683333334,
        "timeAvg2": 130568.8638888889,
        "timeStDev1": 26.35813331150071,
        "timeStDev2": 432.1582937137949,
        "varianceStory1": 0.102,
        "varianceStory2": 0.0497
    }
}