{
    "deu-91F35961-4212-44F8-8E30-BA33505D3C7D-48597": {
        "articles": {
            "resultCount": 10,
            "results": [
                {
                    "body": "Die \"RTL Group\" liegt in in Ungarn im Clinch mit der Regierung Orb\u00e1n. \"Die hohe Werbesteuer, mit denen die Regierungspartei unseren ungarischen Sender RTL Klub unter Druck setzen will, belastet unser Ergebnis in dem Land. Aber zur\u00fcckziehen werden wir uns nicht\", sagte Anke Sch\u00e4ferkordt, Ko-Vorstandsvorsitzende der RTL Group, im Gespr\u00e4ch mit der \"Frankfurter Allgemeinen Zeitung\" (F.A.Z./Samstagsausgabe).\n\n\"Wir haben uns bei der EU-Kommission beschwert und rechtliche Schritte eingeleitet.\" Immerhin gebe es Gespr\u00e4che zwischen der ungarischen Regierung und der RTL Group. \"Und unserer Kenntnis nach arbeitet die Regierung an einer Novellierung des Werbesteuergesetzes\", sagte sie der F.A.Z. Ungarische Medien berichteten, dass RTL im Gegenzug weniger kritisch berichten solle.\n\nDas lehnt Sch\u00e4ferkordt ab. \"Klar ist: RTL wird in seinen Nachrichten weiter unabh\u00e4ngig berichten\", sagte sie der F.A.Z.",
                    "date": "2015-01-31",
                    "eventUri": "2389856",
                    "id": "31818650",
                    "isDuplicate": false,
                    "lang": "deu",
                    "sim": 0.8074,
                    "source": {
                        "title": "FinanzNachrichten.de",
                        "uri": "www.finanznachrichten.de"
                    },
                    "time": "07:50:00",
                    "title": "F.A.Z.: RTL in Ungarn unter Druck",
                    "uri": "244813386",
                    "url": "http://www.finanznachrichten.de/nachrichten-2015-01/32688312-f-a-z-rtl-in-ungarn-unter-druck-003.htm",
                    "wgt": 1
                },
                {
                    "body": "Die RTL Group liegt in Ungarn im Konflikt mit der Regierung von Ministerpr\u00e4sident Viktor Orban. Doch Europas gr\u00f6\u00dfter Fernsehkonzern weicht nicht zur\u00fcck. \"Die hohe Werbesteuer, mit denen die Regierungspartei unseren ungarischen Sender RTL Klub unter Druck setzen will, belastet unser Ergebnis in dem Land. Aber zur\u00fcckziehen werden wir uns nicht\", sagte Anke Sch\u00e4ferkordt, Ko-Vorstandsvorsitzende der RTL Group, im Gespr\u00e4ch mit der Frankfurter Allgemeinen Zeitung.\n\n\"Wir haben uns bei der EU-Kommission beschwert und rechtliche Schritte eingeleitet\", f\u00fcgte Sch\u00e4ferkordt hinzu. Immerhin gebe es Gespr\u00e4che zwischen der ungarischen Regierung und der RTL Group. \"Und unserer Kenntnis nach arbeitet die Regierung an einer Novellierung des Werbesteuergesetzes\", sagte sie. Ungarische Medien berichteten, dass RTL im Gegenzug weniger kritisch berichten solle. Das lehnt Sch\u00e4ferkordt ab. \"Klar ist: RTL wird in seinen Nachrichten weiter unabh\u00e4ngig berichten\", sagte Sch\u00e4ferkordt.",
                    "date": "2015-01-31",
                    "eventUri": "2389856",
                    "id": "31829661",
                    "isDuplicate": false,
                    "lang": "deu",
                    "sim": 0.7947,
                    "source": {
                        "title": "finanzen.net",
                        "uri": "www.finanzen.net"
                    },
                    "time": "11:29:00",
                    "title": "RTL Group will trotz Drucks in Ungarn bleiben",
                    "uri": "244866360",
                    "url": "http://www.finanzen.net/nachricht/aktien/RTL-Group-will-trotz-Drucks-in-Ungarn-bleiben-4155648",
                    "wgt": 1
                },
                {
                    "body": "Die RTL Group liegt in Ungarn im Konflikt mit der Regierung von Ministerpr\u00e4sident Viktor Orban. Doch Europas gr\u00f6\u00dfter Fernsehkonzern weicht nicht zur\u00fcck. \"Die hohe Werbesteuer, mit denen die Regierungspartei unseren ungarischen Sender RTL Klub unter Druck setzen will, belastet unser Ergebnis in dem Land. Aber zur\u00fcckziehen werden wir uns nicht\", sagte Anke Sch\u00e4ferkordt, Ko-Vorstandsvorsitzende der RTL Group, im Gespr\u00e4ch mit der Frankfurter Allgemeinen Zeitung.\n\n\"Wir haben uns bei der EU-Kommission beschwert und rechtliche Schritte eingeleitet\", f\u00fcgte Sch\u00e4ferkordt hinzu. Immerhin gebe es Gespr\u00e4che zwischen der ungarischen Regierung und der RTL Group. \"Und unserer Kenntnis nach arbeitet die Regierung an einer Novellierung des Werbesteuergesetzes\", sagte sie. Ungarische Medien berichteten, dass RTL im Gegenzug weniger kritisch berichten solle. Das lehnt Sch\u00e4ferkordt ab. \"Klar ist: RTL wird in seinen Nachrichten weiter unabh\u00e4ngig berichten\", sagte Sch\u00e4ferkordt.\n\nKontakt zum Autor: konjunktur.de@dowjones.com\n\nDJG/apo\n\n(END) Dow Jones Newswires\n\nJanuary 31, 2015 05:20 ET (10:20 GMT)\n\nCopyright (c) 2015 Dow Jones & Company, Inc.",
                    "date": "2015-01-31",
                    "eventUri": "2389856",
                    "id": "31831017",
                    "isDuplicate": false,
                    "lang": "deu",
                    "sim": 0.7548,
                    "source": {
                        "title": "FinanzNachrichten.de",
                        "uri": "www.finanznachrichten.de"
                    },
                    "time": "11:58:00",
                    "title": "RTL Group will trotz Drucks in Ungarn bleiben",
                    "uri": "244873284",
                    "url": "http://www.finanznachrichten.de/nachrichten-2015-01/32688541-rtl-group-will-trotz-drucks-in-ungarn-bleiben-015.htm",
                    "wgt": 1
                },
                {
                    "body": "BUDAPEST/LUXEMBURG (dpa-AFX) - Europas gr\u00f6\u00dfter Fernsehkonzern RTL Group (Luxemburg) verhandelt mit Ungarns Regierung \u00fcber die Werbesteuer f\u00fcr Medienunternehmen, die die ungarische RTL-Tochter besonders belastet. Wie ein Sprecher der Gruppe best\u00e4tigte, laufen die Gespr\u00e4che bereits \"seit einigen Wochen\". Die Werbesteuer ist nach Umsatz gestaffelt - RTL Klub zahlt als einziger den H\u00f6chstsatz von 50 Prozent. Der Sender hat deswegen ein Verfahren vor der EU-Kommission angestrengt.\n\nUngarische Medien spekulieren indes dar\u00fcber, dass die Regierung von Ministerpr\u00e4sident Viktor Orban ein Interesse daran habe, den Konflikt mit RTL noch vor dem Besuch von Bundeskanzlerin Angela Merkel am Montag in Budapest auszur\u00e4umen. Nach der Einf\u00fchrung der Werbesteuer im Sommer hatte RTL Klub seine Berichterstattung \u00fcber mutma\u00dfliche Korruptionsf\u00e4lle im Umfeld von Regierungspolitikern auffallend verst\u00e4rkt. RTL Klub hat die gr\u00f6\u00dfte Reichweite von Ungarns Sendern.\n\nNach Darstellung des ungarischen Portals \"nol.hu\" k\u00f6nnte sich nun ein Deal abzeichnen, wonach der langj\u00e4hrige RTL-Klub-Intendant Dirk Gerkens aus Budapest abgezogen wird, wenn der Sender seine kritische Berichterstattung zur\u00fcckf\u00e4hrt. \"Zumindest die Besch\u00e4ftigung mit Angelegenheiten der (Politiker-)Angeh\u00f6rigen sollte vermieden werden\", zitierte \"nol.hu\" am Mittwoch einen namentlich nicht genannten Regierungsvertreter. Im Gegenzug k\u00f6nnte die Steuer deutlich reduziert werden. In Ungarn ist es g\u00e4ngige Praxis, dass Politiker ihre Firmen und Immobilien auf Verwandte und sogar Kinder \u00fcberschreiben.\n\n\"RTL wird in seinen Nachrichten auf jeden Fall weiterhin unabh\u00e4ngig berichten\", erkl\u00e4rte hingegen RTL-Group-Sprecher Oliver Fahlbusch. Personalfragen wollte er nicht kommentieren./gm/DP/jha",
                    "date": "2015-01-27",
                    "eventUri": "2389856",
                    "id": "31491982",
                    "isDuplicate": false,
                    "lang": "deu",
                    "sim": 0.6851,
                    "source": {
                        "title": "finanzen.net",
                        "uri": "www.finanzen.net"
                    },
                    "time": "21:55:33",
                    "title": "Vor Merkel-Besuch: RTL verhandelt mit Ungarns Regierung \u00fcber Steuer",
                    "uri": "242914849",
                    "url": "http://www.finanzen.net/nachricht/aktien/Vor-Merkel-Besuch-RTL-verhandelt-mit-Ungarns-Regierung-ueber-Steuer-4148861",
                    "wgt": 1
                },
                {
                    "body": "Die RTL-Mediengruppe plant mehr Eigenproduktionenl, setzt auf st\u00e4rkere Zusammenarbeit der deutschen Sender und fordert mehr Kreativit\u00e4t. \"Wir m\u00fcssen uns fragen, mit welchen Inhalten wir in Zukunft bei den Zuschauern punkten k\u00f6nnen\", sagte Anke Sch\u00e4ferkordt, Co-Vorstandsvorsitzende der RTL Group, im Gespr\u00e4ch mit der F.A.Z. (Samstagsausgabe).\n\n\"Hollywood-Blockbuster und amerikanische Serien werden auf lange Sicht f\u00fcr unsere gro\u00dfen Sender an Bedeutung verlieren, wenn es sie bei einer immer gr\u00f6\u00dferen Zahl von Anbietern im Netz gibt.\" Sch\u00e4ferkordt ist gleichzeitig Gesch\u00e4ftsf\u00fchrerin der Mediengruppe RTL Deutschland mit den Sender RTL, Vox, RTL II, Super RTL und N-TV. \"Was wir daher brauchen, sind eigene, exklusive Formate, die nur bei den Sendern der Mediengruppe RTL laufen\", sagte sie der F.A.Z. \"Darauf setzen wir schon heute. Wir wollen diese Strategie aber noch st\u00e4rker forcieren. Deshalb denken wir auch dar\u00fcber nach, wie wir unsere internen Strukturen und Prozesse an die neuen Anforderungen anpassen k\u00f6nnen.\"\n\nDieser Umbau bedeute keine Zentralisierung. \"Vielmehr m\u00fcssen wir die enge Zusammenarbeit innerhalb der Mediengruppe RTL f\u00f6rdern und Rahmenbedingungen f\u00fcr mehr Kreativit\u00e4t schaffen\", sagte sie der F.A.Z. Als Beispiel nennt sie Mitarbeiter in verschiedenen Unternehmensbereichen, die sich mit der Entwicklung neuer Formate besch\u00e4ftigen. \"Diese Kollegen werden sich k\u00fcnftig st\u00e4rker austauschen, etwa in \u00fcbergreifenden Kreativteams oder durch die Arbeit an gemeinsamen Projekten.\" Sie k\u00fcndigt mehr Ideen und Programme an.\n\n\"Wir wollen mehr ausprobieren - auch auf die Gefahr hin, dass das eine oder andere neue Format scheitert\", sagte sie der F.A.Z.",
                    "date": "2015-01-30",
                    "eventUri": "2389856",
                    "id": "31774687",
                    "isDuplicate": false,
                    "lang": "deu",
                    "sim": 0.6691,
                    "source": {
                        "title": "FinanzNachrichten.de",
                        "uri": "www.finanznachrichten.de"
                    },
                    "time": "19:30:14",
                    "title": "RTL setzt auf mehr Eigenproduktionen",
                    "uri": "244628139",
                    "url": "http://www.finanznachrichten.de/nachrichten-2015-01/32685795-rtl-setzt-auf-mehr-eigenproduktionen-003.htm",
                    "wgt": 1
                },
                {
                    "body": "Wie ein Sprecher der Gruppe best\u00e4tigte, laufen die Gespr\u00e4che bereits \"seit einigen Wochen\". Die Werbesteuer ist nach Umsatz gestaffelt - RTL Klub zahlt als einziger den H\u00f6chstsatz von 50 Prozent. Der Sender hat deswegen ein Verfahren vor der EU-Kommission angestrengt.\n\nUngarische Medien spekulieren indes dar\u00fcber, dass die Regierung von Ministerpr\u00e4sident Viktor Orban ein Interesse daran habe, den Konflikt mit RTL noch vor dem Besuch von Bundeskanzlerin Angela Merkel am Montag in Budapest auszur\u00e4umen. Nach der Einf\u00fchrung der Werbesteuer im Sommer hatte RTL Klub seine Berichterstattung \u00fcber mutma\u00dfliche Korruptionsf\u00e4lle im Umfeld von Regierungspolitikern auffallend verst\u00e4rkt. RTL Klub hat die gr\u00f6\u00dfte Reichweite von Ungarns Sendern.\n\nNach Darstellung des ungarischen Portals \"nol.hu\" k\u00f6nnte sich nun ein Deal abzeichnen, wonach der langj\u00e4hrige RTL-Klub-Intendant Dirk Gerkens aus Budapest abgezogen wird, wenn der Sender seine kritische Berichterstattung zur\u00fcckf\u00e4hrt. \"Zumindest die Besch\u00e4ftigung mit Angelegenheiten der (Politiker-)Angeh\u00f6rigen sollte vermieden werden\", zitierte \"nol.hu\" am Mittwoch einen namentlich nicht genannten Regierungsvertreter. Im Gegenzug k\u00f6nnte die Steuer deutlich reduziert werden. In Ungarn ist es g\u00e4ngige Praxis, dass Politiker ihre Firmen und Immobilien auf Verwandte und sogar Kinder \u00fcberschreiben.\n\n\"RTL wird in seinen Nachrichten auf jeden Fall weiterhin unabh\u00e4ngig berichten\", erkl\u00e4rte hingegen RTL-Group-Sprecher Oliver Fahlbusch. Personalfragen wollte er nicht kommentieren.",
                    "date": "2015-01-28",
                    "eventUri": "2389856",
                    "id": "31537615",
                    "isDuplicate": false,
                    "lang": "deu",
                    "sim": 0.6526,
                    "source": {
                        "title": "Lausitzer Rundschau",
                        "uri": "www.lr-online.de"
                    },
                    "time": "08:35:51",
                    "title": "Vor Merkel-Besuch: RTL verhandelt mit Ungarns Regierung \u00fcber Steuer",
                    "uri": "242921354",
                    "url": "http://www.lr-online.de/nachrichten/wirtschaft/Deutschland-Vor-Merkel-Besuch-RTL-verhandelt-mit-Ungarns-Regierung-ueber-Steuer%3Bart77623%2C4894679",
                    "wgt": 1
                },
                {
                    "body": "Vor dem Finale des Dschungelcamps an diesem Samstag k\u00fcndigt RTL eine Fortsetzung an. \"Wir entwickeln grunds\u00e4tzlich viele neue Ideen. Aber eines wei\u00df ich mit Sicherheit: 2016 wird es eine neue Staffel von \"Ich bin ein Star - Holt mich hier raus!\" geben\", sagte Anke Sch\u00e4ferkordt, Ko-Vorstandsvorsitzende der RTL Group, im Gespr\u00e4ch mit der \"Frankfurter Allgemeinen Zeitung\" (F.A.Z./Samstagsausgabe).\n\n\"Das Format wird uns weiterhin viel Freude machen.\" Sch\u00e4ferkordt ist gleichzeitig Gesch\u00e4ftsf\u00fchrerin der Mediengruppe RTL Deutschland und k\u00fcmmert sich um die deutschen Fernsehsender des Unternehmens. Die Fernsehmanagerin bekennt sich zu der Sendung.\n\n\"Ich bin ein leidenschaftlicher Dschungel-Fan\", sagte sie der F.A.Z. \"Nicht so sehr wegen der Dschungelpr\u00fcfungen, in denen die Promis auch einmal verr\u00fcckte oder eklige Dinge essen oder machen m\u00fcssen. Was mich mehr interessiert, ist die Gruppendynamik, die zwischen den Kandidaten entsteht. Das ist das eigentlich Spannende.\" Sieben Millionen Zuschauer schalten regelm\u00e4\u00dfig das Dschungelcamp ein.\n\nDaf\u00fcr hat Sch\u00e4ferkordt eine Erkl\u00e4rung: \"Wir bringen die Kandidaten in ein ungewohntes Umfeld und schauen, wie sie mit dieser Herausforderung umgehen. Das ist einfach unterhaltsam\", sagte sie der F.A.Z. \"Nat\u00fcrlich geh\u00f6rt ein bisschen Voyeurismus dazu. Das ist auch v\u00f6llig o.k, denn unsere Kandidaten wissen genau, worauf sie sich einlassen.\"",
                    "date": "2015-01-31",
                    "eventUri": "2389856",
                    "id": "31818657",
                    "isDuplicate": false,
                    "lang": "deu",
                    "sim": 0.5487,
                    "source": {
                        "title": "FinanzNachrichten.de",
                        "uri": "www.finanznachrichten.de"
                    },
                    "time": "07:50:00",
                    "title": "RTL will Dschungelcamp fortsetzen",
                    "uri": "244813389",
                    "url": "http://www.finanznachrichten.de/nachrichten-2015-01/32688313-rtl-will-dschungelcamp-fortsetzen-003.htm",
                    "wgt": 1
                },
                {
                    "body": "K\u00f6ln (ots) - Exklusives Live-Entertainment f\u00fcr Pferdefans:\n\nMediengruppe RTL Deutschland forciert Lizenzmerchandising mit neuer\n\nKooperation.\n\nDie Mediengruppe RTL Deutschland baut ihr Lizenzportfolio weiter\n\naus. So hat der Lizenz- und Merchandising-Bereich von RTL\n\ninteractive, einem Unternehmen der Mediengruppe RTL Deutschland, mit\n\nder etablierten und bekannten Marke APASSIONATA eine langfristige\n\nPartnerschaft vereinbart. Im Rahmen der Zusammenarbeit bietet die\n\nMediengruppe RTL Deutschland einen breiten Zugang zu den\n\nLizenz-Kategorien rund um Reiterbedarf, Toys & Games, Home Decor,\n\nSchreibwaren sowie Food & Beverage. Weitere Merchandising-Artikel wie\n\nB\u00fccher, Magazine und Textilien zu APASSIONATA sind geplant.\n\nAnnette Kunze, Bereichsleiterin Licensing bei RTL interactive:\n\n\"Unsere neuen Aktivit\u00e4ten f\u00fcr APASSIONATA sind ein weiterer Schritt\n\nder Strategie, die werbeunabh\u00e4ngigen Gesch\u00e4fte der Mediengruppe RTL\n\nDeutschland auszubauen. Mit APASSIONATA forcieren wir ab sofort\n\nunsere Agenturt\u00e4tigkeit mit einer herausragenden,\n\nTV-Inhalte-unabh\u00e4ngigen Live-Entertainment-Marke. Daher freuen wir\n\nuns sehr, Licensing- und Merchandisingrechte f\u00fcr die Show auszuwerten\n\nsowie Marketingkonzepte mit Werbe- und Handelspartnern vermitteln zu\n\nk\u00f6nnen.\"\n\nSonja Osbild, Director Merchandise bei APASSIONATA: \"Mit der\n\nMediengruppe RTL Deutschland kooperieren wir bereits seit \u00fcber zehn\n\nJahren sehr intensiv und erfolgreich in der Bewerbung der j\u00e4hrlichen\n\nAPASSIONATA-Tour. Der weitere Ausbau der Zusammenarbeit auf das\n\nLizenzgesch\u00e4ft ist somit eine sinnvolle Konsequenz in dieser\n\nvertrauensvollen und bew\u00e4hrten Partnerschaft.\"\n\nAPASSIONATA ist mit rund 500.000 Tickets pro Saison und 400.000\n\nFacebook-Fans seit 2002 Europas erfolgreichste\n\nLive-Entertainment-Show mit Pferden. Die Show aus Reitkunst,\n\nAkrobatik und Tanz \u00fcberzeugt Jahr f\u00fcr Jahr kleine und gro\u00dfe Zuschauer\n\ngleicherma\u00dfen und spricht mit 50 Pferden der verschiedensten Rassen\n\nbesonders die weibliche Zielgruppe sowie Familien an.\n\nEvent- und Musikkooperationen sind seit vielen Jahren fester\n\nBestandteil im Portfolio der Lizenzvermarktung der Mediengruppe RTL\n\nDeutschland. Nach der Gr\u00fcndung des Musiklabels \"Music for Millions\"\n\n2013 und der Etablierung der Partnerschaft mit \"Bravado Merchandise\"\n\nim vergangenen Jahr erweitert die Mediengruppe RTL Deutschland das\n\nLizenzangebot mit APASSIONATA auch mit senderunabh\u00e4ngigen Marken.\n\nPressekontakt:\n\nBea Sauer, Mediengruppe RTL Deutschland\n\nUnternehmenskommunikation RTL interactive\n\nTel.: 0221-45674222\n\nbea.sauer@mediengruppe-rtl.de\n\npresseportal.de",
                    "date": "2015-01-28",
                    "eventUri": "2389856",
                    "id": "31572799",
                    "isDuplicate": false,
                    "lang": "deu",
                    "sim": 0.5061,
                    "source": {
                        "title": "www.aktiencheck.de",
                        "uri": "www.aktiencheck.de"
                    },
                    "time": "17:35:28",
                    "title": "Mediengruppe RTL Deutschland und APASSIONATA starten Lizenz-Partnerschaft",
                    "uri": "243727234",
                    "url": "http://www.aktiencheck.de/news/Artikel-Mediengruppe_RTL_Deutschland_und_APASSIONATA_starten_Lizenz_Partnerschaft-6256640",
                    "wgt": 1
                },
                {
                    "body": "Wann wird Inez sichendlichin ihn verlieben? Ole zeigt sich von seiner besten Seite und plant sogar einen Ausflug mit ihr. Das M\u00e4dchen sagt ihm zu, aber sie holt Timo mit ins Boot...\n\nVerpasste Sendungen k\u00f6nnt ihr auch in der Mediathek von RTL II nachholen.\n\nSollten Sie keinen Fernseher haben oder wieder mal unterwegs im Stau stecken, mit der Bahn unterwegs sein oder es wurde Ihnen die Fernbedienung von der lieben Familie vor der Nase weggeschnappt: Kein Problem! Live-Stream!\n\nMagine TV bietet einen kostenlosen 30-Tage-Stream an.\n\nUnd das Ganze funktioniert sowohl auf PC, Laptop und Tablet, als auch mit Smart-TV und in der Regel sogar auf Smartphone - Fernsehen jederzeit, Fernsehen \u00fcberall. Je nach Anbieter und nachgefragtem Programm k\u00f6nnen dabei allerdings Extrakosten entstehen. Die Online-Plattform zattoo.com bietet z.Zt. f\u00fcr Deutschland und die Schweiz 75 Sender im Free-TV.\n\nPrivate Sender k\u00f6nnen im Upgrade Zattoo-HiQ-Paket per Monats-Abo oder auch tageweise bezahlt werden (siehe auch zattoo.com/de/sender). Ein interessantes Angebot zu moderaten Preisen bietet auch Futubox. Hier ist die Anzahl der deutschsprachigen Programme zwar nicht ganz so gro\u00df, daf\u00fcr aber die Vielfalt, inkl. der \"Privaten\" und diverser Sky-Programme. (sm)\n\nFreitag, 06.02.2015, RTL II, 19.00 Uhr, Folge: 858\n\nSimmo versucht sich mit Joe zu vertragen, was dieser ablehnt. Daraufhin will Simmo die WG verlassen, das wiederum h\u00e4lt Joe nur f\u00fcr einen Trick. Piet will trotz finanzieller Misere in seinen Geburtstag hineinfeiern. Basti und Helene versuchen ihn davon abzuhalten, vergebens...\n\nDonnerstag, 05.02.2015, RTL II, 19.00 Uhr, Folge: 857\n\nEs gibt Streit! Ole will sich mit Inez vers\u00f6hnen, doch die Situation eskaliert, es kommt zum Streit. Kurz darauf stehen die Beamten der Ausl\u00e4nderbeh\u00f6rde vor der T\u00fcr, um die beiden zu \u00fcberpr\u00fcfen. Sie machen gute Miene und schaffen es fast, die Beamten zu \u00fcberzeugen, als Peggy auftaucht...\n\nMittwoch, 04.02.2015, RTL II, 19.00 Uhr, Folge: 856\n\nInez m\u00f6chte mit Ole nochmal die alten Urlaubsfotos anschauen und das Zimmer paargerecht gestalten, was Ole ziemlich nervt. Die Mitbewohner versuchen ihm klarzumachen, was eine Ehe bedeutet und dass er mit einer Scheinehe ziemlich weitreichende Konsequenzen eingeht...\n\nDienstag, 03.02.2015, RTL II, 19.00 Uhr, Folge: 855\n\nOle holt Inez nach einem Kontrollbesuch der Ausl\u00e4nderbeh\u00f6rde in die WG. Eine Hochzeit ist geplant...\n\nPeggy schickt Timo, Lenni und Ole zum Einkaufen. Ole l\u00e4sst die anderen beiden jedoch einfach vor dem Supermarkt stehen. Das schreit nach Rache. Sie wollen ihm eine Lektion erteilen und sein Frettchen entf\u00fchren. Moritz kommt von der Gesch\u00e4ftsreise zur\u00fcck. Hanna freut sich riesig. Doch Moritz ist irgendwie reserviert. Hanna vermutet Schlimmes: Hat Moritz sie etwa mit Amanda betrogen?\n\nFreitag, 30.01.2015, RTL II, 19.00 Uhr, Folge: 853\n\nJessica und Leon wollen eine DJ-Duo f\u00fcr das Matrix buchen. Heimlich storniert Milla die Buchung. Als Jessica und Leon dann abends ohne Show-Act dastehen, bietet sich Milla als Rettung an. Hanna und Amanda geraten erneut aneinander. Moritz schl\u00e4gt sich auf Amandas Seite, was Hanna ziemlich ver\u00e4rgert. Dann sagt er auch noch das gemeinsame Wochenende ab, um mit Amanda einen Kundentermin wahrzunehmen...\n\nDonnerstag, 29.01.2015, RTL II, 19.00 Uhr, Folge: 852\n\nBasti sucht immer noch nach einem Nachfolger f\u00fcr Paco und will Jessica, Milla und Leon die Chance bieten, sich im Matrix zu beweisen. Zun\u00e4chst \u00fcbertr\u00e4gt er Milla die Verantwortung, doch die bringt mit ihrer Art vor allem Jessica und Leon gegen sich auf. ... (Text: RTL II)\n\nMittwoch, 28.01.2015, RTL II, 19.00 Uhr, Folge: 851\n\nJoe schwant B\u00f6ses, als sowohl Simmo als auch die Werkstattschl\u00fcssel verschwunden sind. Als er mit Fabrizio sp\u00e4ter in die Werkstatt kommt, erwartet die beiden eine \u00dcberraschung. Jessica erf\u00e4hrt, dass Lenni und Timo aus ihrer Wohnung fliegen. Daher nimmt sie die beiden erstmal in ihrer WG auf. Doch als ihr der verknallte Lenni zu viel wird, wendet sie sich an Joe, um die beiden als Kandidaten f\u00fcr die leeren WG-Zimmer ins Rennen zu bringen ... (Text: RTL II)\n\nDienstag, 27.01.2015, RTL II, 19.00 Uhr, Folge: 850\n\nPeggy hat Geburtstag und ist ger\u00fchrt, als Simmo ihr zur \u00dcberraschung ein Fr\u00fchst\u00fcck macht. Er hofft, Joe dadurch zu beweisen, wie leid ihm alles tut. Doch dieser ist nicht bereit, ihm seine falsche Anzeige zu verzeihen. Als Piet heimlich an Helenes Handy geht, kann er zu seiner \u00dcberraschung einen Auftritt klarmachen. Allerdings w\u00fcnscht die Kundin ausschlie\u00dflich ihn - ohne Basti ... (Text: RTL II)\n\nMontag, 26.01.2015, RTL II, 19.00 Uhr, Folge: 849\n\nOle erh\u00e4lt die hohe Rechnung f\u00fcr die Reinigung seiner Fassadenschmiererei. Gestresst sucht er Inez auf, um auf ihr Scheinehen-Angebot einzugehen. Hanna ist irritiert, als Amanda, eine Kollegin aus Moritz' B\u00fcrogemeinschaft, eifers\u00fcchtig auf Hanna reagiert. Sie stellt Amanda zur Rede und erf\u00e4hrt, dass diese eine Aff\u00e4re mit Moritz hat. Hanna ahnt noch nicht, dass ihr mit Amanda schwierige Zeiten bevorstehen ... (Text: RTL II)\n\nFreitag, 23.01.2015, RTL II, 19.00 Uhr, Folge: 848\n\nNachdem es schon gestern zwischen Hanna und Kr\u00e4tze gekracht hat, streiten die beiden sich am Morgen erneut. F\u00fcr die genervte Hanna steht damit endg\u00fcltig fest, dass sie aus der Kids-WG ausziehen will - noch heute! Als Miri Matzes Tagesplaner findet und erkennt, dass dieser sich nur so komisch benimmt, weil er sie mag, \u00e4ndert sie ihre Meinung \u00fcber den Macho. Was Miri nicht ahnt: Matze hat den Eintrag gefaked ...(Text: RTL II)\n\nDonnerstag, 22.01.2015, RTL II, 19.00 Uhr, Folge: 847\n\nInez meldet sich \u00fcberraschend bei Ole. Die beiden verabreden sich. Dann r\u00fcckt Inez mit der Sprache raus. Sie hat einen Vorschlag f\u00fcr Ole... Kr\u00e4tzes Ablehnung gegen Hannas Partner schadet der Freundschaft der beiden. Dass muss auch Kr\u00e4tze einsehen. Auf Emmis Rat hin unternimmt er einen halbherzigen Versuch, Moritz besser kennenzulernen.\n\nMitwoch, 21.01.2015, RTL II, 19.00 Uhr, Folge: 846\n\nHanna ist so nerv\u00f6s von ihrem ersten Arbeitstag, dass sie sp\u00e4ter deswegen mit Kr\u00e4tze Streit bekommt. Der sagt ihr n\u00e4mlich, dass sie dort nichts verloren habe. Dann taucht er mit Jan in der B\u00fcrogemeinschaft auf...\n\nDienstag, 20.01.2015, RTL II, 19.00 Uhr, Folge: 845\n\nBasti ist im Matrix total \u00fcberfordert, dass muss auch Jessica erkennen. Sie bietet sich als Assistentin an. Doch auch Milla will den Job. Jan ist schlecht drauf. Kr\u00e4tze bohrt nach und merkt, dass es nicht um Liebeskummer wegen Sabrina geht...\n\nMontag, 19.01.2015, RTL II, 19.00 Uhr, Folge: 844\n\nPeggy schafft es, Simmo zu \u00fcberreden, bei der Polizei die Vorw\u00fcrfe gegen Joe richtigzustellen. Sie sind gerade auf dem Weg ins Pr\u00e4sidium, als sich ihnen Jens in den Weg stellt...\n\nFreitag, 16.01.2015, RTL II, 19.00 Uhr, Folge: 843\n\nJoe beschlie\u00dft, Jens das Geld zu geben, was zu einem Streit zwischen ihm und Fabrizio f\u00fchrt. Bald wird Joe klar, dass Simmos Vater ihn ausquetschen will...\n\nDonnerstag, 15.01.2015, RTL II, 19.00 Uhr, Folge: 842\n\nSimmos Vater hetzt, was das Zeug h\u00e4lt. Auch Joe muss nun erkennen, dass diese Kampagne seine Existenz gef\u00e4hrdet. Dann schl\u00e4gt Simmos Vater einen Deal vor: 10.000 Euro und die Anzeige ist vom Tisch. Joe schmei\u00dft ihn emp\u00f6rt aus der Werkstatt...\n\nMittwoch, 14.01.2015, RTL II, 19.00 Uhr, Folge: 841\n\nMiri kommt wegen des Halbmarathons in Zweifel. Wie soll sie das schaffen? Ihre gro\u00dfe Klappe hat sie dazu veranlasst, mit einer vier-Wochen-Vorbereitung zu prahlen. Dann macht Matze ihr ein verlockendes Angebot...\n\nDienstag, 13.01.2015, RTL II, 19.00 Uhr, Folge: 840\n\nJan soll endlich aus der WG verschwinden. Doch der will seine Beziehung unbedingt retten. Auch bei Peggy l\u00e4uft alles drunter und dr\u00fcber, sie hat Inges Geburtstag verschwitzt. Schnell organisiert sie noch einen Verw\u00f6hntag in der Schnitte...\n\nMontag, 12.01.2015, RTL II, 19.00 Uhr, Folge: 839\n\nHanna verliert ihren Job in der Schnitte, Paula hat finanzielle Probleme. Hanna kann das nicht verstehen und f\u00fchlt sich ungerecht behandelt. Miri hat gro\u00dfes vor, einen Halbmarathon. Daf\u00fcr muss sie sich entsprechend vorbereiten..\n\nFreitag, 09.01.2015, RTL II, 19.00 Uhr, Folge: 838\n\nJoe wird als \"Kindersch\u00e4nder\" verschrien, seit an der Werkstatt \u00fcber Nacht eine entsprechende Schmiererei erscheint. Auch Jens hetzt die Nachbarn auf. Bei Joe und Sabrina scheint noch alles gl\u00fccklich und zufrieden. Doch Kr\u00e4tze hat ein neidisches Auge auf die Beiden. Aus seiner Sicht hat sich Jan total ver\u00e4ndert, tanzt nur noch nach Sabrinas Pfeife. Auch Emmi kommt das merkw\u00fcrdig vor. Will Sabrina etwa aus Jan ein Double ihres Ex-Freundes machen?\n\nDonnerstag, 08.01.2015, RTL II, 19.00 Uhr, Folge: 837\n\nMelissa ist immer noch sauer auf Jessica und Kr\u00e4tze will mit Jan, Emmi und Sabrina einen Filmabend machen. Doch Sabrina mag lieber shoppen gehen und schnappt sich ihren Jan. F\u00fcr Kr\u00e4tze ist das Shopping total langweilig, au\u00dferdem h\u00f6rt Sabrina gar nicht mehr auf damit. Auch Jan ist so merkw\u00fcrdig, er l\u00e4sst sich von ihr in seltsame Kleidung stecken. Kr\u00e4tze ist sichtlich genervt...\n\nMittwoch, 07.01.2015, RTL II, 19.00 Uhr, Folge: 836\n\nLou und Marcel streiten st\u00e4ndig. Das macht Marcel total fertig. Er sucht Ablenkung und geht in die WG zur\u00fcck. Doch auch hier ist hitzige Stimmung angesagt. Nachdem Sabrina versucht hat, Jan mit einem anderen Jungen eifers\u00fcchtig zu machen, geht dieser Plan zuerst auf, dann jedoch kippt die Stimmung und es kommt zu einem gro\u00dfen Krach...\n\nDienstag, 06.01.2015, RTL II, 19.00 Uhr, Folge: 835\n\nMoritz folgt Hanna heimlich nach Hause und sieht, wie sie wirklich lebt. Hanna hatte ihn bisher auf Distanz gehalten, obwohl ihre Gef\u00fchle f\u00fcr ihn immer st\u00e4rker wurden. Doch Moritz reagiert gar nicht so, wie Hanna es erwartet h\u00e4tte. Dann kommt Kr\u00e4tze unverhofft zur WG zur\u00fcck und Hanna bekennt sich vor ihm zu Moritz...\n\nMontag, 05.01.2015, RTL II, 19.00 Uhr, Folge: 834\n\nAutsch! Marcel vergisst seine Verabredung mit Lou. Diese kommt aufgeheizt von Jessica in das Tattoo-Studio und macht eine Szene. Romantik bei Paula: Basti \u00fcberrascht sie mit einem morgendlichen Ausflug ins Schwimmbad. Pech nur, dass sich Paula im Badeanzug so gar nicht wohl f\u00fchlt...\n\nDonnerstag, 01.01.2015, RTL II, 19.00 Uhr, Folge: 832\n\nFabrizio komt nich tnach Hause, Ole ist voller Sorge. Dann kommt auch noch ein Hilferuf von Fabrizio per SMS. Kr\u00e4tze findet eine besondere M\u00fcnze. Emmi glaubt, dass sie eine Freundin auf der Party gestern verloren haben muss. Sie \u00fcberredet ihn, die M\u00fcnze zur\u00fcckzugeben. Die beiden machen sich auf den Weg, doch immer mehr denkt Kr\u00e4tze, dass es seine Gl\u00fccksm\u00fcnze sei und beschlie\u00dft, sie zu behalten. Emmi ist ver\u00e4rgert...\n\nDienstag, 30.12.2014, RTL II, 19.00 Uhr, Folge: 831\n\nPiet bekommt von Helen eine Ansage. Er versucht alles, um einen neuen Job zu bekommen. Doch wer will ihn haben? Matze macht nach dem WG-Streit auf stur. Warum soll gerade er beim Putztag mithelfen? Lieber l\u00e4dt er die Pokerfreunde ein. Die Jungs machen reichlich Dreck und Jessica wird richtig sauer...\n\nMontag, 29.12.2014, RTL II, 19.00 Uhr, Folge: 830\n\nMatze l\u00e4sst in der WG den Macho raush\u00e4ngen und geht seinen Mitbewohnerinnen damit m\u00e4chtig auf die Nerven. Als seine Schwester Corinna ihm einen Besuch abstattet, findet Melissa sofort Gefallen an ihr - und liefert Matze damit ein neues Angriffsziel. Bei einem zuf\u00e4lligen Aufeinandertreffen mit der Crew Number 7 provoziert Kr\u00e4tze un\u00fcberlegt deren Anf\u00fchrer und bekommt prompt die Rechnung: Die Rapper-Clique entf\u00fchrt seinen Bro Jan! (Text: RTL II)\n\nDienstag, 23.12.2014, RTL II, 19.00 Uhr, Folge: 829\n\nKeine Weihnachtsstimmung bei Jan - Kr\u00e4tze will was dagegen tun, doch es geht nach hinten los. Die beiden geraten in Streit. Ganz anders in der WG: Basti hat eine gro\u00dfe Weihnachtsfeier geplant und auch f\u00fcr Paula ein tolles Geschenk gefunden. Doch Paula sagt kurzfristig ab. Dann kreuzt Milla auf...\n\nMontag, 22.12.2014, RTL II, 19.00 Uhr, Folge: 828\n\nOle hat keine Geschenke f\u00fcr Weihnachten. Dann ergibt sich eine Gelegenheit, einen Koffer auf einer Auktion zu ergattern. Zur\u00fcck in der WG erh\u00e4lt er eine krasse Nachricht. Basti, Leon und Maik haben sich einen Weihnachtsbaum geschlagen. Zu dumm, dass er nicht ins Auto passt...\n\nFreitag, 19.12.2014, RTL II, 19.00 Uhr, Folge: 827\n\nDie Wohnung r\u00fcckt nochmal in weite Ferne f\u00fcr Lou und Marcel. Als die Info sie erreicht, kommt es zum Streit. Sie geben sich gegenseitig die Schuld, dann bekommt Lou auch noch ein verlockendes Angebot, das sie kaum ausschlagen kann...\n\nDonnerstag, 18.12.2014, RTL II, 19.00 Uhr, Folge: 826\n\nLeon macht Miri st\u00e4ndig fertig. Dann macht er auch noch ein Nacktbild von ihr und schickt es an die Matrix-Mitarbeiter. Miri bricht jetzt v\u00f6llig zusammen. Erst Jessica kann sie wieder etwas aufrichten. Joe \u00fcberredet Peggy, mit Simmo neue Klamotten kaufen zu gehen, kein einfaches Unterfangen.\n\nMittwoch, 17.12.2014, RTL II, 19.00 Uhr, Folge: 825\n\nOle will von Marcel definitive Geheimtipps, warum die M\u00e4dchen ihn toll finden. Lou erkl\u00e4rt ihm aus ihrer Sicht, was sie an Marcel toll findet. Ole beschlie\u00dft als Marcel-Double auf Frauenjagd zu gehen. Kr\u00e4tze und Jan wollen selbstgebrautes Weihnachtsbier verkaufen. Sie verkleiden sich als Christkind und Weihnachtsmann und stellen ihren Stand auf...\n\nDienstag, 16.12.2014, RTL II, 19.00 Uhr, Folge: 824\n\nSimmo trifft sich mit seiner Mutter. Joe begleitet ihn. Simmos Familiensituation ist ziemlich chaotisch, Joe ist geschockt. Jessica schmiedet mit Melissa einen Plan, um Vivienne aus der WG loszuwerden...\n\nMontag, 15.12.2014, RTL II, 19.00 Uhr, Folge: 823\n\nJoe macht sich um Simmo Sorgen. Er hat sich lange nicht bei seinen Freunden gemeldet. Da macht Joe sich auf die Suche nach ihm. Hanna kann Moritz nicht vergessen. Pl\u00f6tzlich taucht er in der Schnitte auf und l\u00e4dt sie und Johanna zu einem Spielenachmittag ein...\n\nFreitag, 12.12.2014, RTL II, 19.00 Uhr, Folge: 822\n\nKr\u00e4tze kauft \u00fcberteuerte Konzertkarten von Emmis Lieblingsband. Dann muss er auch noch feststellen, dass die Karten gef\u00e4lscht sind. Da wird es wohl nichts aus dem zweisamen Geheimkonzert in Berlin...\n\nDonnerstag, 11.12.2014, RTL II, 19.00 Uhr, Folge: 821\n\nPiets Hausboot versinkt im Chaos, seit Helene weg war. Als sie zur\u00fcckkommt und das Drama sieht, droht sie Piet, seine Mutter anzurufen, wenn er nicht beim aufr\u00e4umen mithilft. Lou und Marcel unterschreiben heute ihren Mietvertrag zur ersten gemeinsamen Wohnung. Dann kommt ein Videoanruf...\n\nMittwoch, 10.12.2014, RTL II, 19.00 Uhr, Folge: 820\n\nDie Br\u00fcder Marcel und Timo treffen sich mit ihrem Vater, keine besonders gute Idee. Stefan behandelt Timo abwertend und Marcel stellt sich vor seinen Bruder. H\u00e4tte der ihn nicht \u00fcberredet, w\u00e4re er gar nicht zum Treffen hingegangen. Hanna und Moritz verabreden sich. Sie ist sich unsicher, ob er die Tatsache ertragen kann, dass sie Mutter ist...\n\nDienstag, 09.12.2014, RTL II, 19.00 Uhr, Folge: 819\n\nHanna ist auf dem Weg zur Schnitte, zur Arbeit. Als ihr pl\u00f6tzlich die Tasche vom Arm rutscht, kommt ihr ein Mann zu Hilfe. Der charmante Moritz ist Stammkunde in der Schnitte und f\u00e4ngt an, mit Hanna zu flirten. Hanna ist von dem attraktiven App-Entwickler sehr angetan und zugleich bringt er sie irgendwie durcheinander...\n\nMontag, 08.12.2014, RTL II, 19.00 Uhr, Folge: 818\n\nDas ist das beste Geburtstagsgeschenk: Marcel und Lou finden ihre Traumwohnung! Kr\u00e4tze ist v\u00f6llig fertig, die Trennung von Emmi macht ihm schwer zu schaffen, doch den Vers\u00f6hnungsversuch von Kr\u00e4tze weist sie zur\u00fcck.\n\nFreitag, 05.12.2014, RTL II, 19.00 Uhr, Folge: 817\n\nAuf Piets Hausboot geht es drunter und dr\u00fcber. Er vermutet sogar Ungezieferbefall. Und da Helene als Hilfe f\u00fcr mehrere Tage ausf\u00e4llt, ruft er Basti und Paco zur Hilfe. Emmi und Sabrina wollen einen Wellness-Freundinnen-Tag verbringen. Da ist Kr\u00e4tze erst einmal wieder abgeschreiben...\n\nDonnerstag, 04.12.2014, RTL II, 19.00 Uhr, Folge: 816\n\nFabrizio hat ein Date mit Merle. Dabei entdeckt er, dass sie ein Foto ihres Exfreundes zu Hause stehen hat. Simmo kommt nicht zur Arbeit, Joe ist total entt\u00e4uscht. Er will nach ihm schauen...\n\nMittwoch, 03.12.2014, RTL II, 19.00 Uhr, Folge: 815\n\nOle pr\u00e4sentiert Fabrizio ein Profil von ihm auf einer Online-Dating-Plattform, dass er f\u00fcr ihn eingerichtet hat. Simmo versucht Joes Handy zu klauen und wird von diesem erwischt. Joe will nun mit Simmos Eltern reden...\n\nDienstag, 02.12.2014, RTL II, 19.00 Uhr, Folge: 814\n\nMarcel fragt Lou, ob sie mit ihm zusammenziehen will. Doch Lou lehnt ab. Hanna hat ihren ersten Probe-Tag in de Schnitte. Sie soll einer Kundin die Haare waschen und vergeigt es. Dann tauchen auch noch Kr\u00e4tze und Jan auf und stiften Unruhe. Peggy erkl\u00e4rt ihr daraufhin ohne Umwege ihre Situation...\n\nMontag, 01.12.2014, RTL II, 19.00 Uhr, Folge: 813\n\nSchafft es Simmo, den Schaden vom Einbruch in die Werkstatt abzuarbeiten? Joe glaubt an Simmo, w\u00e4hrend Fabrizio zweifelt. Er h\u00e4lt Simmo f\u00fcr einen Verbrecher und einmal Verbrecher, immer Verbrecher, glaubt Fabrizio. Hanna sucht einen Job. Sie will aus eigener Kraft \u00fcber die Runden kommen...\n\nFreitag, 28.11.2014, RTL II, 19.00 Uhr, Folge: 812\n\nIn Joes Werkstatt wurde eingebrochen. Er ertappt die Jugendlichen auf frischer Tat, doch sie entwischen. Basti wird von Piet angerufen, der ist sehr krank und braucht Hilfe. Basti nimmt ihn mit ins Loft.\n\nDonnerstag, 27.11.2014, RTL II, 19.00 Uhr, Folge: 811\n\nWird Paco Vater? Maik redet ihm ins Gewissen, er soll sich um sein Kind k\u00fcmmern. Paula und Basti verabreden sich zum Weihnachtsmarkt. Milla stichelt weiter. Basti plant ihre Eifersucht anzustacheln. Er tut so, als habe er sich am Fu\u00df verletzt, Paula muss sich um ihn k\u00fcmmern. Es klappt. Milla findet keine Ruhe und st\u00f6rt die Situation immer wieder...\n\nMittwoch, 26.11.2014, RTL II, 19.00 Uhr, Folge: 810\n\nSabrina wohnt vor\u00fcbergehend in der WG, Kr\u00e4tze muss sich damit arrangieren. Die beiden nutzen jede Gelegenheit, sich ihre Antipathie zu zeigen. Dann sprengt sie Kr\u00e4tzes Date mit Emmi, es kommt zum Eklat. Bei Miri und Paco ist alles auf Himmlisch gestellt. Doch pl\u00f6tzlich taucht Lara auf und gibt bekannt, von Paco schwanger zu sein...\n\nDienstag, 25.11.2014, RTL II, 19.00 Uhr, Folge: 809\n\nOle und Fabrizio machen einen Pralinen-Kurs. Dabei lernen sie zwei Frauen kennen. Fabrizio bekommt eine Telefonnummer. Doch dann merkt er, dass er JJ noch nicht vergessen kann. Kr\u00e4tze ist \u00fcbergl\u00fccklich. Emmi und Sabrina ziehen f\u00fcr ein paar Tage in die WG ein. Nun kommt er seiner Traumfrau sehr nahe. Jan ist damit allerdings weniger gl\u00fccklich...\n\nMontag, 24.11.2014, RTL II, 19.00 Uhr, Folge: 808\n\nHelena setzt Piet ein Ultimatum: ein Job in zwei Wochen oder sie geht. Mira hat Trouble in der WG, sie ist von Kr\u00e4tze, Hanna und Jan ziemlich genervt. Zum Gl\u00fcck l\u00e4uft mit Paco alles gut, er m\u00f6chte sogar, dass sie im Loft einzieht. Aber was ist mit Leon, der dort auch wohnt?\n\nFreitag, 21.11.2014, RTL II, 19.00 Uhr, Folge: 807\n\nDie Flitterwochen von Peggy und Joe sind gerade zu ende und schon gibt es Stress: Joe spricht mit Fabrizio und erkl\u00e4rt ihm, dass er Paula alles Recht machen wollte, um ihr die Flitterwochen nicht zu verderben. Peggy redet mit Paula. Sie ist genervt und meint, dass Joe alles egal sei. Paula und Fabrizio wollen den beiden helfen, provozieren aber einen Streit.\n\nHanna will jetzt Fach-Abi machen und sich einen Job suchen. Kr\u00e4tze hingegen findet, dass sie Hannas R\u00fcckkehr feiern m\u00fcssten. Das wirkliche Leben habe ja schlie\u00dflich noch Zeit...\n\nDonnerstag, 20.11.2014, RTL II, 19.00 Uhr, Folge: 806\n\nBast will Milla mit Paula eifers\u00fcchtig machen. Dazu hat er Paula und Milla unter einem Vorwand ins Matrix bestellt. Der Plan geht auf. Kr\u00e4tze und Jan bemerken im Getr\u00e4nkeladen, dass ihre Lieblingsbiermarke eingestellt wurde. Sie sind auf der Suche nach einer neuen. Ein eigens einberufenes Testtrinken endet katastrophal...\n\nMittwoch, 19.11.2014, RTL II, 19.00 Uhr, Folge: 805\n\nMilla verspricht Basti eine tolle Geburtstags\u00fcberraschung. Dieser hofft noch immer auf eine Chance bei ihr. Piet versucht wieder in der Berliner Club-Szene zu landen. Er \u00fcbertreibt mit seinen Aktionen ma\u00dflos. Helene sorgt sich um ihn und lockt ihn unter einem Vorwand zum Therapeuten...\n\nDienstag, 18.11.2014, RTL II, 19.00 Uhr, Folge: 804\n\nMit Roger geht es gar nicht mehr, Leon ist sauer, er will sich nicht l\u00e4nger bei den Sozialstunden schikanieren lassen, er muss etwas tun... Caro und Maik haben sich getrennt, Caro ist todungl\u00fccklich, selbst auf der Arbeit klappt es nicht, Maik aus dem Kopf zu bekommen...\n\nMontag, 17.11.2014, RTL II, 19.00 Uhr, Folge: 803\n\nDas nervt! Miri und Paco werden \u00fcberall gest\u00f6rt, die Nerven gehen mit ihnen durch und sie streiten sich. Ingeborg hat auch die Nase voll, nachdem ihr Piet nicht mehr den ben\u00f6tigten Luxus bieten kann. Sie haut ab, zu Milla. Doch Basti sagt Piet bescheid...\n\nFreitag, 14.11.2014, RTL II, 19.00 Uhr, Folge: 802\n\nBecky! Ole geht seine Cousine nicht mehr aus dem Kopf. Fabrizio will ihm helfen, sie gehen beide zur Ablenkung ins Matrix. Vielleicht treffen sie dort auch nette M\u00e4dchen. Caro fordert von Maik, dass er auch in der \u00d6ffentlichkeit zu ihr steht. Daraufhin stellt Maik Besitzanspr\u00fcche und ... Caro verliert die Nerven...\n\nDonnerstag, 13.11.2014, RTL II, 19.00 Uhr, Folge: 801\n\nSeit Tagen hat Paula nichts von Bati geh\u00f6rt, sie muss zugeben, dass sie ihn mag. Dann geht sie mit Rick auf Shopping-Tour. Sie finden f\u00fcr Paula ein ungew\u00f6hnliches Outfit. Jessica tut es leid. Sie will sich bei Chris entschuldigen, doch der wehrt ab. Er m\u00f6chte eine Beziehungspause und das Jessica auszieht...\n\nLou soll sich mit ihrer Mutter aussprechen, so lautet Marcels Vorschlag. Lou fasst sich ein Herz und ... dann taucht Eileen mit ihrem Freund auf, doch der will nur ihr Geld, das gibt er sogar offen zu. Lou ist au\u00dfer sich vor Wut. Jessica hat Stress mit den Mitbewohnern. Sie versucht den Neuen, Matze, auf ihre Seite zu holen, doch der will sich da nicht reinziehen lassen. Selbst Chris stellt sich gegen sie. Nun ist sie alleine..",
                    "date": "2015-02-09",
                    "eventUri": "2389856",
                    "id": "32511088",
                    "isDuplicate": false,
                    "lang": "deu",
                    "sim": 0.4475,
                    "source": {
                        "title": "Epoch Times Deutschland",
                        "uri": "www.epochtimes.de"
                    },
                    "time": "14:16:00",
                    "title": "\"Berlin Tag & Nacht\" im Live-Stream und TV, heute, 13.03. Doku-Soap",
                    "uri": "247806283",
                    "url": "http://www.epochtimes.de/Live-Stream-heute-1303-Berlin-Tag-amp-Nacht-gucken-Free-TV-online-a1198342.html",
                    "wgt": 1
                },
                {
                    "body": "K\u00f6ln (ots) - Welches Kind w\u00fcrde nicht gerne selber bestimmen, was im Fernsehen l\u00e4uft? Mit den \"TOGGO Wunsch-Wochen\" macht der K\u00f6lner Sender seine kleinen Zuschauer ab dem 31. Januar zu Programmdirektoren.\n\nEinen ganzen Monat lang l\u00e4sst SUPER RTL die Zuschauer entscheiden, welche Serie um 17.15 Uhr ausgestrahlt wird. \"Tom und Jerry\" oder \"DreamWorks Dragons\", \"Inspector Gadget\" oder \"Sally Bollywood\"? Auf toggo.de k\u00f6nnen die Kinder in einem Online-Spiel Wunschpunkte sammeln, die sie dann f\u00fcr ihren Serien-Favoriten einsetzen. Die TOGGO-Serie mit den meisten Punkten l\u00e4uft dann um 17.15 Uhr.\n\nDie Moderatoren Daniele Rizzo und Vanessa Meisinger f\u00fchren durch die Wunschwochen - bis zum gro\u00dfen Finale am 28. Februar. Dann wird die absolute Lieblingsserie gek\u00fcrt und ab 15 Uhr mit f\u00fcnf Folgen am St\u00fcck ausgestrahlt.\n\nOTS: SUPER RTL newsroom: http://www.presseportal.de/pm/6892 newsroom via RSS: http://www.presseportal.de/rss/pm_6892.rss2\n\nPressekontakt: SUPER RTL Kommunikation\n\nTelefon: 0221 456 51015 E-Mail: kommunikation@superrtl.de http://kommunikation.superrtl.de\n\nSUPER RTL ist der bei Kindern beliebteste deutsche Fernsehsender mit TV- und Internet-Angeboten f\u00fcr die ganze Familie. Unter den Dachmarken TOGGO und TOGGOLINO b\u00fcndelt das Unternehmen TV-Formate, Online-Angebote und Freizeitaktivit\u00e4ten, die Kindern Spa\u00df machen und sie altersgerecht ansprechen. TOGGO richtet sich an Kinder von 6 bis 13 Jahren, TOGGOLINO orientiert sich an den Bed\u00fcrfnissen und Sehgewohnheiten von Vorsch\u00fclern. In der Primetime bietet SUPER RTL mit seinen familienfreundlichen Unterhaltungsangeboten die richtige Mischung, um Eltern und Kindern gemeinschaftliche TV-Erlebnisse zu erm\u00f6glichen.",
                    "date": "2015-01-29",
                    "eventUri": "2389856",
                    "id": "31645986",
                    "isDuplicate": false,
                    "lang": "deu",
                    "sim": 0.3749,
                    "source": {
                        "title": "FinanzNachrichten.de",
                        "uri": "www.finanznachrichten.de"
                    },
                    "time": "13:47:23",
                    "title": "TOGGO Wunsch-Wochen bei SUPER RTL / Kinder entscheiden \u00fcber das Programm",
                    "uri": "243792648",
                    "url": "http://www.finanznachrichten.de/nachrichten-2015-01/32665160-toggo-wunsch-wochen-bei-super-rtl-kinder-entscheiden-ueber-das-programm-007.htm",
                    "wgt": 1
                }
            ]
        },
        "info": {
            "articleCount": 10,
            "averageDate": "2015-01-31",
            "avgCos": 0.6241,
            "categories": [],
            "customDate": false,
            "customLocation": false,
            "eventUri": "2389856",
            "extractedDate": "",
            "extractedDateEnd": "",
            "id": "2389856",
            "lang": "deu",
            "storyDate": "2015-01-31",
            "storyDateEnd": "",
            "uri": "deu-91F35961-4212-44F8-8E30-BA33505D3C7D-48597",
            "variance": 0.3053
        }
    },
    "eng-0880EE54-9D81-4F9B-A595-3A4BE1CAA3BA-196323": {
        "articles": {
            "resultCount": 0,
            "results": []
        },
        "info": {
            "articleCount": 0,
            "averageDate": "",
            "avgCos": -1,
            "categories": [],
            "customDate": false,
            "customLocation": false,
            "eventUri": "2385534",
            "extractedDate": "",
            "extractedDateEnd": "",
            "id": "2385534",
            "lang": "",
            "storyDate": "",
            "storyDateEnd": "",
            "uri": "eng-0880EE54-9D81-4F9B-A595-3A4BE1CAA3BA-196323",
            "variance": -1
        }
    },
    "meta": {
        "CCAArticleMatchCount": 0,
        "CCAArticleMatchRatio": 0,
        "CCAAvgCosSim": 0,
        "CCAAvgMatchWgt": 0,
        "_articleUri1": "244813386",
        "_articleUri2": "",
        "_datetime": "2015-02-10 09:42:23",
        "_ruleBasedShouldMerge": false,
        "_storyUri1": "deu-91F35961-4212-44F8-8E30-BA33505D3C7D-48597",
        "_storyUri2": "eng-0880EE54-9D81-4F9B-A595-3A4BE1CAA3BA-196323",
        "_username": "admin",
        "artCount1": 10,
        "artCount2": 0,
        "avgCosSimStory1": 0.6241,
        "avgCosSimStory2": -1,
        "categorySim": 0,
        "conceptCosSim": -1,
        "conceptJaccardSim": -1,
        "coreTime1": 132152.5975,
        "coreTime2": -1,
        "coreTimeStDev1": 29.25251054107079,
        "coreTimeStDev2": -2,
        "entityCosSim": -1,
        "entityJaccardSim": -1,
        "extractedDateJaccardSim": -1,
        "extractedDatesStory1": 0,
        "extractedDatesStory2": 0,
        "hasSameLocation": -1,
        "keywordCosSim": -1,
        "keywordJaccardSim": -1,
        "lang1": "deu",
        "lang2": "",
        "matchingDateCount": 0,
        "matchingDateRatio": 0,
        "ratioAnnotatedArticlesStory1": 1,
        "ratioAnnotatedArticlesStory2": 0,
        "shouldMerge": false,
        "storyQuality1": 17,
        "storyQuality2": 40,
        "timeAvg1": 132219.8791388889,
        "timeAvg2": -1,
        "timeStDev1": 81.80940982237351,
        "timeStDev2": -2,
        "varianceStory1": 0.3053,
        "varianceStory2": -1
    }
}