{
    "deu-91F35961-4212-44F8-8E30-BA33505D3C7D-48212": {
        "articles": {
            "resultCount": 0,
            "results": []
        },
        "info": {
            "articleCount": 0,
            "averageDate": "",
            "avgCos": -1,
            "categories": [],
            "customDate": false,
            "customLocation": false,
            "eventUri": "2387815",
            "extractedDate": "",
            "extractedDateEnd": "",
            "id": "2387815",
            "lang": "",
            "storyDate": "",
            "storyDateEnd": "",
            "uri": "deu-91F35961-4212-44F8-8E30-BA33505D3C7D-48212",
            "variance": -1
        }
    },
    "eng-0880EE54-9D81-4F9B-A595-3A4BE1CAA3BA-196323": {
        "articles": {
            "resultCount": 0,
            "results": []
        },
        "info": {
            "articleCount": 0,
            "averageDate": "",
            "avgCos": -1,
            "categories": [],
            "customDate": false,
            "customLocation": false,
            "eventUri": "2385534",
            "extractedDate": "",
            "extractedDateEnd": "",
            "id": "2385534",
            "lang": "",
            "storyDate": "",
            "storyDateEnd": "",
            "uri": "eng-0880EE54-9D81-4F9B-A595-3A4BE1CAA3BA-196323",
            "variance": -1
        }
    },
    "meta": {
        "CCAArticleMatchCount": 0,
        "CCAArticleMatchRatio": 0,
        "CCAAvgCosSim": 0,
        "CCAAvgMatchWgt": 0,
        "_articleUri1": "",
        "_articleUri2": "",
        "_datetime": "2015-02-10 09:42:37",
        "_ruleBasedShouldMerge": false,
        "_storyUri1": "deu-91F35961-4212-44F8-8E30-BA33505D3C7D-48212",
        "_storyUri2": "eng-0880EE54-9D81-4F9B-A595-3A4BE1CAA3BA-196323",
        "_username": "admin",
        "artCount1": 0,
        "artCount2": 0,
        "avgCosSimStory1": -1,
        "avgCosSimStory2": -1,
        "categorySim": 0,
        "conceptCosSim": -1,
        "conceptJaccardSim": -1,
        "coreTime1": -1,
        "coreTime2": -1,
        "coreTimeStDev1": -1,
        "coreTimeStDev2": -2,
        "entityCosSim": -1,
        "entityJaccardSim": -1,
        "extractedDateJaccardSim": -1,
        "extractedDatesStory1": 0,
        "extractedDatesStory2": 0,
        "hasSameLocation": -1,
        "keywordCosSim": -1,
        "keywordJaccardSim": -1,
        "lang1": "",
        "lang2": "",
        "matchingDateCount": 0,
        "matchingDateRatio": 0,
        "ratioAnnotatedArticlesStory1": 0,
        "ratioAnnotatedArticlesStory2": 0,
        "shouldMerge": false,
        "storyQuality1": 40,
        "storyQuality2": 40,
        "timeAvg1": -1,
        "timeAvg2": -1,
        "timeStDev1": -1,
        "timeStDev2": -2,
        "varianceStory1": -1,
        "varianceStory2": -1
    }
}