{
    "deu-91F35961-4212-44F8-8E30-BA33505D3C7D-47156": {
        "articles": {
            "resultCount": 0,
            "results": []
        },
        "info": {
            "articleCount": 0,
            "averageDate": "",
            "avgCos": -1,
            "categories": [],
            "customDate": false,
            "customLocation": false,
            "eventUri": "2382153",
            "extractedDate": "",
            "extractedDateEnd": "",
            "id": "2382153",
            "lang": "",
            "storyDate": "",
            "storyDateEnd": "",
            "uri": "deu-91F35961-4212-44F8-8E30-BA33505D3C7D-47156",
            "variance": -1
        }
    },
    "meta": {
        "CCAArticleMatchCount": 0,
        "CCAArticleMatchRatio": 0,
        "CCAAvgCosSim": 0,
        "CCAAvgMatchWgt": 0,
        "_articleUri1": "237290665",
        "_articleUri2": "",
        "_datetime": "2015-02-10 09:43:19",
        "_ruleBasedShouldMerge": false,
        "_storyUri1": "zho-2404D026-6EDC-45DD-B2C6-55FCB446332B-24844",
        "_storyUri2": "deu-91F35961-4212-44F8-8E30-BA33505D3C7D-47156",
        "_username": "admin",
        "artCount1": 6,
        "artCount2": 0,
        "avgCosSimStory1": 0.7028,
        "avgCosSimStory2": -1,
        "categorySim": 0,
        "conceptCosSim": -1,
        "conceptJaccardSim": -1,
        "coreTime1": 131409.9333333333,
        "coreTime2": -1,
        "coreTimeStDev1": 368.2925444568103,
        "coreTimeStDev2": -2,
        "entityCosSim": -1,
        "entityJaccardSim": -1,
        "extractedDateJaccardSim": -1,
        "extractedDatesStory1": 0,
        "extractedDatesStory2": 0,
        "hasSameLocation": -1,
        "keywordCosSim": -1,
        "keywordJaccardSim": -1,
        "lang1": "zho",
        "lang2": "",
        "matchingDateCount": 0,
        "matchingDateRatio": 0,
        "ratioAnnotatedArticlesStory1": 1,
        "ratioAnnotatedArticlesStory2": 0,
        "shouldMerge": false,
        "storyQuality1": 18,
        "storyQuality2": 40,
        "timeAvg1": 131578.8611111111,
        "timeAvg2": -1,
        "timeStDev1": 368.2925444568103,
        "timeStDev2": -2,
        "varianceStory1": 0.253,
        "varianceStory2": -1
    },
    "zho-2404D026-6EDC-45DD-B2C6-55FCB446332B-24844": {
        "articles": {
            "resultCount": 6,
            "results": [
                {
                    "body": "\u65b0\u6d6a\u4f53\u80b2\u8baf\u3000\u5317\u4eac\u65f6\u95f412\u670828\u65e523\u65f6(\u82f1\u56fd\u5f53\u5730\u65f6\u95f415\u65f6)\uff0c\u82f1\u8d85\u7b2c19\u8f6e\u5728\u4f0a\u8482\u54c8\u5fb7\u7403\u573a\u5f00\u59cb1\u573a\u8f83\u91cf\uff0c\u66fc\u57ce\u4e3b\u573a2\u6bd42\u88ab\u4f2f\u6069\u5229\u903c\u5e73\uff0c\u7ec8\u7ed3\u6b63\u5f0f\u6bd4\u8d5b9\u8fde\u80dc(\u82f1\u8d857\u8fde\u80dc)\uff0c\u4ecd\u843d\u540e\u5207\u5c14\u897f3\u5206\u3002\u5e2d\u5c14\u74e6\u653b\u5165\u8fd13\u8f6e\u7b2c4\u7403\uff0c\u804c\u4e1a\u751f\u6daf\u9996\u6b21\u8fde\u7eed3\u573a\u6b63\u5f0f\u6bd4\u8d5b\u7834\u95e8\u3002\u8d39\u5c14\u5357\u8fea\u5c3c\u5965\u6253\u8fdb\u672c\u8d5b\u5b63\u8054\u8d5b\u9996\u7403\u3002\u4e0b\u534a\u65f6\uff0c\u4f2f\u6069\u5229\u8fde\u8fdb2\u7403\u8ffd\u5e73\u6bd4\u5206\uff0c\u6210\u4e3a4\u6708\u4ee5\u6765\u9996\u652f\u5728\u4f0a\u8482\u54c8\u5fb7\u7403\u573a\u6253\u8fdb2\u7403\u7684\u5ba2\u961f\u3002\n\n\u4f69\u83b1\u683c\u91cc\u5c3c\u66f4\u63623\u540d\u9996\u53d1\u3002\u4e24\u95f8\u6362\u6210\u8428\u5df4\u83b1\u5854\u548c\u79d1\u62c9\u7f57\u592b\uff0c\u8d39\u5c14\u5357\u8fea\u5c3c\u5965\u53d6\u4ee3\u4e9a\u4e9a-\u56fe\u96f7\uff0c\u540e\u8005\u6ca1\u6709\u8fdb\u5165\u5927\u540d\u5355\uff0c\u7c73\u5c14\u7eb3\u7ee7\u7eed\u7a81\u524d\u3002\u4f2f\u6069\u5229\u8fd16\u8f6e\u4ec51\u80dc\uff0c\u4e3b\u6559\u7ec3\u6234\u5947\u6cbf\u7528\u4e0a\u8f6e\u9996\u53d1\u3002\u66fc\u57ce\u8fd112\u6b21\u5bf9\u9635\u4f2f\u6069\u5229\u4fdd\u6301\u4e0d\u8d25(8\u80dc4\u5e73)\uff0c\u4f2f\u6069\u5229\u4e0a\u6b21\u53d6\u80dc\u66fc\u57ce\u8fd8\u662f1974\u5e74\uff0c\u5ba2\u80dc\u66fc\u57ce\u8fd8\u8981\u8ffd\u6eaf\u52301963\u5e74\u3002\u53cc\u65b9\u5386\u53f2\u4ea4\u950b92\u573a\uff0c\u66fc\u57ce40\u80dc23\u5e7329\u8d1f\u5360\u636e\u4e0a\u98ce\u3002\n\n\u5f00\u573a5\u5206\u949f\uff0c\u66fc\u57ce\u5f00\u51fa\u89d2\u7403\uff0c\u5fb7\u7c73\u51ef\u5229\u65af\u540e\u70b9\u5de6\u811a\u51cc\u7a7a\u62bd\u5c04\u88ab\u6c99\u514b\u5c14\u6321\u51fa\u30023\u5206\u949f\u540e\uff0c\u7eb3\u74e6\u65af\u548c\u8428\u5df4\u83b1\u5854\u53f3\u8def\u6253\u51fa\u914d\u5408\uff0c\u7c73\u5c14\u7eb3\u5f97\u7403\u6311\u4f20\uff0c\u7eb3\u65af\u91cc\u8f6c\u8eab\u5c04\u95e8\u88ab\u7279\u91cc\u76ae\u5c14\u5c01\u5835\u3002\u7b2c13\u5206\u949f\uff0c\u7eb3\u74e6\u65af\u5f27\u7ebf\u7403\u4f20\u4e2d\uff0c\u7c73\u5c14\u7eb3\u62a2\u70b9\u62bd\u5c04\u9ad8\u51fa\u3002\n\n\u66fc\u57ce\u9996\u6b21\u5c04\u6b63\u5c31\u53d6\u5f97\u9886\u5148\u3002\u7b2c23\u5206\u949f\uff0c\u7eb3\u65af\u91cc\u76f4\u585e\uff0c\u7eb3\u74e6\u65af\u7981\u533a\u53f3\u4fa7\u5e95\u7ebf\u56de\u6572\uff0c\u5e2d\u5c14\u74e6\u5728\u95e8\u524d9\u7c73\u5904\u8f6c\u8eab\u5de6\u811a\u4f4e\u5c04\u94bb\u5165\u8fd1\u89d2\uff0c1\u6bd40\uff0c\u4ed6\u5728\u8fd13\u8f6e\u53c2\u4e0e5\u7403(4\u7403\uff0c1\u6b21\u52a9\u653b)\uff0c\u672c\u8d5b\u5b636\u4e2a\u82f1\u8d85\u8fdb\u7403\u90fd\u662f\u5de6\u811a\u6253\u8fdb\uff0c\u4e2a\u4eba\u82f1\u8d85\u603b\u8fdb\u7403\u8fbe\u523027\u7c92\uff0c\u5728\u897f\u73ed\u7259\u7403\u5458\u4e2d\u6392\u540d\u7b2c5\u4f4d\uff0c\u4ec5\u6b21\u4e8e\u6258\u96f7\u65af(85)\u3001\u963f\u5c14\u7279\u5854(37)\u3001\u6cd5\u5e03\u96f7\u52a0\u65af(37)\u3001\u9a6c\u5854(29)\u3002\n\n\u7b2c34\u5206\u949f\uff0c\u7eb3\u65af\u91cc\u7981\u533a\u524d\u6cbf\u6a2a\u5e26\u5438\u5f15\u9632\u5b88\u540e\u56de\u4f20\uff0c\u8d39\u5c14\u5357\u8fea\u5c3c\u5965\u5728\u95e8\u524d18\u7c73\u5904\u5f27\u7ebf\u7403\u51fb\u4e2d\u6a2a\u6881\u4e0b\u6cbf\u5165\u53f3\u4e0a\u89d2\uff0c2\u6bd40\uff0c\u4e0e\u4e0a\u8f6e\u8d39\u5c14\u5357\u591a\u5bf9\u9635\u897f\u5e03\u6717\u4e00\u6837\uff0c\u8d39\u5c14\u5357\u8fea\u5c3c\u5965\u672c\u8d5b\u5b63\u82f1\u8d85\u9996\u6b21\u5c04\u6b63\u95e8\u6846\u8303\u56f4\u5373\u544a\u7834\u95e8\uff0c\u66fc\u57ce\u6b64\u524d54\u6b21\u82f1\u8d85\u4e3b\u573a\u9886\u51482\u7403\u90fd\u53d6\u5f97\u80dc\u5229\u3002\u4e0a\u534a\u65f6\u7ed3\u675f\u524d\uff0c\u8428\u5df4\u83b1\u5854\u88ab\u961f\u53cb\u66fc\u52a0\u62c9\u649e\u4f24\u5934\u90e8\u63a5\u53d7\u5305\u624e\u3002\n\n\u4e0b\u534a\u65f6\u5f00\u59cb74\u79d2\uff0c\u66fc\u57ce\u540e\u9632\u4e89\u9876\u5931\u8bef\uff0c\u82f1\u65af\u7a81\u5165\u7981\u533a\u5de6\u4fa7\u8ddd\u95e813\u7c73\u5904\u5de6\u811a\u4f3c\u4f20\u4f3c\u5c04\uff0c\u7591\u4f3c\u8d8a\u4f4d\u7684\u535a\u4f0a\u5fb7\u4e2d\u8def\u811a\u5c16\u8f7b\u8e6d\u5165\u8fdc\u89d2\uff0c1\u6bd42\u3002\u7b2c56\u5206\u949f\uff0c\u5e2d\u5c14\u74e6\u505a\u7403\uff0c\u7eb3\u65af\u91cc\u7981\u533a\u8fb9\u7f18\u7684\u4f4e\u5c04\u88ab\u5e0c\u987f\u5012\u5730\u6307\u5c16\u6258\u51fa\u5de6\u95e8\u67f1\u3002\u7b2c61\u5206\u949f\uff0c\u5df4\u6069\u65af\u80f8\u90e8\u505c\u7403\u62e8\u7ed9\u82f1\u65af\uff0c\u82f1\u65af\u540e\u8005\u5de6\u4fa7\u4f4e\u5c04\u7a0d\u504f\u51fa\u8fd1\u95e8\u67f1\u3002\n\n\u7ea6\u7ef4\u8482\u5947\u6362\u4e0b\u7c73\u5c14\u7eb3\uff0c12\u67083\u65e5\u4ee5\u6765\u9996\u6b21\u767b\u573a\u3002\u968f\u540e\u5170\u5e15\u5fb7\u6362\u4e0b\u7eb3\u65af\u91cc\u3002\u7b2c78\u5206\u949f\uff0c\u7279\u91cc\u76ae\u5c14\u53f3\u8def\u4f4e\u4f20\uff0c\u963f\u83f2\u5c14\u5fb7\u524d\u70b9\u626b\u5c04\u88ab\u5fb7\u7c73\u51ef\u5229\u65af\u98de\u8eab\u6321\u51fa\u5e95\u7ebf\u3002\n\n\u4f2f\u6069\u5229\u7b2c81\u5206\u949f\u8ffd\u5e73\u6bd4\u5206\uff01\u6c99\u514b\u5c14\u540e\u573a\u957f\u4f20\uff0c\u5df4\u6069\u65af\u7981\u533a\u5185\u4e89\u9876\uff0c\u8fc8\u514b\u5c14-\u57fa\u6069\u518d\u56de\u505a\uff0c\u5df4\u6069\u65af\u5728\u95e8\u524d12\u7c73\u5904\u62bd\u5c04\u5165\u5de6\u4e0a\u89d2\uff0c2\u6bd42\uff0c\u66fc\u57ce\u6b64\u5f79\u5931\u7403\u76f8\u5f53\u4e8e\u6b64\u524d5\u4e2a\u82f1\u8d85\u4e3b\u573a\u603b\u5931\u7403\u3002\u7b2c83\u5206\u949f\uff0c\u7ea6\u7ef4\u8482\u5947\u4e0e\u5170\u5e15\u5fb7\u8e22\u5899\u914d\u5408\uff0c\u7981\u533a\u53f3\u4fa7\u8ddd\u95e813\u7c73\u5904\u63a8\u5c04\u88ab\u5e0c\u987f\u6ca1\u6536\u3002\n\n\u8f9b\u514b\u83b1\u5c14\u6362\u4e0b\u8d39\u5c14\u5357\u8fea\u5c3c\u5965\uff0c\u4f46\u66fc\u57ce\u6700\u7ec8\u65e0\u6cd5\u6539\u5199\u6bd4\u5206\uff0c2008\u5e74\u5bf9\u9635\u5229\u7269\u6d66\u4ee5\u6765\u9996\u6b21\u82f1\u8d85\u4e0a\u534a\u65f6\u9886\u51482\u7403\u672a\u80fd\u53d6\u80dc\uff0c2011\u5e749\u6708(2\u6bd42\u5e73\u5bcc\u52d2\u59c6)\u4ee5\u6765\u9996\u6b21\u82f1\u8d85\u9886\u51482\u7403\u672a\u80fd\u53d6\u80dc\u3002\u66fc\u57ce\u4e0a\u6b21\u82f1\u8d85\u4e3b\u573a\u672a\u80fd\u51fb\u8d25\u5347\u73ed\u9a6c\uff0c\u540c\u6837\u662f\u5bf9\u9635\u4f2f\u6069\u5229(2009\u5e7411\u67083\u6bd43)\uff0c\u66fc\u57ce\u5728\u4e3b\u573a\u4e0e\u5347\u73ed\u9a6c\u8fd122\u573a\u4ea4\u950b\uff0c\u53ea\u6709\u4e0e\u4f2f\u6069\u5229\u8fd92\u573a\u4ea4\u950b\u672a\u80dc\u3002\n\n\u66fc\u57ce(4-2-3-1)\uff1a1-\u4e54-\u54c8\u7279/5-\u8428\u5df4\u83b1\u5854\uff0c26-\u5fb7\u7c73\u51ef\u5229\u65af\uff0c20-\u66fc\u52a0\u62c9\uff0c11-\u79d1\u62c9\u7f57\u592b/6-\u8d39\u5c14\u5357\u591a\uff0c25-\u8d39\u5c14\u5357\u8fea\u5c3c\u5965(88'12-\u8f9b\u514b\u83b1\u5c14)/15-\u7eb3\u74e6\u65af\uff0c21-\u5e2d\u5c14\u74e6\uff0c8-\u7eb3\u65af\u91cc(75'8-\u5170\u5e15\u5fb7)/7-\u7c73\u5c14\u7eb3(62'35-\u7ea6\u7ef4\u8482\u5947)\n\n\u4f2f\u6069\u5229(4-4-2)\uff1a1-\u5e0c\u987f/2-\u7279\u91cc\u76ae\u5c14\uff0c25-\u8fc8\u514b\u5c14-\u57fa\u6069\uff0c5-\u6c99\u514b\u5c14\uff0c6-\u6885/21-\u535a\u4f0a\u5fb7\uff0c8-\u9a6c\u5c14\u5c3c\uff0c14-\u5927\u536b-\u743c\u65af\uff0c37-\u963f\u83f2\u5c14\u5fb7/30-\u5df4\u6069\u65af\uff0c10-\u82f1\u65af",
                    "date": "2014-12-28",
                    "eventUri": "2380000",
                    "id": "29382283",
                    "isDuplicate": false,
                    "lang": "zho",
                    "sim": 0.8048,
                    "source": {
                        "title": "sports.sina.com.cn",
                        "uri": "sports.sina.com.cn"
                    },
                    "time": "18:37:00",
                    "title": "\u00d3\u00a2\u00b3\u00ac-\u00c0\u00e4\u00a3\u00a1\u00c2\u00fc\u00b3\u00c72-0\u00d4\u00e2\u00c1\u00ac\u00d7\u00b72\u00c7\u00f2 \u00d6\u00f7\u00b3\u00a12-2\u00c6\u00bd\u00c9\u00fd\u00b0\u00e0\u00c2\u00ed",
                    "uri": "237290665",
                    "url": "http://sports.sina.com.cn/g/pl/2014-12-29/00017463402.shtml",
                    "wgt": 1
                },
                {
                    "body": "\u65b0\u6d6a\u4f53\u80b2\u8baf\u3000\u5317\u4eac\u65f6\u95f412\u670828\u65e520:00(\u82f1\u56fd\u5f53\u5730\u65f6\u95f412:00)\uff0c2014/15\u8d5b\u5b63\u82f1\u683c\u5170\u8db3\u7403\u8d85\u7ea7\u8054\u8d5b\u7b2c19\u8f6e\u4e00\u573a\u7126\u70b9\u6218\u5728\u767d\u9e7f\u5df7\u7403\u573a\u5c55\u5f00\u89d2\u9010\uff0c\u66fc\u8054\u5ba2\u573a\u5bf9\u9635\u6258\u7279\u7eb3\u59c6\u70ed\u523a\u3002\n\n\u70ed\u523a\u8fd12\u4e2a\u8d5b\u5b63\u5ba2\u80dc\u66fc\u8054\uff0c\u4f46\u8fd113\u4e2a\u4e3b\u573a\u5bf9\u9635\u66fc\u8054\u53d6\u5f975\u5e738\u8d1f\u672a\u5c1d\u80dc\u7ee9\uff0c\u70ed\u523a\u4e0a\u6b21\u5728\u4e3b\u573a\u51fb\u8d25\u66fc\u8054\u8fd8\u662f2001\u5e745\u6708\u3002\u53cc\u65b9\u82f1\u8d85\u4ea4\u950b44\u573a\uff0c\u66fc\u805429\u80dc10\u5e735\u8d1f\u5360\u636e\u660e\u663e\u4f18\u52bf\uff0c\u5176\u4e2d\u5ba2\u573a12\u80dc7\u5e733\u8d1f\u3002\u8fd9\u662f\u53cc\u65b9\u7684\u7b2c181\u6b21\u4ea4\u950b\uff0c\u6b64\u524d\u66fc\u805484\u80dc48\u5e7348\u8d1f\u5360\u636e\u4e0a\u98ce\u3002\u8303\u52a0\u5c14\u7ee7\u7eed\u6392\u51fa\u4e0a\u8f6e\u53d6\u80dc\u7ebd\u5361\u65af\u5c14\u7684\u9996\u53d1\u9635\u5bb9\u3002\n\n\u53cc\u65b9\u5f00\u573a\u540e\u62fc\u62a2\u6fc0\u70c8\uff0c\u8303\u4f69\u897f\u7981\u533a\u524d\u6311\u7403\u8fc7\u4eba\u88ab\u7ef4\u5c14\u901a\u4ea8\u7eca\u5012\uff0c\u4f46\u88c1\u5224\u83ab\u65af\u672a\u4e88\u5224\u7f5a\u3002\u66fc\u8054\u7b2c19\u5206\u949f\u83b7\u5f97\u673a\u4f1a\uff0c\u9a6c\u5854\u76f4\u4f20\uff0c\u6cd5\u5c14\u800312\u7801\u5904\u7f3a\u4e4f\u529b\u91cf\u7684\u5355\u5200\u5c04\u95e8\u88ab\u6d1b\u91cc\u65af\u6ca1\u6536\u3002\u70ed\u523a1\u5206\u949f\u540e\u8fd8\u4ee5\u989c\u8272\uff0c\u6c64\u68ee\u5fb7\u4f20\u7403\uff0c\u54c8\u91cc-\u51ef\u6069\u5c0f\u7981\u533a\u53f3\u4fa7\u7684\u5c04\u95e8\u88ab\u5fb7\u8d6b\u4e9a\u6ca1\u6536\u3002\u6c64\u68ee\u5fb7\u7981\u533a\u8fb9\u7f18\u5916\u5de6\u811a\u52b2\u5c04\u8fd8\u662f\u88ab\u5fb7\u8d6b\u4e9a\u6551\u4e0b\u3002\u66fc\u8054\u7b2c22\u5206\u949f\u9669\u4e9b\u7834\u95e8\uff0c\u9a6c\u5854\u7981\u533a\u5f27\u9876\u5916\u4efb\u610f\u7403\u5c04\u95e8\u6253\u4e2d\u6885\u68ee\u504f\u8f6c\u540e\u51fb\u4e2d\u53f3\u4fa7\u7acb\u67f1\u5f39\u56de\uff0c\u8303\u4f69\u897f\u8fd1\u8ddd\u79bb\u6345\u5c04\u88ab\u9f50\u91cc\u51ef\u65af\u5728\u95e8\u7ebf\u524d\u89e3\u56f4\u3002\n\n\u7b2c24\u5206\u949f\uff0c\u8d8a\u4f4d\u4f4d\u7f6e\u7684\u83f2\u5c14-\u743c\u65af\u8fd1\u8ddd\u79bb\u5934\u7403\u653b\u95e8\u88ab\u6d1b\u91cc\u65af\u6251\u6321\u540e\uff0c\u7ef4\u5c14\u901a\u4ea8\u95e8\u7ebf\u5185\u5012\u94a9\u89e3\u56f4\u3002\u65af\u5854\u59c6\u535a\u91cc\u548c\u6c64\u68ee\u5fb7\u5148\u540e\u88ab\u7f5a\u9ec4\u724c\u3002\u7b2c34\u5206\u949f\uff0c\u9a6c\u5854\u4f20\u7403\uff0c\u6cd5\u5c14\u8003\u5207\u5165\u7981\u533a\u5185\u7684\u5c04\u95e8\u88ab\u6d1b\u91cc\u65af\u6ca1\u6536\u3002\u66fc\u8054\u7b2c39\u5206\u949f\u6d6a\u8d39\u673a\u4f1a\uff0c\u5361\u91cc\u514b\u76f4\u4f20\uff0c\u8303\u4f69\u897f\u6f02\u4eae\u505c\u7403\u540e\u7684\u8fd1\u8ddd\u79bb\u6345\u5c04\u88ab\u6d1b\u91cc\u65af\u6321\u51fa\u3002\u7b2c43\u5206\u949f\uff0c\u963f\u4ec0\u5229-\u626c\u5de6\u8def\u4f20\u4e2d\uff0c\u9c81\u5c3c12\u7801\u5904\u7f3a\u4e4f\u4e86\u529b\u91cf\u7684\u5934\u7403\u653b\u95e8\u88ab\u6d1b\u91cc\u65af\u6c89\u7a33\u5f97\u5230\u3002\u534a\u573a\u7ed3\u675f\u524d\uff0c\u963f\u4ec0\u5229-\u626c\u7684\u5f27\u7ebf\u7403\u5c04\u95e8\u88ab\u6d1b\u91cc\u65af\u98de\u8eab\u6551\u51fa\u3002\n\n\u6258\u7279\u7eb3\u59c6\u70ed\u523a\u51fa\u573a\u9635\u5bb9(4-2-3-1)\uff1a1-\u6d1b\u91cc\u65af\uff1b6-\u9f50\u91cc\u51ef\u65af\uff0c21-\u6cd5\u9f50\u5965\uff0c5-\u7ef4\u5c14\u901a\u4ea8\uff0c33-\u672c-\u6234\u7ef4\u65af\uff1b25-\u65af\u5854\u59c6\u535a\u91cc\uff0c38-\u6885\u68ee\uff1b17-\u6c64\u68ee\u5fb7\uff0c23-\u57c3\u91cc\u514b\u68ee\uff0c22-\u67e5\u5fb7\u5229\uff1b18-\u54c8\u91cc-\u51ef\u6069\n\n\u66fc\u8054\u51fa\u573a\u9635\u5bb9(3-4-1-2)\uff1a1-\u5fb7\u8d6b\u4e9a\uff1b4-\u83f2\u5c14-\u743c\u65af\uff0c33-\u9ea6\u514b\u5948\u5c14\uff0c6-\u57c3\u6587\u65af\uff1b25-\u74e6\u4f26\u897f\u4e9a\uff0c16-\u5361\u91cc\u514b\uff0c10-\u9c81\u5c3c\uff0c18-\u963f\u4ec0\u5229-\u626c\uff1b8-\u9a6c\u5854\uff1b9-\u6cd5\u5c14\u8003\uff0c20-\u8303\u4f69\u897f",
                    "date": "2014-12-28",
                    "eventUri": "2380000",
                    "id": "29369531",
                    "isDuplicate": false,
                    "lang": "zho",
                    "sim": 0.7767,
                    "source": {
                        "title": "sports.sina.com.cn",
                        "uri": "sports.sina.com.cn"
                    },
                    "time": "13:43:00",
                    "title": "\u82f1\u8d85-\u8303\u4f69\u897f\u6cd5\u5c14\u8003\u9519\u5931\u826f\u673a \u66fc\u8054\u5ba2\u573a\u61be\u5e73\u70ed\u523a",
                    "uri": "237256903",
                    "url": "http://sports.sina.com.cn/g/pl/2014-12-28/20507463278.shtml",
                    "wgt": 1
                },
                {
                    "body": "\u65b0\u6d6a\u4f53\u80b2\u8baf\u3000\u5317\u4eac\u65f6\u95f42\u67087\u65e523:00(\u82f1\u56fd\u5f53\u5730\u65f6\u95f415:00)\uff0c2014/15\u8d5b\u5b63\u82f1\u683c\u5170\u8db3\u7403\u8d85\u7ea7\u8054\u8d5b\u7b2c24\u8f6e\u4e00\u573a\u7126\u70b9\u6218\u5728\u4f0a\u8482\u54c8\u5fb7\u7403\u573a\u5c55\u5f00\u89d2\u9010\uff0c\u66fc\u57ce\u4e3b\u573a1\u6bd41\u6218\u5e73\u80e1\u5c14\u57ce\uff0c\u6885\u52d2\u5148\u62d4\u5934\u7b79\uff0c\u963f\u572d\u7f57\u61be\u4e2d\u6a2a\u6881\uff0c\u66ff\u8865\u51fa\u573a\u7684\u7c73\u5c14\u7eb392\u5206\u949f\u4efb\u610f\u7403\u5f97\u5206\u6551\u4e3b\u3002\u66fc\u57ce\u81ea2009\u5e74\u4ee5\u6765\u9996\u5ea64\u8f6e\u4e0d\u80dc\uff0c\u843d\u540e\u5207\u5c14\u897f\u591a\u8fbe7\u5206\u3002\n\n\u66fc\u57ce\u8054\u8d5b\u5386\u53f2\u4e0a11\u6b21\u4e3b\u573a\u5bf9\u9635\u80e1\u5c14\u57ce\u53d6\u5f978\u80dc3\u5e73\u4fdd\u6301\u4e0d\u8d25\uff0c\u80e1\u5c14\u57ce\u5386\u53f2\u4e0a\u552f\u4e00\u4e00\u6b21\u5ba2\u573a\u53d6\u80dc\u66fc\u57ce\u8fd8\u662f1930\u5e74\u7684\u8db3\u603b\u676f\u3002\u53cc\u65b9\u5386\u53f2\u4ea4\u950b24\u573a\uff0c\u66fc\u57ce12\u80dc7\u5e735\u8d1f\u5360\u636e\u4e0a\u98ce\u3002\u54f2\u79d1\u3001\u7eb3\u65af\u91cc\u548c\u8428\u5df4\u83b1\u5854\u8f6e\u6362\u51fa\u573a\u3002\n\n\u963f\u9c81\u79d1\u7981\u533a\u5de6\u4fa7\u7684\u5c04\u95e8\u88ab\u4e54-\u54c8\u7279\u6551\u4e0b\u3002\u54f2\u79d112\u7801\u5904\u7f3a\u4e4f\u529b\u91cf\u7684\u5934\u7403\u653b\u95e8\u4e5f\u88ab\u9ea6\u514b\u683c\u96f7\u6208\u6458\u4e0b\u3002\u80e1\u5c14\u57ce\u7b2c16\u5206\u949f\u9669\u4e9b\u7834\u95e8\uff0c\u5e03\u96f7\u8fea\u5de6\u8def\u4f20\u4e2d\u8fdc\u70b9\uff0c\u57c3\u5c14\u9ed8\u7f55\u8fc8\u8fea\u5c0f\u7981\u533a\u8fb9\u7f18\u5934\u7403\u653b\u95e8\u51fb\u4e2d\u6a2a\u6881\u3002\u5ba2\u961f\u62d6\u5ef6\u6218\u672f\u6fc0\u8d77\u4e3b\u573a\u7403\u8ff7\u4e0d\u6ee1\uff0c\u4f46\u6c42\u80dc\u5fc3\u5207\u7684\u66fc\u57ce\u5728\u6025\u8e81\u4e2d\u4e5f\u672a\u80fd\u521b\u9020\u51fa\u5f97\u5206\u673a\u4f1a\u3002\u963f\u572d\u7f57\u4f20\u7403\uff0c\u7eb3\u65af\u91cc\u7981\u533a\u53f3\u4fa7\u7684\u5c04\u95e8\u88ab\u5e03\u96f7\u8fea\u5c01\u5835\uff0c\u514b\u91cc\u5e0c\u5de6\u8def\u4f20\u4e2d\uff0c\u54f2\u79d1\u5c0f\u7981\u533a\u524d\u5934\u7403\u653b\u95e8\u504f\u51fa\u3002\n\n\u80e1\u5c14\u57ce\u7b2c35\u5206\u949f\u53d6\u5f97\u9886\u5148\uff0c\u5229\u5f17\u83ab\u5c14\u5916\u56f4\u5c04\u95e8\u88ab\u4e54-\u54c8\u7279\u52c9\u5f3a\u6251\u51fa\uff0c\u62c9\u7c73\u96f7\u65af\u7981\u533a\u8fb9\u7f18\u6df7\u6218\u4e2d\u6345\u5c04\u6253\u4e2d\u53f3\u4fa7\u7acb\u67f1\u5f39\u56de\uff0c\u6885\u52d2\u5c0f\u7981\u533a\u524d\u8865\u5c04\u5165\u7f51\u3002\u843d\u540e\u7684\u66fc\u57ce\u7ee7\u7eed\u65bd\u538b\uff0c\u534a\u573a\u7ed3\u675f\u524d\uff0c\u7eb3\u65af\u91cc\u7981\u533a\u5185\u5047\u52a8\u4f5c\u6b63\u9762\u6643\u50122\u4eba\uff0c\u4f46\u53e6\u4e00\u4fa7\u7684\u5e03\u9c81\u65af\u53ca\u65f6\u94f2\u7403\u89e3\u56f4\u3002\u66fc\u57ce\u4e0a\u534a\u573a\u63a7\u7403\u7387\u9ad8\u8fbe70%\uff0c\u4f46\u5374\u65e0\u6cd5\u521b\u9020\u771f\u6b63\u5a01\u80c1\u3002\n\n\u66fc\u57ce\u4e0b\u534a\u573a\u7ee7\u7eed\u56f4\u653b\u94c1\u6876\u9635\uff0c\u7eb3\u74e6\u65af\u66ff\u6362\u8d39\u5c14\u5357\u591a\u51fa\u573a\u3002\u8428\u5df4\u83b1\u5854\u4f20\u4e2d\uff0c\u54f2\u79d1\u524d\u70b9\u5c04\u95e8\u88ab\u9ea6\u514b\u683c\u96f7\u6208\u6251\u51fa\u3002\u54f2\u79d1\u88ab\u7c73\u5c14\u7eb3\u6362\u4e0b\u3002\u7eb3\u65af\u91cc\u4efb\u610f\u7403\u5c04\u95e8\u88ab\u9ea6\u514b\u683c\u96f7\u6208\u6551\u4e0b\u3002\u514b\u91cc\u5e0c\u5de6\u8def\u4f20\u4e2d\uff0c\u963f\u572d\u7f57\u524d\u70b9\u7684\u5c04\u95e8\u88ab\u9ea6\u514b\u683c\u96f7\u6208\u6ca1\u6536\u3002\u7ea6\u7ef4\u8482\u5947\u4e5f\u6362\u4e0b\u5e2d\u5c14\u74e6\u3002\u66fc\u57ce\u7b2c89\u5206\u949f\u9519\u5931\u826f\u673a\uff0c\u7eb3\u65af\u91cc\u659c\u4f20\uff0c\u963f\u572d\u7f57\u6f02\u4eae\u505c\u7403\u540e\u5c0f\u7981\u533a\u53f3\u4e0a\u89d2\u5de6\u811a\u51cc\u7a7a\u62bd\u5c04\uff0c\u4f46\u76ae\u7403\u61be\u4e2d\u6a2a\u6881\u5f39\u56de\u3002\u66fc\u57ce\u7b2c92\u5206\u949f\u6700\u7ec8\u6273\u5e73\uff0c\u7c73\u5c14\u7eb325\u7801\u5904\u4efb\u610f\u7403\u76f4\u63a5\u5c04\u95e8\uff0c\u76ae\u7403\u7ed5\u8fc7\u4eba\u5899\u540e\u7d27\u8d34\u53f3\u4fa7\u7acb\u67f1\u5165\u7f51\uff0c1-1\u3002\u66fc\u57ce\u81ea2009\u5e74\u4ee5\u6765\u9996\u5ea6\u8fde\u7eed4\u8f6e\u4e0d\u80dc\u3002\n\n\u66fc\u57ce\u51fa\u573a\u9635\u5bb9(4-4-2)\uff1a1-\u4e54-\u54c8\u7279\uff1b5-\u8428\u5df4\u83b1\u5854\uff0c4-\u5b54\u5e15\u5c3c\uff0c26-\u5fb7\u7c73\u51ef\u5229\u65af\uff0c22-\u514b\u91cc\u5e0c\uff1b8-\u7eb3\u65af\u91cc\uff0c25-\u8d39\u5c14\u5357\u8fea\u5c3c\u5965\uff0c6-\u8d39\u5c14\u5357\u591a(46',15-\u7eb3\u74e6\u65af)\uff0c21-\u5e2d\u5c14\u74e6(74',35-\u7ea6\u7ef4\u8482\u5947)\uff1b16-\u963f\u572d\u7f57\uff0c10-\u54f2\u79d1(66',7-\u7c73\u5c14\u7eb3)\n\n\u80e1\u5c14\u57ce\u51fa\u573a\u9635\u5bb9(3-4-3)\uff1a1-\u9ea6\u514b\u683c\u96f7\u6208\uff1b21-\u9053\u68ee\uff0c4-\u5e03\u9c81\u65af\uff0c15-\u9ea6\u514b\u6c99\u6069\uff1b7-\u6885\u52d2\uff0c14-\u5229\u5f17\u83ab\u5c14\uff0c8-\u54c8\u5fb7\u65af\u901a\uff0c27-\u57c3\u5c14\u9ed8\u7f55\u8fc8\u8fea\uff1b25-\u62c9\u7c73\u96f7\u65af(76',28-\u6069\u591a\u8036)\uff0c24-\u963f\u9c81\u79d1(67',26-\u7f57\u4f2f\u900a)\uff0c11-\u5e03\u96f7\u8fea(91',29-\u594e\u56e0)",
                    "date": "2015-02-07",
                    "eventUri": "2380000",
                    "id": "32411045",
                    "isDuplicate": false,
                    "lang": "zho",
                    "sim": 0.7575,
                    "source": {
                        "title": "sports.sina.com.cn",
                        "uri": "sports.sina.com.cn"
                    },
                    "time": "18:21:00",
                    "title": "\u00d3\u00a2\u00b3\u00ac-\u00b0\u00a2\u00b9\u00e7\u00c2\u00de\u00ba\u00b6\u00d6\u00d0\u00ba\u00e1\u00c1\u00ba \u00c2\u00fc\u00b3\u00c792\u00b7\u00d6\u00d6\u00d3\u00bd\u00f8\u00c7\u00f2\u00cf\u00d5\u00c6\u00bd\u00c8\u00f5\u00c2\u00c3",
                    "uri": "247431089",
                    "url": "http://sports.sina.com.cn/g/pl/2015-02-07/23507511236.shtml",
                    "wgt": 1
                },
                {
                    "body": "\u65b0\u6d6a\u4f53\u80b2\u8baf\u3000\u5c31\u5728\u5207\u5c14\u897f\u65b0\u6838\u6cd5\u5e03\u96f7\u52a0\u65af\u5728\u82f1\u8d85\u52a9\u653b\u699c\u4e0a\u4ffe\u7768\u5929\u4e0b\u4e4b\u65f6\uff0c\u66fe\u7ecf\u7684\u5207\u5c14\u897f\u6700\u4f73\u7403\u5458\u9a6c\u5854\u4e5f\u5728\u65e0\u58f0\u65e0\u606f\u4e2d\u915d\u917f\u7740\u81ea\u5df1\u7684\u9006\u88ad\u4e4b\u9053\u3002\u4e0e\u70ed\u523a\u4e00\u5f79\uff0c\u867d\u7136\u66fc\u8054\u6700\u7ec8\u672a\u80fd\u6572\u5f00\u5bf9\u65b9\u7684\u7403\u95e8\uff0c\u4f46\u662f\u9a6c\u5854\u5728\u8fdb\u653b\u7aef\u7684\u8868\u73b0\u5374\u8db3\u4ee5\u4ee4\u66fc\u8054\u7403\u8ff7\u611f\u5230\u6b23\u559c\uff0c\u897f\u73ed\u7259\u9b54\u672f\u5e08\u4f3c\u4e4e\u5df2\u7ecf\u9010\u6e10\u627e\u56de\u4e86\u5f53\u5e74\u521d\u767b\u82f1\u8d85\u65f6\u7684\u6050\u6016\u72b6\u6001\u3002\u66fc\u8054\u60f3\u8981\u5728\u8054\u8d5b\u4e0b\u534a\u7a0b\u66f4\u8fdb\u4e00\u6b65\uff0c\u663e\u7136\u9700\u8981\u8fd9\u6837\u7684\u9a6c\u5854\u3002\n\n\u76f8\u6bd4\u4e8e\u9c81\u5c3c\u3001\u6cd5\u5c14\u8003\u3001\u8303\u4f69\u897f\u7b49\u4eba\uff0c\u9a6c\u5854\u7684\u7279\u70b9\u66f4\u52a0\u9c9c\u660e\uff0c\u524d\u573a\u4e32\u8054\u80fd\u529b\u4ee5\u53ca\u81f4\u547d\u4e00\u4f20\u662f\u4ed6\u7684\u6740\u624b\u950f\uff0c\u8303\u52a0\u5c14\u5f88\u6e05\u695a\u9a6c\u5854\u7684\u4ef7\u503c\uff0c\u4e8e\u662f\u4ed6\u5c06\u9a6c\u5854\u7684\u4f4d\u7f6e\u524d\u63d0\uff0c\u8ba9\u9632\u5b88\u66f4\u597d\u7684\u9c81\u5c3c\u8d1f\u8d23\u4fdd\u62a4\u9a6c\u5854\u7684\u8eab\u540e\uff0c\u4ece\u800c\u6700\u5927\u9650\u5ea6\u5730\u53d1\u6325\u9a6c\u5854\u7684\u4f20\u7403\u4f18\u52bf\u3002\u4e8e\u662f\u6211\u4eec\u770b\u5230\uff0c\u90a3\u4e2a\u66fe\u7ecf\u5728\u83ab\u8036\u65af\u624b\u4e0b\u8e49\u8dce\u5c81\u6708\u4e2d\u573a\u7cbe\u7075\uff0c\u5982\u4eca\u53c8\u91cd\u65b0\u627e\u56de\u4e86\u9b54\u529b\u3002\n\n\u672c\u573a\u6bd4\u8d5b\u8ddd\u79bb\u4e0e\u7ebd\u5361\u65af\u5c14\u7684\u5723\u8bde\u5927\u6218\u4ec5\u4ec5\u65f6\u96941\u5929\uff0c\u8fd9\u5bf9\u66fc\u8054\u4e3b\u529b\u7403\u5458\u7684\u4f53\u529b\u662f\u4e00\u4e2a\u5de8\u5927\u7684\u6311\u6218\u3002\u4f46\u662f\u5f00\u573a\u540e\u7684\u9a6c\u5854\u5374\u5c55\u793a\u51fa\u4f18\u5f02\u7684\u8eab\u4f53\u72b6\u6001\uff0c\u9891\u9891\u7528\u624b\u672f\u5200\u822c\u7684\u4f20\u7403\u5a01\u80c1\u6d1b\u91cc\u65af\u628a\u5b88\u7684\u7403\u95e8\u3002\u6bd4\u8d5b\u8fdb\u884c\u5230\u7b2c7\u5206\u949f\uff0c\u9a6c\u5854\u4e2d\u573a\u9001\u51fa\u5de1\u822a\u5bfc\u5f39\uff0c\u9c81\u5c3c\u53cd\u63d2\u5bf9\u65b9\u9632\u7ebf\u8eab\u540e\u5df2\u6210\u5355\u5200\u4e4b\u52bf\uff0c\u7136\u800c\u66fc\u8054\u961f\u957f\u5374\u5c06\u7403\u505c\u5230\u4e86\u8eab\u540e\uff0c\u7ed3\u679c\u9519\u5931\u4e86\u76f4\u63a5\u6253\u95e8\u7684\u673a\u4f1a\uff0c\u66fc\u8054\u4e5f\u4e0e\u9ec4\u91d1\u5f00\u5c40\u64e6\u80a9\u800c\u8fc7\u3002\u7b2c19\u5206\u949f\uff0c\u53c8\u662f\u9a6c\u5854\u5728\u4e2d\u8def\u7b56\u52a8\u653b\u52bf\uff0c\u4ed6\u7cbe\u786e\u7684\u76f4\u585e\u7403\u6495\u5f00\u4e86\u70ed\u523a\u7684\u9632\u7ebf\uff0c\u6cd5\u5c14\u8003\u6740\u5165\u7981\u533a\u76f4\u9762\u95e8\u5c06\uff0c\u5de6\u811a\u6012\u5c04\u8fd1\u89d2\uff0c\u53ef\u60dc\u5c04\u95e8\u89d2\u5ea6\u592a\u6b63\uff0c\u76ae\u7403\u88ab\u6d1b\u91cc\u65af\u8f7b\u677e\u6ca1\u6536\u3002\n\n\u7b2c22\u5206\u949f\uff0c\u66fc\u8054\u83b7\u5f97\u7981\u533a\u524d\u6cbf\u7684\u4efb\u610f\u7403\u673a\u4f1a\uff0c\u9a6c\u5854\u5728\u9c81\u5c3c\u7684\u63a9\u62a4\u4e0b\u796d\u51fa\u9ad8\u8d28\u91cf\u7684\u5de6\u811a\u843d\u53f6\u7403\uff0c\u76ae\u7403\u6e05\u8106\u5730\u51fb\u4e2d\u4e86\u7403\u95e8\u53f3\u4fa7\u7acb\u67f1\uff0c\u5e76\u5f15\u53d1\u95e8\u524d\u4e00\u9635\u4e71\u6218\uff0c\u800c\u672c\u573a\u6bd4\u8d5b\u8868\u73b0\u795e\u52c7\u7684\u6d1b\u91cc\u65af\u5bf9\u8fd9\u811a\u5201\u94bb\u7684\u5c04\u95e8\u5c45\u7136\u6beb\u65e0\u53cd\u5e94\u3002\u7b2c34\u5206\u949f\uff0c\u9a6c\u5854\u5377\u571f\u91cd\u6765\uff0c\u4ed6\u5728\u540e\u573a\u7684\u7cbe\u51c6\u957f\u4f20\u77ac\u95f4\u5c06\u6218\u706b\u5ef6\u4f38\u5230\u4e86\u5bf9\u65b9\u7981\u533a\u5185\uff0c\u6cd5\u5c14\u8003\u53cd\u51fb\u4e2d\u5355\u6311\u6cd5\u5947\u5965\uff0c\u5e76\u6643\u5f00\u5c04\u95e8\u7a7a\u5f53\u515c\u5c04\u8fdc\u89d2\uff0c\u53ef\u60dc\u88ab\u6d1b\u91cc\u65af\u5012\u5730\u6251\u4f4f\u3002\u7b2c39\u5206\u949f\uff0c\u9a6c\u5854\u53c8\u4e3a\u8303\u4f69\u897f\u9001\u4e0a\u5ac1\u8863\uff0c\u897f\u73ed\u7259\u4eba\u7684\u6311\u4f20\u51c6\u786e\u5730\u9001\u5230\u4e86\u5bf9\u65b9\u540e\u536b\u4e0e\u95e8\u5c06\u4e4b\u95f4\u7684\u771f\u7a7a\u5730\u5e26\uff0c\u8303\u4f69\u897f\u505c\u7403\u540e\u6ca1\u6709\u9009\u62e9\u76f4\u63a5\u5c04\u95e8\u800c\u662f\u60f3\u8981\u8fc7\u6389\u6d1b\u91cc\u65af\uff0c\u7ed3\u679c\u88ab\u6d1b\u91cc\u65af\u7528\u811a\u5c06\u7403\u6321\u4f4f\uff0c\u961f\u53cb\u518d\u4e00\u6b21\u6d6a\u8d39\u4e86\u9a6c\u5854\u7684\u5999\u4f20\u3002\n\n\u6613\u5730\u518d\u6218\uff0c\u9a6c\u5854\u4f9d\u7136\u662f\u66fc\u8054\u6700\u6709\u5a01\u80c1\u7684\u8fdb\u653b\u70b9\u3002\u7b2c55\u5206\u949f\uff0c\u9a6c\u5854\u63a5\u5230\u5361\u91cc\u514b\u7684\u6311\u4f20\u7a81\u5165\u53f3\u8def\u7a7a\u6321\u540e\u4f4e\u4f20\u4e2d\u8def\uff0c\u8ddf\u8fdb\u7684\u8303\u4f69\u897f\u5728\u5c0f\u7981\u533a\u524d\u5c06\u7403\u5c04\u5411\u4e86\u770b\u53f0\u3002\u7b2c68\u5206\u949f\uff0c\u66fc\u8054\u51e0\u4e4e\u590d\u5236\u4e86\u540c\u6837\u7684\u8fdb\u653b\u6a21\u5f0f\uff0c\u8fd9\u6b21\u662f\u62c9\u6590\u5c14\u7684\u53f3\u8def\u4f4e\u4f20\uff0c\u9a6c\u5854\u7981\u533a\u5185\u7684\u5c04\u95e8\u4f9d\u7136\u9ad8\u51fa\u4e86\u6a2a\u6881\u3002OPTA\u7684\u8d5b\u540e\u6570\u636e\u7edf\u8ba1\u663e\u793a\uff0c\u9a6c\u5854\u5168\u573a\u6bd4\u8d5b\u5171\u9001\u51fa\u4e864\u8bb0\u5a01\u80c1\u7403\uff0c\u6bd4\u5176\u4ed6\u66fc\u8054\u7403\u5458\u52a0\u8d77\u6765\u8fd8\u8981\u591a\uff0c\u6b64\u591646\u811a\u4f20\u7403\u4ee5\u53ca34\u6b21\u524d\u573a\u4f20\u7403\u4e5f\u662f\u4e24\u961f\u4e2d\u524d\u573a\u7403\u5458\u4e2d\u6700\u591a\u7684\u3002\n\n\u51ed\u501f\u7740\u8fd1\u6765\u5f3a\u52bf\u53cd\u5f39\u7684\u8868\u73b0\uff0c\u9a6c\u5854\u5df2\u7ecf\u5c06\u81ea\u5df1\u52a0\u76df\u66fc\u8054\u4e4b\u540e\u7684\u6210\u7ee9\u5355\u6539\u5199\u4e3a11\u7c92\u8fdb\u7403\u5916\u52a07\u6b21\u52a9\u653b\uff0c\u800c\u8fd9\u662f\u9a6c\u5854\u5728\u4ec5\u4ec531\u573a\u82f1\u8d85\u6bd4\u8d5b\u4e2d\u5237\u51fa\u7684\u6570\u636e\uff0c\u4e5f\u5c31\u662f\u8bf4\u9a6c\u5854\u5e73\u5747\u6bcf5\u573a\u6bd4\u8d5b\u5c31\u80fd\u591f\u521b\u90203\u7c92\u8fdb\u7403\uff0c\u5728\u83ab\u8036\u65af\u624b\u4e0b\u6c89\u5bc2\u4e86\u534a\u5e74\u7684\u60c5\u51b5\u4e0b\u4ea4\u51fa\u8fd9\u6837\u7684\u7b54\u5377\u4e0d\u53ef\u8c13\u4e0d\u9ad8\u6548\u3002\u9a6c\u5854\u5728\u8c08\u5230\u6700\u8fd1\u7684\u72b6\u6001\u65f6\u4e5f\u81ea\u4fe1\u5730\u8868\u793a\uff1a\"\u73b0\u5728\u5168\u961f\u4e0a\u4e0b\u90fd\u88ab\u91cd\u65b0\u6ce8\u5165\u4e86\u4fe1\u5fc3\uff0c\u5373\u4f7f\u7403\u961f\u9971\u53d7\u4f24\u75c5\u56f0\u6270\uff0c\u4f46\u662f\u6211\u4eec\u4ece\u6765\u4e0d\u7f3a\u4e4f\u6597\u5fd7\u3002\"\u7684\u786e\uff0c\u6bd4\u8d5b\u6700\u540e\u9636\u6bb5\uff0c\u5e74\u8f7b\u7684\u70ed\u523a\u9891\u9891\u5229\u7528\u51b2\u51fb\u529b\u5a01\u80c1\u66fc\u8054\u7684\u540e\u9632\uff0c\u5df2\u7ecf\u4f53\u529b\u900f\u652f\u7684\u66fc\u8054\u4e3b\u529b\u51e0\u4e4e\u5b8c\u5168\u662f\u7528\u610f\u5fd7\u529b\u8270\u82e6\u5730\u5b88\u4f4f\u4e86\u5e73\u5c40\u3002\u800c\u9a6c\u5854\u5728\u6700\u540e\u65f6\u523b\u4e5f\u56de\u5230\u4e86\u672c\u65b9\u7981\u533a\u524d\u7528\u52e4\u52c9\u7684\u8dd1\u52a8\u5ef6\u8fdf\u5bf9\u65b9\u7684\u653b\u52bf\uff0c\u5e76\u5b8c\u6210\u4e86\u5168\u961f\u5e76\u5217\u7b2c\u4e09\u591a\u76847\u6b21\u65ad\u7403\uff0c\u8fd9\u4ee4\u90a3\u4e9b\u8d28\u7591\u9a6c\u5854\u9632\u5b88\u6001\u5ea6\u7684\u4eba\u4e0d\u5f97\u4e0d\u5bf9\u5176\u522e\u76ee\u76f8\u770b\u3002",
                    "date": "2014-12-28",
                    "eventUri": "2380000",
                    "id": "29382282",
                    "isDuplicate": false,
                    "lang": "zho",
                    "sim": 0.7376,
                    "source": {
                        "title": "sports.sina.com.cn",
                        "uri": "sports.sina.com.cn"
                    },
                    "time": "18:37:00",
                    "title": "\u00c2\u00fc\u00c1\u00aa\u00bb\u00b9\u00b2\u00d8\u00d7\u00c5\u00d2\u00bb\u00d5\u00c5\u00cf\u00ac\u00c0\u00fb\u00cd\u00f5\u00c5\u00c6 \u00c7\u00d7\u00ca\u00d6\u00d4\u00ec2.4\u00d2\u00da\u00bf\u00d6\u00b2\u00c0\u00c3\u00d5\u00cc\u00e2",
                    "uri": "237290667",
                    "url": "http://sports.sina.com.cn/g/pl/2014-12-29/00397463418.shtml",
                    "wgt": 1
                },
                {
                    "body": "\u8303\u52a0\u5c14\u52a0\u76df\u7ea2\u9b54\u540e\u4fbf\u4e3a\u7403\u961f\u5236\u5b9a\u4e86\u4e0d\u5c11\u961f\u89c4\uff0c\u6bd4\u5982\u6bd4\u8d5b\u524d\u4e00\u665a\u4ed6\u6ca1\u6536\u6240\u6709\u961f\u5458\u624b\u673a\uff0c\u6bd4\u8d5b\u65e5\u5403\u65e9\u9910\u8fdf\u5230\u7684\u7403\u5458\u5c06\u88ab\u8e22\u51fa\u5927\u540d\u5355\uff0c\u53e6\u5916\u4ed6\u8fd8\u82b1\u4e8650\u4e07\u82f1\u9551\u5728\u8bad\u7ec3\u573a\u88c5\u76d1\u63a7\u5f55\u50cf\uff0c\u9632\u6b62\u4ed6\u4e0d\u5728\u573a\u65f6\u7403\u5458\u8bad\u7ec3\u5077\u5de5\u51cf\u6599\u3002\u8fd1\u6765\u7684\u6848\u4f8b\u8bc1\u660e\uff0c\u8377\u5170\u4eba\u7684\u89c4\u77e9\u8fd8\u5728\u4e0d\u65ad\u6dfb\u52a0\u4e2d\u3002\n\n\u547d\u4ee4\u7403\u5458\u4e0b\u8f66\u4e3a\u7403\u8ff7\u7b7e\u540d\n\n\u8303\u52a0\u5c14\u5e0c\u671b\u7403\u5458\u80fd\u591f\u548c\u7403\u8ff7\u6709\u66f4\u591a\u7684\u63a5\u89e6\u673a\u4f1a\uff0c\u6240\u4ee5\u4ed6\u5236\u5b9a\u4e86\u65b0\u7684\u65b9\u9488\uff0c\u751a\u81f3\u8fd8\u6d3e\u54e5\u4f26\u6bd4\u4e9a\u5c04\u624b\u6cd5\u5c14\u8003\u4e0b\u8f66\u4e3a\u90a3\u4e9b\u5728\u4e25\u5bd2\u4e2d\u7b49\u5f85\u7684\u7403\u8ff7\u7b7e\u540d\u3002\u5728\u8377\u5170\u4eba\u5230\u6765\u4e4b\u524d\uff0c\u8bb8\u591a\u66fc\u8054\u7403\u661f\u90fd\u4f1a\u5728\u4e3b\u573a\u6bd4\u8d5b\u540e\u76f4\u63a5\u9a7e\u9a76\u505c\u5728\u66f4\u8863\u5ba4\u51fa\u53e3\u9644\u8fd1\u7684\u8c6a\u8f66\u79bb\u5f00\u3002\u73b0\u5728\u50cf\u9c81\u5c3c\u3001\u8303\u4f69\u897f\u548c\u8fea\u9a6c\u5229\u4e9a\u8fd9\u6837\u7684\u5927\u724c\u90fd\u5fc5\u987b\u7a7f\u8fc7\u7403\u8ff7\u624d\u80fd\u5230\u8fbe\u4ed6\u4eec\u7684\u5ea7\u9a7e\u3002\u636e\u4e00\u540d\u5185\u90e8\u4eba\u58eb\u900f\u9732\uff1a\"\u8303\u52a0\u5c14\u8ba4\u4e3a\u7403\u5458\u5df2\u7ecf\u8131\u79bb\u4e86\u7403\u8ff7\uff0c\u4ed6\u8ba4\u4e3a\u7403\u8ff7\u5bf9\u4e8e\u4ff1\u4e50\u90e8\u6765\u8bf4\u662f\u6700\u91cd\u8981\u7684\uff0c\u8fc7\u53bb\u7403\u5458\u4f1a\u8fdb\u5165\u6c7d\u8f66\u7b49\u5f85\uff0c\u7136\u540e\u76f4\u63a5\u79bb\u5f00\uff0c\u800c\u73b0\u5728\u4e00\u5207\u90fd\u5df2\u7ecf\u6539\u53d8\u4e86\u3002\u4e0d\u4ec5\u4ec5\u662f\u5728\u7403\u573a\uff0c\u6700\u8fd1\u5728\u8bad\u7ec3\u57fa\u5730\u4e5f\u662f\u4e00\u6837\uff0c\u5f53\u5927\u5bb6\u4e0a\u8f66\u7b49\u5f85\u7740\u51c6\u5907\u8fd4\u56de\u9152\u5e97\u65f6\uff0c\u8303\u52a0\u5c14\u751a\u81f3\u8981\u6c42\u6cd5\u5c14\u8003\u4e0b\u8f66\u4e3a\u7403\u8ff7\u4eec\u7b7e\u540d\uff0c\u80fd\u591f\u770b\u5230\u8fd9\u4e9b\u771f\u662f\u592a\u68d2\u4e86\u3002 \"\n\n\u8981\u6c42\u897f\u8bed\u7403\u54581\u5e74\u5185\u5b66\u4f1a\u82f1\u8bed\n\n\u6700\u8fd1\uff0c\u8303\u52a0\u5c14\u8fd8\u8981\u6c42\u6240\u6709\u897f\u8bed\u7cfb\u7403\u5458\u5b66\u4e60\u82f1\u8bed\uff0c\u5e76\u79f0\u81ea\u5df1\u53ef\u4ee5\u4fdd\u8bc1\u4ed6\u4eec\u4f1a\u5728\u4e00\u5e74\u5185\u5b66\u4f1a\u3002\u5728\u4eca\u590f\u7684\u8f6c\u4f1a\u7a97\u53e3\u4e2d\uff0c\u66fc\u8054\u8fdb\u884c\u4e86\u5927\u89c4\u6a21\u7684\u5f15\u63f4\uff0c\u57c3\u96f7\u62c9\u3001\u6cd5\u5c14\u8003\u3001\u8fea\u9a6c\u5229\u4e9a\u3001\u7f57\u970d\u7b49\u4eba\u65e0\u4e00\u4f8b\u5916\u90fd\u662f\u897f\u8bed\u7cfb\u7403\u5458\uff0c\u52a0\u4e4b\u5df2\u7ecf\u5728\u961f\u4e2d\u7684\u9a6c\u5854\u548c\u5fb7\u8d6b\u4e9a\uff0c\u8fd9\u4e9b\u897f\u8bed\u7cfb\u7403\u5458\u5e73\u65f6\u81ea\u5df1\u4ea4\u6d41\u8d77\u6765\u7528\u6bcd\u8bed\u4e5f\u662f\u9887\u4e3a\u65b9\u4fbf\u3002\u5c3d\u7ba1\u8303\u52a0\u5c14\u672c\u4eba\u4e5f\u80fd\u8bf4\u4e00\u53e3\u6d41\u5229\u7684\u897f\u73ed\u7259\u8bed\uff0c\u4f46\u4ed6\u8fd8\u662f\u8981\u6c42\u8fd9\u4e9b\u7403\u5458\u5728\u8d5b\u5b63\u672b\u505a\u5230\u80fd\u4ee5\u82f1\u8bed\u8fdb\u884c\u4ea4\u6d41\u3002\"\u4f60\u4eec\u5df2\u7ecf\u77e5\u9053\u66fc\u8054\u961f\u4e2d\u7684\u897f\u8bed\u7cfb\u7403\u5458\u90fd\u5728\u4e0a\u82f1\u8bed\u8bfe\u7684\u6d88\u606f\uff0c\u5b9e\u9645\u4e0a\u6211\u4eec\u5df2\u7ecf\u8fd9\u4e48\u505a\u4e24\u4e2a\u793c\u62dc\u4e86\u3002 \"\u8303\u52a0\u5c14\u8bf4\u9053\uff0c\"\u6240\u5e78\u7684\u662f\u6211\u80fd\u8bb2\u897f\u73ed\u7259\u8bed\uff0c\u5728\u573a\u4e0a\u548c\u4ed6\u4eec\u8fdb\u884c\u4ea4\u6d41\u7684\u65f6\u5019\u4e5f\u7b97\u662f\u65b9\u4fbf\u3002\u4f46\u4ed6\u4eec\u80af\u5b9a\u80fd\u5728\u4e00\u5e74\u5185\u5b66\u4f1a\u82f1\u8bed\uff0c\u6211\u53ef\u4ee5\u4fdd\u8bc1\u3002 \"\u534a\u5c9b\u6668\u62a5\u3001\u6d77\u529b\u7f51\u8bb0\u8005\u8d75\u73af\u59dd",
                    "date": "2014-12-28",
                    "eventUri": "2380000",
                    "id": "29361572",
                    "isDuplicate": false,
                    "lang": "zho",
                    "sim": 0.6082,
                    "source": {
                        "title": "China News Service (CNS)",
                        "uri": "www.chinanews.com"
                    },
                    "time": "09:56:00",
                    "title": "\u8303\u5f0f\u66fc\u8054\u89c4\u77e9\u591a\uff1a\u7403\u54581\u5e74\u5b66\u4f1a\u82f1\u8bed \u7b7e\u540d\u9700\u4e0b\u8f66",
                    "uri": "237232496",
                    "url": "http://www.chinanews.com/ty/2014/12-28/6918049.shtml",
                    "wgt": 1
                },
                {
                    "body": "\u81ea\u8303\u52a0\u5c14\u5165\u4e3b\u66fc\u8054\u4e4b\u540e\uff0c\u8377\u5170\u4eba\u4e3a\u91cd\u94f8\"\u7ea2\u9b54\u738b\u671d\"\u4e0d\u9057\u4f59\u529b\u63a8\u9648\u51fa\u65b0\uff0c\u800c\u4e14\u5728\u5f88\u591a\u7ec6\u8282\u4e0a\u505a\u5f97\u5c3d\u5584\u5c3d\u7f8e\u3002\u65e5\u524d\uff0c\u4e3a\u4e86\u5e2e\u52a9\u961f\u5185\u7684\"\u5c0f\u9c9c\u8089\"\u5362\u514b\u30fb\u8096\u548c\u8d3e\u52aa\u624e\u4f0a\u80fd\u5065\u5eb7\u996e\u98df\uff0c\u8303\u52a0\u5c14\u4e13\u95e8\u6d3e\u4e13\u4e1a\u53a8\u5e08\u5230\u4e0a\u8ff0\u7403\u5458\u5bb6\u91cc\u767b\u95e8\u670d\u52a1\u3002\n\n\u8fd9\u4e2a\u5723\u8bde\u8282\uff0c\u8303\u52a0\u5c14\u7ed9\u5168\u961f\u653e\u5047\u4e00\u5929\uff0c\u8fd9\u662f\u66fc\u805427\u5e74\u6765\u5934\u4e00\u6b21\u5728\u5723\u8bde\u8282\u4e0d\u7528\u65e9\u65e9\u8d76\u5230\u57fa\u5730\u8bad\u7ec3\uff0c\u4f46\u5373\u4fbf\u53ef\u4ee5\u548c\u5bb6\u4eba\u56e2\u805a\u5e86\u795d\u5723\u8bde\uff0c\u4e5f\u5fc5\u987b\u4fdd\u6301\u826f\u597d\u7684\u996e\u98df\u4e60\u60ef\uff0c\u56e0\u4e3a\u8282\u65e5\u7b2c\u4e8c\u5929\u5c31\u6709\u6bd4\u8d5b\u5f00\u6253\u3002\u4e3a\u4e86\u8ba9\u7231\u5c06\u4eec\u5728\u5723\u8bde\u671f\u95f4\u4fdd\u6301\u4f53\u5f62\uff0c\u907f\u514d\u5916\u51fa\u7528\u9910\u5e26\u6765\u7684\u4e0d\u826f\u540e\u679c\uff0c\u66fc\u8054\u4ff1\u4e50\u90e8\u4e13\u95e8\u6d3e\u4e86\u4e13\u4e1a\u53a8\u5e08\u524d\u5f80\u4e0d\u4f1a\u505a\u996d\u7684\u7403\u5458\u5bb6\u4e2d\u6307\u5bfc\u4ed6\u4eec\u5408\u7406\u996e\u98df\u3002\n\n\u77e5\u60c5\u4eba\u58eb\u5411\u300a\u6bcf\u65e5\u90ae\u62a5\u300b\u900f\u9732\uff0c\"\u6709\u4e00\u4e9b\u7403\u5458\uff0c\u5305\u62ec\u4e00\u7ebf\u961f\u7684\u5362\u514b\u30fb\u8096\u548c\u8d3e\u52aa\u624e\u4f0a\u8fd8\u5904\u5728\u9752\u6625\u671f\uff0c\u4ed6\u4eec\u8fd8\u6ca1\u5b66\u4e60\u5982\u4f55\u70f9\u996a\u3002\u6240\u4ee5\uff0c\u6211\u4eec\u5c31\u6d3e\u53a8\u5e08\u5230\u4ed6\u4eec\u5bb6\u4e2d\u68c0\u67e5\u51b0\u7bb1\uff0c\u5e76\u5bf9\u7403\u5458\u4eec\u89e3\u91ca\u54ea\u4e9b\u98df\u7269\u5e94\u8be5\u6254\u6389\uff0c\u54ea\u4e9b\u662f\u5065\u5eb7\u7684\uff0c\u54ea\u4e9b\u662f\u4e0d\u5065\u5eb7\u7684\u3002\u7136\u540e\uff0c\u4ed6\u4eec\u7528\u5065\u5eb7\u98df\u7269\u91cd\u65b0\u586b\u6ee1\u51b0\u7bb1\uff0c\u5e76\u5bf9\u6b64\u8fdb\u884c\u5408\u7406\u70f9\u996a\u3002 \"\n\n\u8be5\u4eba\u58eb\u8fd8\u5410\u69fd\u9053\uff0c\"\u5927\u90e8\u5206\u7403\u5458\u5bb6\u4e2d\u7684\u53a8\u623f\u88c5\u4fee\u9ad8\u8fbe30000\u82f1\u9551\uff0c\u4e0e\u7c73\u5176\u6797\u661f\u7ea7\u9910\u9986\u7684\u88c5\u9970\u4e0d\u76f8\u4e0a\u4e0b\u3002\u4f46\u662f\u6709\u4e00\u4e9b\u4eba\u8fde\u5fae\u6ce2\u7089\u90fd\u4e0d\u4f1a\u4f7f\u7528\uff0c\u70e4\u7089\u4e5f\u662f\u5149\u653e\u5728\u90a3\u91cc\u6446\u7740\u3002 \"\u6709\u6d88\u606f\u79f0\uff0c\u66fc\u8054\u7403\u661f\u4eec\u4f1a\u53bb\u627e\u52a9\u7406\u6559\u7ec3\u5409\u683c\u65af\u54a8\u8be2\u996e\u98df\u65b9\u9762\u7684\u95ee\u9898\uff0c\u56e0\u4e3a\u6700\u8fd1\u66fc\u8054\u52a9\u6559\u5728\u66fc\u5f7b\u65af\u7279\u6c83\u65af\u5229\u5f00\u4e86\u4e00\u5bb6\u9910\u9986\u3002\u4e8b\u5b9e\u4e0a\uff0c\u5728\u65e5\u5e38\u5de5\u4f5c\u4e2d\uff0c\u66fc\u8054\u6709\u4e00\u9879\u5185\u5bb9\u4fbf\u662f\u5236\u5b9a\u7403\u5458\u996e\u98df\u83dc\u5355\uff0c\u800c\u4e14\u66fc\u8054\u4e00\u76f4\u4ee5\u6765\u90fd\u81f4\u529b\u4e8e\u98df\u7269\u51c6\u5907\u548c\u8282\u98df\u6307\u5bfc\u3002\n\n\u534a\u5c9b\u6668\u62a5\u3001\u6d77\u529b\u7f51\u8bb0\u8005\u8d75\u73af\u59dd\u7f16\u8bd1",
                    "date": "2014-12-28",
                    "eventUri": "2380000",
                    "id": "29361567",
                    "isDuplicate": false,
                    "lang": "zho",
                    "sim": 0.5318,
                    "source": {
                        "title": "China News Service (CNS)",
                        "uri": "www.chinanews.com"
                    },
                    "time": "09:56:00",
                    "title": "\u8303\u6c0f\u66fc\u8054\u65b0\u70b9\u5b50\uff1a\u6d3e\u5927\u53a8\u4e0a\u95e8\u6559\"\u5c0f\u9c9c\u8089\"\u505a\u996d",
                    "uri": "237232492",
                    "url": "http://www.chinanews.com/ty/2014/12-28/6918050.shtml",
                    "wgt": 1
                }
            ]
        },
        "info": {
            "articleCount": 6,
            "averageDate": "2015-01-04",
            "avgCos": 0.7028,
            "categories": [],
            "customDate": false,
            "customLocation": false,
            "eventUri": "2380000",
            "extractedDate": "",
            "extractedDateEnd": "",
            "id": "2380000",
            "lang": "zho",
            "location": {
                "country": {
                    "labelEng": "China",
                    "lat": 35,
                    "long": 105,
                    "wikiUri": "http://en.wikipedia.org/wiki/China"
                },
                "labelEng": "Beijing",
                "lat": 39.9075,
                "long": 116.39723,
                "wikiUri": "http://en.wikipedia.org/wiki/Beijing"
            },
            "storyDate": "2015-01-04",
            "storyDateEnd": "",
            "uri": "zho-2404D026-6EDC-45DD-B2C6-55FCB446332B-24844",
            "variance": 0.253
        }
    }
}