{
    "deu-91F35961-4212-44F8-8E30-BA33505D3C7D-42600": {
        "articles": {
            "resultCount": 18,
            "results": [
                {
                    "body": "Der Traum eines jeden Museumsdirektors: Eine Frau findet im Schrank die Tasche ihres verstorbenen Mannes. Darin ein paar Kleinteile. Nichts besonderes? Wenn es die Witwe von Neil Armstrong ist, schon.\n\nDer Schatz lag im Schrank, 45 Jahre, in einem kleinen wei\u00dfen Beutel. Fast ein halbes Jahrhundert nach der Mondlandung ist die Kamera des historischen Ereignisses bei Neil Armstrong im Schrank gefunden worden. Die Witwe des 2012 gestorbenen ersten Menschen auf dem Mond habe das Smithsonian-Museum \u00fcber die aufsehenerregende Entdeckung informiert, teilte das Museum am Dienstag in Washington mit. Die Kamera, mit der Armstrongs \"kleiner Schritt f\u00fcr den Menschen, aber gro\u00dfer Sprung f\u00fcr die Menschheit\" gefilmt worden war, ist bereits Teil einer Ausstellung im Air-and-Space-Museum geworden.\n\nDas Museum im Zentrum von Washington ist voll von historischen Ger\u00e4ten und hat im Eingang auch einen Mondstein, den jeder ber\u00fchren darf.\n\nSmithsonian zufolge hatte Armstrong schon einen Teil seiner pers\u00f6nlichen Gegenst\u00e4nde dem Museum \u00fcberlassen. Doch dann habe seine Witwe Carol im Schrank noch einen kleinen wei\u00dfen Beutel gefunden, einer Waschtasche \u00e4hnlich. Es war eine Tasche, wie sie die Astronauten mit an Bord nahmen, um schnell Kleinteile wegpacken zu k\u00f6nnen. Darin fanden sich Erinnerungsst\u00fccke von der historischen Reise im Juli 1969. Die Kamera, die an der Landef\u00e4hre montiert war, begeisterte die Wissenschaftler am meisten, der Rest aber kaum weniger.\n\nDie wei\u00dfe Tasche h\u00e4tte eigentlich in der Landef\u00e4hre \"Eagle\" verbleiben sollen und w\u00e4re damit jetzt auf dem Mond. Doch Armstrong hatte sie mitgenommen und ordnungsgem\u00e4\u00df \u00fcber Funk \"zehn Pfund diverse Ausr\u00fcstung\" angegeben, damit die Ingenieure mit den zus\u00e4tzlichen 4,5 Kilogramm Gewicht die Flugbahn bei der R\u00fcckkehr zur Erde berechnen konnten.\n\nMit dabei ist ein Haltegurt, mit dem Armstrong seine F\u00fc\u00dfe festband, damit er in der Schwerelosigkeit einigerma\u00dfen ruhen konnte. Die Forscher wussten von all diesen Gegenst\u00e4nden - w\u00e4hnten sie aber auf dem Mond. Jetzt sollen sie nach und nach den Museumsbesuchern zug\u00e4nglich gemacht werden.\n\nDer deutsche Astronaut Alexander Gerst, der erst im November von der Raumstation ISS zur\u00fcckkehrte, habe nichts aus dem Weltall \"mitgehen lassen\", sagte ein Sprecher der ESA der Deutschen Presse-Agentur. Als Gerst zur ISS aufbrach, hatte er aber ein Puzzle mit dem Logo seiner Blue-Dot-Mission im Gep\u00e4ck. Die einzelnen Teile wolle er nun an seine Kollegen verteilen. \"Um zu zeigen, dass sie alle Teil der Mission waren.\" (dpa)",
                    "date": "2015-02-10",
                    "eventUri": "2393695",
                    "id": "32641661",
                    "isDuplicate": false,
                    "lang": "deu",
                    "sim": 0.932,
                    "source": {
                        "title": "Der Tagesspiegel",
                        "uri": "www.tagesspiegel.de"
                    },
                    "time": "18:22:00",
                    "title": "Das Privatgep\u00e4ck des ersten Mannes auf dem Mond",
                    "uri": "248288467",
                    "url": "http://www.tagesspiegel.de/weltspiegel/mondlande-kamera-von-neil-armstrong-im-schrank-entdeckt-das-privatgepaeck-des-ersten-mannes-auf-dem-mond/11353312.html",
                    "wgt": 1
                },
                {
                    "body": "New York - Der Schatz lag im Schrank, 45 Jahre, in einem kleinen wei\u00dfen Beutel. Fast ein halbes Jahrhundert nach der Mondlandung ist die Kamera des historischen Ereignisses bei Neil Armstrong im Schrank gefunden worden.\n\nDie Witwe des 2012 gestorbenen ersten Menschen auf dem Mond habe das Smithsonian-Museum \u00fcber die aufsehenerregende Entdeckung informiert, teilte das Museum in Washington mit.\n\nDie Kamera, mit der Armstrongs \"kleiner Schritt f\u00fcr den Menschen, aber gro\u00dfer Sprung f\u00fcr die Menschheit\" gefilmt worden war, ist bereits Teil einer Ausstellung im Air-and-Space-Museum geworden. Das Museum im Zentrum von Washington ist voll von historischen Ger\u00e4ten und hat im Eingang auch einen Mondstein, den jeder ber\u00fchren darf.\n\nSmithsonian zufolge hatte Armstrong schon einen Teil seiner pers\u00f6nlichen Gegenst\u00e4nde dem Museum \u00fcberlassen. Doch dann habe seine Witwe Carol im Schrank noch einen kleinen wei\u00dfen Beutel gefunden, einer Waschtasche \u00e4hnlich. Es war eine Tasche, wie sie die Astronauten mit an Bord nahmen, um schnell Kleinteile wegpacken zu k\u00f6nnen. Darin fanden sich Erinnerungsst\u00fccke von der historischen Reise im Juli 1969. Die Kamera, die an der Landef\u00e4hre montiert war, begeisterte die Wissenschaftler am meisten, der Rest aber kaum weniger.\n\nDie wei\u00dfe Tasche h\u00e4tte eigentlich in der Landef\u00e4hre \"Eagle\" verbleiben sollen und w\u00e4re damit jetzt auf dem Mond. Doch Armstrong hatte sie mitgenommen und ordnungsgem\u00e4\u00df \u00fcber Funk \"zehn Pfund diverse Ausr\u00fcstung\" angegeben, damit die Ingenieure mit den zus\u00e4tzlichen 4,5 Kilogramm Gewicht die Flugbahn bei der R\u00fcckkehr zur Erde berechnen konnten.\n\nMit dabei ist ein Haltegurt, mit dem Armstrong seine F\u00fc\u00dfe festband, damit er in der Schwerelosigkeit einigerma\u00dfen ruhen konnte. Die Forscher wussten von all diesen Gegenst\u00e4nden - w\u00e4hnten sie aber auf dem Mond. Jetzt sollen sie nach und nach den Museumsbesuchern zug\u00e4nglich gemacht werden.\n\nDer deutsche Astronaut Alexander Gerst, der erst im November von der Raumstation ISS zur\u00fcckkehrte, habe nichts aus dem Weltall \"mitgehen lassen\", sagte ein Sprecher der ESA der Deutschen Presse-Agentur. Als Gerst zur ISS aufbrach, hatte er aber ein Puzzle mit dem Logo seiner Blue-Dot-Mission im Gep\u00e4ck. Die einzelnen Teile wolle er nun an seine Kollegen verteilen. \"Um zu zeigen, dass sie alle Teil der Mission waren.\"",
                    "date": "2015-02-10",
                    "eventUri": "2393695",
                    "id": "32592488",
                    "isDuplicate": false,
                    "lang": "deu",
                    "sim": 0.9296,
                    "source": {
                        "title": "DIE WELT",
                        "uri": "www.welt.de"
                    },
                    "time": "13:22:00",
                    "title": "Mondlande-Kamera von Neil Armstrong im Schrank entdeckt",
                    "uri": "248085220",
                    "url": "http://www.welt.de/newsticker/dpa_nt/infoline_nt/boulevard_nt/article137310996/Mondlande-Kamera-von-Neil-Armstrong-im-Schrank-entdeckt.html",
                    "wgt": 1
                },
                {
                    "body": "\u00dcberregional // Vermischtes // Boulevard // Entertainment Mondlande-Kamera von Neil Armstrong im Schrank entdeckt Der Schatz lag im Schrank, 45 Jahre, in einem kleinen wei\u00dfen Beutel. Fast ein halbes Jahrhundert nach der Mondlandung ist die Kamera des historischen Ereignisses bei Neil Armstrong im Schrank gefunden worden.\n\nDie Witwe des 2012 gestorbenen ersten Menschen auf dem Mond habe das Smithsonian-Museum \u00fcber die aufsehenerregende Entdeckung informiert, teilte das Museum in Washington mit.\n\nDie Kamera, mit der Armstrongs \"kleiner Schritt f\u00fcr den Menschen, aber gro\u00dfer Sprung f\u00fcr die Menschheit\" gefilmt worden war, ist bereits Teil einer Ausstellung im Air-and-Space-Museum geworden. Das Museum im Zentrum von Washington ist voll von historischen Ger\u00e4ten und hat im Eingang auch einen Mondstein, den jeder ber\u00fchren darf.\n\nSmithsonian zufolge hatte Armstrong schon einen Teil seiner pers\u00f6nlichen Gegenst\u00e4nde dem Museum \u00fcberlassen. Doch dann habe seine Witwe Carol im Schrank noch einen kleinen wei\u00dfen Beutel gefunden, einer Waschtasche \u00e4hnlich. Es war eine Tasche, wie sie die Astronauten mit an Bord nahmen, um schnell Kleinteile wegpacken zu k\u00f6nnen. Darin fanden sich Erinnerungsst\u00fccke von der historischen Reise im Juli 1969. Die Kamera, die an der Landef\u00e4hre montiert war, begeisterte die Wissenschaftler am meisten, der Rest aber kaum weniger.\n\nDie wei\u00dfe Tasche h\u00e4tte eigentlich in der Landef\u00e4hre \"Eagle\" verbleiben sollen und w\u00e4re damit jetzt auf dem Mond. Doch Armstrong hatte sie mitgenommen und ordnungsgem\u00e4\u00df \u00fcber Funk \"zehn Pfund diverse Ausr\u00fcstung\" angegeben, damit die Ingenieure mit den zus\u00e4tzlichen 4,5 Kilogramm Gewicht die Flugbahn bei der R\u00fcckkehr zur Erde berechnen konnten.\n\nMit dabei ist ein Haltegurt, mit dem Armstrong seine F\u00fc\u00dfe festband, damit er in der Schwerelosigkeit einigerma\u00dfen ruhen konnte. Die Forscher wussten von all diesen Gegenst\u00e4nden - w\u00e4hnten sie aber auf dem Mond. Jetzt sollen sie nach und nach den Museumsbesuchern zug\u00e4nglich gemacht werden.\n\nDer deutsche Astronaut Alexander Gerst, der erst im November von der Raumstation ISS zur\u00fcckkehrte, habe nichts aus dem Weltall \"mitgehen lassen\", sagte ein Sprecher der ESA der Deutschen Presse-Agentur. Als Gerst zur ISS aufbrach, hatte er aber ein Puzzle mit dem Logo seiner Blue-Dot-Mission im Gep\u00e4ck. Die einzelnen Teile wolle er nun an seine Kollegen verteilen. \"Um zu zeigen, dass sie alle Teil der Mission waren.\"",
                    "date": "2015-02-10",
                    "eventUri": "2393695",
                    "id": "32619642",
                    "isDuplicate": false,
                    "lang": "deu",
                    "sim": 0.9274,
                    "source": {
                        "title": "inFranken.de",
                        "uri": "www.infranken.de"
                    },
                    "time": "16:12:00",
                    "title": "Mondlande-Kamera von Neil Armstrong im Schrank entdeckt",
                    "uri": "248192117",
                    "url": "http://www.infranken.de/ueberregional/vermischtes/boulevard/entertainment/art16715%2C948770",
                    "wgt": 1
                },
                {
                    "body": "Der Traum eines jeden Museumsdirektors: Eine Frau findet im Schrank die Tasche ihres verstorbenen Mannes. Darin ein paar Kleinteile. Nichts besonderes? Wenn es die Witwe von Neil Armstrong ist, schon.\n\nDer Schatz lag im Schrank, 45 Jahre, in einem kleinen wei\u00dfen Beutel. Fast ein halbes Jahrhundert nach der Mondlandung ist die Kamera des historischen Ereignisses bei Neil Armstrong im Schrank gefunden worden. Die Witwe des 2012 gestorbenen ersten Menschen auf dem Mond habe das Smithsonian-Museum \u00fcber die aufsehenerregende Entdeckung informiert, teilte das Museum am Dienstag in Washington mit.\n\nDie Kamera, mit der Armstrongs \"kleiner Schritt f\u00fcr den Menschen, aber gro\u00dfer Sprung f\u00fcr die Menschheit\" gefilmt worden war, ist bereits Teil einer Ausstellung im Air-and-Space-Museum geworden. Das Museum im Zentrum von Washington ist voll von historischen Ger\u00e4ten und hat im Eingang auch einen Mondstein, den jeder ber\u00fchren darf.\n\nIn einem kleinen wei\u00dfen Beutel\n\nSmithsonian zufolge hatte Armstrong schon einen Teil seiner pers\u00f6nlichen Gegenst\u00e4nde dem Museum \u00fcberlassen. Doch dann habe seine Witwe Carol im Schrank noch einen kleinen wei\u00dfen Beutel gefunden, einer Waschtasche \u00e4hnlich. Es war eine Tasche, wie sie die Astronauten mit an Bord nahmen, um schnell Kleinteile wegpacken zu k\u00f6nnen. Darin fanden sich Erinnerungsst\u00fccke von der historischen Reise im Juli 1969. Die Kamera, die an der Landef\u00e4hre montiert war, begeisterte die Wissenschaftler am meisten, der Rest aber kaum weniger.\n\nDie wei\u00dfe Tasche h\u00e4tte eigentlich in der Landef\u00e4hre \"Eagle\" verbleiben sollen und w\u00e4re damit jetzt auf dem Mond. Doch Armstrong hatte sie mitgenommen und ordnungsgem\u00e4\u00df \u00fcber Funk \"zehn Pfund diverse Ausr\u00fcstung\" angegeben, damit die Ingenieure mit den zus\u00e4tzlichen 4,5 Kilogramm Gewicht die Flugbahn bei der R\u00fcckkehr zur Erde berechnen konnten.\n\nGegenst\u00e4nde sind nicht auf dem Mond\n\nMit dabei ist ein Haltegurt, mit dem Armstrong seine F\u00fc\u00dfe festband, damit er in der Schwerelosigkeit einigerma\u00dfen ruhen konnte. Die Forscher wussten von all diesen Gegenst\u00e4nden - w\u00e4hnten sie aber auf dem Mond. Jetzt sollen sie nach und nach den Museumsbesuchern zug\u00e4nglich gemacht werden.\n\nDer deutsche Astronaut Alexander Gerst, der erst im November von der Raumstation ISS zur\u00fcckkehrte, habe nichts aus dem Weltall \"mitgehen lassen\", sagte ein Sprecher der ESA der Deutschen Presse-Agentur. Als Gerst zur ISS aufbrach, hatte er aber ein Puzzle mit dem Logo seiner Blue-Dot-Mission im Gep\u00e4ck. Die einzelnen Teile wolle er nun an seine Kollegen verteilen. \"Um zu zeigen, dass sie alle Teil der Mission waren.\"",
                    "date": "2015-02-10",
                    "eventUri": "2393695",
                    "id": "32618273",
                    "isDuplicate": false,
                    "lang": "deu",
                    "sim": 0.9264,
                    "source": {
                        "title": "Tageblatt Online",
                        "uri": "www.tageblatt.lu"
                    },
                    "time": "16:02:00",
                    "title": "Tageblatt Online - Mondlande-Kamera gefunden - Panorama",
                    "uri": "248184556",
                    "url": "http://www.tageblatt.lu/panorama/story/27096751",
                    "wgt": 1
                },
                {
                    "body": "Der Schatz lag im Schrank, 45 Jahre, in einem kleinen wei\u00dfen Beutel. Fast ein halbes Jahrhundert nach der Mondlandung ist die Kamera des historischen Ereignisses bei Neil Armstrong im Schrank gefunden worden.\n\nDie Witwe des 2012 gestorbenen ersten Menschen auf dem Mond habe das Smithsonian-Museum \u00fcber die aufsehenerregende Entdeckung informiert, teilte das Museum in Washington mit.\n\nDie Kamera, mit der Armstrongs \"kleiner Schritt f\u00fcr den Menschen, aber gro\u00dfer Sprung f\u00fcr die Menschheit\" gefilmt worden war, ist bereits Teil einer Ausstellung im Air-and-Space-Museum geworden. Das Museum im Zentrum von Washington ist voll von historischen Ger\u00e4ten und hat im Eingang auch einen Mondstein, den jeder ber\u00fchren darf.\n\nSmithsonian zufolge hatte Armstrong schon einen Teil seiner pers\u00f6nlichen Gegenst\u00e4nde dem Museum \u00fcberlassen. Doch dann habe seine Witwe Carol im Schrank noch einen kleinen wei\u00dfen Beutel gefunden, einer Waschtasche \u00e4hnlich. Es war eine Tasche, wie sie die Astronauten mit an Bord nahmen, um schnell Kleinteile wegpacken zu k\u00f6nnen. Darin fanden sich Erinnerungsst\u00fccke von der historischen Reise im Juli 1969. Die Kamera, die an der Landef\u00e4hre montiert war, begeisterte die Wissenschaftler am meisten, der Rest aber kaum weniger.\n\nDie wei\u00dfe Tasche h\u00e4tte eigentlich in der Landef\u00e4hre \"Eagle\" verbleiben sollen und w\u00e4re damit jetzt auf dem Mond. Doch Armstrong hatte sie mitgenommen und ordnungsgem\u00e4\u00df \u00fcber Funk \"zehn Pfund diverse Ausr\u00fcstung\" angegeben, damit die Ingenieure mit den zus\u00e4tzlichen 4,5 Kilogramm Gewicht die Flugbahn bei der R\u00fcckkehr zur Erde berechnen konnten.\n\nMit dabei ist ein Haltegurt, mit dem Armstrong seine F\u00fc\u00dfe festband, damit er in der Schwerelosigkeit einigerma\u00dfen ruhen konnte. Die Forscher wussten von all diesen Gegenst\u00e4nden - w\u00e4hnten sie aber auf dem Mond. Jetzt sollen sie nach und nach den Museumsbesuchern zug\u00e4nglich gemacht werden.\n\nDer deutsche Astronaut Alexander Gerst, der erst im November von der Raumstation ISS zur\u00fcckkehrte, habe nichts aus dem Weltall \"mitgehen lassen\", sagte ein Sprecher der ESA der Deutschen Presse-Agentur. Als Gerst zur ISS aufbrach, hatte er aber ein Puzzle mit dem Logo seiner Blue-Dot-Mission im Gep\u00e4ck. Die einzelnen Teile wolle er nun an seine Kollegen verteilen. \"Um zu zeigen, dass sie alle Teil der Mission waren.\"\n\nMelden Sie sich bitte an um einen Kommentar abzugeben. E-Mail-Adresse oder Benutzername Passwort Registrieren anmelden Passwort vergessen",
                    "date": "2015-02-10",
                    "eventUri": "2393695",
                    "id": "32649045",
                    "isDuplicate": false,
                    "lang": "deu",
                    "sim": 0.9248,
                    "source": {
                        "title": "NWZ Online",
                        "uri": "www.nwzonline.de"
                    },
                    "time": "19:01:00",
                    "title": "Mondlande-Kamera von Neil Armstrong im Schrank entdeckt",
                    "uri": "248315817",
                    "url": "http://www.nwzonline.de/panorama/mondlande-kamera-von-neil-armstrong-im-schrank-entdeckt_a_24,0,242682992.html",
                    "wgt": 1
                },
                {
                    "body": "Eine Frau findet im Schrank die Tasche ihres verstorbenen Mannes, darin eine Kamera und ein paar Kleinteile. Nichts Besonderes? Wenn es sich um die Witwe des ersten Menschen auf dem Mond handelt, dann schon.\n\nNew YorkDer Schatz lag im Schrank, 45 Jahre lang, wohlverwahrt in einem kleinen wei\u00dfen Beutel. Fast ein halbes Jahrhundert nach der Mondlandung ist die Kamera des historischen Ereignisses bei Neil Armstrong im Schrank gefunden worden. Die Witwe des ersten Menschen auf dem Mond habe das Smithsonian-Museum \u00fcber die aufsehenerregende Entdeckung informiert, teilte das Museum am Dienstag in Washington mit.\n\nDie Kamera, mit der Armstrongs \"kleiner Schritt f\u00fcr den Menschen, aber gro\u00dfer Sprung f\u00fcr die Menschheit\" gefilmt worden war, ist bereits Teil einer Ausstellung im Air-and-Space-Museum geworden. Das Museum im Zentrum von Washington ist voll von historischen Ger\u00e4ten und hat im Eingang auch einen Mondstein, den jeder ber\u00fchren darf.\n\nSmithsonian zufolge hatte der 2012 verstorbene Armstrong zu Lebzeiten schon einen Teil seiner pers\u00f6nlichen Gegenst\u00e4nde dem Museum \u00fcberlassen. Doch dann habe seine Witwe Carol im Schrank noch einen kleinen wei\u00dfen Beutel gefunden, einem Kulturbeutel \u00e4hnlich.\n\nEs war eine Tasche, wie sie die Astronauten mit an Bord nahmen, um schnell Kleinteile wegpacken zu k\u00f6nnen. Darin fanden sich Erinnerungsst\u00fccke von der historischen Reise im Juli 1969. Die Kamera, die an der Landef\u00e4hre montiert war, begeisterte die Wissenschaftler am meisten, der Rest aber kaum weniger.\n\nDie wei\u00dfe Tasche h\u00e4tte eigentlich in der Landef\u00e4hre \"Eagle\" verbleiben sollen und w\u00e4re damit jetzt auf dem Mond. Doch Armstrong hatte sie mitgenommen und ordnungsgem\u00e4\u00df \u00fcber Funk \"zehn Pfund diverse Ausr\u00fcstung\" angegeben, damit die Ingenieure mit den zus\u00e4tzlichen 4,5 Kilogramm Gewicht die Flugbahn bei der R\u00fcckkehr zur Erde berechnen konnten.\n\nMit dabei ist ein Haltegurt, mit dem Armstrong seine F\u00fc\u00dfe festband, damit er in der Schwerelosigkeit einigerma\u00dfen ruhen konnte. Die Forscher wussten von all diesen Gegenst\u00e4nden, w\u00e4hnten sie aber auf dem Mond. Jetzt sollen sie nach und nach den Museumsbesuchern zug\u00e4nglich gemacht werden.",
                    "date": "2015-02-10",
                    "eventUri": "2393695",
                    "id": "32670711",
                    "isDuplicate": false,
                    "lang": "deu",
                    "sim": 0.9076,
                    "source": {
                        "title": "Handelsblatt",
                        "uri": "www.handelsblatt.com"
                    },
                    "time": "21:15:00",
                    "title": "Mondlande-Kamera und mehr: Was Neil Armstrong im Schrank lie\u00df",
                    "uri": "248400074",
                    "url": "http://www.handelsblatt.com/technik/forschung-innovation/mondlande-kamera-und-mehr-was-neil-armstrong-im-schrank-liess/11353346.html",
                    "wgt": 1
                },
                {
                    "body": "Der Traum eines jeden Museumsdirektors: Eine Frau findet im Schrank die Tasche ihres verstorbenen Mannes. Darin ein paar Kleinteile. Nichts besonderes? Wenn es die Witwe von Neil Armstrong ist, schon.\n\nDer Schatz lag im Schrank, 45 Jahre, in einem kleinen wei\u00dfen Beutel. Fast ein halbes Jahrhundert nach der Mondlandung ist die Kamera des historischen Ereignisses bei Neil Armstrong im Schrank gefunden worden. Die Witwe des 2012 verstorbenen ersten Menschen auf dem Mond habe das Smithsonian-Museum \u00fcber die aufsehenerregende Entdeckung informiert, teilte das Museum am Dienstag in Washington mit.\n\nDie Kamera, mit der Armstrongs \"kleiner Schritt f\u00fcr den Menschen, aber gro\u00dfer Sprung f\u00fcr die Menschheit\" gefilmt worden war, ist bereits Teil einer Ausstellung im Air-and-Space-Museum geworden. Das Museum im Zentrum von Washington ist voll von historischen Ger\u00e4ten und hat im Eingang auch einen Mondstein, den jeder ber\u00fchren darf.\n\nDie Kamera d\u00fcrfte wie andere Raumfahrtrequisiten viel wert sein. So wurde beispielsweise die erste Hasselblad auf dem Mond im M\u00e4rz 2014 zum Rekordpreis versteigert, sp\u00e4ter stand eine weitere raumfahrterprobte Hasselblad zum Verkauf:\n\nDem Smithsonian zufolge hatte Armstrong schon einen Teil seiner pers\u00f6nlichen Gegenst\u00e4nde dem Museum \u00fcberlassen. Doch dann habe seine Witwe Carol im Schrank noch einen kleinen wei\u00dfen Beutel gefunden, einer Waschtasche \u00e4hnlich. Es war eine Tasche, wie sie die Astronauten mit an Bord nahmen, um schnell Kleinteile wegpacken zu k\u00f6nnen. Darin fanden sich Erinnerungsst\u00fccke von der historischen Reise im Juli 1969. Die Kamera, die an der Landef\u00e4hre montiert war, begeisterte die Wissenschaftler am meisten, der Rest aber kaum weniger.\n\nDie wei\u00dfe Tasche h\u00e4tte eigentlich in der Landef\u00e4hre Eagle verbleiben sollen und w\u00e4re damit jetzt auf dem Mond. Doch Armstrong hatte sie mitgenommen und ordnungsgem\u00e4\u00df \u00fcber Funk \"zehn Pfund diverse Ausr\u00fcstung\" angegeben, damit die Ingenieure mit den zus\u00e4tzlichen 4,5 Kilogramm Gewicht die Flugbahn bei der R\u00fcckkehr zur Erde berechnen konnten.\n\nMit dabei ist ein Haltegurt, mit dem Armstrong seine F\u00fc\u00dfe festband, damit er in der Schwerelosigkeit einigerma\u00dfen ruhen konnte. Die Forscher wussten von all diesen Gegenst\u00e4nden - w\u00e4hnten sie aber auf dem Mond. Jetzt sollen sie nach und nach den Museumsbesuchern zug\u00e4nglich gemacht werden.\n\nDer deutsche Astronaut Alexander Gerst, der erst im November von der Raumstation ISS zur\u00fcckkehrte, habe im Gegensatz zu Armstrong nichts aus dem Weltall \"mitgehen lassen\", sagte ein Sprecher der ESA der Deutschen Presse-Agentur. Als Gerst zur ISS aufbrach, hatte er aber ein Puzzle mit dem Logo seiner Blue-Dot-Mission im Gep\u00e4ck. Die einzelnen Teile wolle er nun an seine Kollegen verteilen. \"Um zu zeigen, dass sie alle Teil der Mission waren.\" (Chris Melzer, dpa) / (keh)",
                    "date": "2015-02-10",
                    "eventUri": "2393695",
                    "id": "32630779",
                    "isDuplicate": false,
                    "lang": "deu",
                    "sim": 0.9029,
                    "source": {
                        "title": "heise online",
                        "uri": "www.heise.de"
                    },
                    "time": "17:14:00",
                    "title": "45 Jahre im Schrank: Mondlande-Kamera bei Neil Armstrong entdeckt",
                    "uri": "248236880",
                    "url": "http://www.heise.de/newsticker/meldung/45-Jahre-im-Schrank-Mondlande-Kamera-bei-Neil-Armstrong-entdeckt-2545442.html?wt_mc=rss.ho.beitrag.atom",
                    "wgt": 1
                },
                {
                    "body": "Die Witwe des 2012 gestorbenen ersten Menschen auf dem Mond habe das Smithsonian-Museum \u00fcber die aufsehenerregende Entdeckung informiert, teilte das Museum in Washington mit.\n\nDie Kamera, mit der Armstrongs \"kleiner Schritt f\u00fcr den Menschen, aber gro\u00dfer Sprung f\u00fcr die Menschheit\" gefilmt worden war, ist bereits Teil einer Ausstellung im Air-and-Space-Museum geworden. Das Museum im Zentrum von Washington ist voll von historischen Ger\u00e4ten und hat im Eingang auch einen Mondstein, den jeder ber\u00fchren darf.\n\nSmithsonian zufolge hatte Armstrong schon einen Teil seiner pers\u00f6nlichen Gegenst\u00e4nde dem Museum \u00fcberlassen. Doch dann habe seine Witwe Carol im Schrank noch einen kleinen wei\u00dfen Beutel gefunden, einer Waschtasche \u00e4hnlich. Es war eine Tasche, wie sie die Astronauten mit an Bord nahmen, um schnell Kleinteile wegpacken zu k\u00f6nnen. Darin fanden sich Erinnerungsst\u00fccke von der historischen Reise im Juli 1969. Die Kamera, die an der Landef\u00e4hre montiert war, begeisterte die Wissenschaftler am meisten, der Rest aber kaum weniger.\n\nDie wei\u00dfe Tasche h\u00e4tte eigentlich in der Landef\u00e4hre \"Eagle\" verbleiben sollen und w\u00e4re damit jetzt auf dem Mond. Doch Armstrong hatte sie mitgenommen und ordnungsgem\u00e4\u00df \u00fcber Funk \"zehn Pfund diverse Ausr\u00fcstung\" angegeben, damit die Ingenieure mit den zus\u00e4tzlichen 4,5 Kilogramm Gewicht die Flugbahn bei der R\u00fcckkehr zur Erde berechnen konnten.\n\nMit dabei ist ein Haltegurt, mit dem Armstrong seine F\u00fc\u00dfe festband, damit er in der Schwerelosigkeit einigerma\u00dfen ruhen konnte. Die Forscher wussten von all diesen Gegenst\u00e4nden - w\u00e4hnten sie aber auf dem Mond. Jetzt sollen sie nach und nach den Museumsbesuchern zug\u00e4nglich gemacht werden.\n\nDer deutsche Astronaut Alexander Gerst, der erst im November von der Raumstation ISS zur\u00fcckkehrte, habe nichts aus dem Weltall \"mitgehen lassen\", sagte ein Sprecher der ESA der Deutschen Presse-Agentur. Als Gerst zur ISS aufbrach, hatte er aber ein Puzzle mit dem Logo seiner Blue-Dot-Mission im Gep\u00e4ck. Die einzelnen Teile wolle er nun an seine Kollegen verteilen. \"Um zu zeigen, dass sie alle Teil der Mission waren.\"",
                    "date": "2015-02-10",
                    "eventUri": "2393695",
                    "id": "32640955",
                    "isDuplicate": false,
                    "lang": "deu",
                    "sim": 0.8729,
                    "source": {
                        "title": "Schaumburger Zeitung",
                        "uri": "www.dewezet.de"
                    },
                    "time": "18:17:00",
                    "title": "Mondlande-Kamera von Neil Armstrong im Schrank entdeckt",
                    "uri": "248285242",
                    "url": "http://www.dewezet.de/portal/startseite_Mondlande-Kamera-von-Neil-Armstrong-im-Schrank-entdeckt-_arid%2C683825.html",
                    "wgt": 1
                },
                {
                    "body": "Eine wahrlich unspektakul\u00e4re Szene: Eine Frau findet im Schrank eine Tasche ihres verstorbenen Mannes. Darin ein paar Kleinteile. Unspektakul\u00e4r? Nicht, wenn es sich um die Witwe von Neil Armstrong handelt, die die fast ein halbes Jahrhundert verschollene Mondlandekamera ihres Mannes entdeckt hat.\n\nDie Witwe des 2012 gestorbenen ersten Menschen auf dem Mond habe das Smithsonian-Museum \u00fcber die aufsehenerregende Entdeckung informiert, teilte das Museum am Dienstag in Washington mit.\n\nTeil einer Ausstellung\n\nAssociated Press\n\nDie wiederentdeckte Mondlandekamera von Neil Armstrong\n\nDie Kamera, mit der Armstrongs \"kleiner Schritt f\u00fcr den Menschen, aber gro\u00dfer Sprung f\u00fcr die Menschheit\" gefilmt worden war, ist bereits Teil einer Ausstellung im Air-and-Space-Museum geworden. Das Museum im Zentrum von Washington ist voll von historischen Ger\u00e4ten und hat im Eingang auch einen Mondstein, den jeder ber\u00fchren darf.\n\nKleiner wei\u00dfer Beutel\n\nSmithsonian's National Air and Space Museum\n\nDie wei\u00dfe Tasche, in der die Kamera gefunden wurde.\n\nSmithsonian zufolge hatte Armstrong schon einen Teil seiner pers\u00f6nlichen Gegenst\u00e4nde dem Museum \u00fcberlassen. Doch dann habe seine Witwe Carol im Schrank noch einen kleinen wei\u00dfen Beutel gefunden, einer Toilettentasche \u00e4hnlich. Es war eine Tasche, wie sie die Astronauten mit an Bord nahmen, um schnell Kleinteile wegpacken zu k\u00f6nnen.\n\nDarin fanden sich Erinnerungsst\u00fccke von der historischen Reise im Juli 1969. Die Kamera, die an der Landef\u00e4hre montiert war, begeisterte die Wissenschaftler am meisten, der Rest aber kaum weniger.\n\nSollte auf dem Mond sein\n\nNASA\n\nAuch dieses ber\u00fchmte Foto wurde durch die nun wiederentdeckte Kamera gemacht.\n\nDie wei\u00dfe Tasche h\u00e4tte eigentlich in der Landef\u00e4hre \"Eagle\" verbleiben sollen und w\u00e4re damit jetzt auf dem Mond. Doch Armstrong hatte sie mitgenommen und ordnungsgem\u00e4\u00df \u00fcber Funk \"zehn Pfund diverse Ausr\u00fcstung\" angegeben, damit die Ingenieure mit den zus\u00e4tzlichen 4,5 Kilogramm Gewicht die Flugbahn bei der R\u00fcckkehr zur Erde berechnen konnten.\n\nMit dabei ist ein Haltegurt, mit dem Armstrong seine F\u00fc\u00dfe festband, damit er in der Schwerelosigkeit einigerma\u00dfen ruhen konnte. Die Forscher wussten von all diesen Gegenst\u00e4nden - w\u00e4hnten sie aber auf dem Mond. Jetzt sollen sie nach und nach den Museumsbesuchern zug\u00e4nglich gemacht werden.\n\nscience.ORF.at/dpa\n\nMehr zum Thema:\n\nNeues Starterfeld im Wettlauf zu den Sternen",
                    "date": "2015-02-10",
                    "eventUri": "2393695",
                    "id": "32690434",
                    "isDuplicate": false,
                    "lang": "deu",
                    "sim": 0.8704,
                    "source": {
                        "title": "science.orf.at",
                        "uri": "science.orf.at"
                    },
                    "time": "14:09:00",
                    "title": "Mondlandekamera von Neil Armstrong entdeckt",
                    "uri": "248479962",
                    "url": "http://science.orf.at/stories/1753794/",
                    "wgt": 1
                },
                {
                    "body": "Die Witwe des 2012 gestorbenen ersten Menschen auf dem Mond habe das Smithsonian-Museum \u00fcber die aufsehenerregende Entdeckung informiert, teilte das Museum in Washington mit.\n\nDie Kamera, mit der Armstrongs \u0164kleiner Schritt f\u00fcr den Menschen, aber gro\u00dfer Sprung f\u00fcr die Menschheit\u0165 gefilmt worden war, ist bereits Teil einer Ausstellung im Air-and-Space-Museum geworden. Das Museum im Zentrum von Washington ist voll von historischen Ger\u00e4ten und hat im Eingang auch einen Mondstein, den jeder ber\u00fchren darf.\n\nSmithsonian zufolge hatte Armstrong schon einen Teil seiner pers\u00f6nlichen Gegenst\u00e4nde dem Museum \u00fcberlassen. Doch dann habe seine Witwe Carol im Schrank noch einen kleinen wei\u00dfen Beutel gefunden, einer Waschtasche \u00e4hnlich. Es war eine Tasche, wie sie die Astronauten mit an Bord nahmen, um schnell Kleinteile wegpacken zu k\u00f6nnen. Darin fanden sich Erinnerungsst\u00fccke von der historischen Reise im Juli 1969. Die Kamera, die an der Landef\u00e4hre montiert war, begeisterte die Wissenschaftler am meisten, der Rest aber kaum weniger.\n\nDie wei\u00dfe Tasche h\u00e4tte eigentlich in der Landef\u00e4hre \u0164Eagle\u0165 verbleiben sollen und w\u00e4re damit jetzt auf dem Mond. Doch Armstrong hatte sie mitgenommen und ordnungsgem\u00e4\u00df \u00fcber Funk \u0164zehn Pfund diverse Ausr\u00fcstung\u0165 angegeben, damit die Ingenieure mit den zus\u00e4tzlichen 4,5 Kilogramm Gewicht die Flugbahn bei der R\u00fcckkehr zur Erde berechnen konnten.\n\nMit dabei ist ein Haltegurt, mit dem Armstrong seine F\u00fc\u00dfe festband, damit er in der Schwerelosigkeit einigerma\u00dfen ruhen konnte. Die Forscher wussten von all diesen Gegenst\u00e4nden - w\u00e4hnten sie aber auf dem Mond. Jetzt sollen sie nach und nach den Museumsbesuchern zug\u00e4nglich gemacht werden.\n\nDer deutsche Astronaut Alexander Gerst, der erst im November von der Raumstation ISS zur\u00fcckkehrte, habe nichts aus dem Weltall \u0164mitgehen lassen\u0165, sagte ein Sprecher der ESA der Deutschen Presse-Agentur. Als Gerst zur ISS aufbrach, hatte er aber ein Puzzle mit dem Logo seiner Blue-Dot-Mission im Gep\u00e4ck. Die einzelnen Teile wolle er nun an seine Kollegen verteilen. \u0164Um zu zeigen, dass sie alle Teil der Mission waren.\u0165",
                    "date": "2015-02-10",
                    "eventUri": "2393695",
                    "id": "32629902",
                    "isDuplicate": false,
                    "lang": "deu",
                    "sim": 0.8456,
                    "source": {
                        "title": "Giessener Allgemeine Zeitung",
                        "uri": "www.giessener-allgemeine.de"
                    },
                    "time": "17:10:00",
                    "title": "Mondlande-Kamera von Neil Armstrong im Schrank entdeckt",
                    "uri": "248233540",
                    "url": "http://www.giessener-allgemeine.de/Home/Nachrichten/Aus-aller-Welt/Artikel%2C-Mondlande-Kamera-von-Neil-Armstrong-im-Schrank-entdeckt-_arid%2C551746_regid%2C1_puid%2C1_pageid%2C13.html",
                    "wgt": 1
                },
                {
                    "body": "Fast ein halbes Jahrhundert nach der Mondlandung ist die Kamera des historischen Ereignisses bei Neil Armstrong im Schrank gefunden worden.\n\nDie Witwe des 2012 gestorbenen ersten Menschen auf dem Mond habe das Smithsonian-Museum \u00fcber die aufsehenerregende Entdeckung informiert, teilte das Museum in Washington mit.\n\nSie hatte eine wei\u00dfe Tasche im Schrank gefunden, die voller Artefakte ist, die als verloren galten. Die Kamera, mit der Armstrongs \"kleiner Schritt f\u00fcr den Menschen, aber gro\u00dfer Sprung f\u00fcr die Menschheit\" gefilmt worden war, ist bereits Teil einer Ausstellung im Air-and-Space-Museum in Washington geworden.",
                    "date": "2015-02-10",
                    "eventUri": "2393695",
                    "id": "32659212",
                    "isDuplicate": false,
                    "lang": "deu",
                    "sim": 0.8241,
                    "source": {
                        "title": "Passauer Neue Presse",
                        "uri": "www.pnp.de"
                    },
                    "time": "19:59:00",
                    "title": "Kamera von Mondlandung bei Neil Armstrong im Schrank entdeckt",
                    "uri": "248356628",
                    "url": "http://www.pnp.de/nachrichten/wissenschaft/1584553_Kamera-von-Mondlandung-bei-Neil-Armstrong-im-Schrank-entdeckt.html",
                    "wgt": 1
                },
                {
                    "body": "New York (dpa) - Fast ein halbes Jahrhundert nach der Mondlandung ist die Kamera des historischen Ereignisses bei Neil Armstrong im Schrank gefunden worden.\n\nDie Witwe des 2012 gestorbenen ersten Menschen auf dem Mond habe das Smithsonian-Museum \u00fcber die aufsehenerregende Entdeckung informiert, teilte das Museum in Washington mit. Sie hatte eine wei\u00dfe Tasche im Schrank gefunden, die voller Artefakte ist, die als verloren galten.\n\nDie Kamera, mit der Armstrongs \"kleiner Schritt f\u00fcr den Menschen, aber gro\u00dfer Sprung f\u00fcr die Menschheit\" gefilmt worden war, ist bereits Teil einer Ausstellung im Air-and-Space-Museum in Washington geworden. \u00a9 dpa",
                    "date": "2015-02-10",
                    "eventUri": "2393695",
                    "id": "32589462",
                    "isDuplicate": false,
                    "lang": "deu",
                    "sim": 0.8197,
                    "source": {
                        "title": "WEB.DE",
                        "uri": "web.de"
                    },
                    "time": "12:36:00",
                    "title": "Mondlande-Kamera von Neil Armstrong im Schrank entdeckt",
                    "uri": "248073880",
                    "url": "http://web.de/magazine/unterhaltung/lifestyle/kamera-mondlandung-armstrong-schrank-entdeckt-30435750",
                    "wgt": 1
                },
                {
                    "body": "New York (dpa) - Fast ein halbes Jahrhundert nach der Mondlandung ist die Kamera des historischen Ereignisses bei Neil Armstrong im Schrank gefunden worden.\n\nDie Witwe des 2012 gestorbenen ersten Menschen auf dem Mond habe das Smithsonian-Museum \u00fcber die aufsehenerregende Entdeckung informiert, teilte das Museum in Washington mit.\n\nSie hatte eine wei\u00dfe Tasche im Schrank gefunden, die voller Artefakte ist, die als verloren galten. Die Kamera, mit der Armstrongs \"kleiner Schritt f\u00fcr den Menschen, aber gro\u00dfer Sprung f\u00fcr die Menschheit\" gefilmt worden war, ist bereits Teil einer Ausstellung im Air-and-Space-Museum in Washington geworden. \u00a9 dpa",
                    "date": "2015-02-10",
                    "eventUri": "2393695",
                    "id": "32619860",
                    "isDuplicate": false,
                    "lang": "deu",
                    "sim": 0.8197,
                    "source": {
                        "title": "WEB.DE",
                        "uri": "web.de"
                    },
                    "time": "16:13:00",
                    "title": "Kamera von Mondlandung bei Neil Armstrong im Schrank entdeckt",
                    "uri": "248192620",
                    "url": "http://web.de/magazine/wissen/kamera-mondlandung-neil-armstrong-schrank-entdeckt-30436230",
                    "wgt": 1
                },
                {
                    "body": "Eine unscheinbare Tasche aus dem Haus des verstorbenen ersten Menschen auf dem Mond versetzt die Raumfahrt-Historiker in Euphorie. Die Witwe von Neil Armstrong hat lange vermisste Dinge wiedergefunden.\n\n(dpa) \u22c5 Der Schatz lag im Schrank, 45 Jahre, in einem kleinen weissen Beutel. Fast ein halbes Jahrhundert nach der Mondlandung ist unter anderem eine Kamera des historischen Ereignisses bei Neil Armstrong im Schrank gefunden worden. Die Witwe des 2012 gestorbenen ersten Menschen auf dem Mond habe das Smithsonian-Museum \u00fcber die aufsehenerregende Entdeckung informiert, teilte das Museum am Dienstag in Washington mit.\n\nDie Kamera, die damals aus dem Inneren der Landef\u00e4hre nach aussen filmte, ist bereits Teil einer Ausstellung im Air-and-Space-Museum geworden. Das Museum im Zentrum von Washington ist voll von historischen Ger\u00e4ten und hat im Eingang auch einen Mondstein, den jeder ber\u00fchren darf.\n\nLaut Smithsonian hatte Armstrong schon einen Teil seiner pers\u00f6nlichen Gegenst\u00e4nde dem Museum \u00fcberlassen. Doch dann habe seine Witwe Carol im Schrank noch einen kleinen weissen Beutel gefunden, einem Necessaire \u00e4hnlich. Es war eine Tasche, wie sie die Astronauten mit an Bord nahmen, um schnell Kleinteile wegpacken zu k\u00f6nnen. Darin fanden sich Erinnerungsst\u00fccke von der historischen Reise im Juli 1969. Die Kamera begeisterte die Wissenschafter am meisten. Es handelt sich allerdings nicht um die Kamera, welche die ber\u00fchmten Fernsehbilder von den ersten Schritten auf dem Mond machte; diese war aussen an der F\u00e4hre neben der Leiter montiert gewesen. Zus\u00e4tzlich gab es eine Kamera, die durch ein Fenster aus dem Inneren nach aussen filmte. Diese hatte Armstrong offenbar eingepackt.\n\nDie weisse Tasche h\u00e4tte eigentlich im unteren Teil der Landef\u00e4hre \"Eagle\" verbleiben sollen und w\u00e4re damit jetzt auf dem Mond. Doch Armstrong hatte sie mitgenommen und ordnungsgem\u00e4ss \u00fcber Funk \"zehn Pfund diverse Ausr\u00fcstung\" angegeben, damit die Ingenieure mit den zus\u00e4tzlichen 4,5 Kilogramm Gewicht die Flugbahn bei der R\u00fcckkehr zur Erde berechnen konnten.\n\nMit dabei ist ein Haltegurt, mit dem Armstrong seine F\u00fcsse festband, damit er in der Schwerelosigkeit einigermassen ruhen konnte. Die Forscher wussten von all diesen Gegenst\u00e4nden - w\u00e4hnten sie aber auf dem Mond. Jetzt sollen sie nach und nach den Museumsbesuchern zug\u00e4nglich gemacht werden.",
                    "date": "2015-02-10",
                    "eventUri": "2393695",
                    "id": "32614520",
                    "isDuplicate": false,
                    "lang": "deu",
                    "sim": 0.8163,
                    "source": {
                        "title": "Neue Z\u00fcrcher Zeitung",
                        "uri": "www.nzz.ch"
                    },
                    "time": "15:38:00",
                    "title": "Entdeckung bei Neil Armstrong: Vergessenes Souvenir vom Mond",
                    "uri": "248167942",
                    "url": "http://www.nzz.ch/panorama/unordentlicher-raumfahrt-pionier-1.18480127",
                    "wgt": 1
                },
                {
                    "body": "Fast ein halbes Jahrhundert nach der Mondlandung ist die Kamera des historischen Ereignisses bei Neil Armstrong im Badezimmerkasten gefunden worden.\n\nDie Witwe des 2012 gestorbenen ersten Menschen auf dem Mond habe das Smithsonian-Museum \u00fcber die aufsehenerregende Entdeckung informiert, teilte das Museum heute in Washington mit. Sie hatte eine wei\u00dfe Tasche in der Gr\u00f6\u00dfe eines Kulturbeutels im Kasten gefunden, die voller Gegenst\u00e4nde ist, die als verloren galten.\n\nDie Kamera, mit der Armstrongs \"kleiner Schritt f\u00fcr den Menschen, aber gro\u00dfer Sprung f\u00fcr die Menschheit\" gefilmt wurde, ist bereits Teil einer Ausstellung im Air-and-Space-Museum in Washington.",
                    "date": "2015-02-10",
                    "eventUri": "2393695",
                    "id": "32593598",
                    "isDuplicate": false,
                    "lang": "deu",
                    "sim": 0.7723,
                    "source": {
                        "title": "orf.at",
                        "uri": "orf.at"
                    },
                    "time": "12:13:00",
                    "title": "Mondlandungssouvenirs in Kasten von Armstrong entdeckt",
                    "uri": "248089207",
                    "url": "http://orf.at/stories/2264680/",
                    "wgt": 1
                },
                {
                    "body": "Die Witwe des 2012 gestorbenen ersten Menschen auf dem Mond habe das Smithsonian-Museum \u00fcber die aufsehenerregende Entdeckung informiert, teilte das Museum in Washington mit.\n\nSie hatte eine wei\u00dfe Tasche im Schrank gefunden, die voller Artefakte ist, die als verloren galten. Die Kamera, mit der Armstrongs \"kleiner Schritt f\u00fcr den Menschen, aber gro\u00dfer Sprung f\u00fcr die Menschheit\" gefilmt worden war, ist bereits Teil einer Ausstellung im Air-and-Space-Museum in Washington geworden.",
                    "date": "2015-02-10",
                    "eventUri": "2393695",
                    "id": "32623815",
                    "isDuplicate": false,
                    "lang": "deu",
                    "sim": 0.7303,
                    "source": {
                        "title": "Iserlohner Kreisanzeiger und Zeitung",
                        "uri": "www.derwesten.de"
                    },
                    "time": "16:34:00",
                    "title": "Kamera von Mondlandung bei Neil Armstrong im Schrank entdeckt",
                    "uri": "248205734",
                    "url": "http://www.derwesten.de/panorama/wissenschaft/kamera-von-mondlandung-bei-neil-armstrong-im-schrank-entdeckt-id10331479.html",
                    "wgt": 1
                },
                {
                    "body": "New York Fast ein halbes Jahrhundert nach der Mondlandung ist die Kamera des historischen Ereignisses bei Neil Armstrong im Schrank gefunden worden.\n\nDie Witwe des 2012 gestorbenen ersten Menschen auf dem Mond habe das Smithsonian-Museum \u00fcber die aufsehenerregende Entdeckung informiert, teilte das Museum am Dienstag in Washington mit. Sie hatte eine wei\u00dfe Tasche im Schrank gefunden, die voller Artefakte ist, die als verloren galten.\n\nMelden Sie sich bitte an um einen Kommentar abzugeben. E-Mail-Adresse oder Benutzername Passwort Registrieren anmelden Passwort vergessen",
                    "date": "2015-02-11",
                    "eventUri": "2393695",
                    "id": "32724227",
                    "isDuplicate": false,
                    "lang": "deu",
                    "sim": 0.7095,
                    "source": {
                        "title": "NWZ Online",
                        "uri": "www.nwzonline.de"
                    },
                    "time": "06:14:00",
                    "title": "Armstrongs Kamera wieder entdeckt",
                    "uri": "248623978",
                    "url": "http://www.nwzonline.de/panorama/armstrongs-kamera-wieder-entdeckt_a_24,0,304702261.html",
                    "wgt": 1
                },
                {
                    "body": "Von solchen Sensationen tr\u00e4umen Museumsdirektoren: Monate nach Neil Armstrongs Tod fand seine Witwe eine Tasche mit eigenartigen Objekten, die sie dem Washingtoner \"Air and Space Museum\" vermachte. Wie sich herausstellte, handelt es sich um Souvenirs, die der erste Mann auf dem Mond behalten hatte, statt diese wie gefordert auf dem Erdtrabanten zur\u00fcckzulassen. Das ist nicht die einzige \u00fcberraschende Entdeckung der vergangenen Jahren.",
                    "date": "2015-02-10",
                    "eventUri": "2393695",
                    "id": "32619830",
                    "isDuplicate": false,
                    "lang": "deu",
                    "sim": 0.315,
                    "source": {
                        "title": "WEB.DE",
                        "uri": "web.de"
                    },
                    "time": "16:12:00",
                    "title": "Sensationsfunde: Diese Sch\u00e4tze erstaunen nicht nur Forscher",
                    "uri": "248192610",
                    "url": "http://web.de/magazine/wissen/sensationsfunde-schaetze-erstaunen-forscher-30435420",
                    "wgt": 1
                }
            ]
        },
        "info": {
            "articleCount": 18,
            "averageDate": "2015-02-10",
            "avgCos": 0.8248,
            "categories": [],
            "customDate": false,
            "customLocation": false,
            "eventUri": "2393695",
            "extractedDate": "",
            "extractedDateEnd": "",
            "id": "2351269",
            "lang": "deu",
            "location": {
                "country": {
                    "labelEng": "United States",
                    "lat": 39.76,
                    "long": -98.5,
                    "wikiUri": "http://en.wikipedia.org/wiki/United_States"
                },
                "labelEng": "Washington, D.C.",
                "lat": 38.91706,
                "long": -77.00025,
                "wikiUri": "http://en.wikipedia.org/wiki/Washington,_D.C."
            },
            "storyDate": "2015-02-10",
            "storyDateEnd": "",
            "uri": "deu-91F35961-4212-44F8-8E30-BA33505D3C7D-42600",
            "variance": 0.1598
        }
    },
    "meta": {
        "CCAArticleMatchCount": 0,
        "CCAArticleMatchRatio": 0,
        "CCAAvgCosSim": 0,
        "CCAAvgMatchWgt": 0,
        "_articleUri1": "",
        "_articleUri2": "248288467",
        "_datetime": "2015-02-10 10:00:10",
        "_ruleBasedShouldMerge": false,
        "_storyUri1": "zho-2404D026-6EDC-45DD-B2C6-55FCB446332B-12128",
        "_storyUri2": "deu-91F35961-4212-44F8-8E30-BA33505D3C7D-42600",
        "_username": "admin",
        "artCount1": 0,
        "artCount2": 18,
        "avgCosSimStory1": -1,
        "avgCosSimStory2": 0.8248,
        "categorySim": 0,
        "conceptCosSim": -1,
        "conceptJaccardSim": -1,
        "coreTime1": -1,
        "coreTime2": 132469.3666666667,
        "coreTimeStDev1": -1,
        "coreTimeStDev2": 2.272869643187856,
        "entityCosSim": -1,
        "entityJaccardSim": -1,
        "extractedDateJaccardSim": -1,
        "extractedDatesStory1": 0,
        "extractedDatesStory2": 0,
        "hasSameLocation": -1,
        "keywordCosSim": -1,
        "keywordJaccardSim": -1,
        "lang1": "",
        "lang2": "deu",
        "matchingDateCount": 0,
        "matchingDateRatio": 0,
        "ratioAnnotatedArticlesStory1": 0,
        "ratioAnnotatedArticlesStory2": 1,
        "shouldMerge": false,
        "storyQuality1": 12,
        "storyQuality2": 48,
        "timeAvg1": -1,
        "timeAvg2": 132473.2620370371,
        "timeStDev1": -1,
        "timeStDev2": 3.922579483081684,
        "varianceStory1": -1,
        "varianceStory2": 0.1598
    },
    "zho-2404D026-6EDC-45DD-B2C6-55FCB446332B-12128": {
        "articles": {
            "resultCount": 0,
            "results": []
        },
        "info": {
            "articleCount": 0,
            "averageDate": "",
            "avgCos": -1,
            "categories": [],
            "customDate": false,
            "customLocation": false,
            "eventUri": "2202883",
            "extractedDate": "",
            "extractedDateEnd": "",
            "id": "2202883",
            "lang": "",
            "storyDate": "",
            "storyDateEnd": "",
            "uri": "zho-2404D026-6EDC-45DD-B2C6-55FCB446332B-12128",
            "variance": -1
        }
    }
}