{
    "850f305d-14db-4c75-b547-79470a557ea3-1059621": {
        "articles": {
            "resultCount": 7,
            "results": [
                {
                    "body": "Katie Rimmer, 33, tragically passed away yesterday, a post-mortem revealed she died as a result of blunt force trauma to the head consistent with a fall\n\nA family has been left devastated after the sudden death of a mother of two young children, who was found inside her home with serious head injuries.\n\nKatie Rimmer, formerly Wareing, lived on Bretton Fold in Meols Cop with her daughter Chloe, 12, son Ryan, seven, and husband of just two months, Shaun.\n\nThe 33-year-old died on Tuesday at Royal Preston Hospital surrounded by loved ones after being admitted on Sunday in a critical condition by air ambulance.\n\nMerseyside Police said they were called at approximately 2.40pm on Sunday to the property and confirmed they are currently questioning a 49-year-old man in relation to her death who was initially arrested on suspicion of assault.\n\nA post-mortem carried out today (Wednesday) found Katie died as a result of blunt force trauma to the head consistent with a fall.\n\nMembers of Katie's family have since paid tribute to her, saying: \"It is such a tragic loss of a much loved mum, daughter, sister, auntie and friend, taken far too soon will always be remembered never forgotten. Rest in peace.\"\n\nTerry Southwood said his nickname for Katie was \"my bestie.\"\n\nHe said: \"We were best mates, all of us had been at The Vincent watching a Lionel Richie tribute act.\n\n\"She was lovely, fun, and you could always have a laugh with her, she had time for everyone. She was a great mate.\n\n\"I dropped her at home at about 1am and the last thing I said was 'get yourself to sleep, I will see you in the morning for Taekwondo', as our sons were going for their yellow bands on their white belts.\"\n\nClaire Carter, who says she has known her for a long time, said: \"I would just like to say RIP Katie, such a tragic loss of life, you had so much more to live for, you will continue to live on in your two beautiful children.\"\n\nSheryl Flint, owner of the Sparkles n Studs boutique on Eastbank Street in Southport said: \"Katie was a customer of mine and a really nice girl. She always walked in with a smile on her face. The last time I saw her she was all excited about getting married.\n\n\"I am really saddened and shocked to hear about her death.\"\n\nFriends of the family are now asking the Southport community to rally and try and create some form of Christmas for her devastated children.\n\nRachel Pedder, who is one of those behind the campaign, said: \"She did not have a chance to go shopping for Christmas presents.\n\n\"The kids are devastated by it all, they were really close to her. She was such a good mum, very lovely and outgoing.\n\n\"Katie was very smiley and popular, her death has really hit the community hard.\n\n\"The news has knocked everyone for six, especially other mums who have children themselves, you just can't think of anything worse.\"\n\nRachel said they are looking to try and take the pressure off the family in the lead-up to Christmas by asking those who can help to donate anything at all, from toys, to clothes, food hampers, money for bigger presents or even vouchers.\n\nShe said: \"With the time of the year it is heartbreaking for all of them, especially the kids - we just want to give them some sort of Christmas the best way we can.\"\n\nIf you would like to help, items can be left at the Visiter office on Tulketh Street in Southport town centre, Cottage Beauty Clinic, on Rufford Road in Crossens and Root 66 hairdressers, on Old Park Lane, High Park.\n\nPolice are currently investigating and enquiries are ongoing.\n\nAnyone who has any information about the incident is asked to call Sefton CID on 0151 777 3082, or Crimestoppers, anonymously, on 0800 555 111.",
                    "date": "2014-12-03",
                    "eventUri": "1835376",
                    "id": "26990287",
                    "isDuplicate": false,
                    "lang": "eng",
                    "sim": 0.683,
                    "source": {
                        "title": "southportvisiter",
                        "uri": "www.southportvisiter.co.uk"
                    },
                    "time": "16:17:00",
                    "title": "Mum of two dies after being found inside her home with serious head injuries - leaving her family devastated",
                    "uri": "231216533",
                    "url": "http://www.southportvisiter.co.uk/news/southport-news/mum-two-dies-after-being-8221896",
                    "wgt": 1
                },
                {
                    "body": "Man arrested after mother of two was found in her home, while family pay tributes to 'much loved mum, daughter, sister, auntie and friend'\n\nA family has been left devastated after the sudden death of a mother of two young children, who was found inside her home with serious head injuries.\n\nKatie Rimmer, formerly Wareing, lived on Bretton Fold in Meols Cop with her daughter Chloe, 12, son Ryan, seven, and husband of just two months, Shaun.\n\nThe 33-year-old died on Tuesday at Royal Preston Hospital surrounded by loved ones after being admitted on Sunday in a critical condition by air ambulance.\n\nMerseyside Police said they were called at approximately 2.40pm on Sunday to the property and confirmed they are currently questioning a 49-year-old man in relation to her death who was initially arrested on suspicion of assault.\n\nA post-mortem carried out today found Katie died as a result of blunt force trauma to the head consistent with a fall.\n\nMembers of Katie's family have since paid tribute to her, saying: \"It is such a tragic loss of a much loved mum, daughter, sister, auntie and friend, taken far too soon will always be remembered never forgotten. Rest in peace.\"\n\nTerry Southwood said his nickname for Katie was \"my bestie.\"\n\nHe said: \"We were best mates, all of us had been at The Vincent watching a Lionel Richie tribute act.\n\n\"She was lovely, fun, and you could always have a laugh with her, she had time for everyone. She was a great mate.\n\n\"I dropped her at home at about 1am and the last thing I said was 'get yourself to sleep, I will see you in the morning for Taekwondo', as our sons were going for their yellow bands on their white belts.\"\n\nClaire Carter, who says she has known her for a long time, said: \"I would just like to say RIP Katie, such a tragic loss of life, you had so much more to live for, you will continue to live on in your two beautiful children.\"\n\nSheryl Flint, owner of the Sparkles n Studs boutique on Eastbank Street in Southport said: \"Katie was a customer of mine and a really nice girl. She always walked in with a smile on her face. The last time I saw her she was all excited about getting married.\n\n\"I am really saddened and shocked to hear about her death.\"\n\nFriends of the family are now asking the Southport community to rally and try and create some form of Christmas for her devastated children.\n\nRachel Pedder, who is one of those behind the campaign, said: \"She did not have a chance to go shopping for Christmas presents.\n\n\"The kids are devastated by it all, they were really close to her. She was such a good mum, very lovely and outgoing.\n\n\"Katie was very smiley and popular, her death has really hit the community hard.\n\n\"The news has knocked everyone for six, especially other mums who have children themselves, you just can't think of anything worse.\"\n\nRachel said they are looking to try and take the pressure off the family in the lead-up to Christmas by asking those who can help to donate anything at all, from toys, to clothes, food hampers, money for bigger presents or even vouchers.\n\nShe said: \"With the time of the year it is heartbreaking for all of them, especially the kids - we just want to give them some sort of Christmas the best way we can.\"\n\nIf you would like to help, items can be left at the Visiter office on Tulketh Street in Southport town centre, Cottage Beauty Clinic, on Rufford Road in Crossens and Root 66 hairdressers, on Old Park Lane, High Park.\n\nPolice are currently investigating and enquiries are ongoing.\n\nAnyone who has any information about the incident is asked to call Sefton CID on 0151 777 3082 , or Crimestoppers, anonymously, on 0800 555 111 .",
                    "date": "2014-12-03",
                    "eventUri": "1835376",
                    "id": "26996740",
                    "isDuplicate": false,
                    "lang": "eng",
                    "sim": 0.6726,
                    "source": {
                        "title": "liverpoolecho",
                        "uri": "www.liverpoolecho.co.uk"
                    },
                    "time": "17:20:00",
                    "title": "Merseyside mum Katie Rimmer dies from severe head injuries",
                    "uri": "231232366",
                    "url": "http://www.liverpoolecho.co.uk/news/liverpool-news/merseyside-mum-katie-rimmer-dies-8222368",
                    "wgt": 1
                },
                {
                    "body": "Los Angeles - Tom Cruise is studying to be \"co-leader\" of Scientology.\n\nThe 52-year-old actor has long been a prominent member of the sci-fi cult and has been working hard to reach the next level of leadership in the religion that will bring him to the same level as his best friend, leader David Miscavige.\n\nA source said: \"He's been wearing his Freedom Medal of Valour (awarded for services to Scientology) and went to a special ceremony in his honour in London last month.\n\n\"He's been studying to become an Operating Thetan level VIII which is the highest rung of the ladder in Scientology.\n\n\"Once Tom has confirmed to have reached that status, he will be on the same level as Miscavige and basically co-leader of the whole religion.\"\n\nSince splitting from wife Katie Holmes - the mother of his eight-year-old daughter Suri - in 2012, the Mission: Impossible star is said to have turned his home into a \"Scientology retreat\".\n\nThe source told Grazia magazine: \"Since Katie left, he has turned his house into a Scientology retreat.\n\n\"There are Scientology symbols in the windows and it features the religion's trademark light-blue colour scheme.\n\n\"He lives there with his sister Cass, her two sons Liam and Aiden and her third husband Greg Capazorio, who is head of Criminon, Scientology's programme for rehabilitating convicted criminals.\"",
                    "date": "2014-12-04",
                    "eventUri": "1835376",
                    "id": "27045683",
                    "isDuplicate": false,
                    "lang": "eng",
                    "sim": 0.6099,
                    "source": {
                        "title": "Channel",
                        "uri": "www.channel24.co.za"
                    },
                    "time": "04:07:00",
                    "title": "Channel24.co.za | Tom Cruise is studying to become a co-leader of his sci-fi cult religion",
                    "uri": "231352461",
                    "url": "http://www.channel24.co.za/Gossip/News/Tom-Cruise-is-studying-to-become-a-co-leader-of-his-sci-fi-cult-religion-20141204",
                    "wgt": 1
                },
                {
                    "body": "Tom Cruise has reportedly been studying hard in an attempt to become a ''co-leader'' of Scientology.\n\nTom Cruise is studying to be ''co-leader'' of Scientology.\n\nThe 52-year-old actor has long been a prominent member of the sci-fi cult and has been working hard to reach the next level of leadership in the religion that will bring him to the same level as his best friend, leader David Miscavige.\n\nA source said: ''He's been wearing his Freedom Medal of Valour [awarded for services to Scientology] and went to a special ceremony in his honour in London last month.\n\n''He's been studying to become an Operating Thetan level VIII which is the highest rung of the ladder in Scientology.\n\n''Once Tom has confirmed to have reached that status, he will be on the same level as Miscavige and basically co-leader of the whole religion.''\n\nSince splitting from wife Katie Holmes - the mother of his eight-year-old daughter Suri - in 2012, the 'Mission: Impossible' star is said to have turned his home into a ''Scientology retreat''.\n\nThe source told Grazia magazine: ''Since Katie left, he has turned his house into a Scientology retreat.\n\n''There are Scientology symbols in the windows and it features the religion's trademark light-blue colour scheme.\n\n''He lives there with his sister Cass, her two sons Liam and Aiden and her third husband Greg Capazorio, who is head of Criminon, Scientology's programme for rehabilitating convicted criminals.''",
                    "date": "2014-12-02",
                    "eventUri": "1835376",
                    "id": "26875438",
                    "isDuplicate": false,
                    "lang": "eng",
                    "sim": 0.5996,
                    "source": {
                        "title": "Contactmusic.com",
                        "uri": "hub.contactmusic.com"
                    },
                    "time": "16:12:00",
                    "title": "Tom Cruise studying Scientology co-leadership",
                    "uri": "230923465",
                    "url": "http://hub.contactmusic.com/story/tom-cruise-studying-scientology-co-leadership_4487863",
                    "wgt": 1
                },
                {
                    "body": "Mollie: <It has become a very popular holiday tradition here in Des Moines the Holly and Ivy Home tour sponsored by the Salisbury House and it is this coming Friday, Saturday and Sunday. Katie Wengert with the Salisbury house is joining me now with this years list of open houses and lots more for all ages, Katie thanks so much for coming in. < <Katie Wengert: Thanks for having me. Mollie: <18th Annual, tell us about the Holly and Ivy tour. < <Katie Wengert: Sure. Its become a holiday tradition but we usually have a different assortment of homes on the tour this year Salisbury house of course which every room has been professionally decorated by different interior decorators or home furnishing stores, it looks stunning and then the Rollins Mansion which was built by the same architect as the architect that designed the Salisbury house that's on the tour, the Chamberlain Estate who are relatives of Carl Weeks who built Salisbury house that's on the tour. And then private residence of Steve and Kathy Lacy and he is the CEO of Meredith so their home has been decorated by Better Homes and Gardens, Midwest Living and Traditional Home. Mollie: <Wonder if that'll show up in a magazine, here in the the future, what do you think? < <Katie Wengert: Possibly. Mollie: <That sounds great. So it starts on Friday and you've got so many other activities in addition to the tours which you can do on your own time, is that right? < <Katie Wengert: Right. So the tour is at your own pace, so you can spend as much time at each of the homes you'd like you can then drive to the next home, its from 10-5 Friday, Saturday and Sunday. Throughout the weekend there's live music in the common room, Santa Claus will be there Saturday and Sunday from 11 to 3, we've got a cookie sale and then we've got ginger bread workshops and chocolate lollipop workshops going on Saturday and Sunday as well. Mollie: <How is the money...Now tickets are what 20? < <Katie Wengert: Tickets are 20 dollars there six dollars for children. Mollie: <And how is the money used? < <Katie Wengert: It goes to support the ongoing operating costs of maintaining 28,000 square foot historic house. Mollie: <Tell us about the Salisbury house for some people who may not be familiar with its background. < <Katie Wengert: Sure. The house was built from 1923 to 1928 by by a gentleman named Carl Weeks, Carl Weeks was in the cosmetics industry and developed foundation make-up. So, all the women in the world are grateful to Carl Weeks. Mollie: <Hehe yes, yes. < <Katie Wengert: So that's how he amassed his fortune, is...his company was called Armand Cosmetics. So the house was built over the course of five years it was a family home for their four boys, they lived their until 1953. And all of the original collections, furnishings are still in tact. There were a lot of transitions through the years, but the Iowa State Education Association held on to the collections even while these...that property ...the use of property for their offices from 1953 until 1999. Mollie: <I could live in that library, on a snowy day, perfect place to be. How do we get tickets? And again its this Friday, Saturday and Sunday. < <Katie Wengert: It is this weekend, you can buy tickets in advance at salisburyhouse.or g or you can buy tickets at the door we'll have tickets for sale in our gift shop which is on the north end of the property, we'll have golf carts shuttling people up and down the driveway. We're grateful the weather appears to be cooperating, so it won't be icy, but its going to be great event the house looks spectacular the designers just outdid themselves this year, and its always fun to see the holiday decorations all over the houses, it'll be a great event Mollie: <That's great and Central Presbyterian also has a holiday market. < <Katie Wengert: Correct. That is just on Friday and Saturday and their hours are a little bit longer than the tour hours. Mollie: <Alright Katie thanks so much for coming in today, again its always a tradition not to be missed. < <Katie Wengert: Thanks for having me. Mollie: <You bet, we're back with more right after this.",
                    "date": "2014-12-03",
                    "eventUri": "1835376",
                    "id": "27005650",
                    "isDuplicate": false,
                    "lang": "eng",
                    "sim": 0.4801,
                    "source": {
                        "title": "KCCI",
                        "uri": "www.kcci.com"
                    },
                    "time": "18:48:00",
                    "title": "Preview of Holiday Home Tour",
                    "uri": "231254160",
                    "url": "http://www.kcci.com/news/preview-of-holiday-home-tour/30039816?absolute=true",
                    "wgt": 1
                },
                {
                    "body": "She just had breast reduction surgery in Belgium last week.\n\nAnd it seems Katie Price was keen to keep her new bosom under wraps a bit longer as she covered up her chest at the launch of her new fragrance, Kissable Fierce.\n\nHowever the former glamour model ensured that the launch stood out in a different way as she posed inside a ring of fire at The Worx studios in London on Wednesday.\n\nScroll down for video\n\nIn the dress rehearsal for the launch, the model nearly proved to be too hot to handle as an insider revealed that she almost set her attire on fire.\n\nBut thankfully, the mother-of-five managed to launch her new perfume without any disaster.\n\nSpeaking from the launch, Katie said: 'I loved this photocall! I always try and raise the bar with them - I haven't used fire before. Usually I'm complaining that I'm cold but today it was boiling!\n\n'In the dress rehearsal early I nearly set my outfit on fire! Always a drama haha.'\n\nThe 36-year-old showed off her incredible post-pregnancy figure in the tight black bodysuit which featured pink kisses all over it and was also on the matching gloves.\n\nA giant pink pout with the word 'Kissable' emblazoned upon it was the clever way in which she kept her chest covered for the occasion.\n\nShe added: 'I have been working on developing this evening perfume for the last year and can't wait to see what my fans think - personally it's one of my favourites.'\n\nAnnouncing in October that she would have her seventh cosmetic surgery procedure on her breasts, Katie explained how she'd been happiest with the 32DD pair that she had three months before meeting husband Kieran.\n\nSince then, the brunette beauty has had two children and explained that they needed correcting to make them pert again.\n\nBut Katie - who has boosted her boobs from a natural size 32B to as big as a 32FF in the past - hasn't let go of her past enhanced shapes that easily, recently admitting that she'd kept her implants from previous procedures and has joked that she may sell them for charity.\n\n'We should sell these implants for charity,' she told The Sun in October. 'I've got more pairs in the safe. You could have these very breasts right from inside me in a few weeks.'\n\nMarking another step towards her fresh start, Katie posted her new motto beside a picture of the implants, saying: 'Like I've been saying out with the old in with the new ;)'\n\nThe model, who now has five children, has recently sold her Sussex house to start a fresh with her husband Kieran.\n\nShe took her husband back after giving birth to their second child together, Bunny Hayler, but it still haunted by the revelation that he slept with her best friends Jane Pountney and Chrissy Thomas.",
                    "date": "2014-12-03",
                    "eventUri": "1835376",
                    "id": "26996970",
                    "isDuplicate": false,
                    "lang": "eng",
                    "sim": 0.4355,
                    "source": {
                        "title": "Mail Online",
                        "uri": "www.dailymail.co.uk"
                    },
                    "time": "17:23:00",
                    "title": "Katie Price covers up her newly-reduced cleavage under black latex lips costume as she 'nearly sets her outfit on fire' at perfume launch",
                    "uri": "231232924",
                    "url": "http://www.dailymail.co.uk/tvshowbiz/article-2859290/Katie-Price-nearly-sets-outfit-fire-dons-black-latex-bodysuit-launch-new-fragrance.html?ITO=1490&ns_mchannel=rss&ns_campaign=1490",
                    "wgt": 1
                },
                {
                    "body": "The prize winners of the GoGoDragons! competition with their miniature cuddly dragons. Picture: DENISE BRADLEY\n\nSome extra special youngsters have been having great fun meeting their fiery new friends.\n\nFrom youngsters who have shown great courage in facing illness to school pupils who have really inspired their teacher - our competition to find and reward some really deserving youngsters highlighted some truly amazing young people.\n\nTheir stories really touched the hearts of our judges and today they received their prizes of limited edition GoGoDragons! soft toys which have been created to celebrate next year's GoGoDragons! trail through Norwich.\n\nThe charity art trail will see an array of decorated mythological beasts dotted around the city - including a St George themed-dragon outside the Evening News head office - and to build excitement for next year's event a GoGoDragons! shop opened in Norwich's Castle Mall yesterday where our competition winners were given their very own dragons.\n\nOur competition winners included Katie Watson, Rebekah Hughes and her twin brother Henry, Noah Beschorner-Barker and his brother Zakk, and the Deer class at Great Hockham Primary School and Nursery.\n\nEvening News and EDP editor Nigel Pickover said: \"All these young people are real stars and a true inspiration to us all for many different reasons. We are delighted to give them all their own GoGoDragons!\"\n\nBBC Look East presenter Susie Fowler-Watt opened the new shop which sells a range of dragon-related merchandise, including the cuddly GoGoDragons!.\n\nAt the shop people will also be able to watch artists painting dragon sculptures and there are also craft activities for children.\n\nNext summer's trail, organised by children's charity Break and Wild in Art, will see about 80 adult-sized dragon sculptures weave a trail through Norwich. Meanwhile, schools are making baby dragons for a second citywide trail.\n\n* The GoGoDragons! shop is located near Argos in Norwich's Castle Mall. In the run up to Christmas it will be open Wednesdays to Sundays from 12pm each day. Closing times will vary depending on the day.\n\n* Visit www.gogodragons.co.uk and follow @GoGoDragons2015 on Twitter.\n\nTen-year-old Katie Watson, from North Walsham, was nominated for a dragon by family friend Sue Jay who described her as a very caring and determined young lady.\n\nKatie has cerebral palsy and uses a wheelchair, but Sue said Katie was determined not to let her condition hold her back.\n\n\"When she was born her mum and dad were told she would not be able to stand, walk, hold anything or communicate. Well she has very much, with her determination, proved that wrong,\" she said.\n\n\"Katie can stand and walk a few steps, can hold a drink carton and can communicate. She is a very determined young lady. She is also very caring and practical. She loves all the latest pop stars and music. She is a Girl Guide and participates in school activities when she can.\"\n\nThree-year-old Noah Beschorner-Barker and his seven-year-old brother Zakk were both nominated for a GoGoDragon! by their mum Vicky.\n\nNoah was diagnosed with acute myeloid leukaemia in February, and Vicky said her young son showed great bravery in coping with his gruelling treatment which has included spending six months at Addenbrooke's Hospital and receiving intensive high dose chemotherapy. He also endured painful operations and invasive procedures, and suffered severe allergic reactions, pneumonia, swine flu, anaemia and bleeding due to low platelets.\n\nVicky, from Norwich, said: \"He got through all this with great bravery and almost always had a smile on his face. He is my hero.\"\n\nShe also said she was really proud of Noah's big brother Zakk for how he has dealt with the situation and how he has shown immense love and kindness to Noah.\n\nNine-year-old Rebekah Hughes, from Aylsham, and her twin brother Henry both received a GoGoDragon! after Rebekah was nominated by Amanda Walker.\n\nRebekah has Dravet Syndrome, a rare and life-limiting form of epilepsy which affects just one person in 40,000.\n\nAmanda said Rebekah was a real star for the way she copes with her condition.\n\n\"I've known Rebekah since she was born. She has always been smiley, chatty, a happy young girl who struggles daily. Rebekah is an inspiration to us all,\" she said.\n\nDEER CLASS AT GREAT HOCKHAM PRIMARY SCHOOL AND NURSERY\n\nThe Deer class at Great Hockham Primary School and Nursery were nominated for a GoGoDragon! by their teacher Rachael Garrod. \"Every day they inspire me with their enthusiasm, their wit, the effort they put into their work, and their kindness to others,\" she said.\n\n\"They are polite and helpful to those around them. These children are wonderful to work with and make my working day such fun.\"\n\nThere are 24 pupils aged nine to 11 in Deer class, and six of them came to collect their new dragon class mascot yesterday - Freddy Strange, 10, Jay Osborne, 10, Linus Dobbin, nine, Amelia Golden, 10, Ellie Holden, nine and Faith Muggridge, 10.",
                    "date": "2014-12-03",
                    "eventUri": "1835376",
                    "id": "27010387",
                    "isDuplicate": false,
                    "lang": "eng",
                    "sim": 0.3835,
                    "source": {
                        "title": "Eastern Daily Press",
                        "uri": "www.edp24.co.uk"
                    },
                    "time": "19:49:00",
                    "title": "Extra special Norfolk youngsters meet their fiery new friends",
                    "uri": "231266575",
                    "url": "http://www.edp24.co.uk/news/extra_special_norfolk_youngsters_meet_their_fiery_new_friends_1_3872984",
                    "wgt": 1
                }
            ]
        },
        "info": {
            "articleCount": 7,
            "averageDate": "2014-12-03",
            "avgCos": 0.3904,
            "categories": [],
            "customDate": false,
            "customLocation": false,
            "eventUri": "1835376",
            "extractedDate": "",
            "extractedDateEnd": "",
            "id": "1835376",
            "lang": "eng",
            "storyDate": "2014-12-03",
            "storyDateEnd": "",
            "uri": "850f305d-14db-4c75-b547-79470a557ea3-1059621",
            "variance": 0.3476
        }
    },
    "e7e700df-6a06-44ea-a4f3-f736278fc36b-370513": {
        "articles": {
            "resultCount": 11,
            "results": [
                {
                    "body": "Los \u00c1ngeles (EE.UU.). La actriz Scarlett Johansson y su pareja, el franc\u00e9s Romain Dauriac, contrajeron matrimonio en secreto el pasado 1 de octubre en una localidad remota de Montana, inform\u00f3 hoy la web especializada People. As\u00ed lo confirm\u00f3 la publicaci\u00f3n a trav\u00e9s de un secretario del juzgado de Granite County, quien detall\u00f3 que la boda tuvo lugar en Philipsburg (Montana).\n\nLa celebraci\u00f3n tuvo lugar apenas un mes despu\u00e9s del nacimiento de su hija, Rose Dorothy, en Nueva York. Johansson y Dauriac son pareja desde 2012 y llevaban comprometidos m\u00e1s un a\u00f1o.\n\nAnteriormente la actriz fue vinculada sentimentalmente con Jared Leto, Sean Penn y Josh Harnett y se cas\u00f3 con el tambi\u00e9n actor Ryan Reynolds. Aquel discreto enlace tuvo lugar en septiembre de 2008, en Canad\u00e1, y termin\u00f3 en divorcio en julio de 2011.\n\nLa confirmaci\u00f3n de la boda llega unas semanas despu\u00e9s de que los rumores comenzaran a propagarse por los medios, cuando Johansson fue vista con una alianza en un evento ben\u00e9fico para las v\u00edctimas del hurac\u00e1n \"Sandy\".\n\n\"Mantuvieron la boda como un gran secreto porque quer\u00edan privacidad\", dijo una fuente al diario New York Post.",
                    "date": "2014-12-02",
                    "eventUri": "1947230",
                    "id": "26900115",
                    "isDuplicate": false,
                    "lang": "spa",
                    "sim": 0.9709,
                    "source": {
                        "title": "hoy.com.do",
                        "uri": "hoy.com.do"
                    },
                    "time": "20:16:00",
                    "title": "Scarlett Johansson contracted marriage in secret",
                    "uri": "230983008",
                    "url": "http://hoy.com.do/scarlett-johansson-contrajo-matrimonio-en-secreto/",
                    "wgt": 1
                },
                {
                    "body": "La actriz Scarlett Johansson y su pareja, el franc\u00e9s Romain Dauriac, contrajeron matrimonio en secreto el pasado 1 de octubre en una localidad remota de Montana, inform\u00f3 este martes la web especializada People.\n\nAs\u00ed lo confirm\u00f3 la publicaci\u00f3n a trav\u00e9s de un secretario del juzgado de Granite County, quien detall\u00f3 que la boda tuvo lugar en Philipsburg (Montana).\n\nLa celebraci\u00f3n tuvo lugar apenas un mes despu\u00e9s del nacimiento de su hijaLa celebraci\u00f3n tuvo lugar apenas un mes despu\u00e9s del nacimiento de su hija, Rose Dorothy, en Nueva York.\n\nJohansson y Dauriac son pareja desde 2012 y llevaban prometidos m\u00e1s un a\u00f1o. Anteriormente la actriz fue vinculada sentimentalmente con Jared Leto, Sean Penn y Josh Harnett y se cas\u00f3 con el tambi\u00e9n actor Ryan Reynolds.\n\nAquel discreto enlace tuvo lugar en septiembre de 2008, en Canad\u00e1, y termin\u00f3 en divorcio en julio de 2011.\n\nLa confirmaci\u00f3n de la boda llega unas semanas despu\u00e9s de que los rumores comenzaran a propagarse por los medios cuando Johansson fue vista con una alianza en un evento ben\u00e9fico para las v\u00edctimas del hurac\u00e1n \"Sandy\".\n\n\"Mantuvieron la boda como un gran secreto porque quer\u00edan privacidad\", dijo una fuente al diario New York Post",
                    "date": "2014-12-03",
                    "eventUri": "1947230",
                    "id": "26952161",
                    "isDuplicate": false,
                    "lang": "spa",
                    "sim": 0.9641,
                    "source": {
                        "title": "20minutos.es - \u00daltimas Noticias",
                        "uri": "www.20minutos.es"
                    },
                    "time": "03:16:00",
                    "title": "Scarlett Johansson se casa en secreto con el padre de su hija, el franc\u00e9s Romain Dauriac",
                    "uri": "231114520",
                    "url": "http://www.20minutos.es/noticia/2314049/0/scarlett-johansson/boda-secreta/romain-dauriac/",
                    "wgt": 1
                },
                {
                    "body": "La actriz y su pareja, el periodista franc\u00e9s Romain Dauriac, contrajeron matrimonio en secreto en Estados Unidos\n\nEFE / Los \u00c1ngeles La actriz Scarlett Johansson y su pareja, el franc\u00e9s Romain Dauriac, contrajeron matrimonio en secreto el pasado 1 de octubre en una localidad remota de Montana, inform\u00f3 hoy la web especializada People.\n\nAs\u00ed lo confirm\u00f3 la publicaci\u00f3n a trav\u00e9s de un secretario del juzgado de Granite County, quien detall\u00f3 que la boda tuvo lugar en Philipsburg (Montana).\n\nLa celebraci\u00f3n tuvo lugar apenas un mes despu\u00e9s del nacimiento de su hija, Rose Dorothy, en Nueva York.\n\nJohansson y Dauriac son pareja desde 2012 y llevaban prometidos m\u00e1s un a\u00f1o. Anteriormente la actriz fue vinculada sentimentalmente con Jared Leto, Sean Penn y Josh Harnett y se cas\u00f3 con el tambi\u00e9n actor Ryan Reynolds.\n\nAquel discreto enlace tuvo lugar en septiembre de 2008, en Canad\u00e1, y termin\u00f3 en divorcio en julio de 2011.\n\nLa confirmaci\u00f3n de la boda llega unas semanas despu\u00e9s de que los rumores comenzaran a propagarse por los medios cuando Johansson fue vista con una alianza en un evento ben\u00e9fico para las v\u00edctimas del hurac\u00e1n \"Sandy\".\n\n\"Mantuvieron la boda como un gran secreto porque quer\u00edan privacidad\", dijo una fuente al diario New York Post.",
                    "date": "2014-12-02",
                    "eventUri": "1947230",
                    "id": "26900017",
                    "isDuplicate": false,
                    "lang": "spa",
                    "sim": 0.9526,
                    "source": {
                        "title": "www.levante-emv.com",
                        "uri": "www.levante-emv.com"
                    },
                    "time": "20:15:00",
                    "title": "Scarlett Johansson se casa",
                    "uri": "230982755",
                    "url": "http://www.levante-emv.com/vida-y-estilo/gente/2014/12/02/scarlett-johansson-casa/1196153.html?utm_medium=rss",
                    "wgt": 1
                },
                {
                    "body": "La pareja contrajo matrimonio en secreto el pasado 1 de octubre en una localidad remota de Montana, inform\u00f3 la web especializada People.\n\nLa actriz Scarlett Johansson y su pareja, el franc\u00e9s Romain Dauriac, contrajeron matrimonio en secreto el pasado 1 de octubre en una localidad remota de Montana, inform\u00f3 hoy la web especializada People.\n\nAs\u00ed lo confirm\u00f3 la publicaci\u00f3n a trav\u00e9s de un secretario del juzgado de Granite County, quien detall\u00f3 que la boda tuvo lugar en Philipsburg (Montana).\n\nLa celebraci\u00f3n tuvo lugar apenas un mes despu\u00e9s del nacimiento de su hija, Rose Dorothy, en Nueva York.\n\nJohansson y Dauriac son pareja desde 2012 y llevaban comprometidos m\u00e1s un a\u00f1o. Anteriormente la actriz fue vinculada sentimentalmente con Jared Leto, Sean Penn y Josh Harnett y se cas\u00f3 con el tambi\u00e9n actor Ryan Reynolds.\n\nAquel discreto enlace tuvo lugar en septiembre de 2008, en Canad\u00e1, y termin\u00f3 en divorcio en julio de 2011.\n\nLa confirmaci\u00f3n de la boda llega unas semanas despu\u00e9s de que los rumores comenzaran a propagarse por los medios, cuando Johansson fue vista con una alianza en un evento ben\u00e9fico para las v\u00edctimas del hurac\u00e1n \"Sandy\".\n\n\"Mantuvieron la boda como un gran secreto porque quer\u00edan privacidad\", dijo una fuente al diario New York Post. EFE",
                    "date": "2014-12-02",
                    "eventUri": "1947230",
                    "id": "26908642",
                    "isDuplicate": false,
                    "lang": "spa",
                    "sim": 0.9511,
                    "source": {
                        "title": "larepublica.pe",
                        "uri": "www.larepublica.pe"
                    },
                    "time": "21:54:00",
                    "title": "Scarlett Johansson se cas\u00f3 en secreto con Romain Dauriac",
                    "uri": "231003296",
                    "url": "http://www.larepublica.pe/02-12-2014/scarlett-johansson-se-caso-en-secreto-con-romain-dauriac",
                    "wgt": 1
                },
                {
                    "body": "As\u00ed lo confirm\u00f3 la publicaci\u00f3n a trav\u00e9s de un secretario del juzgado de Granite County, quien detall\u00f3 que la boda tuvo lugar en Philipsburg (Montana).\n\nLa celebraci\u00f3n tuvo lugar apenas un mes despu\u00e9s del nacimiento de su hija, Rose Dorothy, en Nueva York.\n\nJohansson y Dauriac son pareja desde 2012 y llevaban comprometidos m\u00e1s un a\u00f1o. Anteriormente la actriz fue vinculada sentimentalmente con Jared Leto, Sean Penn y Josh Harnett y se cas\u00f3 con el tambi\u00e9n actor Ryan Reynolds.\n\nAquel discreto enlace tuvo lugar en septiembre de 2008, en Canad\u00e1, y termin\u00f3 en divorcio en julio de 2011.\n\nLa confirmaci\u00f3n de la boda llega unas semanas despu\u00e9s de que los rumores comenzaran a propagarse por los medios, cuando Johansson fue vista con una alianza en un evento ben\u00e9fico para las v\u00edctimas del hurac\u00e1n \"Sandy\".\n\n\"Mantuvieron la boda como un gran secreto porque quer\u00edan privacidad\", dijo una fuente al diario New York Post.",
                    "date": "2014-12-02",
                    "eventUri": "1947230",
                    "id": "26898191",
                    "isDuplicate": false,
                    "lang": "spa",
                    "sim": 0.8989,
                    "source": {
                        "title": "ultimahora",
                        "uri": "www.ultimahora.com"
                    },
                    "time": "19:55:00",
                    "title": "Scarlett Johansson contrajo matrimonio en secreto con Romain Dauriac",
                    "uri": "230978357",
                    "url": "http://www.ultimahora.com/scarlett-johansson-contrajo-matrimonio-secreto-romain-dauriac-n852636.html",
                    "wgt": 1
                },
                {
                    "body": "As\u00ed lo confirm\u00f3 la publicaci\u00f3n a trav\u00e9s de un secretario del juzgado de Granite County, quien detall\u00f3 que la boda tuvo lugar en Philipsburg (Montana).\n\nLa celebraci\u00f3n tuvo lugar apenas un mes despu\u00e9s del nacimiento de su hija, Rose Dorothy, en Nueva York.\n\nJohansson y Dauriac son pareja desde 2012 y llevaban prometidos m\u00e1s un a\u00f1o. Anteriormente la actriz fue vinculada sentimentalmente con Jared Leto, Sean Penn y Josh Harnett y se cas\u00f3 con el tambi\u00e9n actor Ryan Reynolds.\n\nAquel discreto enlace tuvo lugar en septiembre de 2008, en Canad\u00e1, y termin\u00f3 en divorcio en julio de 2011.\n\nLa confirmaci\u00f3n de la boda llega unas semanas despu\u00e9s de que los rumores comenzaran a propagarse por los medios cuando Johansson fue vista con una alianza en un evento ben\u00e9fico para las v\u00edctimas del hurac\u00e1n \"Sandy\".\n\n\"Mantuvieron la boda como un gran secreto porque quer\u00edan privacidad\", dijo una fuente al diario New York Post.",
                    "date": "2014-12-02",
                    "eventUri": "1947230",
                    "id": "26900128",
                    "isDuplicate": false,
                    "lang": "spa",
                    "sim": 0.894,
                    "source": {
                        "title": "Publico",
                        "uri": "www.publico.es"
                    },
                    "time": "20:16:00",
                    "title": "The actress Scarlett Johansson is home in secret with french Romain Dauriac",
                    "uri": "230983057",
                    "url": "http://www.publico.es/actualidad/559670/la-actriz-scarlett-johansson-se-casa-en-secreto-con-el-frances-romain-dauriac?utm_source=feedburner&utm_medium=feed&utm_campaign=Feed%253A%2Bpublico%252Fportada%2B%2528P%25C3%25BAblico.es%2B-%2BNoticias%2BPortada%2529",
                    "wgt": 1
                },
                {
                    "body": "Los Angeles - La actriz Scarlett Johansson y su pareja, el franc\u00c3\u00a9s Romain Dauriac, contrajeron matrimonio en secreto el pasado 1 de octubre en una localidad remota de Montana, inform\u00c3\u00b3 hoy la web especializada People.\n\nAs\u00c3\u00ad lo confirm\u00c3\u00b3 la publicaci\u00c3\u00b3n a trav\u00c3\u00a9s de un secretario del juzgado de Granite County, quien detall\u00c3\u00b3 que la boda tuvo lugar en Philipsburg (Montana).\n\nLa celebraci\u00c3\u00b3n tuvo lugar apenas un mes despu\u00c3\u00a9s del nacimiento de su hija, Rose Dorothy, en Nueva York.\n\nJohansson y Dauriac son pareja desde 2012 y llevaban comprometidos m\u00c3\u00a1s un a\u00c3\u00b1o. Anteriormente la actriz fue vinculada sentimentalmente con Jared Leto, Sean Penn y Josh Harnett y se cas\u00c3\u00b3 con el tambi\u00c3\u00a9n actor Ryan Reynolds.\n\nAquel discreto enlace tuvo lugar en septiembre de 2008, en Canad\u00c3\u00a1, y termin\u00c3\u00b3 en divorcio en julio de 2011.\n\nLa confirmaci\u00c3\u00b3n de la boda llega unas semanas despu\u00c3\u00a9s de que los rumores comenzaran a propagarse por los medios cuando Johansson fue vista con una alianza en un evento ben\u00c3\u00a9fico para las v\u00c3\u00adctimas del hurac\u00c3\u00a1n \"Sandy\".\n\n\"Mantuvieron la boda como un gran secreto porque quer\u00c3\u00adan privacidad\", dijo una fuente al diario New York Post.",
                    "date": "2014-12-02",
                    "eventUri": "1947230",
                    "id": "26892642",
                    "isDuplicate": false,
                    "lang": "spa",
                    "sim": 0.8631,
                    "source": {
                        "title": "El Nuevo Dia",
                        "uri": "www.elnuevodia.com"
                    },
                    "time": "18:53:00",
                    "title": "Scarlett Johansson se casa en secreto",
                    "uri": "230964311",
                    "url": "http://www.elnuevodia.com/scarlettjohanssonsecasaensecreto-1903360.html",
                    "wgt": 1
                },
                {
                    "body": "No pudieron mantener el secreto por m\u00e1s de dos meses. La actriz estadounidense y el periodista franc\u00e9s unieron sus vidas legalmente.\n\nLa actriz Scarlett Johansson y su pareja, el periodistafranc\u00e9s Romain Dauriac, contrajeron matrimonio en secreto el pasado 1 de octubre en una localidad remota de Montana, seg\u00fan inform\u00f3 People.\n\nLa fuente la recoge de un secretario del juzgado de Granite County, quien detall\u00f3 sobre la boda que se realiz\u00f3 en Philipsburg a un mes despu\u00e9s del nacimiento de su hija, Rose Dorothy, en Nueva York.\n\nComo se sabe, ellos son pareja desde 2012 y llevaban comprometidos m\u00e1s un a\u00f1o.\n\nAntes de la relaci\u00f3n, la bella actriz fue vinculada sentimentalmente con Jared Leto, Sean Penn y Josh Harnett y se cas\u00f3 con el tambi\u00e9n actor Ryan Reynolds en 2008 en Canad\u00e1 y se divorciaron en 2011.\n\nLa confirmaci\u00f3n del matrimonio se realiza luego de una serie de rumores, originados porque se le vio a Johansson con un aro en un evento ben\u00e9fico.",
                    "date": "2014-12-02",
                    "eventUri": "1947230",
                    "id": "26900127",
                    "isDuplicate": false,
                    "lang": "spa",
                    "sim": 0.7935,
                    "source": {
                        "title": "diariocorreo.pe",
                        "uri": "diariocorreo.pe"
                    },
                    "time": "20:16:00",
                    "title": "14: 20' usa - entertainment Scarlett Johansson is home in secret with Romain Dauriac could not maintain secrecy by more than two months. The american actress and the french journalist joined their lives legally.",
                    "uri": "230983043",
                    "url": "http://diariocorreo.pe/espectaculos/scarlett-johansson-se-casa-en-secreto-con-romain-dauriac-548583/",
                    "wgt": 1
                },
                {
                    "body": "Un empleado del Condado de Granite confirm\u00f3 que la pareja contrajo matrimonio el 1 de octubre en Philipsburg, Montana.\n\nScarlett Johansson y Romain Dauriac ya son marido y mujer. Un empleado del Condado de Granite confirm\u00f3 a People que la pareja contrajo matrimonio el 1 de octubre en Philipsburg, Montana.\n\nEste fin de semana circularon los rumores de que la pareja se hab\u00eda casado en secreto, luego de darle la bienvenida a su hijita Rose Dorothy, el pasado mes de setiembre.\n\nLa buena noticia llega luego de que la actriz fuera vista hace unos d\u00edas luciendo lo que parec\u00eda ser un anillo de boda durante un evento a beneficio de las v\u00edctimas del hurac\u00e1n Sandy.\n\nUn representante de Johansson se neg\u00f3 a ofrecer declaraciones.\n\n\"Mantuvieron la boda como un gran secreto porque ambos quer\u00edan privacidad\", dijo una fuente al diario New York Post agregando que se hab\u00edan casado en Estados Unidos. Pero, hasta el momento el representante de Johansson no ha ofrecido declaraciones al respecto.",
                    "date": "2014-12-02",
                    "eventUri": "1947230",
                    "id": "26917264",
                    "isDuplicate": false,
                    "lang": "spa",
                    "sim": 0.6756,
                    "source": {
                        "title": "www.rpp.com.pe",
                        "uri": "www.rpp.com.pe"
                    },
                    "time": "23:30:00",
                    "title": "Confirmado: Scarlett Johansson se cas\u00f3 con Romain Dauriac en octubre",
                    "uri": "231023250",
                    "url": "http://www.rpp.com.pe/2014-12-02-confirmado-scarlett-johansson-se-caso-con-romain-dauriac-en-octubre-noticia_747402.html",
                    "wgt": 1
                },
                {
                    "body": "La actriz se ha apuntado al \"Slade Shave\", el nuevo look que triunfa entre las famosas\n\nReci\u00e9n estrenados los 30 a\u00f1os y en medio de rumores de boda, la actrizScarlett Johansson ha decidido buscar un nuevo y juvenil look: el \"Slade Shave\". Este corte que causa furor entre las famosas, supone raparse todo un lateral de la cabeza.\n\nJohansson luci\u00f3 este corte de pelo el pasado martes, en la entrega de Premios Gotham al cine independiente en Nueva York. Un estreno que caus\u00f3 una gran sorpresa y que acompa\u00f1\u00f3 vestida con un mini vestido en negro de Dolce&amp;Gabbana.\n\nLa actriz acudi\u00f3 al evento junto con su pareja, el franc\u00e9s Romain Dauriac, con quien seg\u00fan la web espacializada People se cas\u00f3 en secreto el pasado 1 de octubre en Montana. As\u00ed lo confirm\u00f3 la publicaci\u00f3n a trav\u00e9s de un secretario del juzgado de Granite County, quien detall\u00f3 que la boda tuvo lugar en Philipsburg (Montana).",
                    "date": "2014-12-07",
                    "eventUri": "1947230",
                    "id": "27355918",
                    "isDuplicate": false,
                    "lang": "spa",
                    "sim": 0.5723,
                    "source": {
                        "title": "ABC.ES",
                        "uri": "www.abc.es"
                    },
                    "time": "01:07:00",
                    "title": "Scarlett Johansson se rapa media cabeza",
                    "uri": "232143574",
                    "url": "http://www.abc.es/estilo/gente/20141206/abci-corte-pelo-scarlett-johansson-201412061647.html?utm_source=abc&utm_medium=rss&utm_content=uh-rss&utm_campaign=traffic-rss",
                    "wgt": 1
                },
                {
                    "body": "Le dio el 's\u00ed quiero' a Romain Dauriac poco despu\u00e9s del nacimiento de su primera hija\n\nUn beb\u00e9 y una boda secreta y los dos llegaron casi a la vez. A Scarlett Johansson este oto\u00f1o le ha cambiado sin duda la vida. La actriz y su ya marido Romain Dauriac comenzaron a pasear de nuevo por algunas alfombras rojas, justo en el momento en que trascendi\u00f3 que se hab\u00edan dado el \"s\u00ed quiero\" en secreto poco despu\u00e9s del nacimiento de su hija Rose Dorothy. Ellos no hicieron comentarios al respecto de este enlace, de hecho tampoco hab\u00edan hablado de su ni\u00f1a... hasta ahora.\n\nLa actriz se ha sincerado durante la promoci\u00f3n de la fragancia de Dolce & Gabbana The One y ha descrito c\u00f3mo se siente tras haber sido madre. \"Huele de manera dulce. No puedo describirlo, pero hace que te sientas muy feliz\". Una alegr\u00eda que se le nota en el rostro pero que no evita el cansancio que provoca siempre un reci\u00e9n nacido. \"Es agotador de un modo maravilloso. Nunca pens\u00e9 en lo mucho que significaba para m\u00ed dormir toda la noche seguida\", coment\u00f3. Destac\u00f3 adem\u00e1s, en declaraciones a la revista alemana Gala, que a\u00fan est\u00e1 aprendiendo. \"Todav\u00eda me falta experiencia, ahora intento organizarme. Tienes que coger el truco\" dijo.\n\nNo desvel\u00f3 sin embargo ning\u00fan detalle sobre su boda, aunque algunas fuentes han contado a E! News que el enlace se celebr\u00f3 el d\u00eda 1 de octubre, un mes despu\u00e9s de que naciera su hija, en un rancho de Montana. Parece que estuvieron en este rancho situado en Rock Creek varios d\u00edas antes de la boda, disfrutando de su tiempo juntos. Unos d\u00edas en los que montaron a caballo y caminaron hasta lo alto de una de las monta\u00f1as cercanas desde donde hay magn\u00edficas vistas.\"Scarlett parec\u00eda relajada y feliz, estaban encantados de estar aqu\u00ed\" ha contado un testigo. \"Estaban casi siempre con el beb\u00e9, cogi\u00e9ndose de la mano y abraz\u00e1ndose\" coment\u00f3. Al d\u00eda siguiente del enlace asistieron a un espect\u00e1culo de rodeo con la ni\u00f1a y uno amigo.\n\nScarlett ha encontrado en Romain al hombre de su vida. Comenzaron a salir a finales de 2012, tras conocerse a trav\u00e9s de un amigo com\u00fan, y \u00e9l ha sido el elegido para dar el paso y ser madre. La actriz se hab\u00eda separado de Ryan Reynolds, un matrimonio que apenas dur\u00f3 dos a\u00f1os (hasta 2010), pero del que no se arrepiente. \"Creo que es algo muy hermoso. Enamorarse, casarse y contraer un compromiso... Creo que es genial saber lo que eres capaz de hacer en ese sentido cuando amas a alguien. Creo que es una oportunidad excepcional\".",
                    "date": "2014-12-06",
                    "eventUri": "1947230",
                    "id": "27253793",
                    "isDuplicate": false,
                    "lang": "spa",
                    "sim": 0.4306,
                    "source": {
                        "title": "http://www.hola.com",
                        "uri": "www.hola.com"
                    },
                    "time": "01:54:00",
                    "title": "As\u00ed fue la boda secreta de la actriz Scarlett Johansson",
                    "uri": "231893415",
                    "url": "http://www.hola.com/actualidad/2014120575526/scarlett-johansson-detalles-boda-hija/",
                    "wgt": 1
                }
            ]
        },
        "info": {
            "articleCount": 11,
            "averageDate": "2014-12-03",
            "avgCos": 0.5764,
            "categories": [],
            "customDate": false,
            "customLocation": false,
            "eventUri": "1947230",
            "extractedDate": "",
            "extractedDateEnd": "",
            "id": "1947230",
            "lang": "spa",
            "storyDate": "2014-12-03",
            "storyDateEnd": "",
            "uri": "e7e700df-6a06-44ea-a4f3-f736278fc36b-370513",
            "variance": 0.1678
        }
    },
    "meta": {
        "CCAArticleMatchCount": 5,
        "CCAArticleMatchRatio": 0.05813953488372093,
        "CCAAvgCosSim": 0.6214700000000001,
        "CCAAvgMatchWgt": 41.4,
        "_articleUri1": "231216533",
        "_articleUri2": "230983008",
        "_datetime": "2015-02-19 11:39:38",
        "_ruleBasedShouldMerge": false,
        "_storyUri1": "850f305d-14db-4c75-b547-79470a557ea3-1059621",
        "_storyUri2": "e7e700df-6a06-44ea-a4f3-f736278fc36b-370513",
        "_username": "Evgenia Belyaeva",
        "artCount1": 7,
        "artCount2": 11,
        "avgCosSimStory1": 0.3904,
        "avgCosSimStory2": 0.5764,
        "categorySim": 0,
        "conceptCosSim": 0.002435483786131273,
        "conceptJaccardSim": 0.0119047619047619,
        "coreTime1": 130792.2,
        "coreTime2": 130795.9166666667,
        "coreTimeStDev1": 10.27355873445617,
        "coreTimeStDev2": 24.05186368613348,
        "entityCosSim": 0.004629589275265029,
        "entityJaccardSim": 0.02777777777777778,
        "extractedDateJaccardSim": 0,
        "extractedDatesStory1": 0,
        "extractedDatesStory2": 4,
        "hasSameLocation": -1,
        "keywordCosSim": 0,
        "keywordJaccardSim": 0,
        "lang1": "eng",
        "lang2": "spa",
        "matchingDateCount": 0,
        "matchingDateRatio": 0,
        "ratioAnnotatedArticlesStory1": 1,
        "ratioAnnotatedArticlesStory2": 1,
        "shouldMerge": false,
        "storyQuality1": 5,
        "storyQuality2": 18,
        "timeAvg1": 130815.7047619048,
        "timeAvg2": 130813.4121212121,
        "timeStDev1": 10.27355873445617,
        "timeStDev2": 34.41482612358571,
        "varianceStory1": 0.3476,
        "varianceStory2": 0.1678
    }
}