{
    "eng-0880EE54-9D81-4F9B-A595-3A4BE1CAA3BA-38216": {
        "articles": {
            "resultCount": 6,
            "results": [
                {
                    "body": "NEW Year celebrations took place across the North-East as the region welcomed in 2015.\n\nA winter carnival with a rugby theme to commemorate the arrival of the World Cup was held in Newcastle ahead of fireworks over the River Tyne.\n\nThe festival included early evening music, dance and performances with pyrotechnics displays at 6pm and midnight on the Newcastle Quayside.\n\nA landmark sign promoting Rugby World Cup 2015 in Newcastle was officially unveiled on the Tyne Bridge by England rugby coach Stuart Lancaster as Newcastle is one of the host cities.\n\nA highlight of the carnival was The World Haka, inspired by the ancient M?ori war dance.\n\nThe All Blacks, Springboks, Scotland, Samoa and Tonga will all play at St James' Park in autumn.\n\nCarol Bell, head of culture and major events at the Newcastle Gateshead Initiative, said: \"Rugby World Cup 2015 is the biggest sporting event taking place in the country this year and we wanted to reflect the excitement and anticipation in the city ahead of the tournament.\"\n\nMeanwhile, in Durham City, Durham Churches Together held a parade from the Market Place to the cathedral at 6pm for the New Years Eve service.\n\nRevellers in Darlington enjoyed Hogmanay with a hog roast and a host of live bands at The Forum.",
                    "date": "2015-01-01",
                    "eventUri": "2134291",
                    "id": "29639468",
                    "isDuplicate": false,
                    "lang": "eng",
                    "sim": 0.7616,
                    "source": {
                        "title": "The Northern Echo",
                        "uri": "www.thenorthernecho.co.uk"
                    },
                    "time": "05:44:00",
                    "title": "North-East welcomes in 2015",
                    "uri": "237933294",
                    "url": "http://www.thenorthernecho.co.uk/news/11696641.North_East_welcomes_in_2015/",
                    "wgt": 1
                },
                {
                    "body": "Newcastle Quayside and city centre was brought to life by a spectacular carnival as the North East welcomed 2015 with rugby-themed festivities\n\nFamilies lined the streets of Newcastle as the region welcomed the year of rugby with a spectacular colourful parade.\n\nThe new year sees the arrival of one of the biggest sporting events in the world visit Newcastle as St James' Park will host three games of the Rugby World Cup 2015.\n\nThousands celebrated in style as they watched the annual New Year's Eve Winter Carnival which used rugby as the inspiration for an early evening of music, dance, performance and a dazzling firework display which lit up the Quayside sky.\n\nWelcoming in 2015 in Newcastle were Ben and Laura Darcy, of Jesmond, with their five-month-old son, Dillon.\n\nDad-of-one Ben, 34, a garage owner, said: \"It's great for the North East to have a fun New Year event like the parade and firework display. It has been multicultural as there has been people from lots of different nationalities in the city enjoying themselves. The event has added an excitement to Newcastle and everyone has been having a great time.\"\n\nLaura, 33, a teacher, added: \"It is a nice event for families to come along to as the carnival is something for people of all ages. There has been a great family atmosphere.\"\n\nAlso enjoying the Winter Carnival was married couple Kevin and Rebecca McVittie, both teachers, of Gateshead, who were delighted to see the colourful spectacle.\n\nRebecca, 34, said: \"It's really exciting to see the Winter Carnival as it's been fun and is something different for adults and children to enjoy. The atmosphere has been lovely.\"\n\nKevin, 32, added: \"The whole event has showcased Newcastle at its best. It's good to see so many people come together to celebrate New Year.\"\n\nThe fun began with a music and carnival performance at the Monument in Newcastle. Crowds then followed the parade down Grey Street and Dean Street for the firework display at the Quayside.\n\nA landmark sign promoting Rugby World Cup 2015 in Newcastle was officially unveiled on the Tyne Bridge as part of the carnival festivities. England rugby head coach Stuart Lancaster, from Cumbria, was in the region to press the button to start the firework display and unveil the new sign.\n\nHe said: \"I think it is fantastic that World Cup fixtures are being played in Newcastle. The sign promoting the World Cup is a great symbol to put on an iconic bridge to bring it all to life. I am really proud to be here.\"\n\nThe Winter Carnival is produced by NewcastleGateshead Initiative and outdoor arts organisation Walk the Plank. This year its had input from creative director and choreographer Jeanefer Jean-Charles.\n\nNewcastle City Council leader Nick Forbes said: \"The New Year Eve event is the countdown to what is going to be a fantastic year for Newcastle and the North East. It is really important that we put on major sporting events like the Rugby World Cup as it puts us on the map, brings in thousands of visitors and shows off our amazing city to best advantage.\n\n\"Connecting New Year's Eve with the countdown to hosting Rugby World Cup games in Newcastle is an a once in a lifetime opportunity for people in the city to be part of something really significant. The sense of excitement is really building in the region as we're on the verge of something really big.\"\n\nWhen the clock strikes midnight party goers in the city will enjoy the fireworks on Newcastle's Quayside in the second display of the evening.",
                    "date": "2014-12-31",
                    "eventUri": "2134291",
                    "id": "29622991",
                    "isDuplicate": false,
                    "lang": "eng",
                    "sim": 0.7582,
                    "source": {
                        "title": "nechronicle",
                        "uri": "www.chroniclelive.co.uk"
                    },
                    "time": "22:04:00",
                    "title": "51 fantastic photos of #Newcastle #NewYearsEve parade and firework display",
                    "uri": "237891707",
                    "url": "http://www.chroniclelive.co.uk/whats-on/family-kids-news/families-enjoyed-rugby-inspired-new-8368264",
                    "wgt": 1
                },
                {
                    "body": "The new year celebrations in Newcastle had a rugby theme as the city prepares to welcome the Rugby World Cup in 2015.\n\nSt James' Park is one of the venues for the tournament and England head coach Stuart Lancaster was in the city to unveil a sign on the Tyne Bridge.\n\nIt was part of the Newcastle Winter Carnival which saw hundreds of people join performers for a parade from the Monument in Newcastle city centre down to the Quayside where there was a fireworks display.",
                    "date": "2014-12-31",
                    "eventUri": "2134291",
                    "id": "29617843",
                    "isDuplicate": false,
                    "lang": "eng",
                    "sim": 0.7404,
                    "source": {
                        "title": "BBC",
                        "uri": "www.bbc.co.uk"
                    },
                    "time": "20:24:00",
                    "title": "Rugby theme to new year celebrations",
                    "uri": "237880066",
                    "url": "http://www.bbc.co.uk/news/uk-england-tyne-30646717",
                    "wgt": 1
                },
                {
                    "body": "THERE was an early start to New Year celebrations on Tyneside tonight.\n\nA winter carnival with a rugby theme to commemorate the arrival of the World Cup was held in Newcastle ahead of fireworks over the River Tyne.\n\nThe festival included early evening music, dance and performances with pyrotechnics displays at 6pm and midnight on the Newcastle Quayside.",
                    "date": "2015-01-01",
                    "eventUri": "2134291",
                    "id": "29639478",
                    "isDuplicate": false,
                    "lang": "eng",
                    "sim": 0.7058,
                    "source": {
                        "title": "The Northern Echo",
                        "uri": "www.thenorthernecho.co.uk"
                    },
                    "time": "05:44:00",
                    "title": "Early start to New Year celebrations",
                    "uri": "237933300",
                    "url": "http://www.thenorthernecho.co.uk/news/11696607.Early_start_to_New_Year_celebrations/",
                    "wgt": 1
                },
                {
                    "body": "The Property Council has rejected key recommendations in an interim planning inquiry report, saying it is time to get on with the job of cutting Newcastle's rail line.\n\nThe inquiry looked at controversial planning decisions in Newcastle.\n\nThe parliamentary report recommends the rail truncation be delayed, until there is a cost benefit analysis.\n\nThe report also says there must be a transparent planning process and ample public consultation around any development on the rail corridor under the direction of Newcastle Council.\n\nIt also notes conflicts of interests held by Hunter Development Corporation general manager Bob Hawes, who owns a development site nearby.\n\nSinking the line was mentioned as an option but the Property Council's Hunter chapter chairman Ed Crawford said alternatives have already been ruled out.\n\n\"There are lots of options,\" he said.\n\n\"You know you could put it up on a sky rail, you could sink it under the ground.\n\n\"All of those things are alternatives but I think there has been a general design and a concept chosen.\n\n\"You know, I think we just need to say none of us lives for 200 years.\n\n\"We've got to get on with a sensible option now and move ahead.\"\n\nThe report says delaying the rail truncation would restore public confidence in the planning process in Newcastle.\n\nMr Crawford said it would have the opposite effect, by creating more uncertainty.\n\n\"I think the community really just wants to see some sort of legitimate leadership from government and I think a big part of it is saying, 'here are some decisions we've taken, here is the implementation plan',\" he said.\n\n\"People just want to see things happen, so I actually think that further delays and further uncertainty in this process are very unhelpful.\"\n\nThe call for a cost-benefit analysis has the backing of Newcastle lord mayor, Nuatali Nelmes.\n\n\"As it stands, I don't believe they have done their due diligence,\" he said.\n\n\"None of those reports have been made public around any cost benefit analysis.\n\n\"The economic outcomes and what they would actually mean for the city.\n\n\"I think the biggest problem is going to be in the next couple of years when there is just no public transport solution, in terms of moving lots of people into the Civic area.\"\n\nCouncillor Nelmes gave evidence to the inquiry and she agrees the rail decision needs further scrutiny.\n\n\"Look, in 2008, Newcastle Council unanimously supported that the heavy rail line should remain in place until a fully costed, fully funded, better public transport solution was put on the table and that hasn't happened,\" she said.\n\n\"So this current Council has said that rail line should again remain in place until that happens.\"\n\nCommunity-based groups from across the Hunter region have joined forces and published an open letter to the Premier Mike Baird, pleading with him not to cut the rail line.\n\nHunter Concerned Citizens group spokeswoman Marilyn Eade said several groups have paid for the full-page advertisement in today's Newcastle Herald.\n\n\"It says that we're deeply concerned about his project, and we believe it will be a negative for Newcastle in the long run,\" she said.\n\n\"We think that people will need it in the city, from the valley, and we really feel that they've been left out of the equation.\n\n\"We've proven in Sunday's 'Rally For The Rail' that people in Newcastle are not happy about (Mike Baird's) decision and we want him to think again and leave the rail in place, and show us the plans.\"\n\nMs Eade said the open letter tells Mike Baird he is about to make a \"very big, ill-conceived and expensive mistake\".\n\n\"We believe a lot of individuals have contributed, but also organisations - the Cooks Hill Community Group, the Newcastle Inner City Residents Alliance, the Kind Edward Park group,\" she said.\n\n\"There are people from Maitland, Cessnock, Singleton.\n\n\"There are people everywhere who believe this is the wrong decision, because people will not be able to get into the city directly from the region.\"",
                    "date": "2015-01-01",
                    "eventUri": "2134291",
                    "id": "29630801",
                    "isDuplicate": false,
                    "lang": "eng",
                    "sim": 0.4545,
                    "source": {
                        "title": "ABC Rural",
                        "uri": "www.abc.net.au"
                    },
                    "time": "01:01:00",
                    "title": "Property Council rejects Nile inquiry recommendations",
                    "uri": "237909825",
                    "url": "http://www.abc.net.au/news/2014-12-19/property-council-rejects-nile-inquiry-recommendations/5977952",
                    "wgt": 1
                },
                {
                    "body": "A crucial weekend in the Munster junior league is in store as title contenders Clonmel and Newcastle West square off.\n\nWith both unbeaten thus far and locked on 32 points, the outcome of this one will go a long way in deciding the destination of the league crown.\n\nConor Cooney has been instrumental in Clonmel's success to date, his accurate kicking setting up a strong platform, while also being central to numerous attacks. The experience of Neville Melbourne is another asset and they will be eager to win the crucial forward battle.\n\nFor Newcastle West the Kellys, Stephen and James, have been racking up the tries. It should be an intense game in front of a passionate crowd and prove an effective advertisement for Munster junior rugby.\n\nClonakilty are probably too far back to pose any major threat to either Clonmel or Newcastle West, but will be eager to solidify their third position. They host struggling Galbally who could be dragged into the relegation battle.\n\nTwo sides aiming for a top-four finish face-off in Tipperary as Kilfeacle host Skibbereen. Both had narrow losses in the Junior Clubs Challenge Cup, although Kilfeacle are buoyed by how close they pushed Clonmel.\n\nSt Senan's are also striving for a top four finish and Cobh Pirates is a hurdle they should safely negotiate. Old Christians, meanwhile, hope they can damage Muskerry's aspirations with a win at Rathcooney. Both Tralee and Kinsale will be desperate to pick up full points, faced with difficult home fixtures against St Mary's and Waterpark, respectively.\n\nIn Division Two, Bandon should maintain their advantage at the head of the table with a home victory at the expense of Waterford City. Clanwilliam are best placed of the chasing pack, they travel to Killarney.\n\nThurles and Castleisland still harbour ambitions of obtaining one of the two promotion places, the former, who travel to Ballincollig, are two points behind Clanwilliam.\n\nCastleisland make the trip to Newport who need a couple of more results to secure their safety. Youghal seek to pile pressure on struggling Crosshaven with a win away in Myrtleville.\n\nIn Division Three, North Cork rivals Fermoy and Charleville clash.",
                    "date": "2015-01-01",
                    "eventUri": "2134291",
                    "id": "29633408",
                    "isDuplicate": false,
                    "lang": "eng",
                    "sim": 0.3965,
                    "source": {
                        "title": "Breaking News",
                        "uri": "www.irishexaminer.com"
                    },
                    "time": "02:24:00",
                    "title": "Clonmel  braced for  weekend drama  ",
                    "uri": "237916535",
                    "url": "http://www.irishexaminer.com/sport/rugby/clonmel-braced-for-weekend-drama-304707.html",
                    "wgt": 1
                }
            ]
        },
        "info": {
            "articleCount": 6,
            "averageDate": "2015-01-01",
            "avgCos": 0.4498,
            "categories": [],
            "customDate": false,
            "customLocation": false,
            "eventUri": "2134291",
            "extractedDate": "",
            "extractedDateEnd": "",
            "id": "2134291",
            "lang": "eng",
            "location": {
                "country": {
                    "labelEng": "United Kingdom",
                    "lat": 54.75844,
                    "long": -2.69531,
                    "wikiUri": "http://en.wikipedia.org/wiki/United_Kingdom"
                },
                "labelEng": "Newcastle upon Tyne",
                "lat": 54.97328,
                "long": -1.61396,
                "wikiUri": "http://en.wikipedia.org/wiki/Newcastle_upon_Tyne"
            },
            "storyDate": "2015-01-01",
            "storyDateEnd": "",
            "uri": "eng-0880EE54-9D81-4F9B-A595-3A4BE1CAA3BA-38216",
            "variance": 0.2976
        }
    },
    "meta": {
        "CCAArticleMatchCount": 14,
        "CCAArticleMatchRatio": 0.2333333333333333,
        "CCAAvgCosSim": 0.7103785714285715,
        "CCAAvgMatchWgt": 15.21428571428571,
        "_articleUri1": "237933294",
        "_articleUri2": "237843245",
        "_datetime": "2015-02-19 11:56:55",
        "_ruleBasedShouldMerge": false,
        "_storyUri1": "eng-0880EE54-9D81-4F9B-A595-3A4BE1CAA3BA-38216",
        "_storyUri2": "spa-63A553DD-A2F8-411E-9FB6-620DC17635E3-11279",
        "_username": "Evgenia Belyaeva",
        "artCount1": 6,
        "artCount2": 11,
        "avgCosSimStory1": 0.4498,
        "avgCosSimStory2": 0.6948,
        "categorySim": 0,
        "conceptCosSim": 0.1035740915666987,
        "conceptJaccardSim": 0.02564102564102564,
        "coreTime1": 131492.4,
        "coreTime2": 131486.6166666667,
        "coreTimeStDev1": 3.527586390259608,
        "coreTimeStDev2": 0.5690038946249579,
        "entityCosSim": 0,
        "entityJaccardSim": 0,
        "extractedDateJaccardSim": -1,
        "extractedDatesStory1": 0,
        "extractedDatesStory2": 0,
        "hasSameLocation": 0,
        "keywordCosSim": 0.1391165688723368,
        "keywordJaccardSim": 0.05263157894736842,
        "lang1": "eng",
        "lang2": "spa",
        "matchingDateCount": 0,
        "matchingDateRatio": 0,
        "ratioAnnotatedArticlesStory1": 1,
        "ratioAnnotatedArticlesStory2": 1,
        "shouldMerge": false,
        "storyQuality1": 6,
        "storyQuality2": 23,
        "timeAvg1": 131497.5583333334,
        "timeAvg2": 131487.7590909091,
        "timeStDev1": 3.527586390259608,
        "timeStDev2": 1.243434548570019,
        "varianceStory1": 0.2976,
        "varianceStory2": 0.2586
    },
    "spa-63A553DD-A2F8-411E-9FB6-620DC17635E3-11279": {
        "articles": {
            "resultCount": 11,
            "results": [
                {
                    "body": "S\u00eddney (AFP-NA) - S\u00eddney dio una bienvenida espectacular al a\u00f1o 2015 con una tremenda fiesta de fuegos artificiales, ignorando el miedo a ataques \"terroristas\" como el que conmocion\u00f3 a la ciudad este mismo mes.\n\nDesde Hong Kong hasta Londres, pasando por Nueva York y R\u00edo de Janeiro, millones de personas celebrar\u00e1n las doce campanadas con multitud de fuegos artificiales, conciertos y juegos de luces.\n\nEn S\u00eddney, la ciudad m\u00e1s grande de Australia, m\u00e1s de un mill\u00f3n de personas asistieron al lanzamiento de toneladas de fuegos artificiales en racimos multicolores sobre la bah\u00eda.\n\n\"Estamos celebrando que somos una comunidad multicultural y armoniosa, aunque estaremos pensando en lo que ocurri\u00f3\", dijo la alcaldesa de S\u00eddney, Clover Moore, refiri\u00e9ndose a la toma de 17 rehenes en un caf\u00e9 del centro de la ciudad el pasado 15 de diciembre. El ataque se sald\u00f3 con la muerte de dos de ellos y del secuestrador, Man Haron Monis, de origen iran\u00ed.\n\nAustralia, que forma parte de la coalici\u00f3n internacional que lucha contra los combatientes del grupo Estado Isl\u00e1mico, subi\u00f3 en septiembre su nivel de alerta ante la amenaza que suponen los yihadistas que regresan de Irak y de Siria. .\n\n- Brindis planetarios -\n\nEn Asia, la llegada del a\u00f1o nuevo de la era cristiana se celebrar\u00e1 en Hong Kong con un espect\u00e1culo pirot\u00e9cnico que iluminar\u00e1 durante ocho minutos los rascacielos emblem\u00e1ticos de la antigua colonia brit\u00e1nica.\n\nEn Taiw\u00e1n, el inmenso rascacielos Taipei 101 estar\u00e1 en el centro de las celebraciones con conciertos de cantantes de pop. Centenares de miles de personas asistir\u00e1n al lanzamiento de un castillo de fuegos artificiales a medianoche.\n\nEn Pek\u00edn, la candidatura de la ciudad a los Juegos Ol\u00edmpicos de invierno en 2022 centrar\u00e1 las celebraciones en el parque ol\u00edmpico de la capital, en presencia de numerosos atletas y del pianista Lang Lang.\n\nEl lugar de oraci\u00f3n m\u00e1s concurrido en Jap\u00f3n, el santuario Meiji Jingu de Tokio, acoger\u00e1 hasta tres millones de personas en tres d\u00edas.\n\nEn Afganist\u00e1n, el a\u00f1o nuevo trae el fin de la misi\u00f3n de combate de la OTAN aunque la insurrecci\u00f3n de los talibanes sigue vigente tras 13 a\u00f1os de intervenci\u00f3n militar. Una misi\u00f3n de formaci\u00f3n y de ayuda al ej\u00e9rcito afgano tomar\u00e1 el relevo.\n\nEn Europa, el actor estadounidense David Hasselhoff participar\u00e1 en un concierto gigante al aire libre en la puerta de Brandeburgo, all\u00ed donde tuvo lugar un concierto hist\u00f3rico, en diciembre de 1989, para celebrar la ca\u00edda del Muro de Berl\u00edn.\n\nEn Espa\u00f1a, se espera que se re\u00fanan millones de personas en la madrile\u00f1a Puerta del Sol para comer las tradicionales 12 uvas (una por cada campanada), mientras que en Barcelona se prender\u00e1 fuego a un gigantesco castillo de fuegos artificiales.\n\nMiles de personas ya se api\u00f1aron el martes por la noche en la Puerta del Sol para escuchar y festejar un d\u00eda antes las doce campanadas que anuncian el A\u00f1o Nuevo, en una suerte de ensayo general.\n\nEn Par\u00eds, los Campos El\u00edseos mostrar\u00e1n por primera vez un gran espect\u00e1culo visual, con la proyecci\u00f3n de un v\u00eddeo sobre el Arco de Triunfo que ilustrar\u00e1 la vida parisina y tratar\u00e1 temas medioambientales. La capital francesa acoger\u00e1 a finales de 2015 la conferencia internacional sobre el clima.\n\nEn Reino Unido, las orillas del T\u00e1mesis tambi\u00e9n ser\u00e1n escenario de un espect\u00e1culo pirot\u00e9cnico, que ser\u00e1 de pago por motivos de seguridad p\u00fablica, tras la inmensa afluencia de los a\u00f1os anteriores.\n\nPara Lituania, la entrada en el a\u00f1o 2015 tambi\u00e9n significar\u00e1 la entrada en el euro, mientras que su vecino let\u00f3n presidir\u00e1 la Uni\u00f3n Europea, lo que lo situar\u00e1 en la primera l\u00ednea de las negociaciones con Rusia sobre el conflicto con Ucrania.\n\nM\u00e1s de dos millones de personas son esperadas en la playa de Copacabana en R\u00edo de Janeiro para asistir al lanzamiento de fuegos artificiales que marcar\u00e1n el 450\u00ba aniversario de la fundaci\u00f3n de la ciudad.\n\nEn Nueva York, un mill\u00f3n de personas acompa\u00f1ar\u00e1 en Times Square la tradicional bajada de una bola de cristal multicolor.",
                    "date": "2014-12-31",
                    "eventUri": "2132424",
                    "id": "29601631",
                    "isDuplicate": false,
                    "lang": "spa",
                    "sim": 0.8185,
                    "source": {
                        "title": "La Manana Neuquen",
                        "uri": "www.lmneuquen.com.ar"
                    },
                    "time": "16:05:00",
                    "title": "Con fuegos artificiales, Sidney inaugur\u00f3 las celebraciones",
                    "uri": "237843245",
                    "url": "http://www.lmneuquen.com.ar/noticias/2014/12/31/con-fuegos-artificiales-sidney-inauguro-las-celebraciones-_244037",
                    "wgt": 1
                },
                {
                    "body": "S\u00eddney dio una bienvenida espectacular al a\u00f1o 2015 con una tremenda fiesta de fuegos artificiales, ignorando el miedo a ataques \"terroristas\" como el que conmocion\u00f3 a la ciudad este mismo mes.\n\nDesde Hong Kong hasta Londres, pasando por Nueva York y R\u00edo de Janeiro, millones de personas celebrar\u00e1n las doce campanadas con multitud de fuegos artificiales, conciertos y juegos de luces.\n\nEn S\u00eddney, la ciudad m\u00e1s grande de Australia, m\u00e1s de un mill\u00f3n de personas asistieron al lanzamiento de toneladas de fuegos artificiales en racimos multicolores sobre la bah\u00eda.\n\n\"Estamos celebrando que somos una comunidad multicultural y armoniosa, aunque estaremos pensando en lo que ocurri\u00f3\", dijo la alcaldesa de S\u00eddney, Clover Moore, refiri\u00e9ndose a la toma de 17 rehenes en un caf\u00e9 del centro de la ciudad el pasado 15 de diciembre.\n\nEl ataque se sald\u00f3 con la muerte de dos de ellos y del secuestrador, Man Haron Monis, de origen iran\u00ed. Australia, que forma parte de la coalici\u00f3n internacional que lucha contra los combatientes del grupo Estado Isl\u00e1mico, subi\u00f3 en septiembre su nivel de alerta ante la amenaza que suponen los yihadistas que regresan de Irak y de Siria.\n\nEn Asia, la llegada del a\u00f1o nuevo de la era cristiana se celebrar\u00e1 en Hong Kong con un espect\u00e1culo pirot\u00e9cnico que iluminar\u00e1 durante ocho minutos los rascacielos emblem\u00e1ticos de la antigua colonia brit\u00e1nica.\n\nEn Taiw\u00e1n, el inmenso rascacielos Taipei 101 estar\u00e1 en el centro de las celebraciones con conciertos de cantantes de pop. Centenares de miles de personas asistir\u00e1n al lanzamiento de un castillo de fuegos artificiales a medianoche.\n\nEn Pek\u00edn, la candidatura de la ciudad a los Juegos Ol\u00edmpicos de invierno en 2022 centrar\u00e1 las celebraciones en el parque ol\u00edmpico de la capital, en presencia de numerosos atletas y del pianista Lang Lang.\n\nEl lugar de oraci\u00f3n m\u00e1s concurrido en Jap\u00f3n, el santuario Meiji Jingu de Tokio, acoger\u00e1 hasta tres millones de personas en tres d\u00edas.\n\nEn Afganist\u00e1n, el a\u00f1o nuevo trae el fin de la misi\u00f3n de combate de la OTAN aunque la insurrecci\u00f3n de los talibanes sigue vigente tras 13 a\u00f1os de intervenci\u00f3n militar. Una misi\u00f3n de formaci\u00f3n y de ayuda al ej\u00e9rcito afgano tomar\u00e1 el relevo.\n\nEn Europa, el actor estadounidense David Hasselhoff participar\u00e1 en un concierto gigante al aire libre en la puerta de Brandeburgo, all\u00ed donde tuvo lugar un concierto hist\u00f3rico, en diciembre de 1989, para celebrar la ca\u00edda del Muro de Berl\u00edn.\n\nEn Espa\u00f1a, se espera que se re\u00fanan millones de personas en la madrile\u00f1a Puerta del Sol para comer las tradicionales 12 uvas (una por cada campanada), mientras que en Barcelona se prender\u00e1 fuego a un gigantesco castillo de fuegos artificiales.\n\nMiles de personas ya se api\u00f1aron el martes por la noche en la Puerta del Sol para escuchar y festejar un d\u00eda antes las doce campanadas que anuncian el A\u00f1o Nuevo, en una suerte de ensayo general.\n\nEn Par\u00eds, los Campos El\u00edseos mostrar\u00e1n por primera vez un gran espect\u00e1culo visual, con la proyecci\u00f3n de un v\u00eddeo sobre el Arco de Triunfo que ilustrar\u00e1 la vida parisina y tratar\u00e1 temas medioambientales.\n\nLa capital francesa acoger\u00e1 a finales de 2015 la conferencia internacional sobre el clima. En Reino Unido, las orillas del T\u00e1mesis tambi\u00e9n ser\u00e1n escenario de un espect\u00e1culo pirot\u00e9cnico, que ser\u00e1 de pago por motivos de seguridad p\u00fablica, tras la inmensa afluencia de los a\u00f1os anteriores.\n\nPara Lituania, la entrada en el a\u00f1o 2015 tambi\u00e9n significar\u00e1 la entrada en el euro, mientras que su vecino let\u00f3n presidir\u00e1 la Uni\u00f3n Europea, lo que lo situar\u00e1 en la primera l\u00ednea de las negociaciones con Rusia sobre el conflicto con Ucrania.\n\nM\u00e1s de dos millones de personas son esperadas en la playa de Copacabana en R\u00edo de Janeiro para asistir al lanzamiento de fuegos artificiales que marcar\u00e1n el 450\u00ba aniversario de la fundaci\u00f3n de la ciudad. En Nueva York, un mill\u00f3n de personas acompa\u00f1ar\u00e1 en Times Square la tradicional bajada de una bola de cristal multicolor.",
                    "date": "2014-12-31",
                    "eventUri": "2132424",
                    "id": "29611269",
                    "isDuplicate": false,
                    "lang": "spa",
                    "sim": 0.8172,
                    "source": {
                        "title": "El Comercio",
                        "uri": "www.elcomercio.com"
                    },
                    "time": "18:33:00",
                    "title": "Con fuegos artificiales, S\u00eddney inaugura las celebraciones de A\u00f1o Nuevo",
                    "uri": "237865149",
                    "url": "http://www.elcomercio.com/actualidad/sidney-celebraciones-anonuevo-2015-fuegosartificiales.html",
                    "wgt": 1
                },
                {
                    "body": "Alrededor de 1.6 millones de personas asistieron a las celebraciones en la mayor ciudad de Australia\n\nS\u00eddney inaugur\u00f3 el paso del planeta al a\u00f1o 2015 con una profusi\u00f3n de efectos pirot\u00e9cnicos, ignorando los temores a ataques \"terroristas\" en una ciudad que sigue conmocionada tras una mort\u00edfera toma de rehenes.\n\nDesde Hong Kong hasta Londres, pasando por Nueva York y Rio de Janeiro, millones de personas celebrar\u00e1n las doce campanadas con multitud de fuegos artificiales, conciertos y juegos de luces.\n\nEn S\u00eddney, se lanzaron toneladas de fuegos artificiales en racimos multicolores sobre la bah\u00eda. Se estima que m\u00e1s de 1.6 millones de personas asistieron a las celebraciones en la mayor ciudad de Australia donde, el pasado 15 de diciembre, un individuo de origen iran\u00ed, con un pasado de violencia y extremismo, tom\u00f3 a 17 personas como rehenes en una cafeter\u00eda.\n\nEl primero de los tres castillos de fuegos artificiales previstos para este mi\u00e9rcoles empez\u00f3 a las 21H (10H00 GMT) y llen\u00f3 el cielo de color sobre la famosa \u00d3pera de S\u00eddney. El segundo se lanz\u00f3 sobre las 11H40 GMT antes del \u00faltimo a la medianoche (13H00 GMT).\n\nLa alcaldesa de S\u00eddney, Clover Moore, explic\u00f3 que se rendir\u00eda homenaje a Tori Johnson y Katrina Sawson, los dos rehenes que murieron en la cafeter\u00eda donde se encerr\u00f3 Man Haron Monis, el secuestrador que fue abatido por la polic\u00eda durante el asalto al local.\n\n\"Celebraremos el hecho de ser una comunidad multicultural y armoniosa, pero guardaremos en mente lo que pas\u00f3\", declar\u00f3.\n\nEn los d\u00edas que siguieron la toma de rehenes, las autoridades australianas comprobaron un aumento de las comunicaciones \"terroristas\", asegur\u00f3 el primer ministro Tony Abbott. \"El nivel de amenaza terrorista sigue siendo elevado, y como pueden comprender, a este nivel, un atentado es probable\", declar\u00f3.\n\nAustralia, que forma parte de la coalici\u00f3n internacional que lucha contra los combatientes del grupo Estado Isl\u00e1mico, subi\u00f3 en septiembre su nivel de alerta ante la amenaza que suponen los yihadistas que regresan de Irak y de Siria.\n\nMoore desech\u00f3, sin embargo, los temores a un nuevo ataque. \"Estamos convencidos de que las celebraciones ser\u00e1n seguras\", afirm\u00f3 a la AFP.\n\nBrindis planetarios\n\nEn Asia, la llegada del a\u00f1o nuevo de la era cristiana se celebrar\u00e1 en Hong Kong con un espect\u00e1culo pirot\u00e9cnico que iluminar\u00e1 durante ocho minutos los rascacielos emblem\u00e1ticos de la antigua colonia brit\u00e1nica.\n\nEn Taiw\u00e1n, el inmenso rascacielos Taipei 101 estar\u00e1 en el centro de las celebraciones con conciertos de cantantes de pop. Centenares de miles de personas asistir\u00e1n al lanzamiento de un castillo de fuegos artificiales a medianoche.\n\nEn Pek\u00edn, la candidatura de la ciudad a los Juegos Ol\u00edmpicos de invierno en 2022 centrar\u00e1 las celebraciones en el parque ol\u00edmpico de la capital, en presencia de numerosos atletas y del pianista Lang Lang.\n\nEn Jap\u00f3n, el lugar de oraci\u00f3n m\u00e1s concurrido, el santuario Meiji Jingu de Tokio, acoger\u00e1 hasta tres millones de personas en tres d\u00edas.\n\nEn Afganist\u00e1n, el a\u00f1o nuevo pasa la p\u00e1gina de la misi\u00f3n de combate de la OTAN aunque la insurrecci\u00f3n de los talibanes sigue vigente tras 13 a\u00f1os de intervenci\u00f3n militar. Una misi\u00f3n de formaci\u00f3n y de ayuda al ej\u00e9rcito afgano tomar\u00e1 el relevo.\n\nEn Europa, el actor estadounidense David Hasselhoff participar\u00e1 en un concierto gigante al aire libre en la puerta de Brandeburgo, all\u00ed donde tuvo lugar un concierto culto, en diciembre de 1989, para celebrar la ca\u00edda del Muro de Berl\u00edn.\n\nEn Espa\u00f1a, se espera que se re\u00fanan millones de personas en la madrile\u00f1a Puerta del Sol para comer las tradicionales 12 uvas (una por cada campanada), mientras que en Barcelona se lanzar\u00e1 un gigantesco castillo de fuegos artificiales.\n\nMiles de personas ya se api\u00f1aron el martes por la noche en la Puerta del Sol para escuchar y festejar un d\u00eda antes las doce campanadas que anuncian el A\u00f1o Nuevo, en una suerte de ensayo general.\n\nEn Par\u00eds, los Campos El\u00edseos mostrar\u00e1n por primera vez un gran espect\u00e1culo visual, con la proyecci\u00f3n de un v\u00eddeo sobre el Arco de Triunfo que ilustrar\u00e1 la vida parisina y tratar\u00e1 temas medioambientales. La capital francesa acoger\u00e1 a finales de 2015 la conferencia internacional sobre el clima.\n\nEn Reino Unido, las orillas del T\u00e1mesis tambi\u00e9n ser\u00e1n escenario de un espect\u00e1culo pirot\u00e9cnico, que ser\u00e1 de pago por motivos de seguridad p\u00fablica, tras la inmensa afluencia de los a\u00f1os anteriores.\n\nPara Lituania, la entrada en el a\u00f1o 2015 tambi\u00e9n significar\u00e1 la entrada en el euro, mientras que su vecino let\u00f3n presidir\u00e1 la Uni\u00f3n Europea, lo que lo situar\u00e1 en la primera l\u00ednea de las negociaciones con Rusia sobre el conflicto con Ucrania.\n\nM\u00e1s de dos millones de personas son esperadas en la playa de Copacabana en Rio de Janeiro para asistir al lanzamiento de fuegos artificiales que marcar\u00e1n el 450\u00ba aniversario de la fundaci\u00f3n de la ciudad.\n\nEn Nueva York, un mill\u00f3n de personas acompa\u00f1ar\u00e1 en Times Square la tradicional bajada de una bola de cristal multicolor.",
                    "date": "2014-12-31",
                    "eventUri": "2132424",
                    "id": "29604002",
                    "isDuplicate": false,
                    "lang": "spa",
                    "sim": 0.7996,
                    "source": {
                        "title": "El Observador",
                        "uri": "www.elobservador.com.uy"
                    },
                    "time": "16:39:00",
                    "title": "Sidney inaugura el 2015",
                    "uri": "237848889",
                    "url": "http://www.elobservador.com.uy/noticia/295090/sidney-inaugura-el-2015/",
                    "wgt": 1
                },
                {
                    "body": "S\u00eddney, Australia | AFP | por Madeleine COOREY\n\nDesde Hong Kong hasta Londres, pasando por Nueva York y Rio de Janeiro, millones de personas celebrar\u00e1n las doce campanadas con multitud de fuegos artificiales, conciertos y juegos de luces.\n\nEn S\u00eddney, se lanzar\u00e1n toneladas de fuegos artificiales en racimos multicolores sobre la bah\u00eda. Se espera que m\u00e1s de 1,6 millones de personas asistan a las celebraciones en la mayor ciudad de Australia donde, el pasado 15 de diciembre, un individuo de origen iran\u00ed, con un pasado de violencia y extremismo, tom\u00f3 a 17 personas como rehenes en una cafeter\u00eda.\n\nEl primero de los tres castillos de fuegos artificiales previstos para este mi\u00e9rcoles empez\u00f3 a las 21H (10H00 GMT) y llen\u00f3 el cielo de color sobre la famosa \u00d3pera de S\u00eddney. El segundo se lanzar\u00e1 sobre las 11H40 GMT antes del \u00faltimo a la medianoche (13H00 GMT).\n\nLa alcaldesa de S\u00eddney, Clover Moore, explic\u00f3 que se rendir\u00e1 homenaje a Tori Johnson y Katrina Sawson, los dos rehenes que murieron en la cafeter\u00eda donde se encerr\u00f3 Man Haron Monis, el secuestrador que fue abatido por la polic\u00eda durante el asalto al local.\n\n\"Celebraremos el hecho de ser una comunidad multicultural y armoniosa, pero guardaremos en mente lo que pas\u00f3\", declar\u00f3.\n\nEn los d\u00edas que siguieron la toma de rehenes, las autoridades australianas comprobaron un aumento de las comunicaciones \"terroristas\", asegur\u00f3 el primer ministro Tony Abbott. \"El nivel de amenaza terrorista sigue siendo elevado, y como pueden comprender, a este nivel, un atentado es probable\", declar\u00f3.\n\nAustralia, que forma parte de la coalici\u00f3n internacional que lucha contra los combatientes del grupo Estado Isl\u00e1mico, subi\u00f3 en septiembre su nivel de alerta ante la amenaza que suponen los yihadistas que regresan de Irak y de Siria.\n\nMoore desech\u00f3, sin embargo, los temores a un nuevo ataque. \"Estamos convencidos de que las celebraciones ser\u00e1n seguras\", afirm\u00f3 a la AFP.\n\nBrindis planetarios\n\nEn Asia, la llegada del a\u00f1o nuevo de la era cristiana se celebrar\u00e1 en Hong Kong con un espect\u00e1culo pirot\u00e9cnico que iluminar\u00e1 durante ocho minutos los rascacielos emblem\u00e1ticos de la antigua colonia brit\u00e1nica.\n\nEn Taiw\u00e1n, el inmenso rascacielos Taipei 101 estar\u00e1 en el centro de las celebraciones con conciertos de cantantes de pop. Centenares de miles de personas asistir\u00e1n al lanzamiento de un castillo de fuegos artificiales a medianoche.\n\nEn Pek\u00edn, la candidatura de la ciudad a los Juegos Ol\u00edmpicos de invierno en 2022 centrar\u00e1 las celebraciones en el parque ol\u00edmpico de la capital, en presencia de numerosos atletas y del pianista Lang Lang.\n\nEn Jap\u00f3n, el lugar de oraci\u00f3n m\u00e1s concurrido, el santuario Meiji Jingu de Tokio, acoger\u00e1 hasta tres millones de personas en tres d\u00edas.\n\nEn Afganist\u00e1n, el a\u00f1o nuevo pasa la p\u00e1gina de la misi\u00f3n de combate de la OTAN aunque la insurrecci\u00f3n de los talibanes sigue vigente tras 13 a\u00f1os de intervenci\u00f3n militar. Una misi\u00f3n de formaci\u00f3n y de ayuda al ej\u00e9rcito afgano tomar\u00e1 el relevo.\n\nEn Europa, el actor estadounidense David Hasselhoff participar\u00e1 en un concierto gigante al aire libre en la puerta de Brandeburgo, all\u00ed donde tuvo lugar un concierto culto, en diciembre de 1989, para celebrar la ca\u00edda del Muro de Berl\u00edn.\n\nEn Espa\u00f1a, se espera que se re\u00fanan millones de personas en la madrile\u00f1a Puerta del Sol para comer las tradicionales 12 uvas (una por cada campanada), mientras que en Barcelona se lanzar\u00e1 un gigantesco castillo de fuegos artificiales.\n\nMiles de personas ya se api\u00f1aron el martes por la noche en la Puerta del Sol para escuchar y festejar un d\u00eda antes las doce campanadas que anuncian el A\u00f1o Nuevo, en una suerte de ensayo general.\n\nEn Par\u00eds, los Campos El\u00edseos mostrar\u00e1n por primera vez un gran espect\u00e1culo visual, con la proyecci\u00f3n de un v\u00eddeo sobre el Arco de Triunfo que ilustrar\u00e1 la vida parisina y tratar\u00e1 temas medioambientales. La capital francesa acoger\u00e1 a finales de 2015 la conferencia internacional sobre el clima.\n\nEn Reino Unido, las orillas del T\u00e1mesis tambi\u00e9n ser\u00e1n escenario de un espect\u00e1culo pirot\u00e9cnico, que ser\u00e1 de pago por motivos de seguridad p\u00fablica, tras la inmensa afluencia de los a\u00f1os anteriores.\n\nPara Lituania, la entrada en el a\u00f1o 2015 tambi\u00e9n significar\u00e1 la entrada en el euro, mientras que su vecino let\u00f3n presidir\u00e1 la Uni\u00f3n Europea, lo que lo situar\u00e1 en la primera l\u00ednea de las negociaciones con Rusia sobre el conflicto con Ucrania.\n\nM\u00e1s de dos millones de personas son esperadas en la playa de Copacabana en Rio de Janeiro para asistir al lanzamiento de fuegos artificiales que marcar\u00e1n el 450\u00ba aniversario de la fundaci\u00f3n de la ciudad.\n\nEn Nueva York, un mill\u00f3n de personas acompa\u00f1ar\u00e1 en Times Square la tradicional bajada de una bola de cristal multicolor.\n\nns",
                    "date": "2014-12-31",
                    "eventUri": "2132424",
                    "id": "29591874",
                    "isDuplicate": false,
                    "lang": "spa",
                    "sim": 0.7981,
                    "source": {
                        "title": "La Nacion de Paraguay",
                        "uri": "www.lanacion.com.py"
                    },
                    "time": "13:15:00",
                    "title": "Sidney inaugura la entrada del planeta al 2015",
                    "uri": "237819562",
                    "url": "http://www.lanacion.com.py/articulo/188038-sidney-inaugura-la-entrada-del-planeta-al-2015.html",
                    "wgt": 1
                },
                {
                    "body": "Con diferentes tradiciones, espect\u00e1culos, desfiles y fuegos artificiales los habitantes de distintas ciudades reciben el 2015.\n\nLuego de un a\u00f1o turbulento marcado por problemas con el terrorismo, el brote de \u00e9bola y horribles desastres a\u00e9reos, muchos podr\u00edan ser perdonados por despedirse de 2014 y recibir con alegr\u00eda el nuevo a\u00f1o.\n\nEn todo el mundo, gente con ganas de pasarlo bien y olvidarse de tristezas se reune en las playas, a orillas del puerto o en las calles para recibir el nuevo a\u00f1o.\n\nS\u00eddney se enorgullece de ser una de las primeras ciudades importantes del mundo en recibir cada nuevo a\u00f1o, y planea celebrar 2015 con su tradicional y brillante celebraci\u00f3n, una exhibici\u00f3n de fuegos artificiales de estilo tropical que incluye relucientes palmeras doradas y plateadas con efectos pirot\u00e9cnicos.\n\nM\u00e1s de 1,5 millones de personas se reunieron en las concurridas orillas del conocido puerto de la cuidad con un c\u00e1lido clima veraniego para contemplar la alegre erupci\u00f3n de luz sobre el Puente de la bah\u00eda de S\u00eddney y la \u00d3pera, entre otras localizaciones.\n\nTres horas antes de medianoche tuvo lugar una exhibici\u00f3n de fuegos de artificio de nueve minutos de duraci\u00f3n -lanzada desde el puente y barcazas- dirigida a los m\u00e1s peque\u00f1os. La agradecida audiencia aplaudi\u00f3 mientras explotaban siete toneladas p\u00f3lvora, incluyendo 11.000 bombas, 25.000 cohetes parecidos a cometas y m\u00e1s de 100.000 efectos pirot\u00e9cnicos individuales m\u00e1s.\n\nLos festejos, sin embargo, llegan apenas dos semanas despu\u00e9s de que un hombre de origen iran\u00ed, que se consideraba a s\u00ed mismo cl\u00e9rigo, tomase 18 rehenes dentro de una cafeter\u00eda en el centro de la ciudad. Durante la muestra de fuegos de artificio, sobre los pilones del puente se realizar\u00e1 un homenaje a los dos prisioneros fallecidos durante el sitio, y 3.000 polic\u00edas extra patrullar\u00e1n la ciudad. Aun as\u00ed, los habitantes de S\u00eddney est\u00e1n siendo animados para celebrar la llegada del a\u00f1o como siempre.\n\nEn Nueva Zelanda, un reloj gigante en la emblem\u00e1tica Sky Tower de Auckland realiz\u00f3 una cuenta atr\u00e1s de los minutos que faltaban para el a\u00f1o nuevo, y grandes fuegos artificiales salieron de la estructura a medianoche.\n\nOraciones en Yakarta\n\nLa desaparici\u00f3n del vuelo 8501 de AirAsia y un deslave mortal en el centro de Java son dos tragedias recientes que han silenciado los planes de celebraci\u00f3n del nuevo a\u00f1o en la capital indonesia, Yakarta. El gobernador de la ciudad, Basuki Tjahaja Purnama, dijo que habr\u00e1 oraciones por las v\u00edctimas de ambos incidentes adem\u00e1s de celebrar su Festival Nocturno anual.\n\nOtras ciudades indonesias optaron por cancelar o rebajar el perfil de sus festejos. El alcalde de Surabaya, Tri Rismaharini, prohibi\u00f3 cualquier tipo de celebraci\u00f3n de A\u00f1o Nuevo en la segunda ciudad del pa\u00eds, de donde proced\u00edan la mayor\u00eda de las 162 personas fallecidas el domingo en el accidente del vuelo de AirAsia.\n\nPolic\u00edas filipinos, advertidos sobre disparar\n\nEl jefe interino de la Polic\u00eda Nacional, Leonardo Espina, ha advertido que los agentes filipinos que disparen sus armas durante las habitualmente estridentes celebraciones de a\u00f1o nuevo perder\u00e1n su empleo.\n\nEnsordecedores fuegos artificiales y disparos de armas suelen dejar los vecindarios envueltos en niebla y humo, provocando cientos de heridos cada a\u00f1o e incluso muertes, muchas por balas perdidas. Desde que el pasado 21 de diciembre comenzaron las celebraciones de A\u00f1o Nuevo, m\u00e1s de 160 personas resultaron heridas.\n\nCompitiendo con los chinos y comprando con los japoneses\n\nBeijing recibir\u00e1 el a\u00f1o nuevo con un evento en el Parque Ol\u00edmpico pensado para destacar la candidatura de la capital a acoger los Juegos de Invierno de 2022. Habr\u00e1 actuaciones de patinadores y al acto asistir\u00e1n tambi\u00e9n el patinador y medallista ol\u00edmpico, Zhao Hongbo, el nadador medalla de oro en la competici\u00f3n paral\u00edmpica Yang Yang y el pianista Lang Lang. Parte de las celebraciones transcurrir\u00e1n en Zhangjiakou, la ciudad de la vecina provincia de Hebei que forma parte del proyecto ol\u00edmpico, y al pie de la Gran Muralla al noroeste de la capital.\n\nEn Jap\u00f3n, las tiendas acostumbran a cerrar el d\u00eda de A\u00f1o Nuevo, el feriado m\u00e1s tradicional del pa\u00eds, por lo que el mi\u00e9rcoles fue el d\u00eda de compras para la mayor\u00eda, que se preparan para un fest\u00edn anual llamado \"osechi ryori\".\n\nA medianoche, las campanas de los templos sonar\u00e1n 108 veces, el n\u00famero de pecados, o tentaciones, del budismo. Habr\u00e1 fuegos artificiales y hogueras por todo el pa\u00eds mientras millones de personas acuden a templos y altares en sus vecindarios para pedir salud y felicidad.\n\nLos ministros indios, sin fiestas ostentosas\n\nEl primer ministro indio, Narendra Modi, y su ejecutivo trabajan tanto el 31 de diciembre como el 1 de enero manteniendo su promesa de \"buen gobierno\". Los ministros cancelaron viajes y planes de celebraci\u00f3n y se les pidi\u00f3 que se mantengan alejados de fiestas y actos ostentosos.\n\nEl Big Ben marca el 2015\n\nEn Londres se esperan cientos de miles de personas a lo largo del r\u00edo T\u00e1mesis para ver los fuegos artificiales a medianoche, mientras el Big Ben, el famoso reloj de Parlamento, marca el inicio del a\u00f1o nuevo.\n\nLas calles de la capital de Escocia, Edimburgo, se llenar\u00e1n para el Hogmanay, una de las mayores celebraciones del A\u00f1o Nuevo del continente. El festival de tres d\u00edas _ que deriva de las celebraciones vikingas del solsticio de invierno _ comenz\u00f3 el martes con una procesi\u00f3n iluminada por antorchas en la que participaron 35.000 personas, incluyendo bandas de m\u00fasica y comparsas vestidos como sus antepasados, y un espect\u00e1culo de fuegos artificiales desde el Calton Hill.\n\nEn el copa ... Copacabana\n\nSe espera que m\u00e1s de un mill\u00f3n de personas se re\u00fanan sobre la arena dorada de la playa de Copacabana, en R\u00edo de Janeiro, donde dos docenas de artistas y DJs actuar\u00e1n en tres escenarios. Turistas y residentes suelen seguir la fiesta hasta el amanecer, intentando permanecer despiertos para ver c\u00f3mo sale el sol por primera vez en 2015.\n\nUna gran exhibici\u00f3n de fuegos de artificio se disparar\u00e1 desde barcos en aguas del oc\u00e9ano Atl\u00e1ntico iluminando el cielo sobre la multitud, que tradicionalmente suele vestirse de blanco, una tradici\u00f3n brasile\u00f1a para un a\u00f1o nuevo puro y en paz. Otro ritual dice que los asistentes deben meterse en el mar hasta las rodillas y saltar siete olas justo al inicio del nuevo a\u00f1o para tener buena suerte.\n\nVer el descenso de la bola o lo que sea\n\nEn Nueva York, la bola de cristal Waterford descender\u00e1 a medianoche, una tradici\u00f3n que es cada vez m\u00e1s imitada en Estados Unidos, aunque con giros para incorporar los iconos locales. En Las Cruces, Nuevo M\u00e9xico, la v\u00edspera de A\u00f1o Nuevo se animar\u00e1 con el primer descenso de un chile mientras que en Miami se iluminar\u00e1 un ne\u00f3n naranja de 10 metros (35 pies). En Atlanta y Nashville, Tennessee, har\u00e1n descender un melocot\u00f3n y una nota musical, respectivamente.\n\nFlagstaff, Arizona, recibir\u00e1 el 2015 con el descenso de una pi\u00f1a de 2 metros de alto (6 pies) desde un hotel del centro y en la cercana Prescott bajar\u00e1 una bota de cowboy de 2 metros (6 pies) en un gui\u00f1o a la cultura del oeste.\n\nEn el lago Erie en Port Clinton, Ohio, la comunidad contemplar\u00e1 el tradicional descenso de un lucio de madera y fibra de vidrio de 270 kilos (600 libras). En la Pen\u00ednsula Superior de Michigan celebrar\u00e1n el a\u00f1o nuevo recordando su historia minera, con una r\u00e9plica de una empanadilla _ rellena de carne y patatas _ en Escanaba, una de las ciudades m\u00e1s importantes de la remota regi\u00f3n. Esta era una comida popular entre los mineros que emigraron a Michigan hace d\u00e9cadas.\n\nEn medio de las celebraciones, varias ciudades est\u00e1n en alerta por protestas relacionadas con las recientes muertes de hombres desarmados negros a manos de la polic\u00eda. El alcalde y el comisario de Boston instaron a los activistas a suspender una manifestaci\u00f3n en la que los asistentes se tumban en el suelo simulando estar fallecidos. No se anunciaron planes para grandes protestas en Nueva York, donde el departamento de polic\u00eda sigue llorando a sus dos agentes baleados dentro de su coche patrilla. Pero la seguridad estar\u00e1 reforzada, con m\u00e1s efectivos de lo normal.\n\nNieve en la ciudad: \u00bfcu\u00e1les son las probabilidades?\n\nLas Vegas no es un lugar donde esperar nieve, y menos en fin de a\u00f1o. As\u00ed que con el Servicio Nacional de Meteorolog\u00eda diciendo que hay una posibilidad de que puedan caer algunos copos sobre la capital del juego donde cientos de miles de personas se preparan para recibir 2015, la agencia advierte a los visitantes: Abr\u00edguense y calcen zapatos c\u00f3modos _ va a ser una noche fr\u00eda.\n\nLos organizadores de la tirada de fuegos artificiales dijeron que el espect\u00e1culo se celebrar\u00e1, con o sin nieve. Las previsiones se\u00f1alan que la probabilidad de nieve en el \u00faltimo d\u00eda del a\u00f1o en la zona de Las Vegas es del 70% junto con una temperatura m\u00ednima de 0 grados Celsius (32 Fahrenheit).",
                    "date": "2014-12-31",
                    "eventUri": "2132424",
                    "id": "29600127",
                    "isDuplicate": false,
                    "lang": "spa",
                    "sim": 0.768,
                    "source": {
                        "title": "Telediario Digital",
                        "uri": "www.telediariodigital.net"
                    },
                    "time": "15:39:00",
                    "title": "El mundo celebra la llegada de A\u00f1o Nuevo",
                    "uri": "237839656",
                    "url": "http://www.telediariodigital.net/2014/12/el-mundo-celebra-la-llegada-de-ano-nuevo/",
                    "wgt": 1
                },
                {
                    "body": "REDACCI\u00d3N AP. Luego de un a\u00f1o turbulento marcado por problemas con el terrorismo, el brote de \u00e9bola y horribles desastres a\u00e9reos, muchos podr\u00edan ser perdonados por despedirse de 2014 y recibir con alegr\u00eda el nuevo a\u00f1o.\n\nEn todo el mundo, gente con ganas de pasarlo bien y olvidarse de tristezas se reunir\u00e1n en las playas de Brasil, a orillas del puerto de S\u00eddney o en las posiblemente nevadas calles de Las Vegas (s\u00ed, en serio) para recibir el nuevo a\u00f1o. A continuaci\u00f3n un vistazo a c\u00f3mo lo celebrar\u00e1 el mundo:\n\nLos primeros\n\nS\u00eddney se enorgullece de ser una de las primeras ciudades importantes del mundo en recibir cada nuevo a\u00f1o, y planea celebrar 2015 con su tradicional y brillante celebraci\u00f3n - una exhibici\u00f3n de fuegos artificiales de estilo tropical que incluye relucientes palmeras doradas y plateadas con efectos pirot\u00e9cnicos.\n\nM\u00e1s de 1,5 millones de personas se reunieron en las concurridas orillas del conocido puerto de la cuidad con un c\u00e1lido clima veraniego para contemplar la alegre erupci\u00f3n de luz sobre el Puente de la bah\u00eda de S\u00eddney y la \u00d3pera, entre otras localizaciones.\n\nTres horas antes de medianoche tuvo lugar una exhibici\u00f3n de fuegos de artificio de nueve minutos de duraci\u00f3n - lanzada desde el puente y barcazas - dirigida a los m\u00e1s peque\u00f1os. La agradecida audiencia aplaudi\u00f3 mientras explotaban siete toneladas p\u00f3lvora, incluyendo 11.000 bombas, 25.000 cohetes parecidos a cometas y m\u00e1s de 100.000 efectos pirot\u00e9cnicos individuales m\u00e1s.\n\nLos festejos, sin embargo, llegan apenas dos semanas despu\u00e9s de que un hombre de origen iran\u00ed, que se consideraba a s\u00ed mismo cl\u00e9rigo, tomase 18 rehenes dentro de una cafeter\u00eda en el centro de la ciudad. Durante la muestra de fuegos de artificio, sobre los pilones del puente se realizar\u00e1 un homenaje a los dos prisioneros fallecidos durante el sitio, y 3.000 polic\u00edas extra patrullar\u00e1n la ciudad. Aun as\u00ed, los habitantes de S\u00eddney est\u00e1n siendo animados para celebrar la llegada del a\u00f1o como siempre.\n\nEn Nueva Zelanda, un reloj gigante en la emblem\u00e1tica Sky Tower de Auckland realiz\u00f3 una cuenta atr\u00e1s de los minutos que faltaban para el a\u00f1o nuevo, y grandes fuegos artificiales salieron de la estructura a medianoche.\n\nOraciones en Yakarta\n\nLa desaparici\u00f3n del vuelo 8501 de AirAsia y un deslave mortal en el centro de Java son dos tragedias recientes que han silenciado los planes de celebraci\u00f3n del nuevo a\u00f1o en la capital indonesia, Yakarta. El gobernador de la ciudad, Basuki Tjahaja Purnama, dijo que habr\u00e1 oraciones por las v\u00edctimas de ambos incidentes adem\u00e1s de celebrar su Festival Nocturno anual.\n\nOtras ciudades indonesias optaron por cancelar o rebajar el perfil de sus festejos. El alcalde de Surabaya, Tri Rismaharini, prohibi\u00f3 cualquier tipo de celebraci\u00f3n de A\u00f1o Nuevo en la segunda ciudad del pa\u00eds, de donde proced\u00edan la mayor\u00eda de las 162 personas fallecidas el domingo en el accidente del vuelo de AirAsia.\n\nAdvertencia a polic\u00edas filipinos\n\nEl jefe interino de la Polic\u00eda Nacional, Leonardo Espina, ha advertido que los agentes filipinos que disparen sus armas durante las habitualmente estridentes celebraciones de a\u00f1o nuevo perder\u00e1n su empleo. Ensordecedores fuegos artificiales y disparos de armas suelen dejar los vecindarios envueltos en niebla y humo, provocando cientos de heridos cada a\u00f1o e incluso muertes, muchas por balas perdidas. Desde que el pasado 21 de diciembre comenzaron las celebraciones de A\u00f1o Nuevo, m\u00e1s de 160 personas resultaron heridas.\n\nCompitiendo con los chinos\n\nBeijing recibir\u00e1 el a\u00f1o nuevo con un evento en el Parque Ol\u00edmpico pensado para destacar la candidatura de la capital a acoger los Juegos de Invierno de 2022. Habr\u00e1 actuaciones de patinadores y al acto asistir\u00e1n tambi\u00e9n el patinador y medallista ol\u00edmpico, Zhao Hongbo, el nadador medalla de oro en la competici\u00f3n paral\u00edmpica Yang Yang y el pianista Lang Lang. Parte de las celebraciones transcurrir\u00e1n en Zhangjiakou, la ciudad de la vecina provincia de Hebei que forma parte del proyecto ol\u00edmpico, y al pie de la Gran Muralla al noroeste de la capital.\n\nEn Jap\u00f3n, las tiendas acostumbran a cerrar el d\u00eda de A\u00f1o Nuevo, el feriado m\u00e1s tradicional del pa\u00eds, por lo que el mi\u00e9rcoles fue el d\u00eda de compras para la mayor\u00eda, que se preparan para un fest\u00edn anual llamado \"osechi ryori\".\n\nA medianoche, las campanas de los templos sonar\u00e1n 108 veces, el n\u00famero de pecados, o tentaciones, del budismo. Habr\u00e1 fuegos artificiales y hogueras por todo el pa\u00eds mientras millones de personas acuden a templos y altares en sus vecindarios para pedir salud y felicidad.\n\nMinistros indios sin fiestas ostentosas\n\nEl primer ministro indio, Narendra Modi, y su ejecutivo trabajan tanto el 31 de diciembre como el 1 de enero manteniendo su promesa de \"buen gobierno\". Los ministros cancelaron viajes y planes de celebraci\u00f3n y se les pidi\u00f3 que se mantengan alejados de fiestas y actos ostentosos.\n\nBig Ben marca el 2015\n\nEn Londres se esperan cientos de miles de personas a lo largo del r\u00edo T\u00e1mesis para ver los fuegos artificiales a medianoche, mientras el Big Ben, el famoso reloj de Parlamento, marca el inicio del a\u00f1o nuevo.\n\nLas calles de la capital de Escocia, Edimburgo, se llenar\u00e1n para el Hogmanay, una de las mayores celebraciones del A\u00f1o Nuevo del continente. El festival de tres d\u00edas - que deriva de las celebraciones vikingas del solsticio de invierno - comenz\u00f3 el martes con una procesi\u00f3n iluminada por antorchas en la que participaron 35.000 personas, incluyendo bandas de m\u00fasica y comparsas vestidos como sus antepasados, y un espect\u00e1culo de fuegos artificiales desde el Calton Hill.\n\nEn el Copa...Copacabana\n\nSe espera que m\u00e1s de un mill\u00f3n de personas se re\u00fanan sobre la arena dorada de la playa de Copacabana, en R\u00edo de Janeiro, donde dos docenas de artistas y DJs actuar\u00e1n en tres escenarios. Turistas y residentes suelen seguir la fiesta hasta el amanecer, intentando permanecer despiertos para ver c\u00f3mo sale el sol por primera vez en 2015.\n\nUna gran exhibici\u00f3n de fuegos de artificio se disparar\u00e1 desde barcos en aguas del oc\u00e9ano Atl\u00e1ntico iluminando el cielo sobre la multitud, que tradicionalmente suele vestirse de blanco, una tradici\u00f3n brasile\u00f1a para un a\u00f1o nuevo puro y en paz. Otro ritual dice que los asistentes deben meterse en el mar hasta las rodillas y saltar siete olas justo al inicio del nuevo a\u00f1o para tener buena suerte.\n\nDescenso de la bola de cristal en Nueva York\n\nEn Nueva York, la bola de cristal Waterford descender\u00e1 a medianoche, una tradici\u00f3n que es cada vez m\u00e1s imitada en Estados Unidos, aunque con giros para incorporar los iconos locales. En Las Cruces, Nuevo M\u00e9xico, la v\u00edspera de A\u00f1o Nuevo se animar\u00e1 con el primer descenso de un chile mientras que en Miami se iluminar\u00e1 un ne\u00f3n naranja de 10 metros (35 pies). En Atlanta y Nashville, Tennessee, har\u00e1n descender un melocot\u00f3n y una nota musical, respectivamente.\n\nFlagstaff, Arizona, recibir\u00e1 el 2015 con el descenso de una pi\u00f1a de 2 metros de alto (6 pies) desde un hotel del centro y en la cercana Prescott bajar\u00e1 una bota de cowboy de 2 metros (6 pies) en un gui\u00f1o a la cultura del oeste.\n\nEn el lago Erie en Port Clinton, Ohio, la comunidad contemplar\u00e1 el tradicional descenso de un lucio de madera y fibra de vidrio de 270 kilos (600 libras). En la Pen\u00ednsula Superior de Michigan celebrar\u00e1n el a\u00f1o nuevo recordando su historia minera, con una r\u00e9plica de una empanadilla - rellena de carne y patatas - en Escanaba, una de las ciudades m\u00e1s importantes de la remota regi\u00f3n. Esta era una comida popular entre los mineros que emigraron a Michigan hace d\u00e9cadas.\n\nEn medio de las celebraciones, varias ciudades est\u00e1n en alerta por protestas relacionadas con las recientes muertes de hombres desarmados negros a manos de la polic\u00eda. El alcalde y el comisario de Boston instaron a los activistas a suspender una manifestaci\u00f3n en la que los asistentes se tumban en el suelo simulando estar fallecidos. No se anunciaron planes para grandes protestas en Nueva York, donde el departamento de polic\u00eda sigue llorando a sus dos agentes baleados dentro de su coche patrilla. Pero la seguridad estar\u00e1 reforzada, con m\u00e1s efectivos de lo normal.\n\nProbabilidades de nevada en Las Vegas\n\nLas Vegas no es un lugar donde esperar nieve, y menos en fin de a\u00f1o. As\u00ed que con el Servicio Nacional de Meteorolog\u00eda diciendo que hay una posibilidad de que puedan caer algunos copos sobre la capital del juego donde cientos de miles de personas se preparan para recibir 2015, la agencia advierte a los visitantes: Abr\u00edguense y calcen zapatos c\u00f3modos - va a ser una noche fr\u00eda.\n\nLos organizadores de la tirada de fuegos artificiales dijeron que el espect\u00e1culo se celebrar\u00e1, con o sin nieve. Las previsiones se\u00f1alan que la probabilidad de nieve en el \u00faltimo d\u00eda del a\u00f1o en la zona de Las Vegas es del 70% junto con una temperatura m\u00ednima de 0 grados Celsius (32 Fahrenheit).",
                    "date": "2014-12-31",
                    "eventUri": "2132424",
                    "id": "29599194",
                    "isDuplicate": false,
                    "lang": "spa",
                    "sim": 0.7604,
                    "source": {
                        "title": "Diariolibre.com",
                        "uri": "www.diariolibre.com"
                    },
                    "time": "15:20:00",
                    "title": "El mundo recibe el 2015 con fiestas en playas y cohetes",
                    "uri": "237837432",
                    "url": "http://www.diariolibre.com/internacionales/2014/12/31/i948721_mundo-recibe-2015-con-fiestas-playas-cohetes.html",
                    "wgt": 1
                },
                {
                    "body": "Sydney, Australia.- Luego de un a\u00f1o turbulento marcado por problemas con el terrorismo, el brote de \u00e9bola y horribles desastres a\u00e9reos, el mundo est\u00e1 listo para despedirse del 2014 y recibir con alegr\u00eda el nuevo a\u00f1o.\n\nSydney se enorgullece de ser una de las primeras ciudades importantes del mundo en recibir cada nuevo a\u00f1o, y este 2015 lo hizo con su tradicional y brillante exhibici\u00f3n de fuegos artificiales.\n\nM\u00e1s de 1.5 millones de personas se reunieron para contemplar la alegre erupci\u00f3n de luz sobre el Puente de la bah\u00eda de Sydney y la \u00d3pera.\n\nLos festejos, sin embargo, llegan apenas 2 semanas despu\u00e9s de que un hombre de origen iran\u00ed, que se consideraba a s\u00ed mismo cl\u00e9rigo, tomase 18 rehenes dentro de una cafeter\u00eda en el centro de la ciudad. Durante la muestra de fuegos artificiales, sobre los pilones del puente se realizar\u00e1 un homenaje a los 2 prisioneros fallecidos durante el sitio, mientras 3 mil polic\u00edas patrullan la ciudad.\n\nEn Nueva Zelanda, un reloj gigante en la emblem\u00e1tica Sky Tower de Auckland realiz\u00f3 una cuenta atr\u00e1s de los minutos que faltaban para el a\u00f1o nuevo, y grandes fuegos artificiales salieron de la estructura a medianoche.\n\nLa desaparici\u00f3n del vuelo 8501 de AirAsia y un deslave mortal en el centro de Java son dos tragedias recientes que han silenciado los planes de celebraci\u00f3n del nuevo a\u00f1o en la capital indonesia, Yakarta. El gobernador de la ciudad, Basuki Tjahaja Purnama, dijo que habr\u00e1 oraciones por las v\u00edctimas de ambos incidentes adem\u00e1s de celebrar su Festival Nocturno anual.\n\nOtras ciudades indonesias optaron por cancelar o reducir el perfil de sus festejos. El alcalde de Surabaya, Tri Rismaharini, prohibi\u00f3 cualquier tipo de celebraci\u00f3n de A\u00f1o Nuevo en la segunda ciudad del pa\u00eds, de donde proced\u00edan la mayor\u00eda de las 162 personas fallecidas el domingo en el accidente del vuelo de AirAsia.\n\nPOLIC\u00cdAS FILIPINOS, ADVERTIDOS SOBRE DISPARAR\n\nEl jefe interino de la Polic\u00eda Nacional, Leonardo Espina, ha advertido que los agentes filipinos que disparen sus armas durante las habitualmente estridentes celebraciones de a\u00f1o nuevo perder\u00e1n su empleo. Ensordecedores fuegos artificiales y disparos de armas suelen dejar los vecindarios envueltos en niebla y humo, provocando cientos de heridos cada a\u00f1o e incluso muertes, muchas por balas perdidas. Desde que el pasado 21 de diciembre comenzaron las celebraciones de A\u00f1o Nuevo, m\u00e1s de 160 personas resultaron heridas.\n\nCOMPITIENDO CON LOS CHINOS Y COMPRANDO CON LOS JAPONESES\n\nBeijing recibir\u00e1 el a\u00f1o nuevo con un evento en el Parque Ol\u00edmpico pensado para destacar la candidatura de la capital a acoger los Juegos de Invierno de 2022. Habr\u00e1 actuaciones de patinadores y al acto asistir\u00e1n tambi\u00e9n el patinador y medallista ol\u00edmpico, Zhao Hongbo, el nadador medalla de oro en la competici\u00f3n paral\u00edmpica Yang Yang y el pianista Lang Lang. Parte de las celebraciones transcurrir\u00e1n en Zhangjiakou, la ciudad de la vecina provincia de Hebei que forma parte del proyecto ol\u00edmpico, y al pie de la Gran Muralla al noroeste de la capital.\n\nEn Jap\u00f3n, las tiendas acostumbran a cerrar el d\u00eda de A\u00f1o Nuevo, el feriado m\u00e1s tradicional del pa\u00eds, por lo que el mi\u00e9rcoles fue el d\u00eda de compras para la mayor\u00eda, que se preparan para un fest\u00edn anual llamado \"osechi ryori\".\n\nA medianoche, las campanas de los templos sonar\u00e1n 108 veces, el n\u00famero de pecados, o tentaciones, del budismo. Habr\u00e1 fuegos artificiales y hogueras por todo el pa\u00eds mientras millones de personas acuden a templos y altares en sus vecindarios para pedir salud y felicidad.\n\nEl primer ministro indio, Narendra Modi, y su ejecutivo trabajan tanto el 31 de diciembre como el 1 de enero manteniendo su promesa de \"buen gobierno\". Los ministros cancelaron viajes y planes de celebraci\u00f3n y se les pidi\u00f3 que se mantengan alejados de fiestas y actos ostentosos.\n\nEn Londres se esperan cientos de miles de personas a lo largo del r\u00edo T\u00e1mesis para ver los fuegos artificiales a medianoche, mientras el Big Ben, el famoso reloj de Parlamento, marca el inicio del a\u00f1o nuevo.\n\nLas calles de la capital de Escocia, Edimburgo, se llenar\u00e1n para el Hogmanay, una de las mayores celebraciones del A\u00f1o Nuevo del continente. El festival de 3 d\u00edas, que deriva de las celebraciones vikingas del solsticio de invierno, comenz\u00f3 el martes con una procesi\u00f3n iluminada por antorchas en la que participaron 35 mil personas, incluyendo bandas de m\u00fasica y comparsas vestidos como sus antepasados, y un espect\u00e1culo de fuegos artificiales desde el Calton Hill.\n\nSe espera que m\u00e1s de un mill\u00f3n de personas se re\u00fanan sobre la arena dorada de la playa de Copacabana, en R\u00edo de Janeiro, donde 2 docenas de artistas y DJs actuar\u00e1n en 3 escenarios. Turistas y residentes suelen seguir la fiesta hasta el amanecer, intentando permanecer despiertos para ver c\u00f3mo sale el sol por primera vez en 2015.\n\nUna gran exhibici\u00f3n de fuegos artificiales se disparar\u00e1 desde barcos en aguas del Oc\u00e9ano Atl\u00e1ntico iluminando el cielo sobre la multitud, que tradicionalmente suele vestirse de blanco, una tradici\u00f3n brasile\u00f1a para un a\u00f1o nuevo puro y en paz. Otro ritual dice que los asistentes deben meterse en el mar hasta las rodillas y saltar 7 olas justo al inicio del nuevo a\u00f1o para tener buena suerte.\n\nEn Nueva York, la bola de cristal Waterford descender\u00e1 a medianoche, una tradici\u00f3n que es cada vez m\u00e1s imitada en Estados Unidos, aunque con giros para incorporar los iconos locales. En Las Cruces, Nuevo M\u00e9xico, la v\u00edspera de A\u00f1o Nuevo se animar\u00e1 con el primer descenso de un chile mientras que en Miami se iluminar\u00e1 una naranja ne\u00f3n de 10 metros. En Atlanta y Nashville, Tennessee, har\u00e1n descender un melocot\u00f3n y una nota musical, respectivamente.\n\nFlagstaff, Arizona, recibir\u00e1 el 2015 con el descenso de una pi\u00f1a de 2 metros de alto desde un hotel del centro y en la cercana Prescott bajar\u00e1 una bota de cowboy de 2 metros en un gui\u00f1o a la cultura del oeste.\n\nEn medio de las celebraciones, varias ciudades est\u00e1n en alerta por protestas relacionadas con las recientes muertes de afroamericanos desarmados a manos de la Polic\u00eda.",
                    "date": "2014-12-31",
                    "eventUri": "2132424",
                    "id": "29600746",
                    "isDuplicate": false,
                    "lang": "spa",
                    "sim": 0.7117,
                    "source": {
                        "title": "www.aztecanoticias.com.mx",
                        "uri": "www.aztecanoticias.com.mx"
                    },
                    "time": "15:49:00",
                    "title": "El mundo le da la bienvenida al 2015",
                    "uri": "237841035",
                    "url": "http://www.aztecanoticias.com.mx/notas/internacional/209555/el-mundo-le-da-la-bienvenida-al-2015",
                    "wgt": 1
                },
                {
                    "body": "Desde Hong Kong hasta Londres, pasando por Nueva York y R\u00edo de Janeiro, millones de personas celebrar\u00e1n las doce campanadas con multitud de fuegos artificiales, conciertos y juegos de luces.\n\nEn S\u00eddney, la ciudad m\u00e1s grande de Australia, m\u00e1s de un mill\u00f3n de personas asistieron al lanzamiento de toneladas de fuegos artificiales en racimos multicolores sobre la bah\u00eda. \"Estamos celebrando que somos una comunidad multicultural y armoniosa, aunque estaremos pensando en lo que ocurri\u00f3\", dijo la alcaldesa de S\u00eddney, Clover Moore, refiri\u00e9ndose a la toma de 17 rehenes en un caf\u00e9 del centro de la ciudad el pasado 15 de diciembre. El ataque se sald\u00f3 con la muerte de dos de ellos y del secuestrador, Man Haron Monis, de origen iran\u00ed.\n\nAustralia, que forma parte de la coalici\u00f3n internacional que lucha contra los combatientes del grupo Estado Isl\u00e1mico, subi\u00f3 en septiembre su nivel de alerta ante la amenaza que suponen los yihadistas que regresan de Irak y de Siria.",
                    "date": "2014-12-31",
                    "eventUri": "2132424",
                    "id": "29602241",
                    "isDuplicate": false,
                    "lang": "spa",
                    "sim": 0.5895,
                    "source": {
                        "title": "ABC Color",
                        "uri": "www.abc.com.py"
                    },
                    "time": "16:13:00",
                    "title": "Con fuegos artificiales, S\u00eddney celebra el A\u00f1o Nuevo",
                    "uri": "237844713",
                    "url": "http://www.abc.com.py/internacionales/con-fuegos-artificiales-sidney-celebra-el-ano-nuevo-1322198.html",
                    "wgt": 1
                },
                {
                    "body": "Luego de un a\u00f1o turbulento empa\u00f1ado por terrorismo, \u00e9bola y una serie de desastres a\u00e9reos, es comprensible que muchos est\u00e9n dici\u00e9ndole \"hasta nunca\" al 2014.\n\nEn todo el mundo, juerguistas en busca de un respiro se congregan en playas en Brasil, junto a la bah\u00eda de Syndey y en las calles de Las vegas para recibir el 2015. Seguidamente una mirada a las celebraciones:\n\nSydney, que se enorgullece de ser una de las primeras ciudades grandes en el mundo en saludar el A\u00f1o Nuevo, recibi\u00f3 el 2015 con el estilo deslumbrante que la caracteriza: un espect\u00e1culo de fuegos artificiales que incluy\u00f3 una palma dorada y plateada.\n\nM\u00e1s de 1,5 millones de personas se congregaron junto a la c\u00e9lebre bah\u00eda de la ciudad para ver el espect\u00e1culo de luces sobre el Harbour Bridge, la Opera y otros puntos sobre el agua.\n\nEn Nueva Zelanda, un reloj gigante en Ia Sky Tower de Auckland hizo la cuenta regresiva al A\u00f1o Nuevo, y fuegos artificiales salieron de la torre a la medianoche.\n\nEl desastre del Vuelo 8501 de AirAsia y el fatal alud en Java son tragedias recientes que han afectado los planes de celebraci\u00f3n en Yakarta, la capital de Indonesia. El gobernador de la ciudad Basuki Tjahaja Purnama dijo que se realizar\u00edan servicios de oraciones por las v\u00edctimas, junto con el anual Jakarta Night Festival.\n\nEl jefe interino de la Polic\u00eda Nacional Leonardo Espina ha advertido que los polic\u00edas que disparen sus armas durante las celebraciones perder\u00e1n sus puestos. Fuegos artificiales y disparos al aire usualmente dejan las comunidades envueltas en humo y resultan en centenares de heridos todos los a\u00f1os, incluso muertes, debidas a balas perdidas. Desde que las celebraciones del Nuevo A\u00f1o comenzaron el 21 de diciembre m\u00e1s de 160 personas han resultado heridas.\n\nBeijing esperar\u00e1 el A\u00f1o Nuevo con un evento en el Parque Ol\u00edmpico dise\u00f1ado para resaltar la candidatura de la ciudad a la sede de los Juegos de Invierno del 2022. Importantes figuras ol\u00edmpicas y el pianista Lang Lang participar\u00e1n. Tambi\u00e9n habr\u00e1 celebraciones en Zhangjiakou, la ciudad en la vecina provincia de Hebei que ser\u00eda una sede de los juegos, y al pie de parte de la Gran Muralla.\n\nEn Jap\u00f3n, las campanas de los templos sonaron 108 veces, el n\u00famero de males o tentaciones de acuerdo con el budismo, y fuegos artificiales y fogatas iluminaron el cielo en toda la naci\u00f3n.\n\nEn la mayor ciudad de Sud\u00e1frica, Johanesburgo, la v\u00edspera de A\u00f1o Nuevo usualmente trae un incremento en delitos menores y vandalismo, En el distrito de Hillbrow ha habido una tradici\u00f3n extra\u00f1a, y peligrosa, de lanzar objetos indeseados, como muebles, cocinas e incluso refrigeradores, por los balcones de edificios altos. Para tratar hacer un festejo m\u00e1s seguro en los barrios humildes, hace tres a\u00f1os fue lanzado el Carnaval Joburg.\n\nEl primer ministro indio Narendra Modi y su gabinete trabajan el 31 de diciembre y el 1ro de enero, para cumplir su promesa de \"buena gobernanza\". Los ministros cancelaron planes de viajes y celebraciones y tienen instrucciones de no asistir a fiestas.\n\nEn Londres, centenares de miles de personas van a congregarse en las riberas del T\u00e1mesis para un espect\u00e1culo de fuegos artificiales combinado con campanazos del Big Ben.\n\nEn Edimburgo, la capital escocesa, los fiesteros llenar\u00e1n las calles para el Hogmanay, una de las mayores celebraciones de fin de a\u00f1o en Europa. El festival de tres d\u00edas -- derivado de celebraciones vikingas del solsticio invernal -- comenz\u00f3 el martes con una procesi\u00f3n de antorchas que incluy\u00f3 bandas musicales y actores vestidos de vikingos.\n\nM\u00e1s de 1 mill\u00f3n de personas abarrotar\u00e1n las doradas arenas de la playa de Copacabana, en Rio de Janeiro, donde m\u00e1s de una veintena de m\u00fasicos y DJs actuar\u00e1n en tres escenarios. Turistas y locales usualmente esperan en la playa el primer amanecer del A\u00f1o Nuevo.\n\n___\n\nLA BOLA EN NUEVA YORK, OTRAS COSAS EN OTRAS CIUDADES\n\nNueva York va a marcar el A\u00f1o Nuevo con el descenso de la bola de cristal Waterford a la medianoche, en una tradici\u00f3n que est\u00e1 siendo imitada cada vez m\u00e1s en el resto del pa\u00eds -- con variantes locales. Las Cruces, Nuevo M\u00e9xico, tendr\u00e1 su primera ca\u00edda del chile. En Miami, una naranja de ne\u00f3n de 10 metros se encender\u00e1, mientras que Atlanta y Nashville bajar\u00e1n un melocot\u00f3n y una nota musical, respectivamente.\n\nEn medio de las celebraciones, algunas ciudades estar\u00e1n en alerta para protestas de A\u00f1o Viejo relacionadas con recientes muertes de hombres negros desarmados a manos de la polic\u00eda.\n\n___\n\nNIEVE EN LAS VEGAS: \u00bfCU\u00c1LES SON LAS PROBABILIDADES?\n\nLas Vegas no es un lugar donde esperar nieve, y menos en fin de a\u00f1o. As\u00ed que con el Servicio Nacional de Meteorolog\u00eda diciendo que hay una posibilidad de que puedan caer algunos copos sobre la capital del juego donde cientos de miles de personas se preparan para recibir 2015, la agencia advierte a los visitantes: Abr\u00edguense y calcen zapatos c\u00f3modos -- va a ser una noche fr\u00eda.\n\nLos organizadores de la tirada de fuegos artificiales dijeron que el espect\u00e1culo se celebrar\u00e1, con o sin nieve. Las previsiones se\u00f1alan que la probabilidad de nieve en el \u00faltimo d\u00eda del a\u00f1o en la zona de Las Vegas es del 70% junto con una temperatura m\u00ednima de 0 grados Celsius (32 Fahrenheit).",
                    "date": "2014-12-31",
                    "eventUri": "2132424",
                    "id": "29602570",
                    "isDuplicate": false,
                    "lang": "spa",
                    "sim": 0.5876,
                    "source": {
                        "title": "hosted2.ap.org",
                        "uri": "hosted2.ap.org"
                    },
                    "time": "15:57:00",
                    "title": "Fiestas y fuegos artificiales saludan el 2015",
                    "uri": "237845617",
                    "url": "http://hosted2.ap.org/CARLP/f88abdb59d484e25a06de66b0c595a58/Article_2014-12-31-MUN-GEN%20A%C3%91O%20NUEVO%20EN%20EL%20MUNDO/id-b1c2dcb2d326499a87111312cea6362f",
                    "wgt": 1
                },
                {
                    "body": "Megafiesta y luces para disfrutar el fin del a\u00f1o en Guayaquil\n\nS\u00eddney -que se enorgullece de ser una de las primeras ciudades importantes del mundo en recibir cada nuevo a\u00f1o- celebr\u00f3 la llegada del 2015 con su tradicional y brillante celebraci\u00f3n, una exhibici\u00f3n de fuegos artificiales de estilo tropical.\n\nM\u00e1s de 1,5 millones de personas se reunieron en las concurridas orillas del conocido puerto de la cuidad con un c\u00e1lido clima veraniego para contemplar la alegre erupci\u00f3n de luz sobre el Puente de la bah\u00eda de S\u00eddney y la \u00d3pera, entre otras localizaciones.\n\nTres horas antes de medianoche tuvo lugar una exhibici\u00f3n de fuegos de artificio de nueve minutos de duraci\u00f3n -lanzada desde el puente y barcazas- dirigida a los m\u00e1s peque\u00f1os. La agradecida audiencia aplaudi\u00f3 mientras explotaban siete toneladas p\u00f3lvora, incluyendo 11.000 bombas, 25.000 cohetes parecidos a cometas y m\u00e1s de 100.000 efectos pirot\u00e9cnicos individuales m\u00e1s.\n\nLos festejos, sin embargo, llegan apenas dos semanas despu\u00e9s de que un hombre de origen iran\u00ed, que se consideraba a s\u00ed mismo cl\u00e9rigo, tomase 18 rehenes dentro de una cafeter\u00eda en el centro de la ciudad. Durante la muestra de fuegos de artificio, sobre los pilones del puente se realizar\u00e1 un homenaje a los dos prisioneros fallecidos durante el sitio, y 3.000 polic\u00edas extra patrullar\u00e1n la ciudad. Aun as\u00ed, los habitantes de S\u00eddney est\u00e1n siendo animados para celebrar la llegada del a\u00f1o como siempre.\n\nEn Nueva Zelanda, un reloj gigante en la emblem\u00e1tica Sky Tower de Auckland realiz\u00f3 una cuenta atr\u00e1s de los minutos que faltaban para el a\u00f1o nuevo, y grandes fuegos artificiales salieron de la estructura a medianoche. (I)",
                    "date": "2014-12-31",
                    "eventUri": "2132424",
                    "id": "29596673",
                    "isDuplicate": false,
                    "lang": "spa",
                    "sim": 0.5551,
                    "source": {
                        "title": "El Universo",
                        "uri": "www.eluniverso.com"
                    },
                    "time": "14:37:00",
                    "title": "S\u00eddney celebra la llegada del 2015",
                    "uri": "237830938",
                    "url": "http://www.eluniverso.com/noticias/2014/12/31/nota/4389716/sidney-celebra-llegada-2015",
                    "wgt": 1
                },
                {
                    "body": "Duran menos de 20 minutos durante una noche al a\u00f1o, pero implican meses de preparaci\u00f3n, toneladas de material y millones de d\u00f3lares.\n\nLos fuegos artificiales para celebrar el A\u00f1o Nuevo se han convertido en espect\u00e1culos cada vez m\u00e1s sofisticados, tecnol\u00f3gicos y multidisciplinarios.\n\nLas principales ciudades del globo, como Londres, Sidney, Dubai o R\u00edo de Janeiro hoy compiten porque sus shows aparezcan al menos un par de segundos en los noticiarios mundiales.\n\nUn clic de YouTube\n\nNo bastan un par de petardos y tres voladores. Los dise\u00f1adores de fuegos artificiales no s\u00f3lo buscan la atenci\u00f3n de los miles de ojos que los observan en vivo, sino la de los millones de dedos que potencialmente har\u00e1n clic en sus videos v\u00eda YouTube o las redes sociales.\n\nPara el a\u00f1o nuevo de 2011, primera vez que Londres organiz\u00f3 un espect\u00e1culo multidisciplinario, el show tuvo alrededor de 2.000.000 de visitas en YouTube. Para este nuevo a\u00f1o 2015 esperan contar con cerca de 5.000.000.\n\n\"No se trata s\u00f3lo de fuegos artificiales, se trata de poner a Londres en el mapa\", le explica a BBC Mundo Jim Donald, jefe de proyecto del a\u00f1o nuevo organizado por la Municipalidad de Londres, reconocido por tener de tel\u00f3n de fondo a los ic\u00f3nicos Big Ben y London Eye.\n\nHoy el principal desaf\u00edo es precisamente compatibilizar ambas audiencias en un solo espect\u00e1culo, seg\u00fan explica Phil Grucci, uno de los m\u00e1s importantes dise\u00f1adores pirot\u00e9cnicos a nivel mundial, quien actualmente posee el r\u00e9cord Guinness por la mayor exposici\u00f3n de fuegos artificiales en el a\u00f1o nuevo de Dubai 2014.\n\nAquella noche se dispararon 479.651 proyectiles en s\u00f3lo seis minutos: casi 80.000 por minuto, 1.332 por segundo. El material requiri\u00f3 de seis contenedores para ser transportado desde EE.UU.\n\nLuz y sonido\n\nLuz, proyecci\u00f3n y sonido son hoy fieles compa\u00f1eros de los fuegos. \"Ha habido un dram\u00e1tico aumento de la visualizaci\u00f3n\", le cuenta Grucci a BBC Mundo.\n\nPero en un espect\u00e1culo multidisciplinario, que puede tardar meses, o incluso m\u00e1s de un a\u00f1o en prepararse, lo primero en la lista es la m\u00fasica.\n\n\"La banda sonora es la columna vertebral del espect\u00e1culo pirot\u00e9cnico. Evaluamos los principales momentos del a\u00f1o y los tratamos de musicalizar\", explica Donald.\n\nEso incluye tambi\u00e9n sonido ambiente e incluso de frases caracter\u00edsticas como el tradicional \"mind the gap\" que los usuarios del metro de Londres escuchan al subirse y bajarse de un vag\u00f3n.\n\nMientras Londres escoge una mezcla de m\u00fasica, el m\u00e1s espectacular show de fuegos -Dubai 2014- prefiri\u00f3 contratar a su propio compositor.\n\nYa sea con prestada o propia, s\u00f3lo una vez que se determina la banda sonora entra en escena el dise\u00f1ador pirot\u00e9cnico.\n\nDe correr por tu vida a apretar un bot\u00f3n\n\nAunque la qu\u00edmica de los fuegos ha cambiado poco -no va mucho m\u00e1s all\u00e1 de profundizar la gama de colores-, los Grucci reconocen como trascendentales los avances tecnol\u00f3gicos en los \u00faltimos 30 a\u00f1os, en particular en la coordinaci\u00f3n del despliegue pirot\u00e9cnico.\n\n\"Lo que antes se hac\u00eda manual, se puedo hacer con botones\", explica Grucci.\n\nEsta modernizaci\u00f3n es a\u00fan m\u00e1s marcada en los \u00faltimos 15 a\u00f1os. \"Se podr\u00eda decir que pasamos de lo an\u00e1logo a lo digital\", le dice Donald a BBC Mundo.\n\nDesde el cambio de milenio, el desaf\u00edo de hacer coincidir los fuegos con sonido, luz e incluso im\u00e1genes, ha impulsado el desarrollo de nuevas -y cada vez m\u00e1s avanzadas- tecnolog\u00edas.\n\n\"Cuando empezamos hace 11 a\u00f1os todos ten\u00edamos un reloj que ten\u00eda que estar a la hora del Big Ben. Ahora todo est\u00e1 sincronizado a un reloj GPS\".\n\nSin embargo, el viejo reloj de Parlamento brit\u00e1nico no ha salido del todo de la ecuaci\u00f3n.\n\nSon sus campanadas las que marcan la llegada de cada a\u00f1o. Un equipo completo est\u00e1 localizado all\u00ed para hacer que el antiguo reloj la d\u00e9 como corresponde, sin ning\u00fan traspi\u00e9.\n\nAdem\u00e1s, cada campanada va acompa\u00f1ada de explosiones, las cuales tienen que estar perfectamente sincronizadas.\n\n10, 9, 8...\n\nLograr esto es m\u00e1s complicado de lo que pueda pensarse.\n\nDarryl Fleming, dise\u00f1ador de Titanium Fireworks, quien estuvo a cargo de dise\u00f1ar el espect\u00e1culo de los juegos ol\u00edmpicos de Londres 2012 y del a\u00f1o nuevo en la capital brit\u00e1nica, le cuenta a BBC Mundo que para el cambio de milenio cada racimo de fuegos se activaba con 120 entradas. Hoy cada uno lo hace con unas 1.500 y el espect\u00e1culo total cuenta con unas 4.000.\n\n\"14 a\u00f1os atr\u00e1s jam\u00e1s hubi\u00e9semos podido lanzar fuegos desde el London Eye. Hoy tenemos varias posiciones a lo largo de la rueda con un solo cable que las conecta\", relata.\n\nEl otro cambio tecnol\u00f3gico trascendental fue el lanzamiento de varios programas de simulaci\u00f3n como ShowSim y Visual Show Director, que permiten recrear casi perfectamente un espect\u00e1culo que no puede ser ensayado.\n\n\"Permite mostrar el dise\u00f1o, cambiarlo o ajustarlo a las otras disciplinas, adem\u00e1s de ser muy \u00fatil para preparar las transmisiones en vivo\", asegura Donald.\n\nFuegos latinos\n\nSi bien los mayores y m\u00e1s conocidos espect\u00e1culos se concentran en Europa y Asia, algunas ciudades de Latinoam\u00e9rica suenan entre los nombres conocidos.\n\nR\u00edo de Janeiro, en Brasil, y la bah\u00eda de Valpara\u00edso, en Chile, son dos de los a\u00f1os nuevos en el mar m\u00e1s conocidos.\n\nAmbos son dise\u00f1ados por Pirotecnia Igual, con sede en Barcelona.\n\n\"El dise\u00f1ador del espect\u00e1culo casi siempre es el mismo, no obstante participamos varios en lanzar ideas\", explica Pedro Pablo Chadwick, coordinador general del espect\u00e1culo de a\u00f1o nuevo en la Bah\u00eda de Valpara\u00edso.\n\nAl ser un espacio abierto y en el mar, la tecnolog\u00eda se ve m\u00e1s reducida que en los espacios urbanos.\n\nSin embargo, Chadwick adelanta que el a\u00f1o nuevo 2015 Valpara\u00edso introducir\u00e1 un importante cambio tecnol\u00f3gico: drones con c\u00e1maras que capten el minuto exacto del espect\u00e1culo entre los fuegos, desde el aire.\n\nTambi\u00e9n seguridad\n\nLa preparaci\u00f3n de un espect\u00e1culo de estas proporciones no es s\u00f3lo t\u00e9cnica.\n\nEn una ciudad como Londres, la seguridad es esencial. Y este a\u00f1o nuevo por primera vez se cobrar\u00e1 entrada por ingresar al \u00e1rea con mejor vista del espect\u00e1culo.\n\n\"No es para ganar dinero, sino para reducir el n\u00famero de gente\", asegura Donald.",
                    "date": "2014-12-31",
                    "eventUri": "2132424",
                    "id": "29598801",
                    "isDuplicate": false,
                    "lang": "spa",
                    "sim": 0.4371,
                    "source": {
                        "title": "Cooperativa",
                        "uri": "www.cooperativa.cl"
                    },
                    "time": "15:14:00",
                    "title": "La sofisticada tecnolog\u00eda detr\u00e1s de los espect\u00e1culos de fuegos artificiales de fin de a\u00f1o",
                    "uri": "237836590",
                    "url": "http://www.cooperativa.cl/noticias/sociedad/celebraciones/ano-nuevo/la-sofisticada-tecnologia-detras-de-los-espectaculos-de-fuegos-artificiales-de-fin-de-ano/2014-12-31/114008.html",
                    "wgt": 1
                }
            ]
        },
        "info": {
            "articleCount": 11,
            "averageDate": "2014-12-31",
            "avgCos": 0.6948,
            "categories": [],
            "customDate": false,
            "customLocation": false,
            "eventUri": "2132424",
            "extractedDate": "",
            "extractedDateEnd": "",
            "id": "2109175",
            "lang": "spa",
            "location": {
                "country": {
                    "labelEng": "Australia",
                    "lat": -25,
                    "long": 135,
                    "wikiUri": "http://en.wikipedia.org/wiki/Australia"
                },
                "labelEng": "Sydney",
                "lat": -33.86785,
                "long": 151.20732,
                "wikiUri": "http://en.wikipedia.org/wiki/Sydney"
            },
            "storyDate": "2014-12-31",
            "storyDateEnd": "",
            "uri": "spa-63A553DD-A2F8-411E-9FB6-620DC17635E3-11279",
            "variance": 0.2586
        }
    }
}