{
    "850f305d-14db-4c75-b547-79470a557ea3-839691": {
        "articles": {
            "resultCount": 10,
            "results": [
                {
                    "body": "CHAIRMAN of the National Committee Against Torture, Dr Samson Sani Ameh, on Tuesday, faulted the reports of the Amnesty International, which indicted the police and the Nigerian Army of using torture as a means of extracting statement from suspects.\n\nReacting to the report on Tuesday, Ameh told a press conference in Abuja, on Tuesday that the report was a \"calculated intention to misinform Nigerians,\" adding that the police had taken an unequivocal stand against the use of torture by its officers.\n\nThe National Committee Against Torture's chairman, who maintained that the Amnesty International report, which he noted was intentionally negative and false, added that the Federal Government was doing everything possible to avoid the use of torture of any kind to extract information.\n\n\"Right from training, the Nigeria Police are being taught on how to use modern technological equipment in detection of crime, so that they do not need to resort to old, crude method.\n\n\"The significant aspect of the police syllabus is that it contains a section on Human Rights, so that right from the training, the police officers are taught on the need to observe the human rights of citizens.\n\n\"In the course of our visit to police stations, we were very pleased to see that there was an anti-torture unit in each station, where anybody, either police or non-police can report any act of torture or other cruel, degrading treatment or punishment meted to them.\n\n\"Indeed, the Nigeria Police should be commended for establishing the anti-torture desk, rather than being condemned as had been done by Amnesty International in their report entitled: \"Welcome to hell fire: Torture and other ill-treatment in Nigeria.\" To show how mischievous their report is, they renamed the anti-torture desk in police stations as 'Torture Desk', in order to paint Nigeria black in the eyes of the world,\" Ameh stated.\n\nHe said his committee had the mandate to receive and consider communications on torture from individuals, Civil Society Organisations (CSOs) and government institutions, pointing out that the Amnesty International had never sent any petition to the committee that was not attended to.\n\nAccording to the SAN, the committee had treated several complaints of torture and wondered why Justice Chinwe, who alleged that he was tortured by the police in Onitsha chose to go to Amnesty International instead of the committee set up principally to attend to such issues.\n\nHe, however, said the committee would step into the matter, with a view to investigating the allegation levelled against the police and give its recommendation accordingly, saying further that the committee, which was set up in 2009, had sent its quarterly report to the United Nations' Convention sub-committee for prevention of torture and had gotten commendations from them.\n\nAmeh added that the committee would not be distracted by the Amnesty International's campaign of calumny from doing what was right and in meeting with the obligations under International Law, while noting that the Federal Government was already establishing mores courts, adding that 25 justices were recently appointed to the Court of Appeal bench, in a bid to make justice delivery faster.",
                    "date": "2014-09-23",
                    "eventUri": "1367602",
                    "id": "20303520",
                    "isDuplicate": false,
                    "lang": "eng",
                    "sim": 0.7179,
                    "source": {
                        "title": "www.tribune.com.ng",
                        "uri": "www.tribune.com.ng"
                    },
                    "time": "21:06:00",
                    "title": "Torture: FG faults Amnesty International's report",
                    "uri": "213076537",
                    "url": "http://www.tribune.com.ng/news/news-headlines/item/16859-torture-fg-faults-amnesty-international-s-report",
                    "wgt": 1
                },
                {
                    "body": "Don Wright, the Vancouver based activism coordinator for Amnesty International Canada, delivered a strong message at the University of Lethbridge on Monday night about putting an end to torture.\n\nAmnesty International has reported on torture in at least 141 countries during the past five years.\n\nAt the end of May, Amnesty launched a two-year campaign called 'Stop Torture.' The campaign is focused on five countries; Mexico, Nigeria Philippines, Morocco and Uzbekistan. Wright said that Amnesty International believes significant impact can be achieved to end torture in those five countries.\n\nWright said during an interview with The Herald that the Stop Torture campaign is \"not only calling the governments to pay attention to their obligations around international law, and often their own constitutions but they also focus on one specific case to help make it real for people.\n\n\"'We need to stop torture in Nigeria,' it's kind of a too big of an issue and people can't wrap their head around it,\" he said. \"In its classic Amnesty way of working, they say 'here's a picture of Moses Akatugba and here's his story and what's happened to him,' and they can respond to that much easier.\"\n\nWright said he believes that torture is often being used as punishment, or to silence people and use them as an example to others as if to say \"you better not speak out because this is going to happen to you.\"\n\nWright added that torture is often used to gain confessions from people who are not responsible or guilty for criminal acts.\n\nHe said Amnesty International is always looking for citizens to sign petitions to support human right issues, but this fall they are asking Canadians to talk to government about the need to sign and gratify the optional protocol, which focuses more on the legislative side of the equation.\n\n\"There is a convention against torture, where most countries have signed on to. The optional protocol allows UN inspectors to come into prisons and detention facilities and make sure there is no evidence that torture is being used, or to investigate allegations of torture if that's the case.\"\n\nSo far Canada has not signed that optional protocol. While Amnesty is not specifically concerned about torture in Canadian facilities, Wright said, they want Canada to be seen as an example for the rest of the world and say \"yes, we've ratified this optional protocol and we're now in a position to call on other government to do the same, where perhaps there are concerns about the use of torture.\"\n\nWright said there is a huge gap in many places where, even if torture is alleged in a prison or detention centre, very seldom is it investigated. \"There's a big gap in terms or accountability or holding anyone accountable for having used torture in a detention centre or prison.\"\n\nWright encourages anyone in the area who is interested in the protection and promotion of human rights to join the Amnesty International Action Circle Lethbridge.",
                    "date": "2014-09-23",
                    "eventUri": "1367602",
                    "id": "20303495",
                    "isDuplicate": false,
                    "lang": "eng",
                    "sim": 0.6884,
                    "source": {
                        "title": "lethbridgeherald.com",
                        "uri": "lethbridgeherald.com"
                    },
                    "time": "05:25:00",
                    "title": "Campaign to end torture made a stop in city last night",
                    "uri": "213076581",
                    "url": "http://lethbridgeherald.com/news/local-news/2014/09/23/campaign-to-end-torture-made-a-stop-in-city-last-night/",
                    "wgt": 1
                },
                {
                    "body": "The next few months will determine whether Chinwe's life is changed forever. Accused of murder by a corrupt and brutal police force, he faces spending his remaining years behind bars. He is at risk of being convicted by a Nigerian court on the basis of a confession he signed to stop the agony of torture.\n\nChinwe tells me he was bound and tied to a pole, then suspended from the ceiling by police officers. They left him to hang from it until he passed out from the pain. When he did, police poured cold water over him to make sure he could feel every minute of their abuse.\n\nHis story is all too familiar to me.As a former prisoner of conscience, I have lived in jail with people who have been tortured. I have experienced the harsh reality of extremely poor and harsh detention conditions. I have seen the consequences of poor hygiene, overcrowding, abusive treatment and poor medical treatment.\n\nMy personal experience was not in Nigeria, but the situation is no different here. Torture is an intrinsic part of police work in this country. It's a routine tool in the investigative process. The military use it too - en masse against those they accuse of interacting with Boko Haram. Torture is not just accepted by the Nigerian authorities, it's embraced.\n\nPolice stations across Nigeriaeven have an officer informallyin charge of torture. This most abhorrent of human rights violations, outlawed in countries acrossthe globe, is not even classified as a criminal offence here.\n\nFor decades, Amnesty International has been at the forefront of the fight against torture worldwide. The pervasive nature of torture and other ill-treatment in Nigeria has not gone unnoticed. We're now targetingour efforts -with the help of ourmillions of supporters and partnersworldwide -on highlighting the Nigerian government's flagrant failure to abide by its international obligation to stamp out this egregious human rights violation.\n\nOn Thursday we released a new report, \"Welcome to hell fire\": Torture and other ill-treatment in Nigeria, which makes clear why Nigeria needs to be afocus of this campaign now more than ever.\n\nThe world has watched as the conflict with Boko Haram escalates. There's no doubt that the group has committed atrocities; grotesque crimes that Amnesty International has wholeheartedly condemned. But instead of protecting human rights and the rule of law, the military increasingly acts as a law unto itself.\n\nAndit's more widespread than that. The police employ torture with impunity as a tool to extort money, extract confessions, or simply as a form of extrajudicial punishment. Both the military and the police are exploiting the positions of power they are trusted with to abuse the very people they are supposed to protect.\n\nNigeria talks the talk but in practice its inaction is startling. Over the past three decades successive governments have signed up to seven different treaties committing to stop torture. Yet in 2007 the UN Special Rapporteur on Torture found that torture had become \"institutionalised and routine\". And in 2014, the practice continues unabated, unchecked.\n\nThe Nigerian government has had long enough to fulfil its promises. With elections due in February next year, we want a commitment toprotect human rights toform the backbone of all parties' election manifestos.\n\nChinwe is not the only man whose life hangs in the balance because of a confession extracted by torture. Dodo Odafe also faces a death sentence after a confession extracted through torture was admitted as evidence in his trial.\n\nAccused of robbery, he faced days of unspeakable torture in prison and finally \"confessed\" when five police officers locked him in a pick-up with two dead bodies and told him he would face the same fate. After considering his torture, one judge ruled his confession inadmissible- only for another judge to take over and allow it to stand.The judiciary in Nigeria has a lot to answer for - their acceptance of forced \"confessions\" as evidence makes torture a quick and easyway to obtain convictions.\n\nThere are too many people like Chinwe and Dodo in Nigeria. We document their cases alongside others in our report, but the reality is that this is probably only the tip of the iceberg. Most of what goes on in prison cells across the country happens behind closed doors.\n\nThe promises Nigeria made when it signed up to numerous international covenants against torture now ring hollow.It is high time these promises were fulfilled. Parliament must urgently pass legislation criminalizing torture. The government must ensure independent and impartial investigations of torture allegations and provide detainees with prompt access to their lawyers and family members.Courts must reject all \"evidence\" obtained by torture. Perpetrators must be prosecuted fairly and punished, victims must be compensated.\n\nThis is the response to our reportwe demand. There can be no more excuses for delay, no more excuses that Nigeria's leadership don't know about the crimes committed in their name. They must now make a decision - confronttorturers, or stand accused as their accomplices.\n\nBy Netsanet Belay, Amnesty International's Director for Research and Advocacy in Africa\n\nDo you have a story or an article to publish? Please email us at [email protected].",
                    "date": "2014-09-23",
                    "eventUri": "1367602",
                    "id": "20303509",
                    "isDuplicate": false,
                    "lang": "eng",
                    "sim": 0.6783,
                    "source": {
                        "title": "www.spyghana.com",
                        "uri": "www.spyghana.com"
                    },
                    "time": "12:25:00",
                    "title": "The Era Of Torture In Nigerjia Must Stop",
                    "uri": "213076566",
                    "url": "http://www.spyghana.com/era-torture-nigerjia-must-stop/",
                    "wgt": 1
                },
                {
                    "body": "China has become a major manufacturer and exporter of torture devices and other cruel and inhumane law enforcement tools, Amnesty International and the Omega Research Foundation say in a report released Tuesday. A decade ago, 28 companies developed, manufactured, and exported law enforcement tools, but that number has ballooned to more than 130 companies.\n\nSome examples of the inherently cruel instruments cited by Amnesty are spiked batons, electric prods, chained hand-and-neck cuffs, and a particular restraining chair that handcuffs detainees in painful, rigid positions and has \"no legitimate law enforcement use,\" the London human rights group says. \"There is no excuse whatsoever for allowing the manufacturing and trade in equipment for which the primary purpose is to torture or inflict cruel, inhuman, or degrading treatment on people,\" Amnesty's Patrick Wilcken said in a statement.\n\nChina denies that its police and other law enforcement agents use torture on inmates, and torture is explicitly banned in China, but there are widespread allegations of gross mistreatment of detainees. On Monday, China's state media reported that a court in northeastern China had convicted three police officers and four others for torturing suspects, killing one and restraining another in an iron chair while prodding him with an electric shock baton.\n\nEven if China itself doesn't torture inmates, Amnesty says, it certainly exports its cruel wares to repressive governments in Asia and Africa. You can read the 38-page report at Amnesty International.",
                    "date": "2014-09-23",
                    "eventUri": "1367602",
                    "id": "20216595",
                    "isDuplicate": false,
                    "lang": "eng",
                    "sim": 0.6765,
                    "source": {
                        "title": "theweek.com",
                        "uri": "theweek.com"
                    },
                    "time": "12:56:00",
                    "title": "China is a major exporter of torture instruments, Amnesty International says",
                    "uri": "212873921",
                    "url": "http://theweek.com/article/index/268603/speedreads-china-is-a-major-exporter-of-torture-instruments-amnesty-international-says",
                    "wgt": 1
                },
                {
                    "body": "Cruel instruments of torture manufactured in China, including electric shock wands and neck-and-wrist cuffs have been advertised and sold at UK arms fairs and then sold to the world's most brutal regimes, a damning report has revealed.\n\nIn fact, the UK routinely hosts arms fairs where torture equipment is advertised, Amnesty has claimed.\n\nLast September, Chinese exhibitor Tianjin Myway International was ejected from London Dockland's Defence and Security Equipment International exhibition for advertising electric shock stun guns in its company brochure. It was the third successive DSEi exhibition where banned equipment was on sale. The next DSEi fair is planned for September 2015.\n\nAt other UK arms fairs Chinese companies Famous Glory Holdings and Echo Industrial Co Ltd have advertised leg cuffs, a range of electro shock stun guns and batons.\n\n\"The UK government has never prosecuted any company for illegally peddling torture equipment at UK arms fairs, despite numerous repeat offences dating back over a decade,\" Oliver Sprague, the charity' arms programme director, said.\n\n\"The UK's public rhetoric is that it has the strongest laws to ban this trade, but its actions so far have demonstrated the complete opposite. We want assurances that this is the end of the UK playing the dirty role of matchmaker between trader and torturer. There is no way we should be involved in this grim torture industry.\"\n\nUK export controls forbid \"any act calculated to promote the supply of any category A goods\" and the UK Government's guidance states: \"The controls on Category A goods cover 'any act calculated to promote' the movement of such goods with no exemption for general advertising or promotion.\" Category A goods include goods defined as torture equipment under UK legislation. But despite these rules, \"manufactures continue to flagrantly advertise torture equipment\", Amnesty said.\n\nHere are some examples of the equipment sold by Chinese companies. Some companies attempted to sell electric shock stun guns, leg cuffs and batons through arms trading in Britain.\n\nThe full report detailed 130 Chinese companies, up from 28 about a decade ago, which are now engaged in the development, production and export of law enforcement tools like spiked batons and restraint chairs with ankle cuffs which contort detainees. Amnesty said the torture implements are being shipped to Cambodia, Nepal, Congo, Egypt, Ghana, Madagascar, Senegal and Uganda, and has urged China to ban their manufacture.\n\n\"There is no excuse whatsoever for allowing the manufacturing and trade in equipment for which the primary purpose is to torture or inflict cruel, inhuman or degrading treatment on people,\" Patrick Wilcken, security trade and human rights researcher at Amnesty International, said in a statement.\n\nChina explicitly bans torture and mistreatment of inmates, and it strongly denies widespread allegations that torture is often used by Chinese police and Communist Party investigators.\n\nAmnesty says it has documented a wide range of physical torture in China, including the use of electric shock batons.\n\nOn Monday, the Xinhua News agency reported that a court in northeastern China had convicted three police officers and four other non-police officers of torturing suspects and killing one person. One victim said he was restrained to an iron chair while being prodded with an electric shock baton, Xinhua said.\n\nMore from the Associated Press:\n\nChina's Public Security Ministry did not respond to requests for comment. Calls to one of the companies that makes electric-shock wands, Anhua Police Equipment Manufacturing Co, in eastern Jiangsu province, were referred to a senior manager who identified himself only by his surname Ma.\n\n\"We are at the service of the Chinese government, so I cannot answer you,\" Ma said. \"I think China has pretty good human rights records, and I suggest those countries finding issues with China's human rights records look at themselves first.\"A woman who answered the phone at Yuanda Industrial and Trade Co, which makes restraint chairs and neck-and-wrist cuffs, said the company was producing only what the government has approved and is not responsible for any wrongdoing.",
                    "date": "2014-09-23",
                    "eventUri": "1367602",
                    "id": "20249465",
                    "isDuplicate": false,
                    "lang": "eng",
                    "sim": 0.6757,
                    "source": {
                        "title": "The Huffington Post UK",
                        "uri": "www.huffingtonpost.co.uk"
                    },
                    "time": "18:04:00",
                    "title": "China's Implements Of Torture Are Being Traded At British Arms Fairs",
                    "uri": "212952112",
                    "url": "http://www.huffingtonpost.co.uk/2014/09/23/china-amnesty-torture_n_5867938.html?utm_hp_ref=uk&ir=UK",
                    "wgt": 1
                },
                {
                    "body": "By Ikechukwu Nnochiri\n\nABUJA -- THE Federal Government, yesterday, described as arrant falsehood, the recent report by Amnesty International which rated Nigeria very high among countries that have made torture a common investigative technique.\n\nAmnesty International had in the report, alleged that security agencies in the country usually torture and inflict injuries on suspects within their custody.\n\nDebunking the report, Chairman of the National Committee Against Torture, Dr. Samson Ameh, SAN, said that it had became necessary to \"disabuse the minds of Nigerians and the international community on the wrong information being peddled by Amnesty International about Nigeria. The report was deliberately negative.\"\n\nAddressing journalists in Abuja, Dr. Ameh, maintained that Nigeria was a signatory to the United Nations' Convention against torture, adding that the Federal Government had equally ratified the optional protocol of the UN Convention against torture.\n\nAhmed said, \"The protocol enjoins countries that have ratified the convention to establish national torture prevention mechanism. Soon after the ratification, Nigeria constituted the National Committee Against Torture as its national torture prevention mechanism. Nigeria has been consistently taking steps to make sure that torture is eliminated in this country. This was why the National Committee Against Torture which was inaugurated on September 28, 2009, by the Minister of Justice and Attorney General of the Federation, with a membership that cuts across all sectors of the society.\"\n\nBesides, he noted that the committee's terms of reference included to, \"Receive and consider communications on torture from individuals, civil society organizations and government institutions as well as visit to all places of detention in Nigeria and promptly, impartially examine any allegation of torture therein.\"\n\nThe committee, according to him, was made up of nineteen members including the Executive Secretary of the National Human Rights Commission, Prof. Bem Angwe, former Director General of the National Institute of Advanced Legal Studies, Prof. Epiphany Azinge, Olawale Fapohunda, Mrs. Rhona N. Dimude, Mrs. O. O. Fatunde, Mrs. Joy Bob-Manuel, a representative of the Inspector General of Police, among others.\n\nAmeh said his committee had visited several prisons and detention centres across the country, saying they had also made recommendations to the federal government on the need to quickly arrest the dilapidated condition of prisons in Nigeria. He said there was need for government to build more prisons as a way of addressing the problem of prison congestion. \"More courts should be built and judges appointed to fast track justice delivery in the country\", he added.",
                    "date": "2014-09-24",
                    "eventUri": "1367602",
                    "id": "20291596",
                    "isDuplicate": false,
                    "lang": "eng",
                    "sim": 0.6357,
                    "source": {
                        "title": "Vanguard News",
                        "uri": "www.vanguardngr.com"
                    },
                    "time": "02:49:00",
                    "title": "Torture: Amnesty International lied in its report -- FG",
                    "uri": "213047420",
                    "url": "http://www.vanguardngr.com/2014/09/torture-amnesty-international-lied-report-fg/",
                    "wgt": 1
                },
                {
                    "body": "Amnesty International is charging that China's production and export of police equipment used mainly for torture has grown dramatically, enabling human rights violations at home and abroad. The rights group said in a report that China is a now a major exporter of torture tools. It says that 130 Chinese companies, up from 28 just a decade ago, are developing, producing and exporting law enforcement tools, most of them legitimate, but many that are inherently cruel and inhumane. The report cited such products as spiked batons, electric stun guns, and restraint chairs where arms can be shackled and ankle cuffs can force detainees into painful contortions.",
                    "date": "2014-09-23",
                    "eventUri": "1367602",
                    "id": "20303507",
                    "isDuplicate": false,
                    "lang": "eng",
                    "sim": 0.6201,
                    "source": {
                        "title": "The Daily Beast",
                        "uri": "www.thedailybeast.com"
                    },
                    "time": "05:25:00",
                    "title": "Amnesty Blasts China Torture Tools Industry",
                    "uri": "213076588",
                    "url": "http://www.thedailybeast.com/cheats/2014/09/23/amnesty-blasts-china-torture-tools-industry.html",
                    "wgt": 1
                },
                {
                    "body": "BEIJING -- Chinese companies, some of them state-owned, are profiting from the production and export of law enforcement equipment that can be used for torture, fueling human rights abuses in Africa and Asia, two international human rights organizations said in a report released on Tuesday.\n\nMore than 130 Chinese companies are involved in the lucrative trade, up from 28 a decade ago, and many openly sell such \"tools of torture\" as electric shock wands, spiked batons and weighted legcuffs, according to the new report by Amnesty International and the Omega Research Foundation, a British organization that studies the international use and distribution of law enforcement equipment.\n\nThe report characterized such tools as \"inherently cruel and inhumane\" and called for a ban on their manufacture, sale and export, while describing other products made by the Chinese companies as having legitimate uses but being prone to abuse.\n\n\"It's time for China to take responsibility for Chinese equipment that has no other purpose but cruel and inhumane treatment used abroad,\" said Patrick Wilcken, a London-based researcher at Amnesty International.\n\nThe Chinese Ministry of Commerce did not respond to a faxed request for comment on the report.\n\nRights organizations have documented numerous cases of torture by the Chinese authorities, although China officially bans the practice and frequently denies engaging in it. In April, Zhao Chunguang, a national official who oversees police detention facilities, said that in the past five years, torture had never been used to extract a confession in a Chinese detention center.\n\nIn a rare admission, the state-run news agency Xinhua reported on Monday that three police officers and four security officials had been convicted of torturing seven suspects to extract confessions and of killing another detainee, who died after being subjected to electric shocks and being hit on the head with a shoe. On Tuesday, Xinhua reported that the Beijing Discipline Inspection Authority, a government agency that investigates corruption, had announced that each district and county must set up standardized interrogation rooms fitted with padded walls and upholstered furniture \"to prevent accidents.\"\n\nAccording to the rights groups' report released on Tuesday, titled \"China's Trade in Tools of Torture and Repression,\" the Chinese government has failed to regulate the export of equipment with the potential for abuse by security forces abroad. The organization found that such equipment was sold to countries including Egypt, Ghana, Madagascar, Nepal and Senegal.\n\nMany of these products end up in African countries where police brutality is common, the report said. In 2011, security forces in Uganda used Chinese riot control equipment in a violent crackdown on street protests that left at least nine people dead and more than 100 injured. In the same year, the police in the Democratic Republic of Congo used Chinese equipment to quash unrest during the run-up to an election, killing at least 33 people, the report said.\n\nThe report said that China was the only country known to produce spiked truncheons, which feature sharp metal spikes running along the entire length of the baton or have spiked metal heads. These tools, sold by seven Chinese companies, have been used in Cambodia and exported to Nepal and Thailand, the report said.\n\nResearchers also found that 29 Chinese companies advertised the sale of electric stun batons, which can be easily used to shock the genitals, throat or ears without leaving permanent traces. Dozens of other Chinese companies manufacture and sell restraints, like neck-and-wrist cuffs that can restrict breathing and blood circulation, which can lead to death. Particularly prone to abuse are restraint chairs, rigid seats made of metal and wood in which detainees can be strapped into uncomfortable positions and left for hours.\n\nA maker of restraint chairs and projectile stun guns, Chengdu Hengan Police Equipment Manufacturers, features a photo of President Xi Jinping inspecting a bayonet on its website. Reached by phone, a representative who gave her name as Ms. Yang refused to discuss the company's products, citing confidentiality agreements.\n\nA man who answered the phone at the Jiangsu Anhua Police Equipment Manufacturing Company, which the report says produces electric shock shields, said, \"I don't think we make those anymore.\" The man, who refused to give his name but said he was a deputy sales manager, added, \"Maybe we just haven't taken it down from the website.\"",
                    "date": "2014-09-23",
                    "eventUri": "1367602",
                    "id": "20206413",
                    "isDuplicate": false,
                    "lang": "eng",
                    "sim": 0.5977,
                    "source": {
                        "title": "First Draft",
                        "uri": "www.nytimes.com"
                    },
                    "time": "11:18:00",
                    "title": "Rights Groups Accuse China of Exporting 'Tools of Torture'",
                    "uri": "212849181",
                    "url": "http://www.nytimes.com/2014/09/24/world/asia/rights-groups-accuse-china-of-exporting-tools-of-torture.html?partner=rss&emc=rss&smid=tw-nytimesworld&_r=0",
                    "wgt": 1
                },
                {
                    "body": "LAGOS (AA) - Nigeria has rejected a new Amnesty International report in which the rights watchdog accused the country's police and army of carrying out \"routine torture and other inhuman practices.\"\n\nThe rights group said that Nigerian security agencies were guilty of extortion and extracting false confessions from suspects through torture, rape and holding them incommunicado - claims dismissed by the Nigerian police.\n\n\"While we do not question the freedom of the Amnesty International to earn its relevance and bread, the Nigeria police takes serious exception to some blatant falsehoods and innuendos contained in that report,\" police spokesman Emmanuel Ojukwu said in a statement.\n\nThe police also slammed the rights group for the title of its report - \"Welcome to hellfire: Torture and other ill-treatment in Nigeria\" - saying the rights group itself had failed the test of transparency and fairness by not talking to police when preparing its report.\n\n\"It smacks of indecency and intemperate language to liken our dear nation Nigeria to hellfire. That cannot be true,\" Ojukwu fumed. \"Some of the issues raised have since been dispensed with and settled.\"\n\nHe said numerous reforms had been carried out by the police, which, Ojukwu claimed, had \"significantly improved on its human rights record.\"\n\n\"In its report under reference, Amnesty International did admit in its methodology that it visited some police formations and interviewed some family members of suspects,\" the police spokesman noted.\n\n\"At no time in its report did Amnesty speak or interface with the police authorities. This obviously shows their disdain and apparent lack of character where the democratic tenets of fair hearing are concerned,\" he added.\n\nWhile pledging to \"meticulously scan through the document and investigate any current human rights abuses linked to any officer or formation,\" Ojukwu insisted that the police code of conduct for officers \"prohibits torture and incivility to members of the public.\"\n\nOjukwu also called on the rights group to furnish the police with specific details vis-\u00e0-vis its \"allegations\" to allow the police to \"reach the ends of justice for the alleged victims.\"\n\nMeanwhile, the army - which Amnesty also criticized for committing similar rights abuses, especially in the insurgency-wracked northeastern region - has not commented on the allegations.\n\nThe military has in the past accused the rights body of unfairly appraising issues related to terrorism and the government's response.\n\nThe accusation followed recent video footage presented by Amnesty showing what appeared to be army personnel and members of a local vigilante group slaughtering persons alleged to be Boko Haram suspects.\n\nThe abuse allegations, however, are not entirely new to the Nigerian public, especially the local human rights community, which has raised similar concerns in the past.\n\nIn 2004, Nigeria's leading rights group, the Civil Liberties Organization, detailed similar cases of gross human rights violations by the police and the military in a report entitled \"Clear and Present Danger.\"\n\nAmnesty's new report comes amid a national outcry over the case of a Muslim scholar and his wife who were whisked away from their home in the southwestern Ogun State at 3am and held incommunicado for over two months without trial.\n\nThey were later found in the custody of the secret police, family sources told AA, hinting at plans to bring charges against the police.\n\nThe authorities, for their part, have tried over the years to address the issue of police abuse, with a number of officers having been dismissed and prosecuted for committing violations.\n\n\u00a9 2014, Rafiu Ajakaye. All rights reserved. - The views expressed here are purely those of the author and not necessarily those of the publishers. - Newstime Africa content cannot be reproduced in any form - electronic or print - without prior consent of the Publishers. Copyright infringement will be pursued and perpetrators prosecuted.",
                    "date": "2014-09-27",
                    "eventUri": "1367602",
                    "id": "20602591",
                    "isDuplicate": false,
                    "lang": "eng",
                    "sim": 0.5486,
                    "source": {
                        "title": "Newstime Africa",
                        "uri": "www.newstimeafrica.com"
                    },
                    "time": "02:08:00",
                    "title": "Nigeria rejects Amnesty's 'blatant falsehoods' on torture",
                    "uri": "213821075",
                    "url": "http://www.newstimeafrica.com/archives/35510",
                    "wgt": 1
                },
                {
                    "body": "BEIJING - Chinese companies, some of them state-owned, are profiting from the production and export of police equipment that can be used for torture, fueling human rights abuses in Africa and Asia, two international human rights organizations said in a report released Tuesday.",
                    "date": "2014-09-23",
                    "eventUri": "1367602",
                    "id": "20303474",
                    "isDuplicate": false,
                    "lang": "eng",
                    "sim": 0.4959,
                    "source": {
                        "title": "Houston Chronicle",
                        "uri": "www.houstonchronicle.com"
                    },
                    "time": "23:06:00",
                    "title": "Chinese exporting 'tools of torture,' rights groups claim",
                    "uri": "213076533",
                    "url": "http://www.houstonchronicle.com/news/nation-world/world/article/Chinese-exporting-tools-of-torture-rights-5776058.php",
                    "wgt": 1
                }
            ]
        },
        "info": {
            "articleCount": 10,
            "averageDate": "2014-09-23",
            "avgCos": 0.4479,
            "categories": [],
            "customDate": false,
            "customLocation": false,
            "eventUri": "1367602",
            "extractedDate": "",
            "extractedDateEnd": "",
            "id": "1441093",
            "lang": "eng",
            "storyDate": "2014-09-23",
            "storyDateEnd": "",
            "uri": "850f305d-14db-4c75-b547-79470a557ea3-839691",
            "variance": 0.2994
        }
    },
    "e7e700df-6a06-44ea-a4f3-f736278fc36b-300301": {
        "articles": {
            "resultCount": 9,
            "results": [
                {
                    "body": "M\u00e1s de 130 empresas chinas participan del aumento del comercio, fabricaci\u00f3n y exportaci\u00f3n de instrumentos de tortura a pa\u00edses de \u00c1frica y Asia, seg\u00fan una investigaci\u00f3n de Amnist\u00eda Internacional (AI) y la Fundaci\u00f3n de Investigaci\u00f3n Omega divulgada hoy.\n\nEl informe \"Comercio de instrumentos de tortura y represi\u00f3n de China\", publicado por ambas organizaciones, se\u00f1ala que el n\u00famero de empresas que se dedican a la fabricaci\u00f3n de estos productos se ha multiplicado por cuatro en China en los \u00faltimos diez a\u00f1os.\n\nAI denuncia que algunos de estos objetos, como porras el\u00e9ctricas paralizantes, sillas r\u00edgidas de sujeci\u00f3n, pinzas el\u00e9ctricas o porras de metal reforzadas con pinchos, que est\u00e1n dise\u00f1ados espec\u00edficamente como instrumentos de tortura, son exportados a pa\u00edses de \u00c1frica y Asia donde su empleo supone una violaci\u00f3n de los derechos humanos de las v\u00edctimas, seg\u00fan afirma el estudio.\n\nEl informe recoge que algunos de estos objetos, como las porras con p\u00faas de metal, han sido utilizadas por la polic\u00eda de Camboya y se han exportado a las fuerzas de seguridad en Nepal, Tailandia, Ghana, Senegal, Egipto y Madagascar.\n\nOtros productos que pueden tener un uso leg\u00edtimo por parte de las fuerzas de seguridad, como el gas lacrim\u00f3geno, proyectiles de pl\u00e1stico o veh\u00edculos antidisturbios, se est\u00e1n exportando desde China a pa\u00edses donde existe un riesgo sustancial de que puedan cometerse con ellos violaciones de los derechos humanos por parte de los responsables legales que los reciben.\n\n\"No hay excusa alguna para permitir la fabricaci\u00f3n y comercio de equipos cuyo prop\u00f3sito principal es el de torturar o infligir tratos crueles, inhumanos o degradantes en las personas\", afirma Patrick Wilcken, investigador de comercio y seguridad de los derechos humanos para Amnist\u00eda Internacional.\n\n\"Estos actos atroces est\u00e1n totalmente prohibidos por el derecho internacional y las autoridades chinas deben imponer de inmediato la prohibici\u00f3n de la producci\u00f3n y el comercio de este tipo de dispositivos crueles e inhumanos \", a\u00f1adi\u00f3.\n\nWilcken agreg\u00f3 que este comercio \"est\u00e1 floreciendo\" porque las autoridades chinas \"no han hecho nada\" para impedir que las empresas que exportan estos materiales intenten evitar que \"caigan en manos de violadores de los derechos humanos\".\n\nLas compa\u00f1\u00edas chinas -la mayor\u00eda de las cuales son de propiedad del Estado- tienen una presencia cada vez mayor en el mercado mundial de equipos se seguridad, indica el documento.\n\nUna de las empresas, China Xinxing Import/Export, que entre otros productos fabrica esposas para los dedos pulgares, sillas de sujeci\u00f3n, pistolas paralizantes de electrochoque y porras, declar\u00f3 en 2012 que tiene v\u00ednculos con m\u00e1s de 40 pa\u00edses africanos donde su comercio supone m\u00e1s de 120 millones de d\u00f3lares, seg\u00fan el informe.\n\nLa investigaci\u00f3n se\u00f1ala que los controles de exportaci\u00f3n de este tipo de materiales son d\u00e9biles y carecen de transparencia, y extiende tambi\u00e9n el problema a los pa\u00edses que cuentan con normas m\u00e1s estrictas, como los de la Uni\u00f3n Europea o Estados Unidos, a quienes insta a mejorar sus controles seg\u00fan aparecen en el mercado nuevos productos y tecnolog\u00edas.",
                    "date": "2014-09-23",
                    "eventUri": "1522869",
                    "id": "20173453",
                    "isDuplicate": false,
                    "lang": "spa",
                    "sim": 0.8056,
                    "source": {
                        "title": "La Prensa de Managua",
                        "uri": "www.laprensa.com.ni"
                    },
                    "time": "04:15:00",
                    "title": "Denounce the export of torture instruments from chinese companies",
                    "uri": "212763506",
                    "url": "http://www.laprensa.com.ni/2014/09/22/internacionales/1237909-denuncian-la-exportacion-de-instrumentos-de-tortura-desde-empresas-chinas",
                    "wgt": 1
                },
                {
                    "body": "M\u00e1s de 130 empresas chinas participan del aumento del comercio, fabricaci\u00f3n y exportaci\u00f3n de instrumentos de tortura a pa\u00edses de \u00c1frica y Asia, seg\u00fan una investigaci\u00f3n de Amnist\u00eda Internacional (AI) y la Fundaci\u00f3n de Investigaci\u00f3n Omega divulgada hoy.\n\nEl informe 'Comercio de instrumentos de tortura y represi\u00f3n de China', publicado por ambas organizaciones, se\u00f1ala que el n\u00famero de empresas que se dedican a la fabricaci\u00f3n de estos productos se ha multiplicado por cuatro en China en los \u00faltimos diez a\u00f1os.\n\nAI denuncia que algunos de estos objetos, como porras el\u00e9ctricas paralizantes, sillas r\u00edgidas de sujeci\u00f3n, pinzas el\u00e9ctricas o porras de metal reforzadas con pinchos, que est\u00e1n dise\u00f1ados espec\u00edficamente como instrumentos de tortura, son exportados a pa\u00edses de \u00c1frica y Asia donde su empleo supone una violaci\u00f3n de los derechos humanos de las v\u00edctimas, seg\u00fan afirma el estudio.\n\nOtros productos que pueden tener un uso leg\u00edtimo por parte de las fuerzas de seguridad, como el gas lacrim\u00f3geno, proyectiles de pl\u00e1stico o veh\u00edculos antidisturbios, se est\u00e1n exportando desde China a pa\u00edses donde existe un riesgo sustancial de que puedan cometerse con ellos violaciones de los derechos humanos por parte de los responsables legales que los reciben.\n\nLas compa\u00f1\u00edas chinas -la mayor\u00eda de las cuales son de propiedad del Estado- tienen una presencia cada vez mayor en el mercado mundial de equipos de seguridad, indica el documento.\n\nLa investigaci\u00f3n se\u00f1ala que los controles de exportaci\u00f3n de este tipo de materiales son d\u00e9biles y carecen de transparencia, y extiende tambi\u00e9n el problema a los pa\u00edses que cuentan con normas m\u00e1s estrictas, como los de la Uni\u00f3n Europea o Estados Unidos, a quienes insta a mejorar sus controles seg\u00fan aparecen en el mercado nuevos productos y tecnolog\u00edas.",
                    "date": "2014-09-23",
                    "eventUri": "1522869",
                    "id": "20201086",
                    "isDuplicate": false,
                    "lang": "spa",
                    "sim": 0.729,
                    "source": {
                        "title": "Antena3.com",
                        "uri": "www.antena3.com"
                    },
                    "time": "10:08:00",
                    "title": "Amnist\u00eda Internacional denuncia el aumento, en China, de la exportaci\u00f3n de instrumentos de tortura",
                    "uri": "212833953",
                    "url": "http://www.antena3.com/noticias/mundo/amnistia-internacional-denuncia-aumento-china-exportacion-instrumentos-tortura_2014092300109.html",
                    "wgt": 1
                },
                {
                    "body": "*elmercuriodigital \u25ab El floreciente sector del comercio, la fabricaci\u00f3n y la exportaci\u00f3n de instrumentos de tortura por parte de empresas chinas est\u00e1 alimentando las violaciones de derechos humanos en todo \u00c1frica y Asia, seg\u00fan ha revelado una nueva investigaci\u00f3n llevada a cabo por Amnist\u00eda Internacional y la Fundaci\u00f3n de Investigaci\u00f3n Omega.\n\nEl nuevo informe, titulado China's Trade in Tools of Torture and Repression, muestra que ya hay m\u00e1s de 130 empresas chinas que participan en la fabricaci\u00f3n y el comercio de material peligroso de mantenimiento de la ley, frente a las tan s\u00f3lo 28 que se dedicaban a este sector hace una d\u00e9cada.\n\nAlgunos de los dispositivos comercializados abiertamente por estas empresas -entre los que se encuentran porras el\u00e9ctricas, porras con p\u00faas de metal y grilletes con peso para las piernas- son intr\u00ednsecamente crueles e inhumanos y, por tanto, deben prohibirse de inmediato.\n\nOtros materiales -que pueden tener un uso leg\u00edtimo en la labor policial, como gas lacrim\u00f3geno, proyectiles de pl\u00e1stico o veh\u00edculos antidisturbios- se est\u00e1n exportando desde China a pesar de que existe un riesgo sustancial de que las fuerzas del orden de los pa\u00edses receptores los utilicen para cometer violaciones de derechos humanos.\n\nLas empresas chinas -en su mayor\u00eda de propiedad estatal- tienen una presencia cada vez m\u00e1s fuerte en el mercado global de material para las fuerzas encargadas de hacer cumplir la ley.\n\nChina es el \u00fanico pa\u00eds del que se sabe que fabrica porras con p\u00faas: porras que tienen p\u00faas de metal a todo su largo, o bien porras de pl\u00e1stico con una cabeza de metal terminada en punta. Est\u00e1n dise\u00f1adas espec\u00edficamente como herramientas de tortura, y pueden causar un dolor y un sufrimiento muy considerables.\n\nVarias empresas chinas anuncian abiertamente estas porras inhumanas para su exportaci\u00f3n. Seg\u00fan la informaci\u00f3n recibida, la polic\u00eda de Camboya ha utilizado porras con p\u00faas de fabricaci\u00f3n china, y estas porras se han exportado tambi\u00e9n a las fuerzas de seguridad de Nepal y Tailandia.\n\nLa investigaci\u00f3n concluy\u00f3 que 29 empresas chinas dedicadas a la exportaci\u00f3n anunciaban porras el\u00e9ctricas inherentemente crueles. Con estos dispositivos, a los agentes de seguridad les resulta f\u00e1cil aplicar manualmente descargas el\u00e9ctricas m\u00faltiples, sumamente dolorosas, en zonas sensibles del cuerpo, como los genitales, la garganta, la ingle o las orejas, sin dejar rastros f\u00edsicos duraderos.\n\nDecenas de empresas chinas fabrican y comercializan dispositivos de inmovilizaci\u00f3n abusivos, como grilletes para las piernas que llevan un fuerte peso, o sillas de inmovilizaci\u00f3n r\u00edgidas; una empresa fabrica esposas con combinaci\u00f3n para el cuello. Estos dispositivos de cuello pueden poner en peligro la vida de una persona al limitar la respiraci\u00f3n, la circulaci\u00f3n de la sangre y la comunicaci\u00f3n nerviosa entre el cuerpo y el cerebro.\n\nEl estudio de los materiales comercializados por varias de las empresas revela que estos materiales se est\u00e1n vendiendo a varios \u00f3rganos de cumplimiento de la ley de todo el mundo, incluidos algunos que cometen abusos persistentes contra los derechos humanos.\n\nUna empresa -China Xinxing Import / Export Corporation, que ha hecho publicidad de materiales tales como esposas para pulgares, sillas de inmovilizaci\u00f3n, y armas y porras el\u00e9ctricas- declar\u00f3 en 2012 que ten\u00eda v\u00ednculos con m\u00e1s de 40 pa\u00edses africanos, y manten\u00eda relaciones comerciales con \u00c1frica por valor de 100 millones de d\u00f3lares estadounidenses.\n\nAmnist\u00eda Internacional y Omega hallaron indicios de lo que parec\u00edan ser porras el\u00e9ctricas de fabricaci\u00f3n china utilizadas por la polic\u00eda en Ghana, Senegal, Egipto y Madagascar.\n\nLas empresas chinas tambi\u00e9n siguen exportando material que s\u00f3lo puede tener un uso leg\u00edtimo en las labores de cumplimiento de la ley si dicho uso es conforme con las normas internacionales y si los agentes cuentan con formaci\u00f3n adecuada y rinden plena cuenta de sus actos. Sin embargo, el informe cita casos de exportaci\u00f3n de material de cumplimiento de la ley potencialmente peligroso desde China a pa\u00edses en los que existe un riesgo sustancial de que ese material contribuya a violaciones graves de derechos humanos.\n\nUn ejemplo destacado en el informe es un gran env\u00edo de material \"antidisturbios\" chino exportado a Uganda en febrero de 2011 pese a la preocupaci\u00f3n por el hecho de que la tortura y los malos tratos a manos de la polic\u00eda eran generalizados en el pa\u00eds.\n\nDos meses despu\u00e9s, las fuerzas de seguridad ugandesas utilizaron material antidisturbios chino para reprimir duramente las protestas contra el aumento del coste de la vida en el pa\u00eds. Durante la violenta represi\u00f3n, en la que al menos nueve personas murieron por disparos, m\u00e1s de un centenar resultaron heridas y 600 fueron detenidas, se utilizaron veh\u00edculos blindados de fabricaci\u00f3n china.\n\nTambi\u00e9n se utiliz\u00f3 material antidisturbios chino para reprimir la disidencia en la Rep\u00fablica Democr\u00e1tica del Congo durante las elecciones de 2011, que dieron lugar a una violencia en la que al menos 33 personas murieron y 83 resultaron heridas. La exportaci\u00f3n se llev\u00f3 a cabo pese a los indicios de que las fuerzas de seguridad de la Rep\u00fablica Democr\u00e1tica del Congo estaban cometiendo violaciones de derechos humanos generalizadas.\n\nEl informe muestra que los controles de China a la exportaci\u00f3n de material para el cumplimiento de la ley son d\u00e9biles y poco transparentes y no parecen evaluar el historial de derechos humanos del pa\u00eds receptor.\n\n\"El deficiente sistema de exportaci\u00f3n de China ha permitido que prospere el comercio de la tortura y la represi\u00f3n. Es urgente que las autoridades chinas realicen una reforma fundamental de su normativa comercial para poner fin a la transferencia irresponsable de material de cumplimiento de la ley a organismos que probablemente utilizar\u00e1n ese material para violar los derechos humanos\", ha manifestado Patrick Wilcken.\n\nEl sistema de exportaci\u00f3n chino no es el \u00fanico que no controla de manera efectiva la transferencia de material de cumplimiento de la ley con el fin de garantizar que respeta los derechos humanos. El comercio mundial de este tipo de material est\u00e1 poco controlado, e incluso los pa\u00edses -como algunos de la UE o Estados Unidos- que cuentan con normativas m\u00e1s completas deben mejorarlas y cerrar las lagunas a medida que nuevos productos y tecnolog\u00edas llegan al mercado.\n\nEl crecimiento del comercio internacional chino de herramientas de tortura y represi\u00f3n ha tenido lugar ante un tel\u00f3n de fondo de violaciones constantes de derechos humanos cometidas en la propia China. La tortura y los malos tratos, al igual que el uso de la fuerza arbitraria, siguen siendo generalizados durante la detenci\u00f3n y la represi\u00f3n de las protestas en el pa\u00eds. Amnist\u00eda Internacional ha documentado una amplia diversidad de torturas f\u00edsicas en China, entre ellas algunas que entra\u00f1aban el uso de porras el\u00e9ctricas.\n\nUn superviviente chino de tortura dijo a Amnist\u00eda Internacional: \"[Los polic\u00edas] me pusieron una porra el\u00e9ctrica en la cara; es un tipo de tortura que la polic\u00eda llama 'palomitas bengbao', porque la cara se te abre y parece una palomita. El olor era espantoso, a piel quemada\".\n\nEl informe destaca tambi\u00e9n el uso indebido generalizado de dispositivos mec\u00e1nicos de inmovilizaci\u00f3n contra personas detenidas en China. Muchos detenidos denunciaron que los hab\u00edan atado por las mu\u00f1ecas y los tobillos, los hab\u00edan colgado del techo o los hab\u00edan obligado a permanecer en posturas en tensi\u00f3n.\n\nAmnist\u00eda Internacional y Omega instan a las autoridades chinas y a las de todos los dem\u00e1s pa\u00edses a:\n\ndictar una prohibici\u00f3n inmediata de la fabricaci\u00f3n y comercializaci\u00f3n de material inherentemente abusivo;\n\nsuspender inmediatamente o denegar las licencias comerciales para el suministro de otros materiales a los organismos y fuerzas encargados de hacer cumplir la ley cuando exista un riesgo sustancial de que esos materiales se utilicen para cometer o facilitar violaciones graves de derechos humanos;\n\nestablecer normativas y pr\u00e1cticas para el control de las exportaciones de material policial y de seguridad que pueda tener un uso leg\u00edtimo pero pueda utilizarse f\u00e1cilmente para cometer abusos;\n\nponer fin a todos los actos de tortura y los tratos o penas crueles, inhumanos y degradantes, as\u00ed como al uso arbitrario de la fuerza, e investigar todas las denuncias de esos actos para llevar a los responsables ante la justicia.",
                    "date": "2014-09-23",
                    "eventUri": "1522869",
                    "id": "20216853",
                    "isDuplicate": false,
                    "lang": "spa",
                    "sim": 0.7197,
                    "source": {
                        "title": "www.elmercuriodigital.net",
                        "uri": "www.elmercuriodigital.net"
                    },
                    "time": "12:27:00",
                    "title": "Una investigaci\u00f3n revela el floreciente comercio de la tortura",
                    "uri": "212874450",
                    "url": "http://www.elmercuriodigital.net/2014/09/una-investigacion-revela-el-floreciente.html",
                    "wgt": 1
                },
                {
                    "body": "LONDRES(Agencias) Amnist\u00c3\u00ada Internacional (AI) denunci\u00c3\u00b3 hoy a China de fabricar y exportar 'herramientas de tortura' a pa\u00c3\u00adses de Africa y Asia, donde su empleo supone una violaci\u00c3\u00b3n de los derechos humanos de las v\u00c3\u00adctimas.\n\nEn su informe titulado 'Comercio chino de instrumentos de tortura y represi\u00c3\u00b3n', AI identifica a 134 empresas chinas implicadas en la fabricaci\u00c3\u00b3n y comercializaci\u00c3\u00b3n (48 de ellas exportadoras) de esas herramientas, en comparaci\u00c3\u00b3n con las 28 que exist\u00c3\u00adan hace una d\u00c3\u00a9cada.\n\nAI reconoce que parte de esos equipos pueden tener un uso leg\u00c3\u00adtimo entre las fuerzas del orden (por ejemplo, gases lacrim\u00c3\u00b3genos, balas de goma o veh\u00c3\u00adculos antidisturbios), sin embargo otros instrumentos 'se prestan a abusos de los derechos humanos'.\n\nEntre ellos, AI identific\u00c3\u00b3 esposas para pulgares, porras el\u00c3\u00a9ctricas aturdidoras, sillas r\u00c3\u00adgidas de sujeci\u00c3\u00b3n, pinzas el\u00c3\u00a9ctricas, inmovilizadores de cuello y porras de metal reforzadas con pinchos.\n\nLas compa\u00c3\u00b1\u00c3\u00adas chinas -la mayor\u00c3\u00ada de las cuales son de propiedad del Estado- tienen una presencia cada vez mayor en el mercado mundial de equipos de seguridad, seg\u00c3\u00ban investigaci\u00c3\u00b3n de AI efectuada junto con la Fundaci\u00c3\u00b3n de Investigaci\u00c3\u00b3n Omega.\n\nUna de las empresas, China Xinxing Import/Export, que entre otros productos fabrica esposas para los dedos pulgares y sillas de sujeci\u00c3\u00b3n, anunci\u00c3\u00b3 en 2012 que ten\u00c3\u00ada v\u00c3\u00adnculos con m\u00c3\u00a1s de 40 pa\u00c3\u00adses africanos, donde su comercio supone m\u00c3\u00a1s de 120 millones de d\u00c3\u00b3lares.\n\n'Un n\u00c3\u00bamero cada vez mayor de empresas chinas se benefician del comercio de instrumentos de tortura y represi\u00c3\u00b3n, facilitando abusos de derechos humanos en el mundo', dijo el investigador de AI, Patrick Wilcken, en un comunicado divulgado la p\u00c3\u00a1gina web de la organizaci\u00c3\u00b3n.\n\nIndic\u00c3\u00b3 que no hay excusa alguna para permitir la fabricaci\u00c3\u00b3n y comercio de equipos, cuyo prop\u00c3\u00b3sito principal es el de torturar o infligir tratos crueles, inhumanos o degradantes en las personas.\n\n'Estos actos atroces est\u00c3\u00a1n totalmente prohibidos por el derecho internacional y las autoridades chinas deben imponer de inmediato la prohibici\u00c3\u00b3n de la producci\u00c3\u00b3n y el comercio de este tipo de dispositivos crueles e inhumanos', asever\u00c3\u00b3.\n\nWilcken agreg\u00c3\u00b3 que este comercio 'est\u00c3\u00a1 floreciendo' porque las autoridades chinas 'no han hecho nada' para impedir que las empresas que exportan estos materiales intenten evitar que caigan en manos de violadores de los derechos humanos.\n\nAI exhort\u00c3\u00b3 a los gobiernos a prohibir la fabricaci\u00c3\u00b3n, promoci\u00c3\u00b3n y venta de equipos que sea probable que acaben destinados a malos tratos y a que establezcan mecanismos de supervisi\u00c3\u00b3n de las exportaciones del material para fuerzas del orden.",
                    "date": "2014-09-23",
                    "eventUri": "1522869",
                    "id": "20254189",
                    "isDuplicate": false,
                    "lang": "spa",
                    "sim": 0.684,
                    "source": {
                        "title": "Frontera.info",
                        "uri": "www.frontera.info"
                    },
                    "time": "19:00:00",
                    "title": "China fabrica y exporta 'herramientas de tortura': AI",
                    "uri": "212963393",
                    "url": "http://www.frontera.info/EdicionEnlinea/Notas/Internacional/23092014/889437-China-fabrica-y-exporta-herramientas-de-tortura-AI.html",
                    "wgt": 1
                },
                {
                    "body": "China fabrica y exporta cada vez m\u00e1s equipos para las fuerzas del orden, lo que incluye material que puede utilizarse para la represi\u00f3n y la violaci\u00f3n de derechos humanos. Seg\u00fan la organizaci\u00f3n no gubernamental Amnist\u00eda Internacional en un informe elaborado en colaboraci\u00f3n con la Fundaci\u00f3n Omega, m\u00e1s empresas chinas que nunca (muchas de ellas de propiedad estatal) fabrican esos equipos, que incluyen \"herramientas de tortura\" como porras con p\u00faas o grilletes con pesas. La ONG critica que China carezca de mecanismos que regulen y supervisen el uso y las ventas al exterior de este material.\n\nEl documento, titulado El comercio chino de instrumentos de tortura y represi\u00f3n, identifica 134 empresas del pa\u00eds productoras (48 de ellas, tambi\u00e9n exportadoras), frente a las 28 que exist\u00edan hace una d\u00e9cada. \"Un n\u00famero cada vez mayor de empresas chinas se benefician del comercio de instrumentos de tortura y represi\u00f3n, facilitando abusos de derechos humanos en el mundo\", declar\u00f3 el investigador de Amnist\u00eda Internacional Patrick Wilcken en un comunicado.\n\nAunque la ONG reconoce que parte de esos equipos pueden tener un uso leg\u00edtimo entre las fuerzas del orden (por ejemplo, las porras o las esposas) otros instrumentos \"se prestan intr\u00ednsecamente a abusos de los derechos humanos\". Entre estos, identific\u00f3 esposas para pulgares, porras el\u00e9ctricas aturdidoras o inmovilizadores de cuello.\n\nEn China, puntualiza Amnist\u00eda, el desarrollo de este sector se ha producido \"con el tel\u00f3n de fondo de incesantes pr\u00e1cticas represivas en todo el sistema de mantenimiento del orden\". Material que se emplea en China y se presta a la comisi\u00f3n de abusos, como las sillas met\u00e1licas de sujeci\u00f3n, no se suele publicitar fuera del pa\u00eds, mientras que otros productos, como las sustancias qu\u00edmicas irritantes, se usan dentro y fuera del pa\u00eds.\n\nNo obstante, la ONG precisa que el sistema de exportaci\u00f3n chino \"no es el \u00fanico\" que deja de controlar de manera efectiva la venta de esos equipos. \"El comercio mundial de estos productos est\u00e1 pobremente controlado, e incluso los pa\u00edses con regulaciones m\u00e1s desarrolladas, como en EE UU y la UE, necesitan introducir mejoras y eliminar vac\u00edos legales a medida que nuevos productos y tecnolog\u00edas entran en el mercado\".\n\nLa organizaci\u00f3n insta a los Gobiernos a que proh\u00edban la fabricaci\u00f3n, promoci\u00f3n y venta de equipos que sea probable que acaben destinados a malos tratos y a que establezcan mecanismos de supervisi\u00f3n de las exportaciones del material para fuerzas del orden. Exhorta tambi\u00e9n al fin de todo tipo de tortura, trato abusivo o cruel, as\u00ed como al uso de la fuerza excesiva, y a exige llevar a los culpables de ese comportamiento ante la justicia.\n\nChina, la segunda econom\u00eda del mundo, se encuentra a\u00fan muy por detr\u00e1s de los principales pa\u00edses fabricantes y vendedores de armas, como Estados Unidos, Rusia o Francia. Pero seg\u00fan el Instituto Internacional de Investigaci\u00f3n de la Paz (SIPRI), con sede en Estocolmo, ya ha superado a otras potencias del sector, como el Reino Unido, y es el quinto pa\u00eds vendedor de armamento del mundo. Sus ventas suponen el 6% del total mundial.",
                    "date": "2014-09-23",
                    "eventUri": "1522869",
                    "id": "20235181",
                    "isDuplicate": false,
                    "lang": "spa",
                    "sim": 0.6532,
                    "source": {
                        "title": "EL PA\u00cdS",
                        "uri": "internacional.elpais.com"
                    },
                    "time": "15:52:00",
                    "title": "China exporta cada vez m\u00e1s \"instrumentos de tortura\"",
                    "uri": "212918992",
                    "url": "http://internacional.elpais.com/internacional/2014/09/23/actualidad/1411484150_927564.html",
                    "wgt": 1
                },
                {
                    "body": "El n\u00famero de empresas chinas que exportan \"instrumentos de tortura\" ha aumentado ostensiblemente durante la \u00faltima d\u00e9cada, seg\u00fan inform\u00f3 Amnist\u00eda Internacional (AI).\n\nLa preocupaci\u00f3n de la ONG estriba en que muchos de estos dispositivos puedan caer en manos de violadores de los derechos humanos en todo el mundo.\n\nM\u00e1s de 130 empresas chinas producen y exportan actualmente picanas el\u00e9ctricas, esposas para las mu\u00f1ecas y el cuello entrelazadas por una cadena y otros \"equipos potencialmente peligrosos\", mientras que en 2003 \u00e9stas eran 28, de acuerdo a un informe conjunto de la organizaci\u00f3n con sede en Londres y Omega Research Foundation.\n\nUna de estas empresas, China Xinxing Import and Export Corporation, de propiedad estatal, que incluye en sus lista de productos pistolas de descargas el\u00e9ctricas y sillas de sujeci\u00f3n, vendi\u00f3 mercanc\u00eda por un monto de 100 millones d\u00f3lares a pa\u00edses africanos desde 2012, seg\u00fan el informe.\n\n\"No hay excusas para fabricar y comercializar equipos cuyo objetivo sea torturar o infrigir un trato inhumano o degradante\" a seres humanos, se\u00f1al\u00f3 Patrick Wilcken, experto de AI en este rubro y coautor del informe.\n\nAdem\u00e1s, si bien China formalmente no acepta el maltrato o tortura a los detenidos, con frecuencia se producen denuncias sobre confesiones logradas mediante esto m\u00e9todos.\n\nAsimismo, si bien hay reglamentaciones y prohibiciones para la fabricaci\u00f3n de este tipo de material, \u00e9ste termina siendo exportado a otros pa\u00edses.",
                    "date": "2014-09-23",
                    "eventUri": "1522869",
                    "id": "20169682",
                    "isDuplicate": false,
                    "lang": "spa",
                    "sim": 0.6176,
                    "source": {
                        "title": "El Comercio",
                        "uri": "www.elcomercio.com"
                    },
                    "time": "02:52:00",
                    "title": "M\u00e1s de 130 empresas chinas fabrican y exportan elementos de tortura",
                    "uri": "212752933",
                    "url": "http://www.elcomercio.com/actualidad/empresas-china-fabrican-tortura.html",
                    "wgt": 1
                },
                {
                    "body": "Amnist\u00c3\u00ada Internacional inst\u00c3\u00b3 a China en el reporte a prohibir la producci\u00c3\u00b3n y exportaci\u00c3\u00b3n de varios tipos de equipo a los que califica como herramientas de tortura o esencialmente crueles, en especial a pa\u00c3\u00adses con malos antecedentes de respeto a los derechos humanos. Agencias BEIJING(AP) La producci\u00c3\u00b3n y exportaci\u00c3\u00b3n de equipo de la polic\u00c3\u00ada china utilizado principalmente para tortura, como bastones de descarga el\u00c3\u00a9ctrica y esposas para mu\u00c3\u00b1ecas y cuello conectadas por una cadena, ha crecido de manera impresionante, lo que facilita la violaci\u00c3\u00b3n de derechos humanos en el pa\u00c3\u00ads y en el extranjero, denunci\u00c3\u00b3 el martes Amnist\u00c3\u00ada Internacional en un informe.\n\nM\u00c3\u00a1s de 130 compa\u00c3\u00b1\u00c3\u00adas chinas est\u00c3\u00a1n ahora involucradas en el desarrollo, producci\u00c3\u00b3n y exportaci\u00c3\u00b3n de herramientas para agentes judiciales, la mayor\u00c3\u00ada de las cuales son leg\u00c3\u00adtimas, pero muchas que intr\u00c3\u00adnsecamente crueles e inhumanas, se\u00c3\u00b1al\u00c3\u00b3 el grupo defensor de los derechos humanos con sede en Londres. Hace una d\u00c3\u00a9cada eran 28 las compa\u00c3\u00b1\u00c3\u00adas aproximadamente.\n\nEl reporte de 38 p\u00c3\u00a1ginas cita adem\u00c3\u00a1s como ejemplos bastones con puntas y sillas de restricci\u00c3\u00b3n con una superficie tipo escritorio en el frente donde se pueden sujetar los brazos con grilletes. Las sillas cuentan frecuentemente con esposas para los tobillos que obligan a los detenidos a estar en posiciones dolorosas.\n\n\"No existe excusa en absoluto para permitir la fabricaci\u00c3\u00b3n y comercio de equipo cuyo prop\u00c3\u00b3sito principal es torturar o infligir trato cruel, inhumano o degradante a la gente\", dijo en un comunicado Patrick Wilcken, investigador de comercio de protecci\u00c3\u00b3n y derechos humanos de Amnist\u00c3\u00ada Internacional.\n\nChina proh\u00c3\u00adbe expl\u00c3\u00adcitamente la tortura y maltrato a detenidos, y niega firmemente acusaciones generalizadas de que la polic\u00c3\u00ada china e investigadores del Partido Comunista utilizan con frecuencia la tortura.\n\nA inicios de este a\u00c3\u00b1o, Zhao Chunguang, un funcionario nacional que supervisa instalaciones de detenci\u00c3\u00b3n de la polic\u00c3\u00ada, dijo que no se ha registrado un solo caso de tortura para coaccionar una confesi\u00c3\u00b3n en ning\u00c3\u00ban centro de detenci\u00c3\u00b3n en toda China en los \u00c3\u00baltimos cinco a\u00c3\u00b1os.\n\nAmnist\u00c3\u00ada dice que ha documentado una amplia variedad de tortura f\u00c3\u00adsica en China, incluido el uso de bastones que dan descargas el\u00c3\u00a9ctricas.\n\nY el lunes, la agencia estatal de noticias Xinhua report\u00c3\u00b3 que una corte en el noreste de China hab\u00c3\u00ada condenado a tres polic\u00c3\u00adas y a otros cuatro funcionarios no policiales por torturar sospechosos y matar a una persona. Una v\u00c3\u00adctima dijo que fue restringida a una silla de metal mientras recib\u00c3\u00ada descargas el\u00c3\u00a9ctricas con un bast\u00c3\u00b3n, se\u00c3\u00b1al\u00c3\u00b3 Xinhua.\n\nAmnist\u00c3\u00ada Internacional inst\u00c3\u00b3 a China en el reporte a prohibir la producci\u00c3\u00b3n y exportaci\u00c3\u00b3n de varios tipos de equipo a los que califica como herramientas de tortura o esencialmente crueles, en especial a pa\u00c3\u00adses con malos antecedentes de respeto a los derechos humanos.\n\nEl grupo se\u00c3\u00b1al\u00c3\u00b3 que dichas herramientas est\u00c3\u00a1n siendo enviadas a Camboya, Nepal, Congo, Egipto, Ghana, Madagascar, Senegal y Uganda.",
                    "date": "2014-09-23",
                    "eventUri": "1522869",
                    "id": "20227574",
                    "isDuplicate": false,
                    "lang": "spa",
                    "sim": 0.5114,
                    "source": {
                        "title": "Frontera.info",
                        "uri": "www.frontera.info"
                    },
                    "time": "14:37:00",
                    "title": "AI reprocha a China por herramientas de tortura",
                    "uri": "212900420",
                    "url": "http://www.frontera.info/EdicionEnlinea/Notas/Internacional/22092014/889276-AI-reprocha-a-China-por-herramientas-de-tortura.html",
                    "wgt": 1
                },
                {
                    "body": "Tres agentes de polic\u00eda y otras cuatro personas fueron condenados por torturar a sospechosos para obtener confesiones, seg\u00fan la agencia estatal de noticias china, en una sentencia poco habitual sobre esta pr\u00e1ctica.\n\nEn uno de los casos, un hombre muri\u00f3 tras ser torturado con descargas el\u00e9ctricas y recibir golpes en la cabeza y el rostro con un zapato, indic\u00f3 la agencia Xinhua el domingo. En otras formas de tortura se verti\u00f3 aceite de mostaza en la boca de los sospechosos.\n\nLos siete casos se produjeron en marzo de 2013 en el distrito de Daowai, en la subprefectura de polic\u00eda de Harbin, una ciudad en el nordeste del pa\u00eds. Tres agentes de polic\u00eda y cuatro personas contratadas por la polic\u00eda para ayudar con las investigaciones fueron condenados a penas de prisi\u00f3n de hasta dos a\u00f1os y medio.\n\nLas autoridades chinas han dicho que el problema de la tortura y las confesiones bajo coacci\u00f3n est\u00e1 pr\u00e1cticamente resuelto con las medidas introducidas en los \u00faltimos cinco a\u00f1os, que incluyen separar f\u00edsicamente a los interrogadores de los sospechosos, grabaciones en v\u00eddeo de los interrogatorios y una norma de que los jueces deben rechazar pruebas obtenidas bajo tortura.\n\nEn abril, Zhao Chunguang, un funcionario que supervisa las instalaciones de detenci\u00f3n policiales, dijo que no se hab\u00eda producido ni un solo caso de tortura o confesi\u00f3n forzada en ning\u00fan centro de detenci\u00f3n en los \u00faltimos cinco a\u00f1os.\n\nSin embargo, el art\u00edculo de Xinhua se\u00f1alaba que el Tribunal Popular Intermedio de Harbin hab\u00eda atendido apelaciones el 29 de agosto de cuatro de las siete personas condenadas en un juicio por cargos de torturas.\n\nEn otro de los casos, un hombre apellidado Zhai fue detenido bajo sospecha de vender drogas el 7 de marzo de 2013. Zhai testific\u00f3 que los polic\u00edas Cheng Xiaowei y Pan Yonquan, junto con Li Chunlong, un civil, le esposaron a una silla de metal, ataron cables de un tel\u00e9fono antiguo a los dedos de sus pies, y despu\u00e9s giraron la manija del tel\u00e9fono para darle varias rondas de descargas el\u00e9ctricas, siempre seg\u00fan la agencia china.\n\nSeg\u00fan la ley china, la tortura est\u00e1 prohibida durante los interrogatorios, debe haber al menos dos interrogadores presentes y no se admite la presencia de personas ajenas al cuerpo, indic\u00f3 Xinhua.\n\nLa investigadora de Human Rights Watch Maya Wang, con sede en Hong Kong, dijo que los polic\u00edas en China pueden torturar con \"impunidad\" porque \"no hay canales independientes donde puedan atenderse estas denuncias\".\n\nTambi\u00e9n puedes ver:\n\nEsto dijo Pe\u00f1a Nieto en la ONU",
                    "date": "2014-09-22",
                    "eventUri": "1522869",
                    "id": "20124236",
                    "isDuplicate": false,
                    "lang": "spa",
                    "sim": 0.4288,
                    "source": {
                        "title": "Metro Mexico City",
                        "uri": "www.publimetro.com.mx"
                    },
                    "time": "17:01:00",
                    "title": "Polic\u00edas matan a zapatazos a un hombre en China",
                    "uri": "212648135",
                    "url": "http://www.publimetro.com.mx/noticias/policias-matan-a-zapatazos-a-un-hombre-en-china/mniv%21yeQbz2fpqxq1/",
                    "wgt": 1
                },
                {
                    "body": "Imagen de una de las c\u00e1rceles mexicanas en las que se han producido torturas.\n\nManuel (nombre ficticio) trabajaba como polic\u00eda munIcipal en Tijuana (Baja California) cuando fue detenido por miembros del ej\u00e9rcito por sus presunta vinculaci\u00f3n con la delincuencia organizada. Fue recluido, junto a 24 de sus compa\u00f1eros, en una base militar y sometido durante 41 d\u00edas a todo tipo de torturas para que confesara. No compareci\u00f3 ante el juez, ni tuvo asistencia letrada ni m\u00e9dica, s\u00f3lo recibi\u00f3 golpes, que le han dejado secuelas de las que a\u00fan, cinco a\u00f1os despu\u00e9s, no ha podido recuperarse.\n\n\"Me vendaron con cinta adhesiva los ojos y las manos, luego me envolvieron con una manta y me empezaron a golpear en todo el cuerpo. Me golpearon entre seis hombres por horas, perd\u00ed la noci\u00f3n del tiempo. En seis ocasiones me desmay\u00e9, como no firmaba lo que ellos quer\u00edan me siguieron golpeando, no s\u00e9 por cu\u00e1nto tiempo. Me quitaron las botas y mis pies los metieron a una vasija con agua, luego pusieron cables de electricidad en mis test\u00edculos. Yo sent\u00eda que me iban a matar, ya no pod\u00eda m\u00e1s, firm\u00e9 con los ojos vendados. Hoy no siento los dedos de mi mano derecha\", rememora.\n\nSu testimonio es s\u00f3lo un caso m\u00e1s en un pa\u00eds, M\u00e9xico, donde \"la tortura est\u00e1 fuera de control\", seg\u00fan denuncia Amnist\u00eda Internacional (AI) en un informe hecho p\u00fablico este jueves, en el que exige al Gobierno mexicano que tome medidas con urgencia para \"poner fin al uso persistente y generalizado\" de esta abominable pr\u00e1ctica \"por parte de la polic\u00eda y las fuerzas armadas\".\n\nAumento de las denuncias por torturas\n\nLos datos, recogidos por la organizaci\u00f3n defensora de los derechos humanos, hablan por s\u00ed solos: las denuncias por torturas han aumentado un 600% en el \u00faltimo decenio y s\u00f3lo siete torturadores han sido declarados culpables en los tribunales federales.\n\n\"Las autoridades no pueden seguir mirando para otro lado\", asegura Erika Guevara Rsosa, directora de Amnist\u00eda Internacional para Am\u00e9rica. \"El alarmante aumento del uso de la tortura significa que existe una amenaza real de malos tratos para cualquier persona en M\u00e9xico\", a\u00f1ade.\n\nDe hecho, en una encuesta encargada por AI, el 64% de los mexicanos afirma tener miedo a ser torturado en caso de ser puesto bajo custodia.\n\nPor eso, no es de extra\u00f1ar que Claudia Medina sintiera p\u00e1nico cuando varios miembros de la marina irrumpieron en su casa de Veracruz un 7 de agosto de 2012. Apenas pudo decir nada. \"Le ataron las manos y le vendaron los ojos antes de llevarla en una camioneta a la base naval local. All\u00ed la torturaron mediante descargas el\u00e9ctricas, la agredieron sexualmente, le propinaron golpes y patadas y la dejaron atada a una silla bajo el calor abrasador del mediod\u00eda\". As\u00ed pas\u00f3 su primera noche detenida. Al d\u00eda siguiente, la interrogaron y la presionaron para que firmara una declaraci\u00f3n sin permitirle leerla. Despu\u00e9s, convocaron a los medios y aseguraron que Claudia hab\u00eda sido detenida en un coche robado junto a otros detenidos en posesi\u00f3n de armas y drogas. \"Pese a que los miembros de la marina hab\u00edan falsificado pruebas, la Procurador\u00eda federal present\u00f3 cargos contra ella\", denuncia Amnist\u00eda. Claudia fue finalmente puesta en libertad bajo fianza y, aunque se atrevi\u00f3 a denunciar los hechos, dos a\u00f1os despu\u00e9s su denuncia no ha sido investigada.\n\nPalizas, agresiones sexuales, descargas el\u00e9ctricas...\n\nDesde 2010 a finales de 2013, la Comisi\u00f3n Nacional de Derechos Humanos (CNDH) recibi\u00f3 m\u00e1s de 7.000 quejas por torturas y otros malos tratos por parte de la polic\u00eda y miembros de las fuerzas armadas. Palizas, amenazas de muerte, agresiones sexuales, descargas el\u00e9ctricas... Todo con un \u00fanico objetivo: obtener confesiones o que los detenidos incriminasen a otras personas en delitos graves.\n\n\"La ausencia de investigaciones cre\u00edbles y exhaustivas sobre las denuncias de tortura supone un abuso por partida doble. Si las autoridades no recaban pruebas de los malos tratos, las v\u00edctimas carecen de la posibilidad de resarcimiento y no pueden demostrar que sus confesiones han sido obtenidas mediante coacci\u00f3n\", denuncia Guevara.\n\nY a la impunidad se unen tambi\u00e9n las secuelas por los malos tratos f\u00edsicos y psicol\u00f3gicos recibidos. Dos a\u00f1os despu\u00e9s de ser detenido en Ciudad de M\u00e9xico, en unas protestas con motivo de la toma de posesi\u00f3n del presidente mexicano, Enrique Pe\u00f1a Nieto; Alejandro Lugo no ha olvidado el calvario al que le sometieron sus torturadores: \"Cuando salimos del reclusorio, no me sent\u00eda mal, no me aflig\u00eda, estaba como feliz de haber salido. Pero de unos meses para ac\u00e1 ha sido horrible. Lo sigo so\u00f1ando, recordando y lloro bastante seguido\".\n\n@munerais",
                    "date": "2014-09-04",
                    "eventUri": "1522869",
                    "id": "18626172",
                    "isDuplicate": false,
                    "lang": "spa",
                    "sim": 0.4091,
                    "source": {
                        "title": "ELMUNDO",
                        "uri": "www.elmundo.es"
                    },
                    "time": "17:49:00",
                    "title": "Testimonios de la tortura en M\u00e9xico: 'Me metieron en una vasija con agua y me electrocutaron'",
                    "uri": "208503848",
                    "url": "http://www.elmundo.es/internacional/2014/09/04/540893ea268e3ed96c8b4596.html",
                    "wgt": 1
                }
            ]
        },
        "info": {
            "articleCount": 9,
            "averageDate": "2014-09-21",
            "avgCos": 0.4367,
            "categories": [],
            "customDate": false,
            "customLocation": false,
            "eventUri": "1522869",
            "extractedDate": "",
            "extractedDateEnd": "",
            "id": "1522869",
            "lang": "spa",
            "location": {
                "country": {
                    "labelEng": "United Kingdom",
                    "lat": 54.75844,
                    "long": -2.69531,
                    "wikiUri": "http://en.wikipedia.org/wiki/United_Kingdom"
                },
                "labelEng": "London",
                "lat": 51.50853,
                "long": -0.12574,
                "wikiUri": "http://en.wikipedia.org/wiki/London"
            },
            "storyDate": "2014-09-21",
            "storyDateEnd": "",
            "uri": "e7e700df-6a06-44ea-a4f3-f736278fc36b-300301",
            "variance": 0.3093
        }
    },
    "meta": {
        "CCAArticleMatchCount": 31,
        "CCAArticleMatchRatio": 0.2695652173913044,
        "CCAAvgCosSim": 0.5948290322580647,
        "CCAAvgMatchWgt": 55.32258064516129,
        "_articleUri1": "213076537",
        "_articleUri2": "212763506",
        "_datetime": "2015-02-19 16:26:17",
        "_ruleBasedShouldMerge": false,
        "_storyUri1": "850f305d-14db-4c75-b547-79470a557ea3-839691",
        "_storyUri2": "e7e700df-6a06-44ea-a4f3-f736278fc36b-300301",
        "_username": "Evgenia Belyaeva",
        "artCount1": 10,
        "artCount2": 9,
        "avgCosSimStory1": 0.4479,
        "avgCosSimStory2": 0.4367,
        "categorySim": 0,
        "conceptCosSim": 0.3380235833191964,
        "conceptJaccardSim": 0.1836734693877551,
        "coreTime1": 129108.9333333333,
        "coreTime2": 128657.8166666667,
        "coreTimeStDev1": 7.441573347678225,
        "coreTimeStDev2": 140.7444971720921,
        "entityCosSim": 0.4809942402996973,
        "entityJaccardSim": 0.3023255813953488,
        "extractedDateJaccardSim": -1,
        "extractedDatesStory1": 0,
        "extractedDatesStory2": 0,
        "hasSameLocation": -1,
        "keywordCosSim": 0.3164010214353369,
        "keywordJaccardSim": 0.09090909090909091,
        "lang1": "eng",
        "lang2": "spa",
        "matchingDateCount": 0,
        "matchingDateRatio": 0,
        "ratioAnnotatedArticlesStory1": 1,
        "ratioAnnotatedArticlesStory2": 1,
        "shouldMerge": false,
        "storyQuality1": 8,
        "storyQuality2": 7,
        "timeAvg1": 129119.47,
        "timeAvg2": 129055.3351851852,
        "timeStDev1": 25.79518452045571,
        "timeStDev2": 140.7444971720921,
        "varianceStory1": 0.2994,
        "varianceStory2": 0.3093
    }
}