{
    "850f305d-14db-4c75-b547-79470a557ea3-625090": {
        "articles": {
            "resultCount": 5,
            "results": [
                {
                    "body": "The exciting line-up for BBC Philharmonic Presents... 2014 has today been announced with performances from electronic dance sensations Clean Bandit, American singer-songwriter John Grant and 1980s pop legends Culture Club, in a series of concerts broadcast in partnership with BBC North from Salford this autumn.\n\nThe concerts will be broadcast across seven of the BBC's national radio networks, as well as BBC Radio Manchester, as part of BBC Philharmonic Presents..., which takes place from 10 September to 17 October 2014.\n\nThe series will see exciting newcomers to the UK music scene, as well as established artists, heading to Salford to collaborate with the 90-strong BBC Philharmonic, in a celebration of orchestral music in its many different guises. They will be joined by presenters from each station including Zane Lowe from BBC Radio 1, Sara Cox from Radio 2 and Suzy Klein from Radio 3.\n\nHighlights of the programme include a brand-new orchestral arrangement based on Clean Bandit's recent debut album, New Eyes, which includes their massive summertime hit 'Rather Be', performed live on Radio 1. Culture Club will revisit their seminal album, Colour by Numbers, in a recording for Radio 2. Pulp frontman Jarvis Cocker will present a special edition of his award-winning Radio 4 series Wireless Nights, while The Symphony of Medinah for Radio 5 live will relive the drama of the 2012 Ryder Cup., while The Symphony of Medinah for Radio 5 live will relive the drama of the 2012 Ryder Cup.\n\nSinger-songwriter John Grant will perform with the orchestra for BBC Radio 6 Music; a section of BBC Radio 3's In Tune will simulcast with Blue Peter live on CBBC as the orchestra shows off some of the great repertoire at the heart of the BBC's Ten Pieces schools project; and BBC Asian Network will celebrate the music of RD Burman, one of India's greatest film composers. Ending the series will be a poignant reflection on World War One (WW1), as the recollections of a local Salford man are set to music and performed live on BBC Radio Manchester in the dramatic spaces of IWM North (part of Imperial War Museums).\n\nSimon Webb, General Manager of the BBC Philharmonic says: \"Following successful BBC Philharmonic Presents... performances in 2011 and 2012, the series returns this year to celebrate the launch of BBC Music with an outstanding line-up of varied and imaginative collaborations across our national radio networks. This range and variety is a key element to the BBC Philharmonic's work that we're looking forward to sharing with audiences across the board.\"\n\nBob Shennan, Director of BBC Music, adds: \"These unique collaborations will bring together the internationally renowned BBC Philharmonic and globally acclaimed artists, showcasing some wonderfully diverse music to our audiences and engaging listeners across the country through our national radio networks. There will be something for everyone.\"\n\nTickets for all shows in the BBC Philharmonic Studio are free and will be allocated via random ballot with 30 per cent of tickets going to local residents in Salford. Those who want to be in the audience should visit bbc.co.uk/philharmonic and sign up to the BBC Philharmonic newsletter 'Quay Notes' to be notified when ticket applications are opened.\n\nTickets for 'Services No Longer Required' at IWM North (part of Imperial War Museums) are not free and will be available from Quaytickets.\n\nFor more details on BBC Philharmonic Presents and full listings information please visit bbc.co.uk/philharmonic. Follow @BBCPhilharmonic #BBCPhilPresents for latest updates on Twitter.\n\nThe BBC Philharmonic is supported by Salford City Council.\n\nNotes to Editors\n\nFull broadcast listings: BBC Philharmonic Presents...\n\nWed 10 Sept, 7pm Clean Bandit LIVE on BBC Radio 1\n\nClean Bandit join the BBC Philharmonic for a live broadcast on BBC Radio 1, presented by Zane Lowe. They will be performing a brand-new orchestral arrangement of their debut album New Eyes, which features the hit tracks 'Rather Be' and 'Extraordinary', orchestrated by composer Joe Duddell.\n\nMon 15 Sept, 8pm The Music of RD Burman LIVE on BBC Asian Network\n\nThe BBC Philharmonic is joined by singer Sona Mohapatra to perform music written by one of India's greatest film composers, RD Burman.\n\nSun 21 Sept, 8pm The Symphony of Medinah LIVE on BBC Radio 5 live\n\nThe BBC Philharmonic performs a live soundtrack with narration, clips and poetry to tell the story of the 2012 Ryder Cup.\n\nSat 27 Sept, Time TBC Culture Club on BBC Radio 2\n\nEighties icons Culture Club perform their 1983 album Colour by Numbers in full, including the hit singles It's a Miracle and Karma Chameleon. (Concert will be recorded on Wed 17 Sep.)\n\nFri 3 Oct, Time TBC John Grant on BBC Radio 6 Music\n\nJohn Grant sings tracks from his acclaimed album Pale Green Ghost, which includes the singles Black Belt and Glacier. (Concert recorded on Fri 3 Oct with some tracks broadcast live.)\n\nThu 9 Oct, 4.30pm Ten Pieces on In Tune LIVE on BBC Radio 3 AND 5.30pm Blue Peter LIVE on CBBC\n\nSuzy Klein and the orchestra explore the BBC's Ten Pieces project and are joined by Barney Harwood for a live simulcast into Blue Peter on CBBC.\n\nMon 13 Oct, 11pm Wireless Nights with Jarvis Cocker on BBC Radio 4\n\nJarvis Cocker and the BBC Philharmonic discover tales of the nocturnal in the world of classical music. (Concert recorded Wed 1 Oct.)\n\nFri 17 Oct, 7pm Services No Longer Required LIVE on BBC Radio Manchester\n\nActors and musicians from the BBC Philharmonic and Salford Symphony Orchestra tell a WW1 soldier's story at IWM North (part of Imperial War Museums).",
                    "date": "2014-08-06",
                    "eventUri": "1048573",
                    "id": "16820766",
                    "isDuplicate": false,
                    "lang": "eng",
                    "sim": 0.722,
                    "source": {
                        "title": "BBC",
                        "uri": "www.bbc.co.uk"
                    },
                    "time": "11:18:00",
                    "title": "BBC - BBC Philharmonic Presents... 2014 programme announced - Media centre",
                    "uri": "201965555",
                    "url": "http://www.bbc.co.uk/mediacentre/latestnews/2014/bbc-phil-presents",
                    "wgt": 1
                },
                {
                    "body": "Culture Club are to perform with the BBC Philharmonic as part of a series of concerts designed to broaden the appeal of orchestral music.\n\nThe band will play their classic 1983 album, Colour By Numbers, which features the hits Karma Chameleon, It's A Miracle, Church of the Poison Mind and Victims.\n\nThe original members - Boy George, Jon Moss, Mikey Craig and Roy Hay - recently announced they were reforming after 15 years.\n\nThe concert will be part of the BBC Philharmonic Presents.... 2014 line-up in which the orchestra accompanies artists across the BBC's radio network.\n\nThey will perform with Clean Bandit on Radio 1, Culture Club on Radio 2 and John Grant on Radio 6 Music.\n\nRelated Articles\n\nBBC launches rival to Brit Awards\n\n16 Jun 2014\n\nCulture Club to tour UK in December\n\n20 May 2014\n\nWhat does the Proms season reveal?\n\n24 Apr 2014\n\nOn Radio 3, they will play music from the BBC's Ten Pieces project, which aims to introduce primary school children to 10 pieces of classical music.\n\nRadio 4 will broadcast a collaboration between the Philharmonic and Jarvis Cocker, called Wireless Nights.\n\nRadio 5 Live will tell the story of the 2012 Ryder Cup in a programme called The Symphony of the Medinah, with live soundtrack provided by the orchestra.\n\nAnd the Philharmonic will back singer Sona Mohapatra on the BBC Asian Network, performing music by film composer RD Burman.\n\nBob Shennan, director of BBC Music, said: \"These unique collaborations will bring together the internationally renowned BBC Philharmonic and globally acclaimed artists, showcasing some wonderfully diverse music to our audiences and engaging listeners across the country through our national radio networks. There will be something for everyone.\"\n\nTickets for the concerts will be allocated via a random ballot and information is available on venues and dates is available here.",
                    "date": "2014-08-06",
                    "eventUri": "1048573",
                    "id": "16820115",
                    "isDuplicate": false,
                    "lang": "eng",
                    "sim": 0.7164,
                    "source": {
                        "title": "The Telegraph",
                        "uri": "www.telegraph.co.uk"
                    },
                    "time": "11:03:00",
                    "title": "BBC Philharmonic to perform with Culture Club",
                    "uri": "201963163",
                    "url": "http://www.telegraph.co.uk/culture/music/music-news/11015644/BBC-Philharmonic-to-perform-with-Culture-Club.html",
                    "wgt": 1
                },
                {
                    "body": "Nick Grimshaw will host BBC Radio 1's Teen Awards later this year.\n\nThe fifth annual ceremony will be held at London's Wembley Arena on Sunday, October 19, and will award the UK's most inspirational teens, as well as the year's best music, sport, and entertainment stars.\n\nFurther details including the artist line-up will be announced over the coming months.\n\nGrimshaw said: \"The Teen Awards are one of my highlights of the year here at Radio 1. The crowd are always so up for it and the sheer noise of screams is out of control! I love the fact we honour teen heroes as well as popstars. I can't wait.\"\n\nRadio 1 and 1Xtra Controller Ben Cooper added: \"I want Radio 1 to celebrate and reflect the great work young people do in the UK and their positive contribution to society.\"\n\nListeners can nominate people aged 12 to 17 for the awards in recognition of their achievements and brave actions.\n\nA shortlist of nominees will be chosen by the Radio 1 team, while the winners will be picked by a panel of judges that includes 2013 Teen Hero winner Jeremiah Emmanuel, who campaigns against youth violence.\n\nBBC Radio 1's Teen Awards will be broadcast live on Radio 1, followed by highlights on CBBC.",
                    "date": "2014-08-05",
                    "eventUri": "1048573",
                    "id": "16777959",
                    "isDuplicate": false,
                    "lang": "eng",
                    "sim": 0.5957,
                    "source": {
                        "title": "Digital Spy",
                        "uri": "www.digitalspy.co.uk"
                    },
                    "time": "14:24:00",
                    "title": "Nick Grimshaw to host BBC Radio 1 Teen Awards 2014",
                    "uri": "201770163",
                    "url": "http://www.digitalspy.co.uk/showbiz/news/a588454/nick-grimshaw-to-host-bbc-radio-1-teen-awards-2014.html?rss",
                    "wgt": 1
                },
                {
                    "body": "Mitchel became a radio amateur in his early teens and has been active on both local and international competitions. He has served the East Rand Radio Club as youth coordinator and was for the past six years also involved with JOTA and the Voortrekkers.\n\nOutstanding Youth Ham Award is intended to recognize a young radio amateur who has demonstrated his or her dedication to Amateur Radio through his or her activities in the year of 2013.\n\nThe award will be presented to Mitchel at the Radio Technology in Action Symposium to be held on 13 September 2014 by the IARU Secretary, Dennis Green, ZS4BS. The event will take place at the Innovation Hub in Pretoria.\n\nCongratulations to Mitchel. May the award be an inspiration for future activities and dedication to promote amateur radio to the youth.",
                    "date": "2014-08-05",
                    "eventUri": "1048573",
                    "id": "16770466",
                    "isDuplicate": false,
                    "lang": "eng",
                    "sim": 0.4928,
                    "source": {
                        "title": "www.southgatearc.org",
                        "uri": "www.southgatearc.org"
                    },
                    "time": "11:25:00",
                    "title": "IARU Youth Award for a young South African",
                    "uri": "201737953",
                    "url": "http://www.southgatearc.org/news/2014/august/iaru_youth_award_for_a_young_south_african.htm",
                    "wgt": 1
                },
                {
                    "body": "BURLINGTON, Mass., Aug. 5, 2014 (GLOBE NEWSWIRE) -- Avid\u00ae (OTC:AVID) today announced that CBC/Radio-Canada is the latest global broadcast leader to put the Avid Everywhere\u2122 vision at the heart of its operations, adopting the Avid MediaCentral Platform to power more efficient production and storage of media content within Canada and around the world.\n\nBy enabling a common content platform for CBC/Radio-Canada across mobile, web, radio, and television services, the MediaCentral Platform provides the foundation for completely streamlined media production operations. Leveraging proven and trusted solutions from the Avid Media Suite and Storage Suite, the organization will streamline CBC/Radio-Canada's workflows and automate processes for the organization's mobile applications, websites, 132 radio stations, 27 television stations, and foreign bureaus, in both English and French.\n\nCBC/Radio-Canada's adoption of the Avid MediaCentral Platform will bring to life the Avid Everywhere vision for connecting media enterprises with audiences in more powerful, collaborative, efficient, and profitable ways. For example, Avid Interplay\u00ae | MAM, a key solution in the Storage Suite, provides a single, integrated archive platform for media management. The new system will replace more than 20 legacy archive collections at CBC/Radio-Canada, and promises to enhance operational efficiency across the entire organization.\n\n\"The Avid Everywhere vision, with its focus on helping media organizations achieve efficiencies and enable better collaboration, is a key enabler of our own vision to modernize our organization in order to bring us closer to our audiences,\" said Fred Mattocks, General Manager - Media Operations and Technology, English Service CBC/Radio-Canada. \"With MediaCentral Platform and Interplay | MAM, our staff can quickly and cost effectively produce compelling mobile, web, radio, or television content, using legacy or fresh media assets through a single browser interface, no matter where they are in the enterprise or around the globe.\"\n\nSpecifically, the installation will support harmonized and simplified workflows for better orchestration and automation of key processes, making the process of producing and distributing high-quality content much faster and easier. For example, the new platform will integrate metadata for more than 25 million analog and digital media assets into a single consistent catalog and index database.\n\nCBC/Radio-Canada production staff will access Interplay | MAM through Avid MediaCentral | UX (formerly Avid Interplay Central). As part of the platform, the Interplay | MAM system will integrate seamlessly with CBC/Radio-Canada's existing Avid solutions, Interplay\u00ae | Production, and iNEWS, as well as third-party applications.\n\n\"As a longtime partner to CBC/Radio-Canada, we are pleased to be a key part of the technology infrastructure for delivering important culture, content, and commentary to audiences in Canada and beyond,\" said Jennifer Smith, Senior Vice President and Chief Marketing Officer at Avid. \"We've developed the Avid MediaCentral Platform to empower media organizations to streamline and simplify processes that are increasingly complex, fast-paced, and fragmented, requiring tight collaboration from remote locations. We look forward to helping the CBC/Radio-Canada realize these benefits in the months ahead.\"\n\nAbout CBC/Radio-Canada\n\nCBC/Radio-Canada is Canada's public multi-platform broadcaster. From where the country has been, to where it is going, we are there. We share Canada's journey step-by-step, day by day, with the news, content, commentary and culture that Canadians need, today, tomorrow and in the future.\n\nAbout Avid\n\nThrough Avid Everywhere\u2122, Avid delivers the industry's most open, innovative and comprehensive media platform connecting content creation with collaboration, asset protection, distribution and consumption for the most listened to, most watched and most loved media in the world -- from the most prestigious and award-winning feature films, music recordings, and television shows, to live concerts and news broadcasts. Industry leading solutions include Pro Tools\u00ae, Media Composer\u00ae, ISIS\u00ae, Interplay\u00ae, and Sibelius\u00ae. For more information about Avid solutions and services, visit www.avid.com, connect with Avid on Facebook, Twitter, YouTube, LinkedIn, Google+; or subscribe to Avid Blogs.\n\n\u00a9 2014 Avid Technology, Inc. All rights reserved. Avid, the Avid logo, Avid Everywhere, Interplay, ISIS, Mbox, Media Composer, Pro Tools and Sibelius are trademarks or registered trademarks of Avid Technology, Inc. or its subsidiaries in the United States and/or other countries. The Interplay name is used with the permission of the Interplay Entertainment Corp. which bears no responsibility for Avid products. All other trademarks are the property of their respective owners.\n\nPR Contact: Avid Amy Paladino 781-772-1005 CBC/Radio-Canada Contact: Bruce MacCormack 902-499-1369",
                    "date": "2014-08-05",
                    "eventUri": "1048573",
                    "id": "16775981",
                    "isDuplicate": false,
                    "lang": "eng",
                    "sim": 0.4447,
                    "source": {
                        "title": "GlobeNewswire News Room",
                        "uri": "globenewswire.com"
                    },
                    "time": "13:42:00",
                    "title": "CBC/Radio-Canada Adopts Avid Everywhere for Efficient, Organization-Wide Production and Asset Management",
                    "uri": "201762518",
                    "url": "http://globenewswire.com/news-release/2014/08/05/656112/10093004/en/CBC-Radio-Canada-Adopts-Avid-Everywhere-for-Efficient-Organization-Wide-Production-and-Asset-Management.html?f=22&fvtc=7",
                    "wgt": 1
                }
            ]
        },
        "info": {
            "articleCount": 5,
            "averageDate": "2014-08-05",
            "avgCos": 0.4202,
            "categories": [
                {
                    "label": "Arts/Radio/Internet",
                    "uri": "http://www.dmoz.org/Arts/Radio/Internet",
                    "wgt": 35
                },
                {
                    "label": "Arts/Radio/History",
                    "uri": "http://www.dmoz.org/Arts/Radio/History",
                    "wgt": 39
                },
                {
                    "label": "Arts/Radio/Resources",
                    "uri": "http://www.dmoz.org/Arts/Radio/Resources",
                    "wgt": 34
                }
            ],
            "customDate": false,
            "customLocation": false,
            "eventUri": "1048573",
            "extractedDate": "",
            "extractedDateEnd": "",
            "id": "1099591",
            "lang": "eng",
            "storyDate": "2014-08-05",
            "storyDateEnd": "",
            "uri": "850f305d-14db-4c75-b547-79470a557ea3-625090",
            "variance": 0.3234
        }
    },
    "e7e700df-6a06-44ea-a4f3-f736278fc36b-224714": {
        "articles": {
            "resultCount": 12,
            "results": [
                {
                    "body": "El inter\u00e9s de Apple por comprar Beats: \u00bfuna operaci\u00f3n con segundas intenciones?\n\nEl fabricante de auriculares de gama alta Beats Electronics ya forma parte de Apple, y sus productos ya pueden adquirirse por Internet a trav\u00e9s de la tienda virtual de Apple, al completarse la venta de la compa\u00f1\u00eda al gigante estadounidense por 3.000 millones de d\u00f3lares (unos 2.200 millones de euros).\n\nApple prescindir\u00e1 de 200 de los actuales empleados de Beats \"Nos complace dar la bienvenida de forma oficial a Beats Music y Beats Electronics a la familia Apple\", indica un mensaje destacado en la p\u00e1gina principal en la web de Apple, a la vez que cuando el usuario trata de comprar unos auriculares en el sitio web de Beats, \u00e9ste le redirige a la Apple Store.\n\nLa compa\u00f1\u00eda con sede en Cupertino (California) cierra as\u00ed de forma definitiva la mayor compra de su historia, ya que los 3.000 millones de d\u00f3lares que Apple ha pagado por Beats Electronics son una cifra muy superior a cualquiera de las compras que la empresa de la manzana mordida hab\u00eda realizado hasta la fecha, ya que ninguna de ellas superaba los 1.000 millones.\n\nAunque mundialmente reconocida por sus auriculares de gama alta -- cuyos precios en muchos casos no bajan de los 300 d\u00f3lares por unidad -- , Beats Electronics se lanz\u00f3 a principios de este a\u00f1o al mercado de la m\u00fasica por suscripci\u00f3n con el servicio Beats Music, un producto en el que Apple tiene gran inter\u00e9s.\n\nLa operaci\u00f3n se complet\u00f3 justo un d\u00eda despu\u00e9s de que este pasado jueves se conociese que Apple prescindir\u00e1 de 200 de los actuales empleados de Beats, seg\u00fan apuntaron varios portales especializados de Estados Unidos como Recode y 9to5Mac.\n\nSeg\u00fan estos medios, Apple eliminar\u00e1 cargos \"duplicados\" en los departamentos de recursos humanos, finanzas y servicios de asistencia que afectar\u00e1n aproximadamente a dos centenares de los trabajadores de Beats, lo que supone alrededor de un 30 % de su actual plantilla de 700 empleados.\n\nSeg\u00fan 9to5Mac, varios ejecutivos de Apple visitaron a principios de esta semana la sede de Beats en Culver City (California) e informaron a algunos de los trabajadores de que no seguir\u00e1n en Beats ahora que \u00e9sta forma parte de Apple.\n\nPor otro lado, el jueves tambi\u00e9n se conoci\u00f3 que varios altos directivos de Beats acompa\u00f1ar\u00e1n a los fundadores de la compa\u00f1\u00eda Jimmy Iovine y el rapero Dr. Dre y se unir\u00e1n al equipo de Apple.",
                    "date": "2014-08-02",
                    "eventUri": "1048573",
                    "id": "16659263",
                    "isDuplicate": false,
                    "lang": "spa",
                    "sim": 0.9255,
                    "source": {
                        "title": "20minutos.es - \u00daltimas Noticias",
                        "uri": "www.20minutos.es"
                    },
                    "time": "07:51:00",
                    "title": "Apple completa la compra del fabricante de auriculares Beats",
                    "uri": "201216068",
                    "url": "http://www.20minutos.es/noticia/2208281/0/apple/compra/auriculares-beats-electronics/",
                    "wgt": 1
                },
                {
                    "body": "El fabricante de auriculares de gama alta Beats Electronics ya es parte de Apple, y sus productos ya pueden adquirirse por internet a trav\u00e9s de la tienda virtual de Apple, al completarse la venta de la compa\u00f1\u00eda al gigante estadounidense por 3.000 millones de d\u00f3lares.\n\n\"Nos complace dar la bienvenida de forma oficial a Beats Music y Beats Electronics a la familia Apple\", indica un mensaje destacado en la p\u00e1gina principal de internet de la empresa de la manzana mordida, a la vez que cuando el usuario trata de comprar unos auriculares en el sitio web de Beats, \u00e9ste le redirige a la Apple Store.\n\nLa compa\u00f1\u00eda con sede en Cupertino (California) cierra as\u00ed de forma definitiva la mayor compra de su historia, ya que los 3.000 millones de d\u00f3lares que Apple ha pagado por Beats Electronics son una cifra muy superior a cualquiera de las compras que la empresa de la manzana mordida hab\u00eda realizado hasta la fecha, ya que ninguna de ellas superaba los 1.000 millones.\n\nAunque mundialmente reconocida por sus auriculares de gama alta cuyos precios en muchos casos no bajan de los 300 d\u00f3lares por unidad, Beats Electronics se lanz\u00f3 a principios de este a\u00f1o al mercado de la m\u00fasica por suscripci\u00f3n con el servicio Beats Music, un producto en el que Apple tiene gran inter\u00e9s.\n\nLa operaci\u00f3n se completa justo un d\u00eda despu\u00e9s de que este jueves se conociese que Apple prescindir\u00e1 de 200 de los actuales empleados de Beats, seg\u00fan apuntaron varios portales especializados de Estados Unidos como Recode y 9to5Mac.\n\nSeg\u00fan estos medios, Apple eliminar\u00e1 cargos \"duplicados\" en los departamentos de recursos humanos, finanzas y servicios de asistencia que afectar\u00e1n aproximadamente a dos centenares de los trabajadores de Beats, lo que supone alrededor de un 30 % de su actual plantilla de 700 empleados.\n\nSeg\u00fan 9to5Mac, varios ejecutivos de Apple visitaron a principios de esta semana la sede de Beats en Culver City (California) e informaron a algunos de los trabajadores de que no seguir\u00e1n en Beats ahora que \u00e9sta forma parte de Apple.\n\nPor otro lado, este jueves tambi\u00e9n se conoci\u00f3 que varios altos directivos de Beats acompa\u00f1ar\u00e1n a los fundadores de la compa\u00f1\u00eda Jimmy Iovine y el rapero Dr. Dre y se unir\u00e1n al equipo de Apple.\n\nEFE",
                    "date": "2014-08-02",
                    "eventUri": "1048573",
                    "id": "16662291",
                    "isDuplicate": false,
                    "lang": "spa",
                    "sim": 0.9219,
                    "source": {
                        "title": "www.rpp.com.pe",
                        "uri": "www.rpp.com.pe"
                    },
                    "time": "15:10:00",
                    "title": "Apple completa la compra de Beats por 3.000 millones de d\u00f3lares",
                    "uri": "201228398",
                    "url": "http://www.rpp.com.pe/2014-08-02-apple-completa-la-compra-de-beats-por-3-000-millones-de-dolares-noticia_712947.html",
                    "wgt": 1
                },
                {
                    "body": "Apple prescindir\u00e1 de 200 de los actuales empleados del fabricante de auriculares de gama alta Beats cuando cierre finalmente su adquisici\u00f3n en los pr\u00f3ximos meses, seg\u00fan apuntaron hoy varios portales especializados de Estados Unidos como Recode y 9to5Mac.\n\nSeg\u00fan estos medios, Apple eliminar\u00e1 cargos \"duplicados\" en los departamentos de recursos humanos, finanzas y servicios de asistencia que afectar\u00e1n aproximadamente a dos centenares de los trabajadores de Beats, lo que supone alrededor de un 30 % de su actual plantilla de 700 empleados.\n\nSeg\u00fan 9to5Mac, varios ejecutivos de Apple visitaron esta semana la sede de Beats en Culver City (California) e informaron a algunos de los trabajadores de que no ser\u00e1n incluidos en la operaci\u00f3n.\n\nPor otro lado, cuando el acuerdo se cierre definitivamente, algo previsto para el tercer trimestre del a\u00f1o, varios altos directivos de Beats acompa\u00f1ar\u00e1n a los fundadores de la compa\u00f1\u00eda Jimmy Iovine y el rapero Dr. Dre y se unir\u00e1n al equipo de Apple.\n\nApple anunci\u00f3 a finales de mayo la compra de Beats Electronics por 3.000 millones de d\u00f3lares, una operaci\u00f3n que le permite entrar de lleno en el negocio de la m\u00fasica por suscripci\u00f3n.\n\nAunque mundialmente reconocida por sus auriculares de gama alta, cuyos precios, en muchos casos, no bajan de los 300 d\u00f3lares por unidad, Beats Electronics se lanz\u00f3 a principios de este a\u00f1o al mercado de la m\u00fasica por suscripci\u00f3n con el servicio Beats Music, un producto en el que Apple tiene gran inter\u00e9s.\n\nLos 3.000 millones de d\u00f3lares que Apple pagar\u00e1 por Beats Electronics son una cifra muy superior a cualquiera de las compras que la empresa de la manzana mordida ha realizado hasta la fecha, ya que ninguna de ellas ha superado los 1.000 millones.",
                    "date": "2014-08-01",
                    "eventUri": "1048573",
                    "id": "16564159",
                    "isDuplicate": false,
                    "lang": "spa",
                    "sim": 0.9132,
                    "source": {
                        "title": "Hidrocalido",
                        "uri": "www.hidrocalidodigital.com"
                    },
                    "time": "01:31:00",
                    "title": "",
                    "uri": "200898533",
                    "url": "http://www.hidrocalidodigital.com/dinneg/articulo.php?idnota=74803",
                    "wgt": 1
                },
                {
                    "body": "SAN FRANCISCO, Estados Unidos (EFE).- Apple prescindir\u00e1 de 200 de los actuales empleados del fabricante de auriculares de gama alta Beats cuando cierre finalmente su adquisici\u00f3n en los pr\u00f3ximos meses, seg\u00fan apuntaron hoy varios portales especializados de Estados Unidos como Recode y 9to5Mac.\n\nSeg\u00fan estos medios, Apple eliminar\u00e1 cargos \"duplicados\" en los departamentos de recursos humanos, finanzas y servicios de asistencia que afectar\u00e1n aproximadamente a dos centenares de los trabajadores de Beats, lo que supone alrededor de un 30 % de su actual plantilla de 700 empleados.\n\nSeg\u00fan 9to5Mac, varios ejecutivos de Apple visitaron esta semana la sede de Beats en Culver City (California) e informaron a algunos de los trabajadores de que no ser\u00e1n incluidos en la operaci\u00f3n.\n\nPor otro lado, cuando el acuerdo se cierre definitivamente, algo previsto para el tercer trimestre del a\u00f1o, varios altos directivos de Beats acompa\u00f1ar\u00e1n a los fundadores de la compa\u00f1\u00eda Jimmy Iovine y el rapero Dr. Dre y se unir\u00e1n al equipo de Apple.\n\nApple anunci\u00f3 a finales de mayo la compra de Beats Electronics por 3.000 millones de d\u00f3lares, una operaci\u00f3n que le permite entrar de lleno en el negocio de la m\u00fasica por suscripci\u00f3n.\n\nAunque mundialmente reconocida por sus auriculares de gama alta, cuyos precios, en muchos casos, no bajan de los 300 d\u00f3lares por unidad, Beats Electronics se lanz\u00f3 a principios de este a\u00f1o al mercado de la m\u00fasica por suscripci\u00f3n con el servicio Beats Music, un producto en el que Apple tiene gran inter\u00e9s.\n\nLos 3.000 millones de d\u00f3lares que Apple pagar\u00e1 por Beats Electronics son una cifra muy superior a cualquiera de las compras que la empresa de la manzana mordida ha realizado hasta la fecha, ya que ninguna de ellas ha superado los 1.000 millones.",
                    "date": "2014-07-31",
                    "eventUri": "1048573",
                    "id": "16554317",
                    "isDuplicate": false,
                    "lang": "spa",
                    "sim": 0.909,
                    "source": {
                        "title": "El Diario de Yucat\u00e1n",
                        "uri": "yucatan.com.mx"
                    },
                    "time": "20:43:00",
                    "title": "Apple eliminar\u00e1 200 empleos en Beats cuando cierre su adquisici\u00f3n - El Diario de Yucat\u00e1n",
                    "uri": "200868215",
                    "url": "http://yucatan.com.mx/economia/empleo-y-desempleo/apple-eliminara-200-empleos-en-beats-cuando-cierre-su-adquisicion",
                    "wgt": 1
                },
                {
                    "body": "Beats fundada en 2008 por el rapero y productor Dr. Dre y el presidente de Interscope-Geffen-A&M, Jimmy Lovine\n\nApple prescindir\u00e1 de 200 de los actuales empleados del fabricante de auriculares de gama alta Beats cuando cierre finalmente su adquisici\u00f3n en los pr\u00f3ximos meses, seg\u00fan apuntaron este viernes varios portales especializados de Estados Unidos como Recode y 9to5Mac.\n\nSeg\u00fan estos medios, Apple eliminar\u00e1 cargos \"duplicados\" en los departamentos de recursos humanos, finanzas y servicios de asistencia que afectar\u00e1n aproximadamente a dos centenares de los trabajadores de Beats, lo que supone alrededor de un 30 % de su actual plantilla de 700 empleados.\n\nSeg\u00fan 9to5Mac, varios ejecutivos de Apple visitaron esta semana la sede de Beats en Culver City (California) e informaron a algunos de los trabajadores de que no ser\u00e1n incluidos en la operaci\u00f3n.\n\nDr. Dre se unir\u00e1 a Apple\n\nPor otro lado, cuando el acuerdo se cierre definitivamente, algo previsto para el tercer trimestre del a\u00f1o, varios altos directivos de Beats acompa\u00f1ar\u00e1n a los fundadores de la compa\u00f1\u00eda Jimmy Iovine y el rapero Dr. Dre y se unir\u00e1n al equipo de Apple.\n\nApple anunci\u00f3 a finales de mayo la compra de Beats Electronics por 3.000 millones de d\u00f3lares, una operaci\u00f3n que le permite entrar de lleno en el negocio de la m\u00fasica por suscripci\u00f3n.\n\nAunque mundialmente reconocida por sus auriculares de gama alta, cuyos precios, en muchos casos, no bajan de los 300 d\u00f3lares por unidad, Beats Electronics se lanz\u00f3 a principios de este a\u00f1o al mercado de la m\u00fasica por suscripci\u00f3n con el servicio Beats Music, un producto en el que Apple tiene gran inter\u00e9s.\n\nLos 3.000 millones de d\u00f3lares que Apple pagar\u00e1 por Beats Electronics son una cifra muy superior a cualquiera de las compras que la empresa de la manzana mordida ha realizado hasta la fecha, ya que ninguna de ellas ha superado los 1.000 millones.",
                    "date": "2014-08-01",
                    "eventUri": "1048573",
                    "id": "16607944",
                    "isDuplicate": false,
                    "lang": "spa",
                    "sim": 0.8953,
                    "source": {
                        "title": "Terra",
                        "uri": "noticias.terra.com.co"
                    },
                    "time": "15:21:00",
                    "title": "Apple despide a 200 funcionarios tras la compra de Beats - Terra Colombia",
                    "uri": "201033607",
                    "url": "http://noticias.terra.com.co/tecnologia/apple-despide-a-200-funcionarios-tras-la-compra-de-beats%2C585814239fd87410VgnCLD200000b2bf46d0RCRD.html",
                    "wgt": 1
                },
                {
                    "body": "La firma tecnol\u00f3gica estadounidense Apple recortar\u00e1 cerca de 200 empleos de la compa\u00f1\u00eda Beats Electronics, cuya adquisici\u00f3n se har\u00e1 efectiva ma\u00f1ana, seg\u00fan inform\u00f3 el diario estadounidense New York Post.\n\nLa que supone la mayor compra jam\u00e1s realizada por Apple desde que Tim Cook est\u00e1 al frente, podr\u00eda implicar adem\u00e1s la reducci\u00f3n de un 40% de los puestos de trabajo de Beats Electronics, seg\u00fan el diario americano.\n\nLa compa\u00f1\u00eda de la manzana hac\u00eda p\u00fablico hace dos meses la adquisici\u00f3n del fabricante de auriculares 'premium' Beats Electronics y del servicio de m\u00fasica en 'streaming' Beats Music por un total de 3.000 millones de d\u00f3lares (2.205 millones de euros), compra que se completar\u00e1 ma\u00f1ana cuando se cierre el cuarto trimestre de su ejercicio fiscal.\n\n\"La semana pasada todo el mundo recibi\u00f3 una oferta de Apple\", apunta una fuente recogida por New York Post, sin embargo, \"algunas eran transitorias, con una fecha final establecida\".\n\nEn cuanto a los directivos de Beats, incluyendo a Luke Wood, Ian Rogers y el director creativo Trent Rexnor, otra fuente consultada por el diario norteamericano asegura que ellos s\u00ed \"se incorporar\u00e1n a Apple\".\n\nLos rumores sobre esta posibilidad de reducci\u00f3n de plantilla por parte de Apple ya llevaban alg\u00fan tiempo sonando, siendo el blog tecnol\u00f3gico 9To5Mac el primero en hacerse eco de la situaci\u00f3n. Adem\u00e1s, Reznor tuite\u00f3 el 2 de junio \"...pues S\u00cd sigo siendo CCO de Beats Music y esperando a ver qu\u00e9 ocurre con Apple\", y desde entonces no ha vuelto a escribir en la red social.\n\nLa adquisici\u00f3n de Beats permite a Apple introducirse en dos mercados florecientes como el de auriculares premium y el de suscripciones a servicios de acceso ilimitado a m\u00fasica, actualmente liderados por Spotify, que cuenta con m\u00e1s de 10 millones de usuarios de pago.",
                    "date": "2014-07-31",
                    "eventUri": "1048573",
                    "id": "16608853",
                    "isDuplicate": false,
                    "lang": "spa",
                    "sim": 0.8545,
                    "source": {
                        "title": "Expansion",
                        "uri": "www.expansion.com"
                    },
                    "time": "16:37:00",
                    "title": "Apple podr\u00eda despedir al 40% de la plantilla de Beats Electronics - Expansi\u00f3n.com",
                    "uri": "201035604",
                    "url": "http://www.expansion.com/2014/07/31/empresas/tecnologia/1406824444.html",
                    "wgt": 1
                },
                {
                    "body": "La compa\u00f1\u00eda de la manzana compra la firma del fabricante de auriculares por un total de 3.000 millones de d\u00f3lares\n\nEP / Madrid La firma tecnol\u00f3gica estadounidense Apple recortar\u00e1 cerca de 200 empleos de la compa\u00f1\u00eda Beats Electronics, cuya adquisici\u00f3n se har\u00e1 efectiva ma\u00f1ana, seg\u00fan inform\u00f3 hoy el diario estadounidense New York Post.\n\nLa que supone la mayor compra jam\u00e1s realizada por Apple desde que Tim Cook est\u00e1 al frente, podr\u00eda implicar adem\u00e1s la reducci\u00f3n de un 40% de los puestos de trabajo de Beats Electronics, seg\u00fan el diario americano.\n\nLa compa\u00f1\u00eda de la manzana hac\u00eda p\u00fablico hace dos meses la adquisici\u00f3n del fabricante de auriculares 'premium' Beats Electronics y del servicio de m\u00fasica en 'streaming' Beats Music por un total de 3.000 millones de d\u00f3lares (2.205 millones de euros), compra que se completar\u00e1 ma\u00f1ana cuando se cierre el cuarto trimestre de su ejercicio fiscal.\n\n\"La semana pasada todo el mundo recibi\u00f3 una oferta de Apple\", apunta una fuente recogida por New York Post, sin embargo, \"algunas eran transitorias, con una fecha final establecida\".\n\nEn cuanto a los directivos de Beats, incluyendo a Luke Wood, Ian Rogers y el director creativo Trent Rexnor, otra fuente consultada por el diario norteamericano asegura que ellos s\u00ed \"se incorporar\u00e1n a Apple\".\n\nLos rumores sobre esta posibilidad de reducci\u00f3n de plantilla por parte de Apple ya llevaban alg\u00fan tiempo sonando, siendo el blog tecnol\u00f3gico 9To5Mac el primero en hacerse eco de la situaci\u00f3n. Adem\u00e1s, Reznor tuite\u00f3 el 2 de junio \"...pues S\u00cd sigo siendo CCO de Beats Music y esperando a ver qu\u00e9 ocurre con Apple\", y desde entonces no ha vuelto a escribir en la red social.\n\nLa adquisici\u00f3n de Beats permite a Apple introducirse en dos mercados florecientes como el de auriculares premium y el de suscripciones a servicios de acceso ilimitado a m\u00fasica, actualmente liderados por Spotify, que cuenta con m\u00e1s de 10 millones de usuarios de pago.",
                    "date": "2014-07-31",
                    "eventUri": "1048573",
                    "id": "16566938",
                    "isDuplicate": false,
                    "lang": "spa",
                    "sim": 0.8484,
                    "source": {
                        "title": "www.lne.es",
                        "uri": "www.lne.es"
                    },
                    "time": "16:31:00",
                    "title": "Beats, la popular firma de auriculares. - La Nueva Espa\u00f1a",
                    "uri": "200905423",
                    "url": "http://www.lne.es/vida-y-estilo/tecnologia/2014/07/31/apple-despedira-200-trabajadores-beats/1622479.html",
                    "wgt": 1
                },
                {
                    "body": "La firma tecnol\u00f3gica estadounidense Apple recortar\u00e1 cerca de 200 empleos de la compa\u00f1\u00eda Beats Electronics, cuya adquisici\u00f3n se har\u00e1 efectiva ma\u00f1ana, seg\u00fan inform\u00f3 hoy el diario estadounidense New York Post.\n\nMADRID, 31 (EUROPA PRESS)\n\nLa que supone la mayor compra jam\u00e1s realizada por APPLE (AAPL.NQ)desde que Tim Cook est\u00e1 al frente, podr\u00eda implicar adem\u00e1s la reducci\u00f3n de un 40% de los puestos de trabajo de Beats Electronics, seg\u00fan el diario americano.\n\nLa compa\u00f1\u00eda de la manzana hac\u00eda p\u00fablico hace dos meses la adquisici\u00f3n del fabricante de auriculares 'premium' Beats Electronics y del servicio de m\u00fasica en 'streaming' Beats Music por un total de 3.000 millones de d\u00f3lares (2.205 millones de euros), compra que se completar\u00e1 ma\u00f1ana cuando se cierre el cuarto trimestre de su ejercicio fiscal.\n\n\"La semana pasada todo el mundo recibi\u00f3 una oferta de Apple\", apunta una fuente recogida por New York Post, sin embargo, \"algunas eran transitorias, con una fecha final establecida\".\n\nEn cuanto a los directivos de Beats, incluyendo a Luke Wood, Ian Rogers y el director creativo Trent Rexnor, otra fuente consultada por el diario norteamericano asegura que ellos s\u00ed \"se incorporar\u00e1n a Apple\".\n\nLos rumores sobre esta posibilidad de reducci\u00f3n de plantilla por parte de Apple ya llevaban alg\u00fan tiempo sonando, siendo el blog tecnol\u00f3gico 9To5Mac el primero en hacerse eco de la situaci\u00f3n. Adem\u00e1s, Reznor tuite\u00f3 el 2 de junio \"...pues S\u00cd sigo siendo CCO de Beats Music y esperando a ver qu\u00e9 ocurre con Apple\", y desde entonces no ha vuelto a escribir en la red social.\n\nLa adquisici\u00f3n de Beats permite a Apple introducirse en dos mercados florecientes como el de auriculares premium y el de suscripciones a servicios de acceso ilimitado a m\u00fasica, actualmente liderados por Spotify, que cuenta con m\u00e1s de 10 millones de usuarios de pago.",
                    "date": "2014-07-31",
                    "eventUri": "1048573",
                    "id": "16534708",
                    "isDuplicate": false,
                    "lang": "spa",
                    "sim": 0.8399,
                    "source": {
                        "title": "El Economista",
                        "uri": "www.eleconomista.es"
                    },
                    "time": "16:18:00",
                    "title": "Apple despedir\u00e1 al 40% de la plantilla de Beats, seg\u00fan New York Post",
                    "uri": "200816014",
                    "url": "http://www.eleconomista.es/economia/noticias/5983038/07/14/Apple-despedira-al-40-de-la-plantilla-de-Beats-segun-New-York-Post.html",
                    "wgt": 1
                },
                {
                    "body": "Los nuevos usuarios de iOS que conecten sus dispositivos por primera vez a la App Store de Apple podr\u00e1n ver c\u00f3mo el sistema les sugiere que se descarguen la 'app' de Beats Electronics', que se une a algunas que ya recomendaban, como iBooks, iNumbers, Podcasts o Find My iPhone, entre otras.\n\nEsto supone un nuevo movimiento por parte de Apple para ir integrando a Beats en todos sus servicios, en este caso poner la aplicaci\u00f3n de Beats Music entre las principales o predeterminadas para descargarlas al empezar a configurar el iPad, tal y como ha recogido 9to5Mac. As\u00ed, Apple tambi\u00e9n consigue anunciar a los nuevos usuarios de iOS esta 'app'.\n\nEste 'promoci\u00f3n' de la aplicaci\u00f3n la pueden ver tanto las personas que configuran un dispositivo iOS por primera vez, como para los usuarios que restauren el aparato a una versi\u00f3n de iOS 7, seg\u00fan la citada web.",
                    "date": "2014-08-13",
                    "eventUri": "1048573",
                    "id": "17131378",
                    "isDuplicate": false,
                    "lang": "spa",
                    "sim": 0.5671,
                    "source": {
                        "title": "europapress.es",
                        "uri": "www.europapress.es"
                    },
                    "time": "16:21:00",
                    "title": "Beats Music se suma a las 'apps' b\u00e1sicas recomendadas por Apple",
                    "uri": "203476091",
                    "url": "http://www.europapress.es/portaltic/software/noticia-beats-music-suma-apps-basicas-recomendadas-apple-20140812181415.html",
                    "wgt": 1
                },
                {
                    "body": "Siguiendo la transici\u00f3n de Beats a Apple, conocemos la noticia por parte de The Wall Street Journal que Ian Rogers, actual CEO de Beats, pasar\u00e1 a formar parte del equipo de Apple, especialmente del departamento de iTunes Radio.\n\nEn Beats, Ian Rogers no solo se encarga de ser el Director Ejecutivo, sino tambi\u00e9n de llevar el liderazgo de BeatsMusic (un servicio de m\u00fasica en transmisi\u00f3n -- streaming -- que compet\u00eda directamente con Spotify y Pandora (dos de los mayores servicios de m\u00fasica en streaming del mundo que ofrecen un servicio de suscripci\u00f3n gratuita y otro libre de anuncios) e inclusive con la misma iTunes Radio, que ha ido adoptando en poco tiempo m\u00e1s de 250.000 suscriptores.\n\nIan posee experiencia en el campo de la m\u00fasica ya que colabor\u00f3 con varias bandas como Beastie Boys y fue el encargado de Yahoo! Music, y luego en enero de 2013 paso a convertirse en el 'cabecilla' de Beats.\n\nAhora que estar\u00e1 en Apple, llevar\u00e1 la batuta de iTunes Radio, fusionando las bondades de BeatsMusic y iTunes Radio, y posiblemente algunas part\u00edculas de la reciente adquisici\u00f3n de Swell, reportando directamente a Eddy Cue.\n\nAhora s\u00f3lo toca esperar que resultar\u00e1 y en que evolucionar\u00e1 iTunes Radio, algo que esperemos ver en un futuro no muy lejano con el futuro iOS 9, o OS X 11",
                    "date": "2014-08-04",
                    "eventUri": "1048573",
                    "id": "16734837",
                    "isDuplicate": false,
                    "lang": "spa",
                    "sim": 0.5214,
                    "source": {
                        "title": "pacmac.es",
                        "uri": "pacmac.es"
                    },
                    "time": "15:59:00",
                    "title": "Ian Rogers CEO de Beats se pasa a las filas de Apple - PacMac",
                    "uri": "201568681",
                    "url": "http://pacmac.es/ian-rogers-ceo-de-beats-se-pasa-las-filas-de-apple/",
                    "wgt": 1
                },
                {
                    "body": "El modelo apunta al usuario casual que gusta del hip-hop, rap y otros g\u00e9neros donde predominan los bajos\n\nCuando uno piensa en auriculares, Beats es la \u00faltima opci\u00f3n en la lista si lo que se busca es calidad de sonido. Curiosamente el producto de Dr Dre (ahora de Apple) es el rival a vencer para muchas compa\u00f1\u00edas o raperos que crean modelos similares para llevarse una tajada del mercado. Hoy Sennheiser ha mostrado un nuevo modelo con el que planea entrar a la categor\u00eda de aud\u00edfonos para hip-hop: los Urbanites.\n\nLos auriculares de la marca alemana se ofrecen en dos sabores: Urbanite (supraaurales) y Urbanite XL (circumaurales). Ambos modelos se alejan ligeramente del dise\u00f1o sobrio de Sennheiser y apuntan al pl\u00e1stico colorido con cinco opciones a elegir. Al igual que Beats, los bajos son potenciados por lo que los Urbanites son perfectos para hip-hop, rap, dance, dub step y m\u00e1s.\n\nA juzgar por el precio, los Urbanite competir\u00edan con los Beats Solo2 mientras que el modelo XL se ir\u00eda por el Mixlr. De acuerdo a varios medios estadounidenses, la calidad de sonido y los componentesde Sennheiser resultan mejor que la opci\u00f3n de Dr Dre.\n\nA continuaci\u00f3n las especificaciones t\u00e9cnicas cada modelo",
                    "date": "2014-09-07",
                    "eventUri": "1048573",
                    "id": "18786409",
                    "isDuplicate": false,
                    "lang": "spa",
                    "sim": 0.4441,
                    "source": {
                        "title": "www.fayerwayer.com",
                        "uri": "www.fayerwayer.com"
                    },
                    "time": "07:24:00",
                    "title": "Sennheiser lanza sus auriculares Urbanite para competir con Beats",
                    "uri": "208976711",
                    "url": "http://www.fayerwayer.com/2014/09/sennheiser-lanza-sus-auriculares-urbanite-para-competir-con-beats/?utm_source=feedburner&utm_medium=feed&utm_campaign=Feed%253A%2Bfayerwayer%2B%2528FayerWayer%2529&utm_content=FeedBurner",
                    "wgt": 1
                },
                {
                    "body": "La funci\u00f3n que ten\u00eda prevista realizar hoy en el Club Fomento Centenario, The Beats, la mejor banda tributo de The Beatles, se suspendi\u00f3 por cuestiones de salud de unos de sus integrantes. En estas horas se est\u00e1 analizando la posibilidad de reprogramar la fecha, pero depender\u00e1 de la recuperaci\u00f3n del m\u00fasico que ser\u00e1 sometido a una operaci\u00f3n en una de sus manos.\n\nQuienes hayan adquirido la entrada, podr\u00e1n pasar a retirar el dinero o conservar sus ubicaciones hasta que se determine la nueva fecha.",
                    "date": "2014-08-29",
                    "eventUri": "1048573",
                    "id": "18056310",
                    "isDuplicate": false,
                    "lang": "spa",
                    "sim": 0.3195,
                    "source": {
                        "title": "La Opinion de Pergamino",
                        "uri": "www.laopinion-pergamino.com.ar"
                    },
                    "time": "08:16:00",
                    "title": "The Beats se suspendi\u00f3",
                    "uri": "207047600",
                    "url": "http://www.laopinion-pergamino.com.ar/nota.asp?date=29%2F08%2F2014&vernota=76330",
                    "wgt": 1
                }
            ]
        },
        "info": {
            "articleCount": 12,
            "averageDate": "2014-08-08",
            "avgCos": 0.528,
            "categories": [],
            "customDate": false,
            "customLocation": false,
            "eventUri": "1048573",
            "extractedDate": "",
            "extractedDateEnd": "",
            "id": "1048573",
            "lang": "spa",
            "storyDate": "2014-08-08",
            "storyDateEnd": "",
            "uri": "e7e700df-6a06-44ea-a4f3-f736278fc36b-224714",
            "variance": 0.2213
        }
    },
    "meta": {
        "CCAArticleMatchCount": 5,
        "CCAArticleMatchRatio": 0.09433962264150944,
        "CCAAvgCosSim": 0.55786,
        "CCAAvgMatchWgt": 35,
        "_articleUri1": "201965555",
        "_articleUri2": "201216068",
        "_datetime": "2015-02-19 17:34:54",
        "_ruleBasedShouldMerge": false,
        "_storyUri1": "850f305d-14db-4c75-b547-79470a557ea3-625090",
        "_storyUri2": "e7e700df-6a06-44ea-a4f3-f736278fc36b-224714",
        "_username": "Evgenia Belyaeva",
        "artCount1": 5,
        "artCount2": 12,
        "avgCosSimStory1": 0.4202,
        "avgCosSimStory2": 0.528,
        "categorySim": 0,
        "conceptCosSim": 0.01560706317317548,
        "conceptJaccardSim": 0.03260869565217391,
        "coreTime1": 127931.4166666667,
        "coreTime2": 127820.7166666667,
        "coreTimeStDev1": 10.82447124703167,
        "coreTimeStDev2": 208.6978318047406,
        "entityCosSim": 0.001992955913671362,
        "entityJaccardSim": 0.05555555555555555,
        "extractedDateJaccardSim": 0,
        "extractedDatesStory1": 1,
        "extractedDatesStory2": 0,
        "hasSameLocation": 0,
        "keywordCosSim": 0.02364529722263301,
        "keywordJaccardSim": 0.01785714285714286,
        "lang1": "eng",
        "lang2": "spa",
        "matchingDateCount": 0,
        "matchingDateRatio": 0,
        "ratioAnnotatedArticlesStory1": 1,
        "ratioAnnotatedArticlesStory2": 1,
        "shouldMerge": false,
        "storyQuality1": 5,
        "storyQuality2": 15,
        "timeAvg1": 127941.9733333333,
        "timeAvg2": 127993.1694444444,
        "timeStDev1": 10.82447124703167,
        "timeStDev2": 292.1787742177621,
        "varianceStory1": 0.3234,
        "varianceStory2": 0.2213
    }
}