{
    "eng-0880EE54-9D81-4F9B-A595-3A4BE1CAA3BA-41157": {
        "articles": {
            "resultCount": 16,
            "results": [
                {
                    "body": "The IIT Delhi faculty forum today requested Director R Shevgaonkar to withdraw his resignation over which a controversy had erupted, describing him as a man of \"dignity and integrity\".\n\nThe request came even as Chairman of the IIT-D's Board of Governors Vijay Bhatkar met HRD Minister Smriti Irani.\n\n\"The faculty of IIT Delhi stands by the decisions that its administration has taken to uphold the autonomy of the Institute. We request the Director, IIT Delhi to withdraw his resignation,\" the faculty forum said in a statement. The resignation has not yet been accepted.\n\nShevgaonkar had last Friday forwarded his resignation to Bhatkar citing \"personal reasons\" even as a media report suggested that he was under pressure from the HRD Ministry. The Ministry has denied that any pressure was put on Shevgaonkar that may have made him quit.\n\nSources in the HRD Ministry indicated that faulting the Director on the issue of the setting up of an extension research campus in Mauritius would prove counter productive as it had approval of the Ministry itself and an MoU in this regard was signed in Mauritius last year in the presence of the then HRD Minister M M Pallam Raju.\n\nAn enquiry is already underway about the MoU which has been at the centre of the controversy ever since Shevgaonkar quit.\n\nAn IIT statement issued by the acting registrar yesterday had, however, said the campus in Mauritius is not an \"extension campus of IIT-D\" but an independent research academy named 'International Institute of Technology Research Academy' (IITRA). \"IIT-D's role is only advisory in nature,\" it said.\n\nSources said that HRD Minister Smriti Irani met President Pranab Mukherjee, who is the visitor of the IITs.\n\nWhile it remained unclear what transpired at the meeting, HRD Ministry sources maintained that Irani went to Rashtrapati Bhavan to enquire about the President's health. IIT Delhi faculty members are of the unanimous view that \"interference\" in the operational autonomy of IIT Delhi (and IIT system in general) is the beginning of the end to excellence that has been achieved so far, or can be achieved in future, especially in the Indian context.\n\n\"For any academician, including all faculty of IIT Delhi and especially Prof Shevgaonkar, dignity and integrity are the sole assets of our lives.\n\n\"Thus, direct or indirect communication affecting these parameters is bound to create unrest in an otherwise peaceful mind that truly loves research and teaching. This is the spirit of IIT Delhi,\" the statement said.\n\nBJP leader and former IIT-Delhi alumni Subramanian Swamy, whose name has been dragged into the controversy, had yesterday alleged his resignation was not over the alleged demand by him to the Ministry to settle his dues but had to do with setting up IIT-D campus in Mauritius over which an \"explanation\" has been sought from him.\n\nThe IIT statement issued yesterday said the original proposal to start International Institute of Technology Delhi Research Academy was initiated on the recommendation of the IIT Council on January 21, 2011 but its nomenclature was later changed to IITRA on the advice of the HRD Ministry.\n\n\"The final MoU was okayed by HRD Ministry and it was signed in the presence of the then HRD Minister on November 19, 2013 in Mauritius,\" the IIT statement said.\n\nIIT Delhi Alumni Association has yesterday also come out in support of Shevgaonkar, requesting him to continue in his post.",
                    "date": "2014-12-30",
                    "eventUri": "2137259",
                    "id": "29531959",
                    "isDuplicate": false,
                    "lang": "eng",
                    "sim": 0.9193,
                    "source": {
                        "title": "Deccan Herald",
                        "uri": "www.deccanherald.com"
                    },
                    "time": "18:06:00",
                    "title": "IIT Delhi faculty asks Director to withdraw resignation",
                    "uri": "237671588",
                    "url": "http://www.deccanherald.com/content/450699/iit-delhi-faculty-asks-director.html",
                    "wgt": 1
                },
                {
                    "body": "The Mauritius Research Council on Tuesday said that the Indian Institute of Technology-Delhi's scope in the MoU signed between the two institutes was \"limited to research\". The statement comes amid the controversy over the resignation of IIT-Delhi director Raghunath K Shevgaonkar and the HRD Ministry setting up an inquiry into the MoU.\n\nHRD Ministry officials claim that the MoU between Mauritius Research Council and IIT-Delhi for setting up an International Institute of Technology Research Academy (IITRA) in Mauritius provides for a greater scope of IIT-Delhi than the IIT Act permits and is, in fact, an 'extension campus'.\n\nHowever, A Suddhoo, executive director of Mauritius Research Council said: \"The MoU is limited to research and provides purely for a research academy. Its (IIT-Delhi) role is only that.\" He added that the proposed centre in Mauritius wasn't an off-campus centre.\n\nThe MoU has Shevgaonkar and Suddhoo's signatures.\n\nIIT-Delhi chairman Vijay P Bhatkar met HRD Minister Smriti Irani on Tuesday, after which he paid a visit to President Pranab Mukherjee who is the Visitor of IITs. The ministry is yet to accept Shevgaonkar's resignation.\n\nMeanwhile, IIT-Delhi's faculty forum came out in strong support of Shevgaonkar and urged him to withdraw his resignation.\n\n\"IIT-Delhi faculty members are of the unanimous view that interference in the operational autonomy of IIT-Delhi (and IIT system in general) is the beginning of the end to excellence that has been achieved so far, or can be achieved in future, especially in the Indian context. For any academician, including all faculty of IIT-Delhi and especially Prof. Shevgaonkar, dignity and integrity are the sole assets of our lives. Thus, direct or indirect communication affecting these parameters is bound to create unrest in an otherwise peaceful mind that truly loves research and teaching,\" it said in a statement.\n\n\"The faculty of IIT-Delhi stands by the decisions that its administration has taken to uphold the autonomy of the institute. We request the director, IIT-Delhi, to withdraw his resignation,\" it added.\n\nIn a statement issued Monday evening, IIT-Delhi administration had also clarified its stand on the issue, explaining there was no violation in setting up of the IITRA.",
                    "date": "2014-12-31",
                    "eventUri": "2137259",
                    "id": "29576723",
                    "isDuplicate": false,
                    "lang": "eng",
                    "sim": 0.9027,
                    "source": {
                        "title": "indianexpress.com",
                        "uri": "indianexpress.com"
                    },
                    "time": "08:01:00",
                    "title": "Mauritius institute claims MoU with IIT-Delhi was 'limited to research'",
                    "uri": "237776233",
                    "url": "http://indianexpress.com/article/india/india-others/mauritius-institute-claims-mou-was-limited-to-research/",
                    "wgt": 1
                },
                {
                    "body": "Three days after resigning as IIT-Delhi director, R Shevgaonkar met president Pranab Mukherjee on Tuesday. While the ministry is on a backfoot and has yet to accept Shevgaonkar's resignation, the Faculty Forum of IIT has come up with a resolution requesting Shevgaonkar to take back his resignation. The forum has criticised the ministry for interfering in the functioning of the IIT. The support that Shevgaonkar has gathered from the board, faculty and alumni has forced the ministry to soften its stand on the director. \"An inquiry is on and his resignation is yet to be accepted,\" said an official at the ministry.\n\nShevgaonkar had resigned on Friday citing personal reasons. However, the controversy over his resignation suggested that he was under pressure from the ministry for the MoU that the IIT Delhi has signed with Mauritius to set up a campus there. IIT Delhi has set up International Institute of Technology Research Academy (IITRA) with Mauritius Research Council.\n\nUnlike the controversy over Sanskrit vs German, this time the ministry has not made any statement for its Mauritian counterpart and is treating the subject as an internal matter.\n\nDuring his meeting with president Mukherjee, who is also the visitor of IITs, Shevgaonkar apprised him of the issue.\n\nMeanwhile, IIT Delhi faculty members in a resolution passed on Tuesday held a unanimous view that interference in the operational autonomy of IIT Delhi could be the beginning of the end to excellence that the institute has achieved so far. \"For any academician, including all faculty of IIT Delhi and especially Prof Shevgaonkar, dignity and integrity are the sole assets of our lives. Thus, direct or indirect communication affecting these parameters is bound to create unrest in an otherwise peaceful mind that truly loves research and teaching. We request the director, IIT Delhi to withdraw his resignation,\" reads the resolution.",
                    "date": "2014-12-31",
                    "eventUri": "2137259",
                    "id": "29562836",
                    "isDuplicate": false,
                    "lang": "eng",
                    "sim": 0.8494,
                    "source": {
                        "title": "Daily News and Analysis (DNA) India",
                        "uri": "www.dnaindia.com"
                    },
                    "time": "02:45:00",
                    "title": "IIT urges R Shevgaonkar to withdraw resignation",
                    "uri": "237742156",
                    "url": "http://www.dnaindia.com/india/report-iit-urges-r-shevgaonkar-to-withdraw-resignation-2048215",
                    "wgt": 1
                },
                {
                    "body": "NEW DELHI: The HRD ministry and IIT-Delhi were on collision course on Monday after the institute and its alumni strongly backed its former director RK Shevgaonkar against allegations of wrongdoing, threatening to engulf the government in a fresh controversy, this time involving one of India's top centres of learning.\n\nA day after ministry officials and the BJP suggested that Shevgaonkar had resigned because the government was investigating irregularities purportedly by him in the setting up of an IIT-Delhi facility in Mauritius, the institute said the resignation was because of \"personal reasons\".\n\nIt also put up a strong defence of its former director saying the facility in Mauritius was a research academy being mentored by IIT-Delhi and not an extension campus and had been set up after obtaining all sanctions.\n\n\"There is nothing illegal about the Mauritius academy,\" Vijay Bhatkar, chairman of IIT-Delhi's board of governors, told ET, as he described Shevgaonkar as \"one of the best directors any IIT could get\". \"He is an outstanding academician, excellent researcher and a good administrator. As a person, I know him since his vice-chancellor days in Pune. He is always smiling and a very positive person.\n\nHe is balanced, open person and not at all stubborn,\" said Bhatkar, who said he had tried unsuccessfully to convince Shevgaonkar to reconsider his resignation.\n\nShevgaonkar's resignation has become the latest controversy to haunt the ministry, which under Smriti Irani has hurtled from one row to another. Early in her term, the minister found herself defending her educational qualifications and, because of it, her suitability to head the ministry. This was followed by a high profile standoff with the Delhi University and then others, including the Sanskrit row in CBSE schools and more recently her ministry's letter to schools to observe activities around Good Governance on Christmas day.\n\nOn Sunday, the ministry tried to distance itself from media reports suggesting that Shevgaonkar was under pressure from the government to release salary dues to former faculty member and now BJP leader Subramanian Swamy. Senior government officials claimed that the director resigned because he was feeling \"cornered\" on the Mauritius issue as the new government had questioned the legality of the project.\n\nResponding to these allegations, IIT Delhi said in a statement that the academy at the centre of the controversy was set up at the behest of the HRD ministry and the ministry of external affairs and only after it was approved by the IIT Council, the highest decision-making body of the premier engineering schools.\n\n\"The final MoU was okayed by MHRD and it was signed in the presence of the then Hon'ble HRM and the functionaries from MHRD and Indian High Commission, on 19-11-2013 in Mauritius,\" said the statement, indicating that the government was very much in the loop. Shevgaonkar also won support from the IIT Delhi Alumni Association.\n\n\"We, the IIT Delhi Alumni Association (IITD AA) hereby resolve that the autonomy of IIT system, being extremely important for the development of the nation, should not be interfered with by the MHRD, in order to have smooth functioning of IITs. It is further resolved that IIT Delhi Alumni Association is fully behind Professor RK Shevgaonkar and requests him to continue leading this illustrious Institution to greater heights,\" its secretary Chandra K Jain said in a statement.IIT officials, speaking to ET on condition of anonymity, said the institute had no financial commitment towards the setting up of the research academy and all expenses were being incurred by the government of Mauritius. \"The ministry is very well aware of that and all allegations are baseless,\" said one senior IIT official.Senior HRD ministry officials, however, continued to insist that the MoU was illegal because the IIT Act, which governs each of the 13 IITs, does not empower any institute to set up an offshore campus.\n\n\"The collaboration also did not have the approval of the ministry of external affairs. Their board of governors had said they would request the government to amend the IIT Act to allow this collaboration, but the director did not do this and went ahead with the MoU,\" said a senior official, who did not wish to be identified. Shevgaonkar was unavailable for comment.",
                    "date": "2014-12-30",
                    "eventUri": "2137259",
                    "id": "29484308",
                    "isDuplicate": false,
                    "lang": "eng",
                    "sim": 0.8423,
                    "source": {
                        "title": "Economic Times",
                        "uri": "economictimes.indiatimes.com"
                    },
                    "time": "04:00:00",
                    "title": "IIT-Delhi Director's resignation: Institute defends Mauritius facility",
                    "uri": "237548105",
                    "url": "http://articles.economictimes.indiatimes.com/2014-12-30/news/57528808_1_iit-delhi-alumni-association-hrd-ministry-mauritius",
                    "wgt": 1
                },
                {
                    "body": "New Delhi: The IIT Delhi faculty forum on Tuesday requested Director R Shevgaonkar to withdraw his resignation over which a controversy had erupted, describing him as a man of \"dignity and integrity\".\n\nThe request came even as Chairman of the IIT-D's Board of Governors Vijay Bhatkar met HRD Minister Smriti Irani.\n\n\"The faculty of IIT Delhi stands by the decisions that its administration has taken to uphold the autonomy of the Institute. We request the Director, IIT Delhi to withdraw his resignation,\" the faculty forum said in a statement. The resignation has not yet been accepted.\n\nShevgaonkar had last Friday forwarded his resignation to Bhatkar citing \"personal reasons\" even as a media report suggested that he was under pressure from the HRD Ministry. The Ministry has denied that any pressure was put on Shevgaonkar that may have made him quit.\n\nSources in the HRD Ministry indicated that faulting the Director on the issue of the setting up of an extension research campus in Mauritius would prove counter productive as it had approval of the Ministry itself and an MoU in this regard was signed in Mauritius last year in the presence of the then HRD Minister M M Pallam Raju.\n\nAn enquiry is already underway about the MoU which has been at the centre of the controversy ever since Shevgaonkar quit.\n\nAn IIT statement issued by the acting registrar yesterday had, however, said the campus in Mauritius is not an \"extension campus of IIT-D\" but an independent research academy named 'International Institute of Technology Research Academy' (IITRA). \"IIT-D's role is only advisory in nature,\" it said.\n\nSources said that HRD Minister Smriti Irani met President Pranab Mukherjee, who is the visitor of the IITs.\n\nWhile it remained unclear what transpired at the meeting, HRD Ministry sources maintained that Irani went to Rashtrapati Bhavan to enquire about the President's health.",
                    "date": "2014-12-30",
                    "eventUri": "2137259",
                    "id": "29535755",
                    "isDuplicate": false,
                    "lang": "eng",
                    "sim": 0.8206,
                    "source": {
                        "title": "Zee News",
                        "uri": "zeenews.india.com"
                    },
                    "time": "19:01:00",
                    "title": "IIT Delhi faculty asks Director to withdraw resignation",
                    "uri": "237680285",
                    "url": "http://zeenews.india.com/news/delhi/iit-delhi-faculty-asks-director-to-withdraw-resignation_1522750.html",
                    "wgt": 1
                },
                {
                    "body": "NEW DELHI: The IIT Delhi faculty forum today requested Director R Shevgaonkar to withdraw his resignation over which a controversy had erupted, describing him as a man of \"dignity and integrity\".\n\nThe request came even as Chairman of the IIT-D's Board of Governors Vijay Bhatkar met HRD Minister Smriti Irani.\n\n\"The faculty of IIT Delhi stands by the decisions that its administration has taken to uphold the autonomy of the Institute. We request the Director, IIT Delhi to withdraw his resignation,\" the faculty forum said in a statement. The resignation has not yet been accepted.\n\nShevgaonkar had last Friday forwarded his resignation to Bhatkar citing \"personal reasons\" even as a media report suggested that he was under pressure from the HRD Ministry. The Ministry has denied that any pressure was put on Shevgaonkar that may have made him quit.\n\nSources in the HRD Ministry indicated that faulting the Director on the issue of the setting up of an extension research campus in Mauritius would prove counter productive as it had approval of the Ministry itself and an MoU in this regard was signed in Mauritius last year in the presence of the then HRD Minister M M Pallam Raju.\n\nAn enquiry is already underway about the MoU which has been at the centre of the controversy ever since Shevgaonkar quit.\n\nAn IIT statement issued by the acting registrar yesterday had, however, said the campus in Mauritius is not an \"extension campus of IIT-D\" but an independent research academy named 'International Institute of Technology Research Academy' (IITRA). \"IIT-D's role is only advisory in nature,\" it said.\n\nSources said that HRD Minister Smriti Irani met President Pranab Mukherjee, who is the visitor of the IITs.\n\nWhile it remained unclear what transpired at the meeting, HRD Ministry sources maintained that Irani went to Rashtrapati Bhavan to enquire about the President's health.",
                    "date": "2014-12-31",
                    "eventUri": "2137259",
                    "id": "29557426",
                    "isDuplicate": false,
                    "lang": "eng",
                    "sim": 0.8132,
                    "source": {
                        "title": "Economic Times",
                        "uri": "economictimes.indiatimes.com"
                    },
                    "time": "01:02:00",
                    "title": "IIT Delhi faculty asks Director R Shevgaonkar to withdraw resignation",
                    "uri": "237729843",
                    "url": "http://articles.economictimes.indiatimes.com/2014-12-30/news/57529048_1_iit-delhi-hrd-ministry-faculty-forum",
                    "wgt": 1
                },
                {
                    "body": "Though the Union HRD ministry has vehemently denied that Shevgaonkar resigned under government pressure, some allege that this is yet another example of the government exercising its influence over educational institutions. Ishan Bakshi reports.\n\nThe resignation of Raghunath K Shevgaonkar, director of the Indian Institute of Technology Delhi, has brought to the fore once again the highly contested issue of autonomy of educational institutions in the country.\n\nThis comes after the scrapping of Delhi University's four-year programme, despite stiff opposition from the vice-chancellor, Dinesh Singh.\n\nOfficially though, Shevgaonkar is said to have resigned due to personal reasons.\n\nShevgaonkar has had a distinguished academic career.\n\nOn completing his PhD from IIT Bombay, he pursued his post-doctoral fellowship at the University of Maryland.\n\nHis research interests were in the fields of optical communication, image processing, antennas, microwaves and radio astronomy, and his work has been widely published in international journals.\n\nPrior to becoming the director of IIT Delhi in 2011, he was dean and head of electrical engineering at IIT Bombay. He has also served as vice-chancellor of the University of Pune between 2010 and 2011.\n\nThough the Union human resources development ministry has vehemently denied that Shevgaonkar resigned under government pressure, some allege that this is yet another example of the government exercising its influence over educational institutions.\n\nVarious issues cropped up which suggest a straining of ties.\n\nThe first was Shevgaonkar's alleged refusal to reimburse former faculty member and Bharatiya Janata Party leader Subramanian Swamy of salary arrears and benefits with interest.\n\nSwamy, who taught economics there from 1969 to 1972, was dismissed for opposing Indira Gandhi, then prime minister.\n\nHe was reinstated in 1991 after a court order, subsequent to which he demanded roughly Rs 70 lakh as reimbursement.\n\nThe government has denied having forwarded Swamy's request to the institute.\n\nThe other issue concerns Sachin Tendulkar's proposal to set up a cricket academy inside the institute's campus, which has also been denied by both the government and Tendulkar.\n\nThe more contentious issue concerns the MoU signed by IIT Delhi with Mauritius.\n\nWhile the government has set up a committee to look into the legality of the MoU, especially if it violates the IIT Act which prohibits the institute from going abroad, IIT Delhi insists the pact had the government's approval.\n\nA statement issued by the acting registrar clarifies that the campus in Mauritius is not an \"extension campus of IIT Delhi\" but an independent research centre named International Institute of Technology Research Academy in which IITs limited role was only advisory in nature.\n\nThe final MoU was supposedly accepted by the HRD ministry and was signed in the presence of Pallam Raju, then HRD minister, on November 19, 2013, in Mauritius.\n\nThe episode reaffirms the limited autonomy of educational institutions in India.\n\nAccording to a former director of IIT, by virtue of the fact that the government controls their budget, it can exercise considerable sway over educational institutions.\n\nThe IIT council consists of individuals from various departments of the government like science and technology, with Members of Parliament also present.\n\nThough the director says that there is very little interference in the day to day functioning of the institution, governments do \"provide direction\" at the policy level.\n\nWhile Shevgaonkar's resignation was forwarded to the HRD ministry on December 26, according to protocol cited by the ministry, only the president can accept the resignation.\n\nWhile the resignation may well be accepted, given how both the alumni association and the faculty have backed him, it is unlikely to go down well, with further questions being raised about the autonomy of institutions.",
                    "date": "2015-01-02",
                    "eventUri": "2137259",
                    "id": "29690024",
                    "isDuplicate": false,
                    "lang": "eng",
                    "sim": 0.7632,
                    "source": {
                        "title": "Rediff",
                        "uri": "www.rediff.com"
                    },
                    "time": "06:24:00",
                    "title": "Is IIT-Delhi director a casualty of politics?",
                    "uri": "238068600",
                    "url": "http://www.rediff.com/news/report/is-iit-delhi-director-a-casualty-of-politics/20150102.htm",
                    "wgt": 1
                },
                {
                    "body": "NEW DELHI: Expressing solidarity with the director, faculty members of IIT Delhi on Tuesday requested RK Shevgaonkar to withdraw his resignation, even as the institute's chairman rushed to the HRD Ministry to pacify the miffed minister.\n\nIIT Delhi Chairman Vijay Bhatkar met HRD Minister Smriti Irani and Higher Education Secretary SN Mohanty on Tuesday to convey that Shevgaonkar's resignation was because of \"personal reasons\" and that the decision had nothing to do with any \"pressure\" exerted by the government as suggested by media reports. The minister hasn't yet forwarded the resignation to the President for acceptance, even though Smriti Irani called on Pranab Mukherjee on Tuesday to see \"how he is doing post his surgery\".\n\nIIT faculty members, however, insinuated that the government was interfering with the autonomy of the institute, which drove Shevgaonkar to put in his papers.\n\n\"For any academician, including all faculty of IIT Delhi and especially Professor Shevgaonkar, dignity and integrity are the sole assets of our lives. Thus, direct or indirect communication affecting these parameters is bound to create unrest in an otherwise peaceful mind that truly loves research and teaching,\" said the statement issued by the IIT Delhi faculty.\n\nThe ministry has been firefighting to distance itself from the controversy over Shevgaonkar's exit, with several IIT officials alleging that the director was under pressure from the government to release salary dues to former faculty member and BJP leader Subramanian Swamy. Ministry officials have, however, been attributing the resignation to the director's alleged involvement in setting up an illegal offshore campus in Mauritius.\n\nShevgaonkar has been backed by the institute, faculty, alumni members and even Vijay Bhatkar who have conveyed to Irani that the Mauritius project is completely legitimate and has all formal sanctions.\n\nThe ministry has also denied allegations regarding Swamy's dues, saying that it has sought the views of DoPT and finance ministry on the matter.\n\nAccording to ministry officials DoPT's reply in the matter is evasive and it is now up to the finance ministry to take a call.",
                    "date": "2014-12-31",
                    "eventUri": "2137259",
                    "id": "29566556",
                    "isDuplicate": false,
                    "lang": "eng",
                    "sim": 0.7603,
                    "source": {
                        "title": "Economic Times",
                        "uri": "economictimes.indiatimes.com"
                    },
                    "time": "04:11:00",
                    "title": "IIT Delhi faculty requests Shevgaonkar to withdraw resignation",
                    "uri": "237751163",
                    "url": "http://articles.economictimes.indiatimes.com/2014-12-31/news/57558588_1_iit-delhi-faculty-member-finance-ministry",
                    "wgt": 1
                },
                {
                    "body": "Prof Shevgaonkar is one of the best academicians I have seen at IIT Delhi. He is one of the best teachers I have ever studied under (Those who haven't studied under him, can try his video lectures). Apart from this, the amount of time and effort put in to change the system at IIT Delhi to improve the facilities here by the Director is also significant.\n\nA respectable man who has dedicated his entire life to improving the educational system at the IITs, the students of IIT Delhi would request Prof. Shevgaonkar to complete his term as the Director of IIT Delhi. Since the Chairman of IIT Delhi has accepted his resignation, I would request Hon'ble President of India, Pranab Mukherjee to decline the resignation and ask him to continue for his entire term. I would also request Prof Shevgaonkar to stay at IIT Delhi.",
                    "date": "2014-12-30",
                    "eventUri": "2137259",
                    "id": "29485280",
                    "isDuplicate": false,
                    "lang": "eng",
                    "sim": 0.7521,
                    "source": {
                        "title": "Change.org",
                        "uri": "www.change.org"
                    },
                    "time": "04:20:00",
                    "title": "Pranab Mukherjee: Reject Prof. Shevgaonkar's resignation and ask him to continue for his entire term.",
                    "uri": "237550017",
                    "url": "https://www.change.org/p/pranab-mukherjee-reject-prof-shevgaonkar-s-resignation-and-ask-him-to-continue-for-his-entire-term",
                    "wgt": 1
                },
                {
                    "body": "I am sure that by now even the prime minister has been made aware of the grave \"violation\" of the Institutes of Technology Act by IIT Delhi, which helped set up the International Institute of Technology Research Academy (IITRA) Mauritius. As the prime architect of IITRA Mauritius, who conceptualised as well as steered the memorandum of understanding in its early days, it would be unfair if I sit on the sidelines while completely baseless allegations are levelled against the director of IIT Delhi.\n\nHere are the facts of the case: The seeding of the Mauritius institution did not happen at IIT Delhi at all. The then human resource development (HRD) minister, Kapil Sibal, and the Mauritius minister of tertiary education, science, research and technology, Rajesh Jeetah, agreed that India would help Mauritius set up an IIT-like institution in March-April 2011. Both the HRD ministry and the ministry of external affairs were in the know then. As follow up, the IIT council sought the help of IIT Delhi to set up the institution. Two letters related to this, dated July 11, 2011, and August 26, 2011, reached IIT Delhi even before the current director (Professor R.K. Shevgaonkar) took charge in September 2011. After he took over, I was assigned the responsibility of conducting a feasibility study. A delegation of six professors visited Mauritius in February 2012 and formulated the unique approach of establishing a research ecosystem first, before undergraduate teaching commenced. This is the strategy being followed at IITRA now.\n\nThe initial draft of the MoU envisaged the establishment of an IIT Delhi research campus (for PhD/ MSR programmes) in Mauritius, which could then evolve into an autonomous International Institute of Technology, with full-fledged BTech and MTech programmes. Once it was decided that the MoU would be signed in the presence of the then HRD minister, Pallam Raju, the ministry took a keen interest in vetting it. After hectic email consultations between the HRD ministry, IIT Delhi and the Mauritius Research Council, the draft MoU was completely modified before the ministry gave its approval. The nature of the institution to be set up as well as its governance structure was completely changed. Now, the revised MoU envisaged the setting up of IITRA Mauritius with assistance from, and not as an extension campus of, IIT Delhi.\n\nBoth the MoUs have many commonalities. All the costs of setting up and operating IITRA Mauritius would be borne by the government of Mauritius. The faculty and staff would be on the rolls of IITRA and paid by it under its terms. Research students (PhD/ MSR) would be admitted and enrolled at IIT Delhi but would be paid their assistantship by IITRA. They would follow all the academic norms, including coursework, of IIT Delhi. This would be followed by research continued...",
                    "date": "2015-01-02",
                    "eventUri": "2137259",
                    "id": "29691304",
                    "isDuplicate": false,
                    "lang": "eng",
                    "sim": 0.6949,
                    "source": {
                        "title": "indianexpress.com",
                        "uri": "indianexpress.com"
                    },
                    "time": "06:57:00",
                    "title": "Why IIT can't fly",
                    "uri": "238071740",
                    "url": "http://indianexpress.com/article/opinion/columns/why-iit-cant-fly/?SocialMedia",
                    "wgt": 1
                },
                {
                    "body": "IIT Director R Shevgaonkar, whose resignation last week had triggered a controversy, on Wednesday attributed his decision to quit to some \"unforeseen situations\".\n\n\"Towards the end of the year, however, some unforeseen situations developed and I had to decide to step down from my position. Nevertheless, this is a small transient in the long illustrious history of IIT Delhi. \"IIT Delhi is on constant rising path and I am sure the New Year will bring many unprecedented achievements to the institute,\" Shevgaonkar said in his farewell mail sent to the faculty, staff and students.\n\nThe Director, however, did not elaborate on the unforeseen events that had led him to resign from his post on Friday last, two years before his terms ends. The resignation has not been accepted till now. A statement issued by IIT-D on Monday cited \"personal reasons\" for the resignation.\n\nIn his mail, Shevgaonkar went on to say that there is also a need to create a positive image about the internal functioning of the institute to the outside world. \"Disagreement is an essential part of a healthy academic environment. However, a care needs to be taken that the internal differences are not exploited by the outsiders to affect our functioning. Let us work to make IITD a model institute for transparency, trust, accountability and academic and research excellence,\" he said.\n\nShevgaonkar noted this was his last new year message as the Director of IIT Delhi as he had \"formally resigned\" and was awaiting his relieving orders.",
                    "date": "2014-12-31",
                    "eventUri": "2137259",
                    "id": "29599911",
                    "isDuplicate": false,
                    "lang": "eng",
                    "sim": 0.6769,
                    "source": {
                        "title": "Daily News and Analysis (DNA) India",
                        "uri": "www.dnaindia.com"
                    },
                    "time": "15:32:00",
                    "title": "IIT Delhi director R Shevgaonkar breaks silence on sudden resignation",
                    "uri": "237839176",
                    "url": "http://www.dnaindia.com/india/report-iit-delhi-director-r-shevgaonkar-breaks-silence-on-sudden-resignation-2048517",
                    "wgt": 1
                },
                {
                    "body": "'Smriti's pressure tactics led to quitting of director'\n\nNot ace cricketer Sachin Tendulkar but it was former Indian test player and Bollywood star Shahrukh Khan-owned Indian Premier League (IPL) team Kolkata Knight Riders' assistant coach Vijay Dahiya who wanted to open a centre of excellence for cricket at the Indian Institute of Technology (IIT), Delhi.\n\nIIT Director Raghunath K Shevgaonkar, who resigned last week amid allegations that Human Resource Development (HRD) Minister Smriti Irani was pressurising him to reach an out-of-court settlement with former faculty member and BJP leader Subramanian Swamy to clear the latter's back wages and benefits with interest, came in the line of fire as Dahiya was made to wait at the institute when he went to discuss his cricket academy proposal in November.\n\nAlthough a senior HRD ministry official denied it, sources said Irani summoned Shevgaonkar and took him to task about 20 days back. \"The director was first asked why he made Dahiya wait for four hours, and was humiliated in front of a senior official of the ministry. The minister also raised the issue of clearance of Swamy's dues, and asked the director if he wanted to continue or not,\" sources said.\n\nA senior official of the HRD Ministry, however, claimed Dahiya might have gone on his own to the IIT with his proposal. The Ministry was neither aware of it nor recommended Dahiya's case to IIT for consideration. But sources said \"Instructions were given verbally to examine Dahiya's proposal.\"\n\nEfforts to contact Dahiya were in vain. An SMS sent to his mobile phone, seeking his response, remained unanswered till the time this story was filed.\n\nThough the IIT officials were divided on allowing a centre of excellence for cricket as it might require construction of a permanent structure on the campus, a meeting was held by the director at the institute on December 5 and it was decided that his proposal could be tried out for six months.\n\nThe institute agreed that Dahiya could use its playground only between 10 am and 4 pm, sources said.Sources said that post December 5 meeting, Dahiya was invited and taken around the campus.\n\nWhile Shevgaonkar was firm on quitting, it has caused much resentment among the faculty, staff and students. At a meeting of faculty forum on Monday, teachers expressed their solidarity with the IIT director.",
                    "date": "2014-12-30",
                    "eventUri": "2137259",
                    "id": "29481082",
                    "isDuplicate": false,
                    "lang": "eng",
                    "sim": 0.5836,
                    "source": {
                        "title": "Deccan Herald",
                        "uri": "www.deccanherald.com"
                    },
                    "time": "02:54:00",
                    "title": "Dahiya, not Sachin wanted centre in IIT",
                    "uri": "237540180",
                    "url": "http://www.deccanherald.com/content/450575/dahiya-not-sachin-wanted-centre.html",
                    "wgt": 1
                },
                {
                    "body": "A One of the most reputed institutes of our country - IIT-Delhi, witnessed a memorable Alumni meet organised in association with IIT-Delhi Alumni Association. 'Envision the Future Together' was the theme of the meet was aimed at building a strong Alumni - Alma Mater bond and to explore ways to give back to the institute.\n\nThe evening was a mixture of serious discussions and fun activities, which were initiated in 2013. Serious issues regarding the shortage of faculty and quality research was discussed thoroughly to increase the efficiency of the institute. A target was set to make IIT one of the top 50 institutes around the world.\n\nA talk to initiate a platform to promote cultural entrepreneurship and innovation among students in the institutes as well as the alumni, as well the official launch of Program Accelerated Collaboration were a part of the event.\n\nThe alumni day charmed the gathering with enthralling performance of the well known Pakistani singer Shafqat Amanat Ali who made the audience dance to the magnificent tunes of his evergreen songs, Dildara, Phir Le Aya Dil, Mora piya mo sey, Mitwa and many more. The presence of the classical singer imbued the evening with a spirit of liveliness\n\nand positivity.\n\nOn his part the Pakistani artiste expressed his pleasure at being at IIT Delhi Alumni Day and performing in front of such enthusiastic crowd. He performed along with his talented band making the evening truly spectacular.\n\nAddressing the guests, IIT- Delhi Alumni Association president, Ashok Kumar said, \"I am glad to announce the success of 'Alumni Day 2014'. We aimed to ingrain the Entrepreneurial DNA in our students and activated it with help of IIT Delhi alumni. The sessions focused on empowering industry partnerships on specific technology areas and how the alumni can collaborate with IIT-Delhi to make meaningful innovations to create an impact on the society. We express our gratitude to Shafqat Amanat Ali for creating such a mellifluous environment with his\n\nsoothing music.\"",
                    "date": "2014-12-31",
                    "eventUri": "2137259",
                    "id": "29617103",
                    "isDuplicate": false,
                    "lang": "eng",
                    "sim": 0.5344,
                    "source": {
                        "title": "Deccan Herald",
                        "uri": "www.deccanherald.com"
                    },
                    "time": "20:13:00",
                    "title": "Music, fun, debate add verve to alumni meet",
                    "uri": "237878223",
                    "url": "http://www.deccanherald.com/content/450866/music-fun-debate-add-verve.html",
                    "wgt": 1
                },
                {
                    "body": "BJP leader and former Indian Institute of Technology (IIT), Delhi, faculty Subramanian Swamy has been fighting a long battle to get his arrears, including salary and other allowances, since he was terminated on December 11, 1972, by the institute.\n\nHe was appointed a visiting faculty at IIT-D by a nine-member selection committee headed by Manmohan Singh on April 22, 1970. He was later elevated to the post of professor of economics in October 1971.\n\nThe elevation put Swamy on a year's probation. He objected to this on the ground that he had already been working for 21 months with the institute. The board of governors of the institute, however, rejected his claim and asked him to complete the probation period.\n\nDuring probation, the institute terminated Swamy all of a sudden on December 11, 1972, prompting him to move court to challenge the decision. He first filed a writ petition with Delhi High court, which was \"dismissed as withdrawn\".\n\nAs the institute subsequently sent him a notice of eviction from premises on February 9, 1973, Swamy filed a civil suit at a district court in Delhi, praying for a declaration that he continued in the service of the IIT, and seeking injunction from dispossession of premises. The court, however, dismissed his petition on \"preliminary issues\".\n\nSwami filed an appeal with a Court of Additional District Judge on May 20, 1976, which too was dismissed on September 17, 1982.\n\nSwami, however, got relief from court later when he filed a revision petition challenging the September 17 order. Hearing his case, the Sub-Judge of a Delhi court declared his termination null and void on February 20, 1991. The court also declared that he was entitled to be treated as \"continued in the service\" of the IIT \"without interruption as professor in economics\".\n\nFollowing the court's decision, Swami joined IIT on March 27, 1991, and resigned in the evening on the same day.\n\nOn March 18, 1992, Swami wrote to the IIT demanding detailed accounts of amount due to him from December 11, 1972, to March 27, 1991.\n\nResponding to a legal notice from Swamy, the IIT on January 28, 1993, informed him that proceedings had been initiated with regard to settlement of his dues.\n\nThe institute also sought details of the emoluments that he earned while working with Harvard University during the period of his suspension.\n\nAs per the Fundamental Rules of the Service, Swamy was required to furnish details of his earnings while working with Harvard University in order to enable the institute to settle his dues.",
                    "date": "2014-12-30",
                    "eventUri": "2137259",
                    "id": "29481086",
                    "isDuplicate": false,
                    "lang": "eng",
                    "sim": 0.5043,
                    "source": {
                        "title": "Deccan Herald",
                        "uri": "www.deccanherald.com"
                    },
                    "time": "02:54:00",
                    "title": "Swamy fighting long battle for arrears",
                    "uri": "237540182",
                    "url": "http://www.deccanherald.com/content/450574/swamy-fighting-long-battle-arrears.html",
                    "wgt": 1
                },
                {
                    "body": "Indian universities and research institutions failed to grab top slots in the 'Top 100 university rankings for BRICS Countries and Other Emerging Economies (2015)' report, highlighting the need for stronger collaborations, a statement said Thursday.\n\nIndia's varsities and research institutions account for 10 percent in the rankings for leading 100 varsities, but did not make the cut for the top 10, said a release by Elsevier.\n\nIn the study, India's top institutes only rank 25 or higher. As many as 11 institutes make the cut in the rankings.\n\nWhile Indian Institute of Science (IISc), Bangalore clinched the 25th spot, Indian Institute of Technology-Bombay and Roorkee ranked at 37th and 38th with Panjab University succeeding them at the 39th spot.\n\nIn between are IIT-Kharagpur, IIT-Madras, IIT-Delhi, Jawaharlal Nehru University, New Delhi, IIT-Kanpur, Aligarh Muslim Univesity and IIT-Guwahati at the fag end at 98.\n\nThe findings show academic-corporate collaborations have a very strong, positive influence on citation impact: five times for IISc, 3-12 times for IITs and 14 times for India overall.\n\nThese results underscore the importance of collaborations to enhance India's research outputs, said Michiel Kolman, Senior Vice President, Global Academic Relations Elsevier, in a statement.\n\n\"Collaboration (international or corporate-university) can significantly boost India's research performance and will impact rankings positively. Leading science nations, such as US, China and EU have strong high-impact collaboration potential for India,\" he said.\n\nThe findings and conclusions of the report will be presented by Kolman Jan 4 at the 102nd Indian Science Congress in Mumbai.",
                    "date": "2015-01-01",
                    "eventUri": "2137259",
                    "id": "29659856",
                    "isDuplicate": false,
                    "lang": "eng",
                    "sim": 0.4465,
                    "source": {
                        "title": "www.newkerala.com",
                        "uri": "www.newkerala.com"
                    },
                    "time": "15:56:00",
                    "title": "Research collaborations can boost India's rankings: Study",
                    "uri": "237990122",
                    "url": "http://www.newkerala.com/news/2015/fullnews-216.html",
                    "wgt": 1
                },
                {
                    "body": "NEW DELHI: Even as a controversy rages over the resignation of IIT-Delhi's director, the human resource development ministry is said to be pushing for the ouster of the head of another prestigious educational institution, Delhi University. This, despite the overtures that Vice-Chancellor Dinesh Singh has been making toward members of the Sangh Parivar ever since the Bharatiya Janata Party-led coalition came to power in May.\n\nThose bridge-building attempts haven't stopped Human Resource Development Minister Smriti Irani from forwarding paperwork to President Pranab Mukherjee's office questioning Dinesh Singh's conduct as vicechancellor regarding three key allegations against him. The President is the so-called 'visitor' of all central universities and is therefore the authority that appoints or fires their heads.\n\nSingh's fate has been uncertain ever since the advent of the new government in May, having already become unpopular among faculty and students for implementing a four-year undergraduate programme (FYUP). He was forced to roll the programme back in June.\n\nThe HRD ministry under Irani also took cognisance of a 'white paper' released by the Delhi University Teachers' Association (DUTA) alleging financial and administrative irregularities in the varsity's functioning. It then launched an inquiry into the allegations. Based on this, it has urged President Mukherjee to seek an explanation from Singh on three issues.\n\nThe issues on which the HRD ministry has urged President Mukherjee to seek an explanation from Singh are:\n\n1. Did Singh have the President's approval for the amended ordinance that enabled FYUP? -- Was Rs 150 crore diverted from grants that were meant for OBC students to purchase about 62,000 laptops?\n\n2. Can Singh justify DU's recent assertion in the Delhi High Court that \"the university falls within the definition of 'state' under Article 12 of the Constitution\" and therefore can have its own policy on quotas under Article 16 (A)? This was part of an affidavit pertaining to a petition filed by the SC/ST/OBC Teachers' Forum against the university for not following the reservation policy in appointing professors.\n\nA senior ministry official gave a clear indication of the ministry's thinking on the matter.\n\n\"The fact is that for each of the three allegations the V-C does not have a satisfactory answer to offer. He implemented FYUP without getting the President's nod for the amended ordinance. Funds were, indeed, diverted from the OBC grants.\n\nThe university administration has already been rapped for the appalling affidavit,\" this person said. Singh did not respond to any of ET's phone calls or messages. DU spokesperson Malay Neerav was on leave and unavailable for comment. The teachers' union is implacable in its view of Singh's management of affairs. \"There is a complete breakdown in DU in terms of administration and governance,\" said Nandita Narain, president of DUTA. \"The most outstanding administrative irregularity is the implementation of FYUP. The evidence is all there. We were expecting the ministry to take some quick action but nothing has happened yet.\"\n\nIrani's tenure at the ministry has been marked by controversy, including queries over her educational qualifications, the scrapping of German in Kendriya Vidyalaya schools mid-term, consultations with the Sangh Parivar over education policy, the resignation of National Council for Education Research & Training director Parvin Sinclair and lately the resignation of IIT-Delhi director RK Shevgaonkar two years before his term was to end. There have been conflicting claims regarding the departure of Shevgaonkar, with some saying he was forced out over irregularities regarding the establishment of an offshore campus and others saying he was victimised.",
                    "date": "2014-12-31",
                    "eventUri": "2137259",
                    "id": "29557423",
                    "isDuplicate": false,
                    "lang": "eng",
                    "sim": 0.4065,
                    "source": {
                        "title": "Economic Times",
                        "uri": "economictimes.indiatimes.com"
                    },
                    "time": "01:02:00",
                    "title": "HRD ministry suspects irregularities, urges President to seek explanation from Dinesh Singh",
                    "uri": "237729842",
                    "url": "http://articles.economictimes.indiatimes.com/2014-12-31/news/57558587_1_hrd-ministry-delhi-university-teachers-fyup",
                    "wgt": 1
                }
            ]
        },
        "info": {
            "articleCount": 16,
            "averageDate": "2014-12-31",
            "avgCos": 0.4981,
            "categories": [],
            "customDate": false,
            "customLocation": false,
            "eventUri": "2137259",
            "extractedDate": "",
            "extractedDateEnd": "",
            "id": "2137259",
            "lang": "eng",
            "location": {
                "country": {
                    "labelEng": "India",
                    "lat": 20,
                    "long": 77,
                    "wikiUri": "http://en.wikipedia.org/wiki/India"
                },
                "labelEng": "Delhi",
                "lat": 28.65381,
                "long": 77.22897,
                "wikiUri": "http://en.wikipedia.org/wiki/Delhi"
            },
            "storyDate": "2014-12-31",
            "storyDateEnd": "",
            "uri": "eng-0880EE54-9D81-4F9B-A595-3A4BE1CAA3BA-41157",
            "variance": 0.2519
        }
    },
    "meta": {
        "CCAArticleMatchCount": 9,
        "CCAArticleMatchRatio": 0.0782608695652174,
        "CCAAvgCosSim": 0.6146944444444444,
        "CCAAvgMatchWgt": 30.33333333333333,
        "_articleUri1": "237318256",
        "_articleUri2": "237671588",
        "_datetime": "2015-02-19 17:36:56",
        "_ruleBasedShouldMerge": false,
        "_storyUri1": "spa-63A553DD-A2F8-411E-9FB6-620DC17635E3-37918",
        "_storyUri2": "eng-0880EE54-9D81-4F9B-A595-3A4BE1CAA3BA-41157",
        "_username": "Evgenia Belyaeva",
        "artCount1": 8,
        "artCount2": 16,
        "avgCosSimStory1": 0.4321,
        "avgCosSimStory2": 0.4981,
        "categorySim": 0,
        "conceptCosSim": 0.02442013198947848,
        "conceptJaccardSim": 0.04761904761904762,
        "coreTime1": 131423.1166666667,
        "coreTime2": 131450.9,
        "coreTimeStDev1": 311.1157924330342,
        "coreTimeStDev2": 21.01105869738423,
        "entityCosSim": 0.00262097589551105,
        "entityJaccardSim": 0.02040816326530612,
        "extractedDateJaccardSim": 0,
        "extractedDatesStory1": 1,
        "extractedDatesStory2": 0,
        "hasSameLocation": -1,
        "keywordCosSim": 0.03844054952635893,
        "keywordJaccardSim": 0.07142857142857142,
        "lang1": "spa",
        "lang2": "eng",
        "matchingDateCount": 0,
        "matchingDateRatio": 0,
        "ratioAnnotatedArticlesStory1": 1,
        "ratioAnnotatedArticlesStory2": 1,
        "shouldMerge": false,
        "storyQuality1": 6,
        "storyQuality2": 14,
        "timeAvg1": 131726.9254166666,
        "timeAvg2": 131478.83125,
        "timeStDev1": 311.1157924330342,
        "timeStDev2": 24.11584373955921,
        "varianceStory1": 0.4066,
        "varianceStory2": 0.2519
    },
    "spa-63A553DD-A2F8-411E-9FB6-620DC17635E3-37918": {
        "articles": {
            "resultCount": 8,
            "results": [
                {
                    "body": "Aprendi\u00f3 a programar buscando informaci\u00f3n en Internet y con algo de ayuda de su padre, tambi\u00e9n programador. \"Lo hice con tutoriales; ensayo y error y ech\u00e1ndole muchas horas\". En clase, se aburr\u00eda. A los 12 a\u00f1os, Luis Iv\u00e1n Cuende cre\u00f3 un sistema operativo de software libre, a los 15 gan\u00f3 un premio al mejor hacker europeo menor de edad. Con 19, monta empresas tecnol\u00f3gicas, ha publicado un libro -- Tengo 18 a\u00f1os y ni estudio ni trabajo -- , da conferencias por todo el mundo y ha sido asesor especial de la vicepresidenta de la Comisi\u00f3n Europea. Y no piensa estudiar una carrera. \"Simplemente, creo que no aporta nada a mi m\u00e9todo de aprendizaje, porque aunque no est\u00e9 en la universidad yo aprendo todos los d\u00edas\", explica.\n\nSiempre ha habido mentes m\u00e1s despiertas, que sobresalen por cualquier raz\u00f3n, y siempre ha habido autodidactas. Pero en el mundo de Internet, el joven Cuende representa algo m\u00e1s. Es la personificaci\u00f3n de los augurios de algunos expertos que aseguran que la democratizaci\u00f3n del conocimiento a trav\u00e9s de la Red terminar\u00e1 haciendo de las carreras universitarias algo innecesario.\n\nOtros, la mayor\u00eda, no van tan lejos: \"El valor de la Universidad no es solo transmitir conocimientos, se trata de formar a personas, su identidad, su capacidad cr\u00edtica y anal\u00edtica\", dice Roger Chao, profesor de la Universidad de Hong Kong y asesor de la ONU. Pero casi todos admiten que la educaci\u00f3n superior est\u00e1 ante un cambio radical y que los campus han de adaptarse a las necesidades de los alumnos y no al rev\u00e9s, como ocurr\u00eda hasta ahora.\n\nHablan de un mundo en el que se multiplicar\u00e1n las posibilidades: desde los cursos masivos gratuitos por Internet entre los que se podr\u00e1 ir picoteando (hoy, una asignatura de Harvard, el pr\u00f3ximo semestre otra de la Carlos III) hasta titulaciones online, presenciales y, sobre todo, mixtas. Dicen que se romper\u00e1n los cors\u00e9s de carreras cerradas y las estructuras cl\u00e1sicas de facultades con saberes separados, y que buena parte del trabajo de la Universidad consistir\u00e1 en certificar los conocimientos que alguien puede haber adquirido de mil maneras y fuentes.\n\n\"El valor del t\u00edtulo ser\u00e1 incierto. Lo que es seguro es que tener una educaci\u00f3n universitaria deber\u00e1 suponer habilidad para manejar el cambio, la colaboraci\u00f3n, la sobrecarga de informaci\u00f3n y la incertidumbre\", dice la profesora de la Universidad de Duke (EE UU) Cathy Davidson. Y a\u00f1ade: \"Eso requiere una fusi\u00f3n de disciplinas: filosof\u00eda, f\u00edsica, historia, inform\u00e1tica, antropolog\u00eda, ingenier\u00eda... En los desaf\u00edos del mundo real, est\u00e1 cada vez menos claro donde termina una disciplina y comienza otra\".\n\nEst\u00e1 pasando algo parecido a lo que ocurre en los medios de comunicaci\u00f3n, un sector en el que las nuevas tecnolog\u00edas han multiplicado la oferta, ejemplifica el profesor de la Pompeu Fabra Carlos Scolari. \"Oferta gratis y de pago, m\u00e1s corta y m\u00e1s larga, presencial, online... Los estudiantes tendr\u00e1n una dieta m\u00e1s variada, igual que con los medios, que entramos en Twitter, luego vemos el peri\u00f3dico, escuchamos la radio, vamos a Youtube...\". La Pompeu Fabra encarg\u00f3 a Scolari un estudio para Dise\u00f1ar la Universidad del futuro (as\u00ed se titula el trabajo). \"La crisis econ\u00f3mica, en este contexto, es solo un condimento m\u00e1s a una crisis existencial de la instituci\u00f3n tradicionalmente dedicada a la formaci\u00f3n superior\", dice el texto.\n\nSeg\u00fan esta idea, la Universidad espa\u00f1ola tiene que lidiar con este reto a la vez que con los recortes y con problemas pendientes como los que se han tratado en esta serie de reportajes: endogamia, falta de incentivos, de rendici\u00f3n de cuentas... A\u00fan as\u00ed, se est\u00e1n haciendo avances. Se multiplican las iniciativas (muchas veces desperdigadas) de utilizaci\u00f3n de videoconferencias, plataformas de docencia virtual, herramientas de trabajo colaborativo, de software libre, asignaturas h\u00edbridas con clases virtuales y seminarios presenciales. Hay universidades, como la Jaume I de Castell\u00f3n, que tienen en sus estatutos promocionar el uso de la tecnolog\u00eda.\n\nPero no parece suficiente. No solo porque el retraso en la parte pedag\u00f3gica es muy grande, seg\u00fan Scolari. Ni por casos como el de Luis Iv\u00e1n Cuende. Las costuras del modelo cl\u00e1sico se est\u00e1n saltando y las evidencias m\u00e1s claras est\u00e1n en el auge de la educaci\u00f3n online. El n\u00famero de alumnos de los campus presenciales (sin contar los m\u00e1steres) descendi\u00f3 un 12% en la \u00faltima d\u00e9cada (en 177.000, hasta quedarse en 1,21 millones); sin embargo, a pesar de la bajada de 2013, en las no presenciales creci\u00f3 el 15% (hasta 198.000).\n\nLa gran mayor\u00eda de estos estudiantes est\u00e1n en la p\u00fablica, la Universidad Nacional de Educaci\u00f3n a Distancia (UNED), pero las privadas est\u00e1n explotando el fil\u00f3n, con cinco campus virtuales, cuatro de ellos creados en los \u00faltimos ocho a\u00f1os. Adem\u00e1s, las 47 universidades p\u00fablicas presenciales ofrecen 30 grados online o semipresenciales; y las 24 privadas, 45.\n\nNo se trata solo de cu\u00e1ntos, sino de qui\u00e9nes son. \"Hay cada vez alumnos m\u00e1s j\u00f3venes, de 18 o 19 a\u00f1os\", cuenta Mili Jim\u00e9nez, profesora de Historia del centro de la UNED en C\u00e1diz. \"Muchos lo hacen porque el precio es m\u00e1s barato y porque as\u00ed pueden estudiar lo que quieren sin desplazarse. Pero cada vez m\u00e1s es que est\u00e1n hastiados de los horarios, de tener que ir a remolque de lo que el profesor mande\". La docente explica, por ejemplo, que su clase presencial semanal se puede seguir en directo o ver m\u00e1s tarde a trav\u00e9s de Internet. La cifra es peque\u00f1a, pero muestra la tendencia: en la UNED, los estudiantes de primer ciclo menores de 21 a\u00f1os han pasado en los \u00faltimos cinco cursos de ser el 2,7% al 4,6% (son 7.090); en la Universidad Oberta de Catalunya (UOC), del 1,7% al 3,2%.\n\nEn la UOC (una universidad at\u00edpica, h\u00edbrido p\u00fablico-privado creado por la Generalitat de Catalu\u00f1a en 1994) es donde estudia Psicolog\u00eda Sonia Ju\u00e1rez, de 25 a\u00f1os, desde los 19. La libertad de horarios le ha permitido en este tiempo compatibilizarlo con el trabajo, mudarse varias veces (de Barcelona a Baleares y vuelta y, ahora, a Las Palmas) o dejar alg\u00fan semestre en blanco si surg\u00eda otra prioridad. \"Es mucho esfuerzo, pero la ense\u00f1anza es buena, al menos aqu\u00ed. Tienes que hacer debates, muchos trabajos...\". Despu\u00e9s de la carrera, quiere un m\u00e1ster presencial, \"para probar las dos experiencias\", dice. En realidad, el camino suele ser a la inversa, pues el posgrado es el gran mercado para la ense\u00f1anza a distancia. La demanda de m\u00e1steres online ha crecido un 300% en los \u00faltimos dos a\u00f1os, y el 17% de todos los matriculados de estas titulaciones son alumnos virtuales.\n\nA la oferta de t\u00edtulos oficiales hay que sumarle la fiebre de los MOOC (cursos masivos en l\u00ednea). Cualquier persona en cualquier parte del mundo se puede inscribir y seguir el curso (normalmente equivalente a una asignatura) a trav\u00e9s de clases grabadas, bibliograf\u00eda o podcasts, haciendo trabajos e interactuando con compa\u00f1eros. En general, solo hay que pagar algo si el alumno quiere un certificado de asistencia.\n\nEspa\u00f1a es uno de los pa\u00edses europeos m\u00e1s activos en la oferta de MOOC. La Carlos III y la Aut\u00f3noma de Madrid, por ejemplo, forman parte de la plataforma EdX, creada por Harvard y el Instituto Tecnol\u00f3gico de Massachusetts en 2012 para este tipo de formatos. Entonces, muchos se apresuraron a declarar el final de la Universidad. Pero, pasado el tiempo, la opini\u00f3n m\u00e1s extendida es la de la convivencia. \"Lo m\u00e1s interesante es la comunidad de aprendizaje que se crea, algunos momentos de inteligencia colectiva\", dice Scolari.\n\nLa Universidad online ha sido se\u00f1alada por muchos especialistas como imprescindible para sostener los costes del imparable aumento de universitarios en todo el mundo: son unos 152 millones y podr\u00edan ser m\u00e1s del doble en 2030, seg\u00fan la Comisi\u00f3n Europea. Pero expertos como Albert Sangr\u00e1, director del eLearn Center de la UOC, no se cansan de advertir que una buena ense\u00f1anza virtual, aunque pueda ahorrar algunos costes, no es gratis, requiere muchos profesores y tutores a los que hay que pagar. \"La educaci\u00f3n en l\u00ednea debe sostener los costes vinculados a su exigencia de calidad como son la elaboraci\u00f3n de los recursos de aprendizaje, el acompa\u00f1amiento y gu\u00eda de un profesor especialista, el proceso de evaluaci\u00f3n continua, y la infraestructura tecnol\u00f3gica\", escrib\u00eda Sangr\u00e1 en 2013.\n\nLos que s\u00ed ganan todav\u00eda m\u00e1s fuerza en ese contexto de ruptura tecnol\u00f3gica son los argumentos a favor de la especializaci\u00f3n de los campus que se han presentado a lo largo de esta serie de reportajes para hacer rendir m\u00e1s el dinero invertido y ganar en calidad. \"Hay demasiadas universidades intentando hacer lo mismo. Se trata de diferenciar la oferta de acuerdo con las diferentes fortalezas de cada uno\", dice la rectora de la Universidad de Manchester Nancy Rothwell. Investigaci\u00f3n o formaci\u00f3n; online o presencial; de \u00e1mbito local o concentrados en captar alumnos extranjeros (con muchas titulaciones en ingl\u00e9s); humanidades o ciencias... Las posibilidades son enormes.",
                    "date": "2014-12-28",
                    "eventUri": "2310722",
                    "id": "29392649",
                    "isDuplicate": false,
                    "lang": "spa",
                    "sim": 0.5403,
                    "source": {
                        "title": "EL PA\u00cdS",
                        "uri": "politica.elpais.com"
                    },
                    "time": "23:07:00",
                    "title": "El saber ya no cabe en el campus",
                    "uri": "237318256",
                    "url": "http://politica.elpais.com/politica/2014/12/26/actualidad/1419609264_406943.html",
                    "wgt": 1
                },
                {
                    "body": "Algunos expertos aseguran que la democratizaci\u00f3n del conocimiento a trav\u00e9s de Internet terminar\u00e1 haciendo de las carreras universitarias algo innecesario.\n\nAprendi\u00f3 a programar buscando informaci\u00f3n en Internet y con algo de ayuda de su padre, tambi\u00e9n programador. \"Lo hice con tutoriales, ensayo y error, y dedic\u00e1ndole muchas horas\". En clase, se aburr\u00eda.\n\nA los 12 a\u00f1os, Luis Iv\u00e1n Cuende cre\u00f3 un sistema operativo de software libre; a los 15, gan\u00f3 un premio al mejor hacker europeo menor de edad. Con 19, organiza empresas tecnol\u00f3gicas, public\u00f3 un libro ( Tengo 18 a\u00f1os y ni estudio ni trabajo , se titula), da conferencias por todo el mundo y ha sido asesor especial de la vicepresidenta de la Comisi\u00f3n Europea. Y no piensa estudiar una carrera. \"Simplemente, creo que no aporta nada a mi m\u00e9todo de aprendizaje, porque aunque no est\u00e9 en la universidad, yo aprendo todos los d\u00edas\", explica.\n\nCuende es la personificaci\u00f3n de los augurios de algunos expertos que aseguran que la democratizaci\u00f3n del conocimiento a trav\u00e9s de la Red terminar\u00e1 haciendo de las carreras universitarias algo innecesario.\n\nOtros, la mayor\u00eda, no van tan lejos: \"El valor de la universidad no es s\u00f3lo transmitir conocimientos; se trata de formar personas, su identidad, su capacidad cr\u00edtica y anal\u00edtica\", dice Roger Chao, profesor de la Universidad de Hong Kong y asesor de la Organizaci\u00f3n de Naciones Unidas (ONU). Pero casi todos admiten que la educaci\u00f3n superior est\u00e1 ante un cambio radical y que los campus han de adaptarse a las necesidades de los alumnos y no al rev\u00e9s, como ocurr\u00eda hasta ahora.",
                    "date": "2014-12-31",
                    "eventUri": "2310722",
                    "id": "29565842",
                    "isDuplicate": false,
                    "lang": "spa",
                    "sim": 0.4746,
                    "source": {
                        "title": "La Voz del Interior",
                        "uri": "www.lavoz.com.ar"
                    },
                    "time": "03:55:00",
                    "title": "El saber ya no cabe en la universidad",
                    "uri": "237749389",
                    "url": "http://www.lavoz.com.ar/opinion/el-saber-ya-no-cabe-en-la-universidad",
                    "wgt": 1
                },
                {
                    "body": "El Profesor Doctor, Antonio Mi\u00f1an Espigares, docente titular de la Universidad de Granada, disert\u00f3 sobre el tema \"Evaluaci\u00f3n y Beneficios de la innovaci\u00f3n docente\", dando un perspectiva europea en cuanto a la realidad de la innovaci\u00f3n en Espa\u00f1a.\n\nCada una de las facultades componentes de la Universidad Nacional de Asunci\u00f3n, como Ingenier\u00eda, Odontolog\u00eda, Nutrici\u00f3n y otros disertaron y debatieron sobre sus exposiciones en una plenaria que se desarroll\u00f3 en el auditorio de la facultad de Ciencias Qu\u00edmicas de la UNA.\n\nDurante la presentaci\u00f3n de los casos de buenas pr\u00e1cticas innovadoras en las aulas de las diferentes facultades de la Univerdidad Nacional de Asunci\u00f3n, se destacaron n\u00edtidamente dos proyectos de la Facultad de Derecho UNA.\n\nLa Prof. Dra. Alicia Pucheta de Correa, expuso sobre la \"Transversalizaci\u00f3n de la perspectiva de genero en la curricula de estudio de la carrera de Derecho de la UNA, adentrando al estudio de genero en las mallas curriculares de la casa de estudios para potenciar a las y los futuros profesionales del derecho en dicho campo.\n\nLa segunda presentaci\u00f3n como \"Buenas pr\u00e1cticas innovadoras\", lo present\u00f3 el Profesor Doctor Fernando Andr\u00e9s Beconi, de la c\u00e1tedra de Derecho Mercantil, de la facultad de Derecho, y consisti\u00f3 en una simulaci\u00f3n de uno de los \u00f3rganos de la Naciones Unidas y espec\u00edficamente de la UNCITRAL, cuerpo consultor de la NNUU en materia de Derecho Mercantil.\n\nAmbas actividades acad\u00e9micas de la facultad de Derecho y expuestas en el seno de las jornadas de innovaci\u00f3n docente, se dieron a trav\u00e9s de las sesiones de MUNDER (Modelos ONU de la facultad de Derecho de la UNA).\n\nEl Profesor Doctor Oscar Bogado Fleitas, director general acad\u00e9mico de la UNA, agradeci\u00f3 y estimul\u00f3 a todos los docentes a que sigan en el campo innovador de la ense\u00f1anza a fin de mirar un futuro mas alentador para con los estudiantes de todas las facultades de la Universidad Nacional de Asunci\u00f3n.",
                    "date": "2014-12-30",
                    "eventUri": "2310722",
                    "id": "29474550",
                    "isDuplicate": false,
                    "lang": "spa",
                    "sim": 0.4397,
                    "source": {
                        "title": "La Nacion de Paraguay",
                        "uri": "www.lanacion.com.py"
                    },
                    "time": "00:36:00",
                    "title": "Jornadas de innovaci\u00f3n docente de la UNA",
                    "uri": "237524907",
                    "url": "http://www.lanacion.com.py/articulo/187878-jornadas-de-innovacion-docente-de-la-una.html",
                    "wgt": 1
                },
                {
                    "body": "La falta de conformaci\u00f3n de la Comisi\u00f3n Gestora de la Universidad de Las Artes (UArtes) era se\u00f1alada por los estudiantes como la causa de problemas de organizaci\u00f3n y la falta de la consolidaci\u00f3n de los contenidos curriculares de las carreras.\n\nA pocos d\u00edas de cumplirse un a\u00f1o desde la inauguraci\u00f3n del centro de estudios, el presidente de la Rep\u00fablica, Rafael Correa, firm\u00f3 esta semana el Decreto Ejecutivo 569 que designa a los cinco miembros del cuerpo directivo.\n\nLa Comisi\u00f3n Gestora actuar\u00e1 como m\u00e1xima autoridad universitaria por un per\u00edodo improrrogable de 5 a\u00f1os contados a partir de la vigencia de la Ley de Creaci\u00f3n de la Universidad de las Artes, y desempe\u00f1ar\u00e1 funciones de autoridad en temas acad\u00e9micos, administrativos, financieros y regulatorios.\n\nEntre los miembros est\u00e1 el estadouninse George Y\u00fadice y el ex ministro de Cultura, Ramiro Noriega Fern\u00e1ndez, seg\u00fan el decreto presidencial firmado el pasado lunes (26 de enero de 2015).\n\nY\u00fadice es doctor en Literatura y dirigi\u00f3 el Proyecto de Privatizaci\u00f3n de la Cultura del Programa de Estudios Americanos de la Universidad de Nueva York, Estados Unidos. El catedr\u00e1tico es especialista en el estudio de las din\u00e1micas de las industrias culturales en sus aspectos econ\u00f3micos y pol\u00edticos y los efectos de la globalizaci\u00f3n de los mercados.\n\nAlicia Ortega Caicedo (Ecuador), Ph.D de la Universidad de Pittsburg y exdirectora del \u00c1rea de Letras de la Universidad Andina Sim\u00f3n Bol\u00edvar (Quito) y Ana Longoni (Argentina), quien fue profesora en la Universidad de Buenos Aires, son la cuota femenina de la Comisi\u00f3n. El abogado Rafael Caicedo Saverio (Ecuador) actuar\u00e1 como secretario.\n\nA excepci\u00f3n de Caicedo, quien \u00fanicamente tendr\u00e1 derecho a voz, los dem\u00e1s miembros de la Comisi\u00f3n participar\u00e1n en las sesiones correspondientes con derecho a voz y voto.\n\nEn el plazo m\u00e1ximo de 90 d\u00edas a partir de su conformaci\u00f3n, la Comisi\u00f3n deber\u00e1 iniciar los tr\u00e1mites legales y reglamentarios necesarios para la aprobaci\u00f3n del Estatuto de la Universidad, as\u00ed como de las carreras y programas que conforman su oferta acad\u00e9mica.\n\nQuien presida la Comisi\u00f3n representar\u00e1 jur\u00eddicamente a la UArtes mientras dure el per\u00edodo de transici\u00f3n. Los miembros son de libre nombramiento y remoci\u00f3n, seg\u00fan lo estipulado en la Ley.\n\nEl cuerpo directivo deber\u00e1 convocar a elecciones y dejar posesionado al primer rector. Las autoridades y representantes electos asumir\u00e1n sus funciones una vez concluida la transici\u00f3n, que es de cinco a\u00f1os.",
                    "date": "2015-01-29",
                    "eventUri": "2310722",
                    "id": "31666031",
                    "isDuplicate": false,
                    "lang": "spa",
                    "sim": 0.4265,
                    "source": {
                        "title": "El Comercio",
                        "uri": "www.elcomercio.com"
                    },
                    "time": "17:54:19",
                    "title": "Un estadounidense y un exministro integran Comisi\u00f3n Gestora de la UArtes",
                    "uri": "244244672",
                    "url": "http://www.elcomercio.com/tendencias/universidad-artes-comision-gestora-ecuador.html",
                    "wgt": 1
                },
                {
                    "body": "Dirigidas a arquitectos, ingenieros, estudiantes universitarios de carreras t\u00e9cnicas y en general\n\nEl Campus Antonio Machado de Baeza (Ja\u00e9n) de la Universidad Internacional de Andaluc\u00eda (UNIA) celebra del 28 al 30 de enero las Jornadas Innovaci\u00f3n en el desarrollo y comunicaci\u00f3n de productos, dirigidas por Jos\u00e9 Ignacio Rojas Sola, de la Universidad de Ja\u00e9n (UJA).\n\nEl objetivo de las jornadas es presentar una breve introducci\u00f3n a las tecnolog\u00edas clave que influyen en la concepci\u00f3n, desarrollo, fabricaci\u00f3n y comunicaci\u00f3n de un producto, para aportar al alumno una visi\u00f3n completa de las fases y tecnolog\u00edas actuales involucradas alrededor de un producto.\n\nJunto al director de las jornadas participar\u00e1n en las mismas: \u00c1ngel Inocencio Aguilera Garc\u00eda, de la UJA; Silvia Fern\u00e1ndez Villamar\u00edn y Mariano Jim\u00e9nez Calzado, de la Universidad Pontificia de Comillas, y Javier Manini Gumz, de TEKSER.\n\nEstos especialistas abordar\u00e1n temas como el dise\u00f1o industrial como elemento de innovaci\u00f3n y comunicaci\u00f3n en el desarrollo de productos, modelado s\u00f3lido y simulaci\u00f3n, animaci\u00f3n por ordenador con Blender, ingenier\u00eda inversa, generaci\u00f3n y tratamiento de datos 3D, fabricaci\u00f3n aditiva (3D Printing) y tecnolog\u00edas y sectores de aplicaci\u00f3n.\n\nUna parte de estos contenidos, los correspondientes a modelado s\u00f3lido y simulaci\u00f3n, animaci\u00f3n por ordenador, ingenier\u00eda inversa y fabricaci\u00f3n aditiva se impartir\u00e1n en el aula inform\u00e1tica, mediante la utilizaci\u00f3n de software y otros recursos.\n\nLas jornadas est\u00e1 dirigidas a arquitectos, ingenieros, estudiantes universitarios de carreras t\u00e9cnicas y en general, cualquier persona interesada en la tem\u00e1tica.",
                    "date": "2015-01-26",
                    "eventUri": "2310722",
                    "id": "31362002",
                    "isDuplicate": false,
                    "lang": "spa",
                    "sim": 0.4011,
                    "source": {
                        "title": "El Plural",
                        "uri": "www.elplural.com"
                    },
                    "time": "15:36:53",
                    "title": "El Campus Antonio Machado de Baeza celebra las Jornadas de Innovaci\u00f3n en el desarrollo de productos",
                    "uri": "242503070",
                    "url": "http://www.elplural.com/2015/01/27/el-campus-antonio-machado-de-baeza-celebra-las-jornadas-de-innovacion-en-el-desarrollo-de-productos/",
                    "wgt": 1
                },
                {
                    "body": "\"Tengo el agrado de dirigirme a usted, a fin de ejercer elemental derecho de r\u00e9plica con respecto a t\u00edtulos de publicaciones y contenidos de las cr\u00f3nica aparecidas en el diario de su direcci\u00f3n los d\u00eda jueves 11 y viernes 12 del cte. mes y a\u00f1o, a los efectos de salvaguardar la objetividad del derecho de la informaci\u00f3n que tiene la ciudadan\u00eda\", subraya la carta.\n\nLa doctora Torres fue denunciada por firmar supuestamente t\u00edtulos a funcionarios que hoy trabajan como qu\u00edmicos farmac\u00e9uticos en el Hospital Central del Instituto de Previsi\u00f3n Social y que habr\u00edan conseguido en un a\u00f1o el t\u00edtulo de la carrera que dura cuatro a\u00f1os.\n\nEl documento expresa: \"Como funcionaria p\u00fablica y formaci\u00f3n \u00e9tica, solo me permito la actividad docente como accesoria a mi funci\u00f3n y como tal ejerzo la coordinaci\u00f3n y actividad acad\u00e9mica en la Universidad Privada del Guair\u00e1 y Universidad Nacional de Asunci\u00f3n\".\n\n\"En la primera, coordin\u00e9, impart\u00ed clases y evalu\u00e9 a alumnos, principalmente en el ramo de qu\u00edmica y farmacia, habida cuenta mi experiencia de 29 a\u00f1os en la docencia universitaria. En la Universidad Nacional de Asunci\u00f3n, soy docente escalafonado, desde hace 29 a\u00f1os, miembro del Consejo Directivo de la FACEN por dos per\u00edodos consecutivos, no constando en el legajo sanci\u00f3n alguna\", a\u00f1ade la misiva.\n\nSostiene que en lo que respecta a su funci\u00f3n en la Universidad Privada del Guair\u00e1, y espec\u00edficamente la menci\u00f3n que ata\u00f1e a Mar\u00eda Edelmira Toledo \"debo se\u00f1alar que mi relaci\u00f3n se circunscribe exclusivamente al \u00e1mbito de mi actividad docente y si cuenta con alguna certificaci\u00f3n o t\u00edtulo a favor es porque cuenta con la documentaci\u00f3n de respaldo de aprobaci\u00f3n de las materias de Ciencias B\u00e1sicas que la alumna hab\u00eda cursado, es cuesti\u00f3n de recurrir a la fuente. \"Con respecto a mi funci\u00f3n en la Direcci\u00f3n General de Insumos Estrat\u00e9gicos, debo expresar que es la actividad principal que desarrollo dentro de la administraci\u00f3n p\u00fablica, a la cual se me asign\u00f3 habida cuenta mi experiencia en el manejo de Compra y Log\u00edstica de medicamentos e insumos m\u00e9dicos del IPS. Esta actividad no guarda relaci\u00f3n con la docencia\", concluye la carta de la funcionaria.",
                    "date": "2014-12-30",
                    "eventUri": "2310722",
                    "id": "29490604",
                    "isDuplicate": false,
                    "lang": "spa",
                    "sim": 0.4003,
                    "source": {
                        "title": "ABC Color",
                        "uri": "www.abc.com.py"
                    },
                    "time": "06:19:00",
                    "title": "Directora de Insumos se puso a disposici\u00f3n de la Contralor\u00eda",
                    "uri": "237563117",
                    "url": "http://www.abc.com.py/edicion-impresa/locales/directora-de-insumos-se-puso-a-disposicion-de-la-contraloria-1321443.html",
                    "wgt": 1
                },
                {
                    "body": "Antonio Lago Carballo, escritor y especialista en historia iberoamericana, en 2004 / ALBERTO AJA (EFE)\n\nAntonio Lago Carballo (Le\u00f3n, 1923), experto en Latinoam\u00e9rica, profesor y escritor, falleci\u00f3 en Madrid el martes pasado. Hay personas que, adem\u00e1s de ser testigos de una \u00e9poca que saben interpretar a la perfecci\u00f3n, son actores privilegiados en su quehacer cotidiano desde posiciones que no son necesariamente de primera fila. Personas que hacen del servicio p\u00fablico su vida sin desatender ni sus relaciones de amistad ni su entorno familiar. Que dejan huella por donde pasan, sin hacer nunca ruido, pero dando testimonio de lealtad, responsabilidad, inteligencia, bonhom\u00eda y capacidad de trabajo. Antonio Lago fue de estas personas, un hombre de su tiempo, liberal sin fisuras, cat\u00f3lico comprometido, humanista, gran lector y mejor conversador. Su fina iron\u00eda cuasi galaica le hac\u00eda tener una visi\u00f3n de la vida entra\u00f1able que facilitaba la existencia a todos los que le quisimos.\n\nComenz\u00f3 sus estudios de Derecho en la Universidad de Salamanca en 1940, culmin\u00e1ndolos en la entonces llamada Universidad Central de Madrid. De joven estuvo vinculado al Instituto de Estudios Pol\u00edticos y al Instituto de Cultura Hisp\u00e1nica, que le brind\u00f3 el conocimiento sobre el terreno de los pa\u00edses hispanoamericanos por primera vez a finales de los a\u00f1os cuarenta, impulsando su vocaci\u00f3n por la regi\u00f3n que le acompa\u00f1\u00f3 toda su vida. Fue director del Colegio Mayor Guadalupe en una \u00e9poca en que comenzaban a retornar estudiantes de aquellos pa\u00edses para realizar sus estudios universitarios en Madrid, trenzando unas relaciones de amistad de por vida.\n\nSe desempe\u00f1\u00f3 tambi\u00e9n como alto funcionario. Empez\u00f3 en el breve Ministerio de Educaci\u00f3n de Ruiz Jim\u00e9nez; m\u00e1s tarde fue alto cargo en el mismo ministerio durante el primer Gobierno de la Monarqu\u00eda y en el \u00faltimo de la UCD. Vivi\u00f3 en Argentina cinco a\u00f1os como funcionario de la Organizaci\u00f3n Internacional de Emigraci\u00f3n.\n\nComo escritor destacaron sus trabajos sobre la realidad pol\u00edtica latinoamericana de los sesenta y setenta, as\u00ed como sus ensayos literarios o sus estudios sobre el sentido iberoamericano de la identidad espa\u00f1ola, entre muchos otros temas. Dict\u00f3 cursos en la Escuela Diplom\u00e1tica, en la Universidad de Salamanca y en diversas facultades latinoamericanas. Desde finales de los sesenta hasta 1980 fue profesor de la asignatura Reg\u00edmenes Pol\u00edticos de Iberoam\u00e9rica en la Complutense, donde fue mi maestro. Tras su retiro, sigui\u00f3 vinculado a los estudios latinoamericanos como conferenciante y organizador de cursos.",
                    "date": "2015-01-24",
                    "eventUri": "2310722",
                    "id": "31177810",
                    "isDuplicate": false,
                    "lang": "spa",
                    "sim": 0.4002,
                    "source": {
                        "title": "EL PA\u00cdS",
                        "uri": "cultura.elpais.com"
                    },
                    "time": "02:40:00",
                    "title": "Antonio Lago, escritor, profesor y experto en Latinoam\u00e9rica",
                    "uri": "241889658",
                    "url": "http://cultura.elpais.com/cultura/2015/01/24/actualidad/1422057643_991641.html",
                    "wgt": 1
                },
                {
                    "body": "La Escuela Polit\u00e9cnica del Litoral (Espol) organiza desde este mi\u00e9rcoles 7 de enero, un ciclo de conferencias titulado S\u00e9 un l\u00edder innovador y creativo. Las charlas son organizadas por la facultad de Ciencias Sociales y Human\u00edsticas de la universidad.\n\nEl ciclo de conferencias se compone de seis exposiciones. La ma\u00f1ana y tarde de hoy mi\u00e9rcoles, con el auditorio de la facultad lleno, Roberto Villacreses del Instituto Ecuatoriano de Econom\u00eda Pol\u00edtica abri\u00f3 el evento. \u00c9l habl\u00f3 sobre los beneficios de tener una moneda fuerte en el pa\u00eds. Entre los conceptos que explic\u00f3, habl\u00f3 sobre importaciones y exportaciones.\n\nLuego le toc\u00f3 el turno a Jorge Montero, gerente de planta de Sweet & Coffee, quien comparti\u00f3 con los estudiantes de la universidad sobre el caso de \u00e9xito de la empresa.\n\nPara ma\u00f1ana (8 de enero) a las 11:30, est\u00e1 agendada de la participaci\u00f3n de Adri\u00e1n Burgos, CEO de Agencia Laika, quien hablar\u00e1 sobre innovaci\u00f3n y experiencia empresarial. A las 14:00, intervendr\u00e1 Alejandro Varas, fundador de la firma de soluciones web y tecnolog\u00eda Domo. Varas hablar\u00e1 sobre el desarrollo de proyectos de innovaci\u00f3n, nuevos negocios, y emprendimiento.\n\nEl ciclo de conferencias culmina el viernes 9 de agosto con otras dos exposiciones. Ese d\u00eda, a las 11:30, est\u00e1 prevista la participaci\u00f3n del fundador de la agencia Estrategos y miembro de la Asociaci\u00f3n de J\u00f3venes Emprendedores, Luis C\u00f3rdova. El empresario compartir\u00e1 sobre liderazgo en los negocios y en las organizaciones.\n\nEl cierre lo realizar\u00e1 Ralph Su\u00e1stegui, quien es abogado de profesi\u00f3n y fundador de la firma Innova3D. Su charla, que ser\u00e1 el viernes a las 14:00, cuestionar\u00e1 si es necesario ser empresario pol\u00edtico para servir a la sociedad.",
                    "date": "2015-01-08",
                    "eventUri": "2310722",
                    "id": "30057539",
                    "isDuplicate": false,
                    "lang": "spa",
                    "sim": 0.3744,
                    "source": {
                        "title": "El Comercio",
                        "uri": "www.elcomercio.com"
                    },
                    "time": "01:16:00",
                    "title": "Espol organiza ciclo de conferencias sobre liderazgo",
                    "uri": "239028885",
                    "url": "http://www.elcomercio.com/tendencias/espol-conferencias-liderazgo-innovacion-creatividad.html",
                    "wgt": 1
                }
            ]
        },
        "info": {
            "articleCount": 8,
            "averageDate": "2015-01-10",
            "avgCos": 0.4321,
            "categories": [],
            "customDate": false,
            "customLocation": false,
            "eventUri": "2310722",
            "extractedDate": "",
            "extractedDateEnd": "",
            "id": "2310722",
            "lang": "spa",
            "storyDate": "2015-01-10",
            "storyDateEnd": "",
            "uri": "spa-63A553DD-A2F8-411E-9FB6-620DC17635E3-37918",
            "variance": 0.4066
        }
    }
}