{
    "850f305d-14db-4c75-b547-79470a557ea3-802066": {
        "articles": {
            "resultCount": 5,
            "results": [
                {
                    "body": "CHARLOTTE, N.C. -- Charlotte police have charged two eye doctors with drug trafficking after investigators said the doctors wrote fake hydrocodone prescriptions for some patients and stole the pills.\n\nPolice said in a statement that Dr. Benjamin Hobbs and Dr. Samuel Hobbs are each charged with trafficking in opiates, obtaining a controlled substance by fraud and larceny. The brothers own Clear View Eye Care,\n\nThe men were taken to jail. It was not clear if they have attorneys.\n\nInvestigators said victims told them the brothers wrote prescriptions for hydrocodone and asked that they return to the practice with the filled prescriptions. Police said while the victims were at Clear View Eye Care, some or all of the drugs were removed from the pill bottles.\n\nThe doctors have offices in Matthews and Charlotte.",
                    "date": "2014-09-24",
                    "eventUri": "1380996",
                    "id": "20344750",
                    "isDuplicate": false,
                    "lang": "eng",
                    "sim": 0.9381,
                    "source": {
                        "title": "newsobserver",
                        "uri": "www.newsobserver.com"
                    },
                    "time": "12:42:00",
                    "title": "Charlotte doctors face drug charges",
                    "uri": "213183503",
                    "url": "http://www.newsobserver.com/2014/09/24/4177488/charlotte-doctors-face-drug-charges.html",
                    "wgt": 1
                },
                {
                    "body": "CHARLOTTE, N.C. (AP) -- Charlotte police have charged two eye doctors with drug trafficking after investigators said the doctors wrote fake hydrocodone prescriptions for some patients and stole the pills.\n\nPolice said in a statement that Dr. Benjamin Hobbs and Dr. Samuel Hobbs are each charged with trafficking in opiates, obtaining a controlled substance by fraud and larceny. The brothers own Clear View Eye Care.\n\nThe men were taken to jail. It was not clear if they have attorneys.\n\nInvestigators said victims told them the brothers wrote prescriptions for hydrocodone and asked that they return to the practice with the filled prescriptions. Police said while the victims were at Clear View Eye Care, some or all of the drugs were removed from the pill bottles.\n\nThe doctors have offices in Matthews and Charlotte.\n\n(\u00a9 Copyright 2014 The Associated Press. All Rights Reserved. This material may not be published, broadcast, rewritten or redistributed.)",
                    "date": "2014-09-24",
                    "eventUri": "1380996",
                    "id": "20388385",
                    "isDuplicate": false,
                    "lang": "eng",
                    "sim": 0.9238,
                    "source": {
                        "title": "WFNZ AM 610",
                        "uri": "charlotte.cbslocal.com"
                    },
                    "time": "22:01:00",
                    "title": "Charlotte Doctors Face Drug Charges",
                    "uri": "213283543",
                    "url": "http://charlotte.cbslocal.com/2014/09/24/charlotte-doctors-face-drug-charges/",
                    "wgt": 1
                },
                {
                    "body": "Two Charlotte-area eye doctors have been charged with drug trafficking after police say they wrote bogus Hydrocodone prescriptions for some of their patients and then stole the pills .\n\nDr. Benjamin Hobbs and Dr. Samuel Hobbs - both of the Clear View Eye Care, OD - were each charged with trafficking in opiates, obtaining a controlled substance by fraud, and larceny. They were taken to Mecklenburg jail after being interviewed by Charlotte-Mecklenburg police detectives, but their bond information wasn't available late Tuesday.\n\nAccording to investigators, victims came forward and told them the Hobbs brothers wrote prescriptions for Hydrocodone then requested they return to the practice with the filled prescriptions. Once at the Clear View Eye Care, some or all of the drugs were removed from the pill bottles, according to police.\n\nPolice say the Hobbses have prescribed \"a large amount of Hydrocodone\" for patients, but didn't disclose how much.\n\nThe doctors have two offices - one in Matthews, and one in the Steele Creek community in southwest Charlotte. According to biographies on the website of their practice, the brothers both graduated from East Carolina University, then obtained doctorates of optometry from the University of Alabama at Birmingham.\n\nInvestigators encouraged anyone with information about the case to call Crime Stoppers at 704-334-1600.",
                    "date": "2014-09-23",
                    "eventUri": "1380996",
                    "id": "20270643",
                    "isDuplicate": false,
                    "lang": "eng",
                    "sim": 0.8078,
                    "source": {
                        "title": "charlotteobserver",
                        "uri": "www.charlotteobserver.com"
                    },
                    "time": "22:00:00",
                    "title": "Doctors charged in Hydrocodone trafficking scheme | CharlotteObserver.com",
                    "uri": "213000884",
                    "url": "http://www.charlotteobserver.com/2014/09/23/5194886/doctors-charged-in-hydrocodone.html",
                    "wgt": 1
                },
                {
                    "body": "7 CONNECTTWEETLINKEDINCOMMENTEMAILMORE\n\nCHARLOTTE, N.C.-- Charlotte police have charged two eye doctors with drug trafficking after investigators said the doctors wrote fake hydrocodone prescriptions for some patients and stole the pills. Police said in a statement that Dr. Benjamin Hobbs and Dr. Samuel Hobbs are each charged with trafficking in opiates, obtaining a controlled substance by fraud and larceny.\n\nThe brothers own Clear View Eye Care.\n\nThe men were taken to jail. It was not clear if they have attorneys.Investigators said victims told them the brothers wrote prescriptions for hydrocodone and asked that they return to the practice with the filled prescriptions.\n\nPolice said while the victims were at Clear View Eye Care, some or all of the drugs were removed from the pill bottles. The doctors have offices in Matthews and Charlotte.\n\nOther stories\n\nImproper Medicine Disposal Contaminating Triad Water\n\nFlorida P.E. Coach Arrested For Trafficking Oxycodone\n\nNew Restrictions On Narcotic Painkillers To Take Effect\n\nCharlotte Fire Captain Accused Of Stealing Patient's Meds\n\nOverdose Awareness Day Warns of Prescription Drug Abuse\n\nMedication Errors Increasing In Nursing Homes\n\nConsumer Reports: FDA Should Reconsider Pill Approval\n\nFedEx Charged With Trafficking Drugs For Web Pharmacies\n\n7 CONNECTTWEETLINKEDINCOMMENTEMAILMORERead or Share this story: http://on.wfmy.com/1pcMzHd",
                    "date": "2014-09-24",
                    "eventUri": "1380996",
                    "id": "20334452",
                    "isDuplicate": false,
                    "lang": "eng",
                    "sim": 0.8014,
                    "source": {
                        "title": "USA TODAY",
                        "uri": "www.wfmynews2.com"
                    },
                    "time": "12:35:00",
                    "title": "NC Eye Doctors Charged With Drug Trafficking",
                    "uri": "213158763",
                    "url": "http://www.wfmynews2.com/story/news/local/2014/09/24/nc-doctors-charged-with-drug-trafficking-writing-fake-prescriptions/16142401/",
                    "wgt": 1
                },
                {
                    "body": "CHARLOTTE -- Two Charlotte-area eye doctors are charged with prescription fraud and opiate trafficking.\n\nSamuel Hobbs and his brother, Benjamin Hobbs, were arrested on Tuesday.\n\nWarrants for Samuel Hobbs show he illegally possessed 8.4 grams of hydrocodone as well as 25 norco tablets that belonged to a patient.\n\nThe warrants go on to say Hobbs instructed the patient to purchase the medication and return it to his practice.\n\nPolice say Hobbs swapped the pills out with vitamin tablets while he performed an eye procedure.\n\nBoth doctors worked at Clear View Eye Care.\n\nBenjamin Hobbs has yet to be processed by the Mecklenburg County Sheriff's Office.\n\nCMPD said upon his arrest, he was taken to the hospital for an unknown medical condition.\n\nSamuel Hobbs is due in court later Wednesday afternoon.",
                    "date": "2014-09-24",
                    "eventUri": "1380996",
                    "id": "20360006",
                    "isDuplicate": false,
                    "lang": "eng",
                    "sim": 0.6635,
                    "source": {
                        "title": "charlotte.twcnews.com",
                        "uri": "charlotte.twcnews.com"
                    },
                    "time": "16:48:00",
                    "title": "Two Charlotte Eye Doctors Face Prescription Drug Charges",
                    "uri": "213219856",
                    "url": "http://charlotte.twcnews.com/content/news/712194/two-charlotte-eye-doctors-face-prescription-drug-charges/",
                    "wgt": 1
                }
            ]
        },
        "info": {
            "articleCount": 5,
            "averageDate": "2014-09-24",
            "avgCos": 0.5847,
            "categories": [],
            "customDate": false,
            "customLocation": false,
            "eventUri": "1380996",
            "extractedDate": "",
            "extractedDateEnd": "",
            "id": "1380996",
            "lang": "eng",
            "location": {
                "country": {
                    "labelEng": "United States",
                    "lat": 39.76,
                    "long": -98.5,
                    "wikiUri": "http://en.wikipedia.org/wiki/United_States"
                },
                "labelEng": "North Carolina",
                "lat": 35.50069,
                "long": -80.00032,
                "wikiUri": "http://en.wikipedia.org/wiki/North_Carolina"
            },
            "storyDate": "2014-09-24",
            "storyDateEnd": "",
            "uri": "850f305d-14db-4c75-b547-79470a557ea3-802066",
            "variance": 0.1581
        }
    },
    "e7e700df-6a06-44ea-a4f3-f736278fc36b-269723": {
        "articles": {
            "resultCount": 10,
            "results": [
                {
                    "body": "Tres personas murieron, entre ellas el autor de los disparos, en un tiroteo ocurrido hoy en unas instalaciones de la empresa de env\u00edos postales UPS en Birmingham (Alabama), informaron las autoridades locales.\n\nEl jefe de polic\u00eda de Birmingham, A.C. Roper, indic\u00f3 al peri\u00f3dico local The Birmingham News que el autor de los disparos iba vestido con el uniforme de la compa\u00f1\u00eda, de la que se presupon\u00eda que era empleado, cuando abri\u00f3 fuego a las puertas de las oficinas.\n\nLos hechos se produjeron a las 9.40 hora local en el norte de Birmingham, la ciudad m\u00e1s grande del estado sure\u00f1o de Alabama.\n\nRoper agreg\u00f3 que se trataba de un hombre blanco de unos 40 a\u00f1os, y que se dispar\u00f3 a s\u00ed mismo antes de que llegasen los agentes de seguridad.\n\nLas identidades de los otros dos fallecidos no se conocen, pero se trata tambi\u00e9n de empleados de la compa\u00f1\u00eda.\n\n\"Solo se trataba de gente que estaba en sus puestos de trabajo\", dijo Roper.\n\nLas autoridades informaron que no se produjeron heridos.",
                    "date": "2014-09-23",
                    "eventUri": "1364997",
                    "id": "20258032",
                    "isDuplicate": false,
                    "lang": "spa",
                    "sim": 0.855,
                    "source": {
                        "title": "www.latercera.com",
                        "uri": "www.latercera.com"
                    },
                    "time": "19:18:00",
                    "title": "Tiroteo deja tres muertos en empresa postal de Alabama - Latercera",
                    "uri": "212971475",
                    "url": "http://www.latercera.com/noticia/mundo/2014/09/678-597049-9-tiroteo-deja-tres-muertos-en-empresa-postal-de-alabama.shtml",
                    "wgt": 1
                },
                {
                    "body": "Tres personas murieron, entre ellas el autor de los disparos, en un tiroteo ocurrido este martes en unas instalaciones de la empresa de env\u00edos postales UPS en Birmingham (Alabama), informaron las autoridades locales.\n\nEl jefe de polic\u00eda de Birmingham, A.C. Roper, indic\u00f3 al peri\u00f3dico local \"The Birmingham News\" que el autor de los disparos iba vestido con el uniforme de la compa\u00f1\u00eda, de la que se presupon\u00eda que era empleado, cuando abri\u00f3 fuego a las puertas de las oficinas.\n\nLos hechos se produjeron a las 9.40 hora local (14.40 GMT) en el norte de Birmingham, la ciudad m\u00e1s grande del estado sure\u00f1o de Alabama.\n\nRoper agreg\u00f3 que se trataba de un hombre blanco de unos 40 a\u00f1os, y que se dispar\u00f3 a s\u00ed mismo antes de que llegasen los agentes de seguridad.\n\nLas identidades de los otros dos fallecidos no se conocen, pero se trata tambi\u00e9n de empleados de la compa\u00f1\u00eda.\n\n\"Solo se trataba de gente que estaba en sus puestos de trabajo\", dijo Roper.\n\nLas autoridades informaron que no se produjeron heridos.",
                    "date": "2014-09-23",
                    "eventUri": "1364997",
                    "id": "20262440",
                    "isDuplicate": false,
                    "lang": "spa",
                    "sim": 0.8541,
                    "source": {
                        "title": "www.rpp.com.pe",
                        "uri": "www.rpp.com.pe"
                    },
                    "time": "20:24:00",
                    "title": "EEUU: tres muertos en tiroteo en Alabama",
                    "uri": "212982095",
                    "url": "http://www.rpp.com.pe/2014-09-23-eeuu-tres-muertos-en-tiroteo-en-alabama-noticia_727974.html",
                    "wgt": 1
                },
                {
                    "body": "WASHINGTON, Estados Unidos .- Tres personas murieron, entre ellas el autor de los disparos, en un tiroteo ocurrido este martes en unas instalaciones de la empresa de env\u00edos postales UPS en Birmingham (Alabama), informaron las autoridades locales.\n\nEl jefe de polic\u00eda de Birmingham, A.C. Roper, indic\u00f3 al peri\u00f3dico local \"The Birmingham News\" que el autor de los disparos iba vestido con el uniforme de la compa\u00f1\u00eda, de la que se presupon\u00eda que era empleado, cuando abri\u00f3 fuego a las puertas de las oficinas.\n\nLos hechos se produjeron a las 9:40 de la ma\u00f1ana en el norte de Birmingham, la ciudad m\u00e1s grande del estado sure\u00f1o de Alabama.\n\nRoper agreg\u00f3 que se trataba de un hombre blanco de unos 40 a\u00f1os, y que se dispar\u00f3 a s\u00ed mismo antes de que llegasen los agentes de seguridad.\n\nLas identidades de los otros dos fallecidos no se conocen, pero se trata tambi\u00e9n de empleados de la compa\u00f1\u00eda.\n\n\"Solo se trataba de gente que estaba en sus puestos de trabajo\", dijo Roper.",
                    "date": "2014-09-23",
                    "eventUri": "1364997",
                    "id": "20251672",
                    "isDuplicate": false,
                    "lang": "spa",
                    "sim": 0.8475,
                    "source": {
                        "title": "Noticias SIN",
                        "uri": "www.noticiassin.com"
                    },
                    "time": "18:25:00",
                    "title": "Tres muertos en un tiroteo en una empresa de env\u00edos postales",
                    "uri": "212957401",
                    "url": "http://www.noticiassin.com/2014/09/tres-muertos-en-un-tiroteo-en-una-empresa-de-envios-postales/",
                    "wgt": 1
                },
                {
                    "body": "Los hechos se produjeron a las 9.40 hora local (14.40 GMT) en el norte de Birmingham, la ciudad m\u00e1s grande del estado sure\u00f1o de Alabama. EFE/Archivo\n\nTres personas murieron, entre ellas el autor de los disparos, en un tiroteo ocurrido hoy en unas instalaciones de la empresa de env\u00edos postales UPS en Birmingham (Alabama), informaron las autoridades locales.\n\nEl jefe de polic\u00eda de Birmingham, A.C. Roper, indic\u00f3 al peri\u00f3dico local \"The Birmingham News\" que el autor de los disparos iba vestido con el uniforme de la compa\u00f1\u00eda, de la que se presupon\u00eda que era empleado, cuando abri\u00f3 fuego a las puertas de las oficinas.\n\nLos hechos se produjeron a las 9.40 hora local (14.40 GMT) en el norte de Birmingham, la ciudad m\u00e1s grande del estado sure\u00f1o de Alabama.\n\nRoper agreg\u00f3 que se trataba de un hombre blanco de unos 40 a\u00f1os, y que se dispar\u00f3 a s\u00ed mismo antes de que llegasen los agentes de seguridad.\n\nLas identidades de los otros dos fallecidos no se conocen, pero se trata tambi\u00e9n de empleados de la compa\u00f1\u00eda.\n\n\"Solo se trataba de gente que estaba en sus puestos de trabajo\", dijo Roper.\n\nLas autoridades informaron que no se produjeron heridos.",
                    "date": "2014-09-23",
                    "eventUri": "1364997",
                    "id": "20251468",
                    "isDuplicate": false,
                    "lang": "spa",
                    "sim": 0.8363,
                    "source": {
                        "title": "Metro Mexico City",
                        "uri": "www.publimetro.com.mx"
                    },
                    "time": "18:27:00",
                    "title": "Tres muertos en un tiroteo en instalaciones de UPS en Alabama",
                    "uri": "212956877",
                    "url": "http://www.publimetro.com.mx/noticias/tres-muertos-en-un-tiroteo-en-instalaciones-de-ups-en-alabama/eniw%212421505/",
                    "wgt": 1
                },
                {
                    "body": "El jefe de polic\u00eda de Birmingham, A.C. Roper, indic\u00f3 que el autor de los disparos iba vestido con el uniforme de la compa\u00f1\u00eda, de la que se presupon\u00eda que era empleado\n\nWASHINGTON, Estados Unidos, sep. 23, 2014.- Tres personas murieron, entre ellas el autor de los disparos, en un tiroteo ocurrido hoy en unas instalaciones de la empresa de env\u00edos postales UPS en Birmingham, Alabama, informaron las autoridades locales.\n\nEl jefe de polic\u00eda de Birmingham, A.C. Roper, indic\u00f3 al peri\u00f3dico local \"The Birmingham News\" que el autor de los disparos iba vestido con el uniforme de la compa\u00f1\u00eda, de la que se presupon\u00eda que era empleado, cuando abri\u00f3 fuego a las puertas de las oficinas.\n\nLos hechos se produjeron a las 9.40 hora local (10.40 ET) en el norte de Birmingham, la ciudad m\u00e1s grande del estado sure\u00f1o de Alabama.\n\nRoper agreg\u00f3 que se trataba de un hombre blanco de unos 40 a\u00f1os, y que se dispar\u00f3 a s\u00ed mismo antes de que llegasen los agentes de seguridad.\n\nLas identidades de los otros dos fallecidos no se conocen, pero se trata tambi\u00e9n de empleados de la compa\u00f1\u00eda.\n\n\"Solo se trataba de gente que estaba en sus puestos de trabajo\", dijo Roper.\n\nLas autoridades informaron que no se produjeron heridos.",
                    "date": "2014-09-23",
                    "eventUri": "1364997",
                    "id": "20262449",
                    "isDuplicate": false,
                    "lang": "spa",
                    "sim": 0.8283,
                    "source": {
                        "title": "noticieros.televisa.com",
                        "uri": "noticieros.televisa.com"
                    },
                    "time": "20:24:00",
                    "title": "Tiroteo en instalaciones de UPS en Alabama deja tres muertos",
                    "uri": "212982099",
                    "url": "http://noticieros.televisa.com/us/estados-unidos/1409/tiroteo-instalaciones-ups-alabama-deja-tres-muertos/",
                    "wgt": 1
                },
                {
                    "body": "Ocurri\u00f3 en un centro de mensajer\u00eda de Birmingham. Las autoridades tratan de esclarecer lo ocurrido. Tres personas han muerto por un tiroteo en unas oficinas del servicio de mensajer\u00eda UPS en la ciudad de Birmingham, en el estado norteamericano de Alabama, seg\u00fan la Polic\u00eda local. Entre las v\u00edctimas figura el supuesto tirador.\n\nLa Polic\u00eda recibi\u00f3 las primeras llamadas de alerta en torno a las 9.20 (hora local). A su llegada a las oficinas de UPS en la zona de Inglenook, los agentes se encontraron en un almac\u00e9n con los tres cad\u00e1veres, \"uno de ellos obviamente el del tirador\", seg\u00fan el jefe de la Polic\u00eda de Birmingham, A.C. Roper.\n\nEl supuesto autor de los disparos \"aparentemente muri\u00f3 de una herida de disparo autoinfligida\", una hip\u00f3tesis que confirmar\u00eda el suicidio, informa una cadena local afiliada a FOX News.\n\nLas autoridades han comenzado a entrevistar a familiares, amigos y testigos para tratar de esclarecer lo ocurrido. Aunque no ha trascendido oficialmente la identidad de las v\u00edctimas, los medios locales apuntan que las dos personas abatidas por el tirador ser\u00edan empleados de UPS.\n\nLa empresa ha informado en un comunicado que est\u00e1 \"ofreciendo toda su cooperaci\u00f3n para verificar las circunstancias y el personal que hab\u00eda en las instalaciones\".",
                    "date": "2014-09-23",
                    "eventUri": "1364997",
                    "id": "20262445",
                    "isDuplicate": false,
                    "lang": "spa",
                    "sim": 0.8159,
                    "source": {
                        "title": "heraldo.es",
                        "uri": "www.heraldo.es"
                    },
                    "time": "16:14:00",
                    "title": "Un tiroteo en Alamaba deja tres muertos, entre ellos, el atacante",
                    "uri": "212982101",
                    "url": "http://www.heraldo.es/noticias/internacional/2014/09/23/un_tiroteo_alamaba_deja_tres_muertos_entre_ellos_atacante_311840_306.html",
                    "wgt": 1
                },
                {
                    "body": "Tres personas han muerto por un tiroteo en unas oficinas del servicio de mensajer\u00eda UPS en la ciudad de Birmingham, en el estado norteamericano de Alabama, seg\u00fan la Polic\u00eda local. Entre las v\u00edctimas figura el supuesto tirador.\n\nWASHINGTON, 23 (EUROPA PRESS)\n\nLa Polic\u00eda recibi\u00f3 las primeras llamadas de alerta en torno a las 9.20 (hora local). A su llegada a las oficinas de UPS en la zona de Inglenook, los agentes se encontraron en un almac\u00e9n con los tres cad\u00e1veres, \"uno de ellos obviamente el del tirador\", seg\u00fan el jefe de la Polic\u00eda de Birmingham, A.C. Roper.\n\nEl supuesto autor de los disparos \"aparentemente muri\u00f3 de una herida de disparo autoinfligida\", una hip\u00f3tesis que confirmar\u00eda el suicidio, informa una cadena local afiliada a FOX News.\n\nLas autoridades han comenzado a entrevistar a familiares, amigos y testigos para tratar de esclarecer lo ocurrido. Aunque no ha trascendido oficialmente la identidad de las v\u00edctimas, los medios locales apuntan que las dos personas abatidas por el tirador ser\u00edan empleados de UPS.\n\nLa empresa ha informado en un comunicado que est\u00e1 \"ofreciendo toda su cooperaci\u00f3n para verificar las circunstancias y el personal que hab\u00eda en las instalaciones\".",
                    "date": "2014-09-23",
                    "eventUri": "1364997",
                    "id": "20244638",
                    "isDuplicate": false,
                    "lang": "spa",
                    "sim": 0.7991,
                    "source": {
                        "title": "El Economista (EcoDiario)",
                        "uri": "ecodiario.eleconomista.es"
                    },
                    "time": "17:14:00",
                    "title": "Tres muertos por un tiroteo en un centro de mensajer\u00eda de Alabama, incluido el atacante",
                    "uri": "212940648",
                    "url": "http://ecodiario.eleconomista.es/internacional/noticias/6101294/09/14/Tres-muertos-por-un-tiroteo-en-un-centro-de-mensajeria-de-Alabama-incluido-el-atacante.html",
                    "wgt": 1
                },
                {
                    "body": "Tres personas han muerto por un tiroteo en unas oficinas del servicio de mensajer\u00eda UPS en la ciudad de Birmingham, en el estado norteamericano de Alabama, seg\u00fan la Polic\u00eda local. Entre las v\u00edctimas figura el supuesto tirador, informa Ep.\n\nLa Polic\u00eda recibi\u00f3 las primeras llamadas de alerta en torno a las 9.20 (hora local). A su llegada a las oficinas de UPS en la zona de Inglenook, los agentes se encontraron en un almac\u00e9n con los tres cad\u00e1veres, \"uno de ellos obviamente el del tirador\", seg\u00fan el jefe de la Polic\u00eda de Birmingham, A.C. Roper.\n\nEl supuesto autor de los disparos \"aparentemente muri\u00f3 de una herida de disparo autoinfligida\", una hip\u00f3tesis que confirmar\u00eda el suicidio, informa una cadena local afiliada a FOX News.\n\nLas autoridades han comenzado a entrevistar a familiares, amigos y testigos para tratar de esclarecer lo ocurrido. Aunque no ha trascendido oficialmente la identidad de las v\u00edctimas, los medios locales apuntan que las dos personas abatidas por el tirador ser\u00edan empleados de UPS.\n\nLa empresa ha informado en un comunicado que est\u00e1 \"ofreciendo toda su cooperaci\u00f3n para verificar las circunstancias y el personal que hab\u00eda en las instalaciones\".",
                    "date": "2014-09-23",
                    "eventUri": "1364997",
                    "id": "20243546",
                    "isDuplicate": false,
                    "lang": "spa",
                    "sim": 0.7937,
                    "source": {
                        "title": "La Razon",
                        "uri": "www.larazon.es"
                    },
                    "time": "17:04:00",
                    "title": "Tres muertos por un tiroteo en un centro de mensajer\u00eda de Alabama",
                    "uri": "212937996",
                    "url": "http://www.larazon.es/detalle_normal/noticias/7447280/portada/tres-muertos-por-un-tiroteo-en-un-centro-de-mensajeria-de-alabama",
                    "wgt": 1
                },
                {
                    "body": "Los hechos han ocurrido en un centro de mensajer\u00eda - Entre las v\u00edctimas est\u00e1 el presunto tirador\n\nEP / Washington Tres personas han muerto por un tiroteo en unas oficinas del servicio de mensajer\u00eda UPS en la ciudad de Birmingham, en el estado norteamericano de Alabama, seg\u00fan la Polic\u00eda local. Entre las v\u00edctimas figura el supuesto tirador.\n\nLa Polic\u00eda recibi\u00f3 las primeras llamadas de alerta en torno a las 9.20 (hora local). A su llegada a las oficinas de UPS en la zona de Inglenook, los agentes se encontraron en un almac\u00e9n con los tres cad\u00e1veres, \"uno de ellos obviamente el del tirador\", seg\u00fan el jefe de la Polic\u00eda de Birmingham, A.C. Roper.\n\nEl supuesto autor de los disparos \"aparentemente muri\u00f3 de una herida de disparo autoinfligida\", una hip\u00f3tesis que confirmar\u00eda el suicidio, informa una cadena local afiliada a FOX News.\n\nLas autoridades han comenzado a entrevistar a familiares, amigos y testigos para tratar de esclarecer lo ocurrido. Aunque no ha trascendido oficialmente la identidad de las v\u00edctimas, los medios locales apuntan que las dos personas abatidas por el tirador ser\u00edan empleados de UPS.\n\nLa empresa ha informado en un comunicado que est\u00e1 \"ofreciendo toda su cooperaci\u00f3n para verificar las circunstancias y el personal que hab\u00eda en las instalaciones\".",
                    "date": "2014-09-23",
                    "eventUri": "1364997",
                    "id": "20262436",
                    "isDuplicate": false,
                    "lang": "spa",
                    "sim": 0.7793,
                    "source": {
                        "title": "www.lne.es",
                        "uri": "www.lne.es"
                    },
                    "time": "20:24:00",
                    "title": "Tres muertos en un tiroteo en Alabama",
                    "uri": "212982092",
                    "url": "http://www.lne.es/internacional/2014/09/23/tres-muertos-tiroteo-alabama/1646338.html?utm_medium=rss",
                    "wgt": 1
                },
                {
                    "body": "El sheriff de Birmingham dijo que el atacante aparentemente est\u00e1 muerto, noticia que m\u00e1s tarde se verific\u00f3.\n\nLas autoridades recibieron m\u00faltiples llamadas sobre un tirador activo a las 9:21am (hora local). Durante el ataque, muchos de los empleados lograron salir del edificio.\n\n\"Cuando la polic\u00eda entr\u00f3 al recinto, identificaron y localizaron tres cuerpos, uno de ellos el atacante y aparentemente muri\u00f3 al dispararse a s\u00ed mismo\", afirm\u00f3 el sheriff.\n\nSe cree que el tirador vest\u00eda el uniforme de UPS. Se presume que las otras v\u00edctimas son empleados de esa compa\u00f1\u00eda. Su identidad no ser\u00e1 revelada hasta que sus familiares sean notificados.\n\nNo hubo m\u00e1s heridos ni reportes de m\u00e1s tiroteos.",
                    "date": "2014-09-23",
                    "eventUri": "1364997",
                    "id": "20262450",
                    "isDuplicate": false,
                    "lang": "spa",
                    "sim": 0.4209,
                    "source": {
                        "title": "Cambio de Puebla",
                        "uri": "www.diariocambio.com.mx"
                    },
                    "time": "16:14:00",
                    "title": "Tres personas muertas tras tiroteo en Alabama",
                    "uri": "212982104",
                    "url": "http://www.diariocambio.com.mx/2014/secciones/internacional/item/169487-tres-personas-muertas-tras-tiroteo-en-alabama",
                    "wgt": 1
                }
            ]
        },
        "info": {
            "articleCount": 10,
            "averageDate": "2014-09-23",
            "avgCos": 0.5537,
            "categories": [],
            "customDate": false,
            "customLocation": false,
            "eventUri": "1364997",
            "extractedDate": "",
            "extractedDateEnd": "",
            "id": "1364997",
            "lang": "spa",
            "location": {
                "country": {
                    "labelEng": "United Kingdom",
                    "lat": 54.75844,
                    "long": -2.69531,
                    "wikiUri": "http://en.wikipedia.org/wiki/United_Kingdom"
                },
                "labelEng": "Birmingham",
                "lat": 52.48142,
                "long": -1.89983,
                "wikiUri": "http://en.wikipedia.org/wiki/Birmingham"
            },
            "storyDate": "2014-09-23",
            "storyDateEnd": "",
            "uri": "e7e700df-6a06-44ea-a4f3-f736278fc36b-269723",
            "variance": 0.1935
        }
    },
    "meta": {
        "CCAArticleMatchCount": 6,
        "CCAArticleMatchRatio": 0.09090909090909091,
        "CCAAvgCosSim": 0.7907416666666666,
        "CCAAvgMatchWgt": 28.5,
        "_articleUri1": "213183503",
        "_articleUri2": "212971475",
        "_datetime": "2015-02-19 17:45:02",
        "_ruleBasedShouldMerge": false,
        "_storyUri1": "850f305d-14db-4c75-b547-79470a557ea3-802066",
        "_storyUri2": "e7e700df-6a06-44ea-a4f3-f736278fc36b-269723",
        "_username": "Evgenia Belyaeva",
        "artCount1": 5,
        "artCount2": 10,
        "avgCosSimStory1": 0.5847,
        "avgCosSimStory2": 0.5537,
        "categorySim": 0,
        "conceptCosSim": 0,
        "conceptJaccardSim": 0,
        "coreTime1": 129118,
        "coreTime2": 129113.2333333333,
        "coreTimeStDev1": 7.991519115773129,
        "coreTimeStDev2": 1.467063156631227,
        "entityCosSim": 0,
        "entityJaccardSim": 0,
        "extractedDateJaccardSim": -1,
        "extractedDatesStory1": 0,
        "extractedDatesStory2": 0,
        "hasSameLocation": 0,
        "keywordCosSim": 0,
        "keywordJaccardSim": 0,
        "lang1": "eng",
        "lang2": "spa",
        "matchingDateCount": 0,
        "matchingDateRatio": 0,
        "ratioAnnotatedArticlesStory1": 1,
        "ratioAnnotatedArticlesStory2": 1,
        "shouldMerge": false,
        "storyQuality1": 12,
        "storyQuality2": 15,
        "timeAvg1": 129132.42,
        "timeAvg2": 129114.4133333333,
        "timeStDev1": 7.991519115773129,
        "timeStDev2": 1.591815874329472,
        "varianceStory1": 0.1581,
        "varianceStory2": 0.1935
    }
}