{
    "850f305d-14db-4c75-b547-79470a557ea3-922302": {
        "articles": {
            "resultCount": 18,
            "results": [
                {
                    "body": "FRANKFURT, Germany (AP) A spectator ran onto the pitch and hit Franck Ribery with a scarf in stoppage time of Bayern Munich's 3-1 victory at Hamburger SV in the second round of the German Cup on Wednesday.\n\nThe man ran the width of the field before hitting the French winger, who had secured victory for the cup holders. The intruder was caught by guards and escorted from the pitch.\n\n\"Fortunately, nothing much happened,\" a relaxed and smiling Ribery told German television after the match. \"It was a difficult situation, I didn't see him coming.\"\n\nRibery had been booed by Hamburg fans every time he touched the ball.\n\nBayern took advantage of a dreadful Hamburg mistake and a poor refereeing decision to take a two-goal lead before Ribery scored with a deflected shot in the second half.\n\n\"Our goal is to stay in this competition until the end,\" said Bayern captain Philipp Lahm, whose team next faces Borussia Dortmund in the Bundesliga.\n\nOther top Bundesliga teams also won, but 10-man Bayer Leverkusen only prevailed in a shootout over fourth-division Magdeburg, with goalkeeper Bernd Leno saving three penalties.\n\nBorussia Moenchengladbach won 2-1 at Eintracht Frankfurt, Hoffenheim beat second-division FSV Frankfurt 5-1 and Wolfsburg defeated second-division Heidenheim 4-1.\n\nFreiburg got a hat trick from Admir Mehmedi to beat second-tier 1860 Munich 5-2.\n\nRobert Lewandowski and David Alaba scored the first two goals for Bayern, while Pierre-Michel Lasogga netted a late consolation goal for Hamburg.\n\nThomas Mueller anticipated a horrible back pass from Heiko Westermann, picked up the ball and fed Lewandowski, whose first effort was cleared off the line by Johan Djourou. But the ball fell for Lewandowski, who drilled it inside the post in the seventh minute.\n\nMueller netted himself later but had the strike disallowed for offside before Alaba doubled the lead shortly before halftime.\n\nBayern was given a throw-in although the ball had bounced off Lahm. With Hamburg's players still out of position, Xabi Alonso got the ball from the throw-in and fed Alaba, who fired home from nearly 30 meters (yards).\n\nHamburg goalkeeper Jaroslav Drobny got his hands on the shot but couldn't keep it out, and Bayern had a comfortable lead despite creating few chances.\n\nRibery's shot from the edge of the box in the 55th minute deflected off Djourou, wrongfooting Drobny, and put the match beyond doubt. Drobny made a pair of late saves to keep the score respectable.\n\nIn Magdeburg, Leverkusen leveled for 2-2 five minutes from the end of extra time, after playing with 10 men from the 78th-minute following a red card for Son Heung-min.\n\nEmir Spahic and Stefan Kiessling missed penalties as Leverkusen fell a goal behind in the shootout, but Leno then produced three saves to give Leverkusen the victory.\n\nIn Frankfurt, Moenchengladbach's goals came from Thorgan Hazard and Ibrahima Traora as their team stretched its unbeaten run to 16 matches in all competitions, one short of the club record.",
                    "date": "2014-10-29",
                    "eventUri": "1613358",
                    "id": "23862316",
                    "isDuplicate": false,
                    "lang": "eng",
                    "sim": 0.8798,
                    "source": {
                        "title": "The New Zealand Herald",
                        "uri": "www.nzherald.co.nz"
                    },
                    "time": "23:05:00",
                    "title": "Bayern advances 3-1 over Hamburg in German Cup",
                    "uri": "222646777",
                    "url": "http://www.nzherald.co.nz/sport/news/article.cfm?c_id=4&objectid=11350592&ref=rss",
                    "wgt": 1
                },
                {
                    "body": "A spectator ran onto the pitch and hit Franck Ribery with a scarf in stoppage time of Bayern Munich's 3-1 victory at Hamburg in the second round of the German Cup on Wednesday.\n\nThe man ran the width of the field before hitting the French winger, who had secured victory for the cup holders. The intruder was caught by guards and escorted from the pitch.\n\n'Fortunately, nothing much happened,' a relaxed and smiling Ribery told German television after the match. 'It was a difficult situation, I didn't see him coming.'\n\nRibery had been booed by Hamburg fans every time he touched the ball.\n\nBayern took advantage of a dreadful Hamburg mistake and a poor refereeing decision to take a two-goal lead before Ribery scored with a deflected shot in the second half.\n\n'Our goal is to stay in this competition until the end,' said Bayern captain Philipp Lahm, whose team next faces Borussia Dortmund in the Bundesliga.\n\nAround the grounds in the German Cup:\n\nOther top Bundesliga teams also won, but 10-man Bayer Leverkusen only prevailed in a shootout over fourth-division Magdeburg, with goalkeeper Bernd Leno saving three penalties.\n\nBorussia Moenchengladbach won 2-1 at Eintracht Frankfurt, Hoffenheim beat second-division FSV Frankfurt 5-1 and Wolfsburg defeated second-division Heidenheim 4-1.\n\nFreiburg got a hat trick from Admir Mehmedi to beat second-tier 1860 Munich 5-2.\n\nRobert Lewandowski and David Alaba scored the first two goals for Bayern, while Pierre-Michel Lasogga netted a late consolation goal for Hamburg.\n\nThomas Muller anticipated a horrible back pass from Heiko Westermann, picked up the ball and fed Lewandowski, whose first effort was cleared off the line by Johan Djourou. But the ball fell for Lewandowski, who drilled it inside the post in the seventh minute.\n\nMuller netted himself later but had the strike disallowed for offside before Alaba doubled the lead shortly before halftime.\n\nBayern was given a throw-in although the ball had bounced off Lahm. With Hamburg's players still out of position, Xabi Alonso got the ball from the throw-in and fed Alaba, who fired home from nearly 30 meters (yards).\n\nHamburg goalkeeper Jaroslav Drobny got his hands on the shot but couldn't keep it out, and Bayern had a comfortable lead despite creating few chances.\n\nRibery's shot from the edge of the box in the 55th minute deflected off Djourou, wrongfooting Drobny, and put the match beyond doubt. Drobny made a pair of late saves to keep the score respectable.\n\nIn Magdeburg, Leverkusen leveled for 2-2 five minutes from the end of extra time, after playing with 10 men from the 78th-minute following a red card for Son Heung-min.\n\nEmir Spahic and Stefan Kiessling missed penalties as Leverkusen fell a goal behind in the shootout, but Leno then produced three saves to give Leverkusen the victory.",
                    "date": "2014-10-29",
                    "eventUri": "1613358",
                    "id": "23865863",
                    "isDuplicate": false,
                    "lang": "eng",
                    "sim": 0.8743,
                    "source": {
                        "title": "Mail Online",
                        "uri": "www.dailymail.co.uk"
                    },
                    "time": "23:48:00",
                    "title": "Franck Ribery hit in the face with pitch invader's scarf during Bayern Munich's German Cup victory at Hamburg",
                    "uri": "222655225",
                    "url": "http://www.dailymail.co.uk/sport/football/article-2813352/Franck-Ribery-hit-face-pitch-invader-s-scarf-Bayern-Munich-s-German-Cup-victory-Hamburg.html?ITO=1490&ns_mchannel=rss&ns_campaign=1490",
                    "wgt": 1
                },
                {
                    "body": "FRANKFURT, Germany -- A spectator ran onto the pitch and hit Franck Ribery with a scarf in stoppage time of Bayern Munich's 3-1 victory at Hamburger SV in the second round of the German Cup on Wednesday.\n\nThe man ran the width of the field before hitting the French winger, who had secured victory for the cup holders. The intruder was caught by guards and escorted from the pitch.\n\n\"Fortunately, nothing much happened,\" a relaxed and smiling Ribery told German television after the match. \"It was a difficult situation, I didn't see him coming.\"\n\nRibery had been booed by Hamburg fans every time he touched the ball.\n\nBayern took advantage of a dreadful Hamburg mistake and a poor refereeing decision to take a two-goal lead before Ribery scored with a deflected shot in the second half.\n\nOther top Bundesliga teams also won, but 10-man Bayer Leverkusen only prevailed in a shootout over fourth-division Magdeburg, with goalkeeper Bernd Leno saving three penalties.\n\nBorussia Moenchengladbach won 2-1 at Eintracht Frankfurt, Hoffenheim beat second-division FSV Frankfurt 5-1 and Wolfsburg defeated second-division Heidenheim 4-1.\n\nFreiburg got a hat trick from Admir Mehmedi to beat second-tier 1860 Munich 5-2.\n\nRobert Lewandowski and David Alaba scored the first two goals for Bayern, while Pierre-Michel Lasogga netted a late consolation goal for Hamburg.\n\nThomas Mueller anticipated a horrible back pass from Heiko Westermann, picked up the ball and fed Lewandowski, whose first effort was cleared off the line by Johan Djourou. But the ball fell for Lewandowski, who drilled it inside the post in the seventh minute.\n\nMueller netted himself later but had the strike disallowed for offside before Alaba doubled the lead shortly before halftime.\n\nBayern was given a throw-in although the ball had bounced off captain Philipp Lahm. With Hamburg's players still out of position, Xabi Alonso got the ball from the throw-in and fed Alaba, who fired home from nearly 30 meters (yards).\n\nHamburg goalkeeper Jaroslav Drobny got his hands on the shot but couldn't keep it out, and Bayern had a comfortable lead despite creating few chances.\n\nRibery's shot from the edge of the box in the 55th minute deflected off Djourou, wrongfooting Drobny, and put the match beyond doubt. Drobny made a pair of late saves to keep the score respectable.\n\nIn Magdeburg, Leverkusen leveled for 2-2 five minutes from the end of extra time, after playing with 10 men from the 78th-minute following a red card for Son Heung-min.\n\nEmir Spahic and Stefan Kiessling missed penalties as Leverkusen fell a goal behind in the shootout, but Leno then produced three saves to give Leverkusen the victory.",
                    "date": "2014-10-29",
                    "eventUri": "1613358",
                    "id": "23859632",
                    "isDuplicate": false,
                    "lang": "eng",
                    "sim": 0.8641,
                    "source": {
                        "title": "SanLuisObispo",
                        "uri": "www.sanluisobispo.com"
                    },
                    "time": "22:32:00",
                    "title": "Bayern advances 3-1 over Hamburg in German Cup",
                    "uri": "222639836",
                    "url": "http://www.sanluisobispo.com/2014/10/29/3321312/bayern-advances-3-1-over-hamburg.html#storylink%3Drss",
                    "wgt": 1
                },
                {
                    "body": "CONNECT 2 TWEETLINKEDINCOMMENTEMAILMORE\n\nFRANKFURT, Germany (AP) -- A spectator ran onto the pitch and hit Franck Ribery with a scarf in stoppage time of Bayern Munich's 3-1 victory at Hamburger SV in the second round of the German Cup on Wednesday.\n\nThe man ran the width of the field before hitting the French winger, who had secured victory for the cup holders. The intruder was caught by guards and escorted from the pitch.\n\n\"Fortunately, nothing much happened,\" a relaxed and smiling Ribery told German television after the match. \"It was a difficult situation, I didn't see him coming.\"\n\nRibery had been booed by Hamburg fans every time he touched the ball.\n\nBayern took advantage of a dreadful Hamburg mistake and a poor refereeing decision to take a two-goal lead before Ribery scored with a deflected shot in the second half.\n\nOther top Bundesliga teams also won, but 10-man Bayer Leverkusen only prevailed in a shootout over fourth-division Magdeburg, with goalkeeper Bernd Leno saving three penalties.\n\nBorussia Moenchengladbach won 2-1 at Eintracht Frankfurt, Hoffenheim beat second-division FSV Frankfurt 5-1 and Wolfsburg defeated second-division Heidenheim 4-1.\n\nFreiburg got a hat trick from Admir Mehmedi to beat second-tier 1860 Munich 5-2.\n\nRobert Lewandowski and David Alaba scored the first two goals for Bayern, while Pierre-Michel Lasogga netted a late consolation goal for Hamburg.\n\nThomas Mueller anticipated a horrible back pass from Heiko Westermann, picked up the ball and fed Lewandowski, whose first effort was cleared off the line by Johan Djourou. But the ball fell for Lewandowski, who drilled it inside the post in the seventh minute.\n\nMueller netted himself later but had the strike disallowed for offside before Alaba doubled the lead shortly before halftime.\n\nBayern was given a throw-in although the ball had bounced off captain Philipp Lahm. With Hamburg's players still out of position, Xabi Alonso got the ball from the throw-in and fed Alaba, who fired home from nearly 30 meters (yards).\n\nHamburg goalkeeper Jaroslav Drobny got his hands on the shot but couldn't keep it out, and Bayern had a comfortable lead despite creating few chances.\n\nRibery's shot from the edge of the box in the 55th minute deflected off Djourou, wrongfooting Drobny, and put the match beyond doubt. Drobny made a pair of late saves to keep the score respectable.\n\nIn Magdeburg, Leverkusen leveled for 2-2 five minutes from the end of extra time, after playing with 10 men from the 78th-minute following a red card for Son Heung-min.\n\nEmir Spahic and Stefan Kiessling missed penalties as Leverkusen fell a goal behind in the shootout, but Leno then produced three saves to give Leverkusen the victory.\n\nCONNECT 2 TWEETLINKEDINCOMMENTEMAILMORE\n\nCopyright 2014 The Associated Press. All rights reserved. This material may not be published, broadcast, rewritten or redistributed.",
                    "date": "2014-10-29",
                    "eventUri": "1613358",
                    "id": "23860948",
                    "isDuplicate": false,
                    "lang": "eng",
                    "sim": 0.8549,
                    "source": {
                        "title": "USA Today",
                        "uri": "www.usatoday.com"
                    },
                    "time": "22:47:00",
                    "title": "Bayern advances 3-1 over Hamburg in German Cup",
                    "uri": "222643307",
                    "url": "http://www.usatoday.com/story/sports/soccer/2014/10/29/bayern-advances-3-1-over-hamburg-in-german-cup/18138115/?utm_source=feedblitz&utm_medium=FeedBlitzRss&utm_campaign=usatodaycomsoccer-topstories",
                    "wgt": 1
                },
                {
                    "body": "FRANKFURT, Germany -- A spectator ran onto the pitch and hit Franck Ribery with a scarf in stoppage time of Bayern Munich's 3-1 victory at Hamburger SV in the second round of the German Cup on Wednesday.\n\nThe man ran the width of the field before hitting the French winger, who had secured victory for the cup holders. The intruder was caught by guards and escorted from the pitch.\n\n\"Fortunately, nothing much happened,\" a relaxed and smiling Ribery told German television after the match. \"It was a difficult situation, I didn't see him coming.\"\n\nRibery had been booed by Hamburg fans every time he touched the ball.\n\nBayern took advantage of a dreadful Hamburg mistake and a poor refereeing decision to take a two-goal lead before Ribery scored with a deflected shot in the second half.\n\nOther top Bundesliga teams also won, but 10-man Bayer Leverkusen only prevailed in a shootout over fourth-division Magdeburg, with goalkeeper Bernd Leno saving three penalties.\n\nBorussia Moenchengladbach won 2-1 at Eintracht Frankfurt, Hoffenheim beat second-division FSV Frankfurt 5-1 and Wolfsburg defeated second-division Heidenheim 4-1.\n\nThomas Mueller anticipated a horrible back pass from Heiko Westermann, picked up the ball and fed Lewandowski, whose first effort was cleared off the line by Johan Djourou. But the ball fell for Lewandowski, who drilled it inside the post in the seventh minute.\n\nMueller netted himself later but had the strike disallowed for offside before Alaba doubled the lead shortly before halftime.\n\nBayern was given a throw-in although the ball had bounced off captain Philipp Lahm. With Hamburg's players still out of position, Xabi Alonso got the ball from the throw-in and fed Alaba, who fired home from nearly 30 meters (yards).\n\nHamburg goalkeeper Jaroslav Drobny got his hands on the shot but couldn't keep it out, and Bayern had a comfortable lead despite creating few chances.\n\nRibery's shot from the edge of the box in the 55th minute deflected off Djourou, wrongfooting Drobny, and put the match beyond doubt. Drobny made a pair of late saves to keep the score respectable.\n\nIn Magdeburg, Leverkusen leveled for 2-2 five minutes from the end of extra time, after playing with 10 men from the 78th-minute following a red card for Son Heung-min.\n\nEmir Spahic and Stefan Kiessling missed penalties as Leverkusen fell a goal behind in the shootout, but Leno then produced three saves to give Leverkusen the victory.",
                    "date": "2014-10-29",
                    "eventUri": "1613358",
                    "id": "23859262",
                    "isDuplicate": false,
                    "lang": "eng",
                    "sim": 0.8335,
                    "source": {
                        "title": "Greenfield Daily Reporter",
                        "uri": "www.greenfieldreporter.com"
                    },
                    "time": "22:28:00",
                    "title": "Bayern advances 3-1 over Hamburg in German Cup",
                    "uri": "222639051",
                    "url": "http://www.greenfieldreporter.com/view/story/c4e401134c054cc7a9f1340cb83f832d/SOC--German-Cup",
                    "wgt": 1
                },
                {
                    "body": "A pitch invader gives FC Bayern Munich's Franck Ribery (7) 'the finger' during the German Cup (DFB Pokal) match between Bayern and Hamburger SV on Wednesday. Photograph: Fabian Bimmer/Reuters\n\nHolders Bayern Munich eased into the German Cup third round with a comfortable 3-1 win at Hamburg SV on Wednesday to continue their unbeaten domestic run as they prepare for Saturday's league clash against Borussia Dortmund.\n\nThe league leaders, who also take on Roma in the Champions League next week, got off to a dream start with forward Robert Lewandowski firing in on the rebound after a Heiko Westermann mistake had set up the hosts' lead in the seventh minute.\n\nBayern then struck just before the break after an earlier effort had been ruled off side.\n\nAustria international David Alaba found space outside the box and rifled in a long range effort that took keeper Jaroslav Drobny by surprise on the stroke of halftime.\n\nFranck Ribery, back in the starting lineup after a lengthy injury break, killed off any lingering comeback hopes from Hamburg, seeing his deflected shot beat Drobny in the 55th.\n\nRibery also had a close encounter with a Hamburg fan who stormed the pitch in stoppage time, slapping the Frenchman with a Hamburg scarf and making an obscene gesture.\n\n\"I did not see him coming but it's ok,\" said a smiling Ribery.\n\n\"It was important for me to play again after being injured. But it was more important for us to win and advance.\"\n\nHamburg managed a late consolation goal through Pierre-Michel Lasogga with a header at the far post after a deft chip from Raffael Van der Vaart.\n\nBayer Leverkusen's Hakan Calhanoglu celebrates after scoring. Photograph: Wolfgang Rattay/Reuters\n\nFellow Champions League club Bayer Leverkusen had a far more adventurous evening after needing penalties to edge past fourth division club Magdeburg 5-4.\n\nWhat had looked like an easy task with in-form Hakan Calhanoglu putting Leverkusen ahead after only three minutes, turned out to be a thriller with the hosts levelling and taking the lead in extra-time.\n\nLeverkusen, who had South Korean Son Heung-min sent off with a striaght red card for a foul, needed a 116th minute equaliser through Kyriakos Papadopoulos to take the game to penalties where they kept their cool with keeper Bernd Leno saving three penalties.\n\nIn an all-Bundesliga clash, Borussia Moenchengladbach beat Eintracht Frankfurt 2-1 while Hoffenheim crushed second tier FSV Frankfurt 5-1 with two goals from Brazilian Roberto Firmino.\n\nDortmund, last season's finalists, have already booked their spot in the next round after beating St Pauli 3-0 on Tuesday.\n\nBayern Munich will face second tier club Eintracht Braunschweig in the German Cup round of 16 and last season's finalists Borussia Dortmund take on third division club Dynamo Dresden, who eliminated Schalke 04 in the first round.\n\nBayern Leverkusen will host Kaiserlautern.\n\nAll matches will be played on March 3 and 4.",
                    "date": "2014-10-30",
                    "eventUri": "1613358",
                    "id": "23886984",
                    "isDuplicate": false,
                    "lang": "eng",
                    "sim": 0.7737,
                    "source": {
                        "title": "Rediff",
                        "uri": "www.rediff.com"
                    },
                    "time": "05:19:00",
                    "title": "German Cup: Ribery slapped by Hamburg fan in Bayern win",
                    "uri": "222705565",
                    "url": "http://www.rediff.com/sports/report/german-cup-ribery-slapped-by-hamburg-fan-in-bayern-win/20141030.htm",
                    "wgt": 1
                },
                {
                    "body": "BERLIN (Reuters) - Holders Bayern Munich eased into the German Cup third round with a comfortable 3-1 win at Hamburg SV on Wednesday to continue their unbeaten domestic run as they prepare for Saturday's league clash against Borussia Dortmund.\n\nThe league leaders, who also take on Roma in the Champions League next week, got off to a dream start with forward Robert Lewandowski firing in on the rebound after a Heiko Westermann mistake had set up the hosts' lead in the seventh minute.\n\nBayern, undefeated in the league as well as the Champions League so far, then struck just before the break after an earlier effort had been ruled off side.\n\nAustria international David Alaba found space outside the box and rifled in a long range effort that took keeper Jaroslav Drobny by surprise on the stroke of halftime.\n\nFranck Ribery, back in the starting lineup after a lengthy injury break, killed off any lingering comeback hopes from Hamburg, seeing his deflected shot beat Drobny in the 55th.\n\nRibery also had a close encounter with a Hamburg fan who stormed the pitch in stoppage time, slapping the Frenchman with a Hamburg scarf and making an obscene gesture.\n\n\"I did not see him coming but it's ok,\" said a smiling Ribery. \"It was important for me to play again after being injured. But it was more important for us to win and advance.\"\n\nHamburg managed a late consolation goal through Pierre-Michel Lasogga with a header at the far post after a deft chip from Raffael Van der Vaart.\n\nFellow Champions League club Bayer Leverkusen had a far more adventurous evening after needing penalties to edge past fourth division club Magdeburg 5-4.\n\nWhat had looked like an easy task with in-form Hakan Calhanoglu putting Leverkusen ahead after only three minutes, turned out to be a thriller with the hosts levelling and taking the lead in extra time.\n\nLeverkusen, who had South Korean Son Heung-min sent off with a striaght red card for a foul, needed a 116th minute equaliser through Kyriakos Papadopoulos to take the game to penalties where they kept their cool with keeper Bernd Leno saving three penalties.\n\nIn an all-Bundesliga clash, Borussia Moenchengladbach beat Eintracht Frankfurt 2-1 while Hoffenheim crushed second tier FSV Frankfurt 5-1 with two goals from Brazilian Roberto Firmino.\n\nDortmund, last season's finalists, have already booked their spot in the next round after beating St Pauli 3-0 on Tuesday.\n\n(Reporting by Karolos Grohmann, editing by Pritha Sarkar)",
                    "date": "2014-10-29",
                    "eventUri": "1613358",
                    "id": "23859739",
                    "isDuplicate": false,
                    "lang": "eng",
                    "sim": 0.7374,
                    "source": {
                        "title": "News",
                        "uri": "www.sbs.com.au"
                    },
                    "time": "22:33:00",
                    "title": "Bayern cruise past Hamburg into German Cup third round",
                    "uri": "222640261",
                    "url": "http://www.sbs.com.au/news/article/2014/10/30/bayern-cruise-past-hamburg-german-cup-third-round",
                    "wgt": 1
                },
                {
                    "body": "Bayern Munich cruised into the third round of the DFB-Pokal on Wednesday night with a 3-1 win over Hamburg, but Bayer Leverkusen were made to sweat before joining them in the last 16.\n\nSky Bet Loading Market ... Football Betting Bet \u00a35 Get \u00a320 Free\n\nBayern made light work of their rivals from the north with Robert Lewandowski, David Alaba and Franck Ribery on target with Pierre-Michel Lasogga grabbing a late consolation.\n\nBy that time, Pep Guardiola's men were already taking things easily and saving energy for their Bundesliga clash with Borussia Dortmund on Saturday, safe in the knowledge their passage was not in any doubt.\n\nLeverkusen had no such security until the very last penalty kick of their dramatic tie at fourth-division Magdeburg.\n\nIt did not look like it would be such a difficult evening for Roger Schmidt's men when Hakan Calhanoglu put them in front with a free-kick, but Christoph Siefkes brought the hosts level with Bernd Leno letting his shot slip through his hands.\n\nThe woodwork was struck at both ends in normal time and Leverkusen were reduced to 10 men with Heung-Min Son sent off.\n\nNiklas Brandt gave Magdeburg the lead in extra-time with a goal he will remember for the rest of his life, a sweet strike from 20 yards, but Kyriakos Papadopoulos headed Leverkusen level.\n\nEmir Spahic and Stefan Kiessling both saw their penalties saved, giving Magdeburg two chances to win the tie, but Leno made amends for his earlier mistake by saving the last two penalties.\n\nHe then saved a third after Levin Oztunali scored as Leverkusen made it through.\n\nAll the other results on Wednesday night went the way of the Bundesliga sides with Hoffenheim triumphing 5-1 over FSV Frankfurt and Wolfsburg defeating Heidenheim.\n\nFreiburg won 5-2 at 1860 Munich and Borussia Monchengladbach got the better of Eintracht Frankfurt in the only other all-Bundesliga tie.\n\nElsewhere, RB Leipzig defeated Erzgebirge Aue after extra-time and Eintracht Braunschweig won at Wurzburger Kickers.",
                    "date": "2014-10-29",
                    "eventUri": "1613358",
                    "id": "23863174",
                    "isDuplicate": false,
                    "lang": "eng",
                    "sim": 0.7071,
                    "source": {
                        "title": "SkySports",
                        "uri": "www1.skysports.com"
                    },
                    "time": "23:14:00",
                    "title": "Bayern cruise, Leverkusen escape",
                    "uri": "222648535",
                    "url": "http://www1.skysports.com/football/news/11881/9540511/dfb-pokal-bayern-munich-ease-past-hamburg-bayer-leverkusen-survive-scare",
                    "wgt": 1
                },
                {
                    "body": "Bayern Munich cruised into the third round of the German DFB-Pokal on Wednesday night with a 3-1 win over Hamburg.\n\nLeverkusen avoided a disgrace against fourth division side Magdeburg on penalties while Bayern eliminated Hamburg 3-0 and Monchengladbach stopped Frankfurt in the German Cup on Wednesday.\n\nGoalkeeper Bernd Leno denied three penalties at the penalty shoot-out to secure the round of the last sixteen for ten-man Leverkusen.\n\nLeverkusen secured a perfect start on the road with just three minutes into the game as Hakan Calhanoglu scored the opener with a dead ball goal from 30 meters.\n\nIt was a short-lived joy by the top-flight club as Magdeburg fought back at the 28th minute. Christoph Siefkes utilized a fast break to restore parity from 13 meters following a turnover by Kyriakos Papadopoulos.\n\nThe equalizer threw the \"Werkself\" off track meanwhile Magdeburg focused on counter attacks. Despite ball possession Leverkusen lacked in ideas to overcome Magdeburg's well- positioned defense.\n\nLeverkusen became desperate when Heung Min Son was sent off with a straight red card, for a violent conduct, at the 78th minute. Despite being ten men the visitors rattled the woodwork just before the overtime through Papadopoulos's header.\n\nHowever, Magdeburg took the 2-1 lead at the 111th minute following a hammer from 20 meters into the top left corner by Niklas Brandt. The surprise was within Magdeburg's reach but Papadopoulos equalized the scores only five minutes later to force the fourth division team into a dramatic penalty shoot out, in which goalkeeper Bernd Leno saved three penalties to turn the tides.\n\nBayern Munich marches with a 3-1 victory over Hamburg into the last sixteen. The defending champions smoothed the way for the win with two first-half goals. Robert Lewandowski capitalized on a moment of madness by Hamburg defender Heiko Westermann to break the deadlock with a follow up shot at the 7th minute.\n\nDavid Alaba doubled the lead for the \"Bavarians\" with a left footed hammer from 30 meters into the top left corner.\n\nHamburg were unable to stop Bayern as Franck Ribery put the game beyond doubt at the 55th minute before Hamburg reduced the lead to 3-1 out of the blue through Pierre Michel Lasogga with five minutes remaining.\n\nEintracht Frankfurt crash out of the German Cup as Monchengladbach edged the \"Eagles\" 2-1.\n\nMonchengladbach's Thorgan Hazard put his side up front at the 17th minute before Ibrahima Traore made it 2-0 on the scoreboards. Frankfurt reduced the arrears as Vaclav Kadlec slotted home from sharp angle with one minute remaining. However, Frankfurt's comeback started too late.\n\nElsewhere, 1860 Munich lost 5-2 to Freiburg by courtesy of Admir Mehmedi's second-half hat trick, Hoffenheim rout FSV Frankfurt 5-1, Wolfsburg crushed Heidenheim 4-1, Leipzig overpowered Aue 3-1 in overtime and Braunschweig edged Wuerzburg 1- 0.",
                    "date": "2014-10-30",
                    "eventUri": "1613358",
                    "id": "23874578",
                    "isDuplicate": false,
                    "lang": "eng",
                    "sim": 0.6947,
                    "source": {
                        "title": "China Internet Information Center",
                        "uri": "www.china.org.cn"
                    },
                    "time": "01:50:00",
                    "title": "Bayern cruise in cup, Leverkusen escape on penalties",
                    "uri": "222675565",
                    "url": "http://www.china.org.cn/sports/2014-10/30/content_33914302.htm",
                    "wgt": 1
                },
                {
                    "body": "Bayer Leverkusen were given an almighty scare before coming through their DFB Pokal second round tie 5-4 on penalties.\n\nLeverkusen, who sit fourth in the Bundesliga, looked set for a routine victory over Regionalliga side Magdeburg when Hakan Calhanoglu put them in front with a free-kick after just three minutes at the MDCC-Arena on Wednesday but the home team had other ideas.\n\nThe fourth-tier side drew level courtesy of former Leverkusen midfielder Christoph Siefkes' strike 28 minutes in and the hosts must have fancied their chances of a major upset when Leverkusen striker Son Heung-Min was shown a straight red card in the 78th minute.\n\nMagdeburg, conquerors of Bundesliga outfit Augsburg in the first round, then went 2-1 up with nine minutes of extra-time remaining when Niklas Brandt found the back of the net but Kyriakos Papadopoulos headed home with five minutes remaining to force a shootout.\n\nA shock looked to be on the cards again when Emir Spahic missed Leverkusen's first spot-kick and after Stefan Kiessling also failed to convert from 12 yards, Magdeburg needed to score just one of their last two penalties.\n\nHowever, Brandt and Nicolas Hebisch both failed to hold their nerve and after the Bundesliga side turned it around to lead 5-4, Lars Fuchs was denied by Leverkusen goalkeeper Bernd Leno to leave the hosts wondering what might have been.\n\nHolders Bayern Munich had no such trouble as they eased to a comprehensive 3-1 victory over Hamburg.\n\nThe Bundesliga champions were never under any threat at the Imtech Arena as goals from Robert Lewandowski, David Alaba and Franck Ribery, making his first start of the season, inflicted more misery on Josef Zinnbauer's side.\n\nHome goalkeeper Jaroslav Drobny had to be alert to deny Ribery a spectacular second with 17 minutes remaining and although Pierre-Michel Lasogga pulled a goal back five minutes from time, the damage had already been done.\n\nHamburg could find themselves in hot water after a fan ran onto the pitch and swung his scarf in Ribery's face in stoppage time.\n\nFreiburg are without a win in the Bundesliga but did not resemble a struggling side as Admir Mehmedi inspired their 5-2 hammering of Bundesliga 2 outfit 1860 Munchen.\n\nSwitzerland international Mehmedi helped himself to a hat-trick, while Sebastian Freis and Jonathan Schmid were also on target after Valdet Rama had put the home side in front.\n\nBorussia Monchengladbach's impressive start to the season continued as they won 2-1 in an all-Bundesliga tie at Eintracht Frankfurt, with Thorgan Hazard and Ibrahima Traore doing the damage.\n\nRoberto Firmino scored twice as Hoffenheim cruised to a 5-1 home victory over FSV Frankfurt, while Luiz Gustavo also claimed a double in Wolfsburg's 4-1 win against Heidenheim at the Volkswagen Arena.\n\nRB Leipzig ran out 3-1 winners after extra-time against fellow side Bundesliga 2 club Erzgebirge Aue and Eintracht Braunschweig avoided an upset by winning 1-0 at Regionalliga outfit Wurzburger Kickers.",
                    "date": "2014-10-29",
                    "eventUri": "1613358",
                    "id": "23866216",
                    "isDuplicate": false,
                    "lang": "eng",
                    "sim": 0.6652,
                    "source": {
                        "title": "www.soccerway.com",
                        "uri": "www.soccerway.com"
                    },
                    "time": "23:53:00",
                    "title": "DFB Pokal Review: Leverkusen edge through on penalties, Bayern march on",
                    "uri": "222656152",
                    "url": "http://www.soccerway.com/news/2014/October/30/dfb-pokal-review-leverkusen-edge-through-on-penalties-bayern-march-on/",
                    "wgt": 1
                },
                {
                    "body": "Franck Ribery was hit in the face with a scarf by a spectator as holders Bayern Munich beat Hamburg 3-1 to reach the last 16 of the German Cup.\n\nThe midfielder, back after a long injury layoff, scored Bayern's third before a fan ran on to the pitch and confronted him.\n\n\"Fortunately, nothing much happened,'' Ribery told German television.\n\nRobert Lewandowski and David Alaba also scored for Bayern. Pierre-Michel Lasogga headed in a late consolation.\n\nBundesliga leaders Bayern are unbeaten in the league and Champions League this season, and they took an early lead in this game when forward Lewandowski fired in a rebound after an error by Hamburg defender Heiko Westermann.\n\nAlaba's long-distance shot on the stroke of half-time caught out home goalkeeper Jaroslav Drobny to put Pep Guardiola's side in control.\n\nRibery, back after a long injury layoff, wrapped up the win with a deflected strike.\n\nBayern play Borussia Dortmund in the Bundesliga this weekend, before facing Roma in the Champions League next week.",
                    "date": "2014-10-29",
                    "eventUri": "1613358",
                    "id": "23864916",
                    "isDuplicate": false,
                    "lang": "eng",
                    "sim": 0.6295,
                    "source": {
                        "title": "BBC",
                        "uri": "www.bbc.co.uk"
                    },
                    "time": "23:37:00",
                    "title": "Franck Ribery hit by scarf as Bayern Munich win in German Cup",
                    "uri": "222652968",
                    "url": "http://www.bbc.co.uk/sport/0/football/29827942",
                    "wgt": 1
                },
                {
                    "body": "While Leverkusen flirted with disaster, and Hamburg and Eintracht Frankfurt were eliminated at the hands of fellow Bundesliga sides, there were no true upsets in the second day of the German Cup's second round.\n\nThree minutes into Bayer Leverkusen's German Cup away match against fourth-league side Magdeburg, Hakan Calhanoglu put the Champions League contenders ahead against what is normally a blip on the German football landscape. It was the beginning of a long night for Magdeburg, but not the kind that anyone had envisioned.\n\nFollowing Calhanoglu's goal, Leverkusen were shown up by the underdogs from Magdeburg for the better part of two hours. The equalizer came from Christoph Siefkes in the 28th minute, and the match remained tied at 1-1 until the end of regular time. In the meantime, Leverkusen's Heung-Min Son didn't do his team any favors by getting sent off in the 78th minute.\n\nMagdeburg took the lead briefly in the 111th minute on a goal from Niklas Brandt to the elation of the home crowd. Leverkusen, finally remembering that they were in contention for the Champions League, equalized five minute later on a header from Kyriakos Papadopoulos, and the teams headed to penalties a few minutes later.\n\nLeno saves Leverkusen\n\nJan Glinker, Magdeburg's keeper, started the penalty round on the right foot by blocking Leverkusen's first offering from Emir Spahic. Magdeburg held the advantage and were twice in a position to decide the game, but Leverkusen keeper Bernd Leno kept his nerves against Nicolas Hebisch and Brandt. After five rounds, the tally was 3-3.\n\nAfter a goal from each side, Leverkusen's Tin Jedvaj gave the guests a goal advantage, and it was Leno who secured the nail-biting win for Leverkusen by saving Magdeburg's final penalty attempt from Lars Fuchs. The final score was 5-4 after penalties for Leverkusen.\n\n\"We don't have to be ashamed of this win,\" Leverkusensporting director Rudi V\u00f6ller said. \"After the red card, we made it through by playing with a lot of heart. You always want to score an early goal, but this time it didn't really help us.\"\n\nLeipzig score late to beat Aue\n\nLeverkusen and Magdeburg weren't the only teams to take their match into extra time. RB Leipzig hosted Erzgebirge Aue in a derby match between two second-league sides and took a full 120 minutes to decide the contest.\n\nLeipzig went down 1-0 after 20 minutes on an own-goal from Lukas Klostermann. Aue looked as if they would give the hosts their first home loss of the season, but Leipzig found a prayer in the 90th minute in Yussuf Poulson, who equalized and sent the game to extra time.\n\nThe extra 30 was exactly what Leipzig needed: Goals on either side of the break from Dominik Kaiser and Terrance Boyd wrapped up the match for Leipzig 3-1.\n\nRounding out the early matches on Wednesday, Freiburg came back from an early deficit to demolish second-league side 1860 Munich 5-2, and Braunschweig from the second league scored once the second half to end the German Cup for the W\u00fcrzburg Kickers.\n\nHamburg and Eintracht sent packing\n\nThe late games on Wednesday featured clashes between top-flight teams, meaning someone from the Bundesliga was going to be eliminated.\n\nHamburg stood the least chance despite the home field advantage against Bayern Munich. The guests under Pep Guardiola surprised no one by beating Hamburg 3-1 on goals from Robert Lewandowski, David Alaba and Franck Ribery.\n\nEintracht Frankfurt found the back of the net to late in the game to make any difference against Borussia M\u00f6nchengladbach, who had a 2-0 lead going into the 89th minute when substitute Vaclav Kadlec pulled one back for the hosts.\n\nHoffenheim mopped the floor with the second league's FSV Frankfurt, and Wolfsburg's win over second division Heidenheim was nearly as lopsided. Luiz Gustavo scored two on the way to the Wolves 4-1 win.",
                    "date": "2014-10-29",
                    "eventUri": "1613358",
                    "id": "23859776",
                    "isDuplicate": false,
                    "lang": "eng",
                    "sim": 0.6282,
                    "source": {
                        "title": "DW.DE",
                        "uri": "www.dw.de"
                    },
                    "time": "22:34:00",
                    "title": "German Cup: 4th league Magdeburg take Leverkusen to the brink, Bayern beat Hamburg",
                    "uri": "222640420",
                    "url": "http://www.dw.de/german-cup-4th-league-magdeburg-take-leverkusen-to-the-brink-bayern-beat-hamburg/a-18029106?maca=en-rss-en-all-1573-rdf",
                    "wgt": 1
                },
                {
                    "body": "FRANKFURT, Germany -- A spectator ran onto the pitch and hit Franck Ribery with a scarf in stoppage time of Bayern Munich's 3-1 victory at Hamburger SV in the second round of the German Cup on Wednesday.\n\nThe man ran the width of the field before hitting the French winger, who had secured victory for the cup holders.\n\nThe intruder was caught by guards and escorted from the pitch.\n\nBayern took advantage of a dreadful Hamburg mistake and a poor refereeing decision to take a two-goal lead before Ribery scored with a deflected shot in the second half.\n\nOther top Bundesliga teams also won, but Bayer Leverkusen only prevailed in a shootout over fourth-division Magdeburg, with goalkeeper Bernd Leno saving three penalties.",
                    "date": "2014-10-29",
                    "eventUri": "1613358",
                    "id": "23856803",
                    "isDuplicate": false,
                    "lang": "eng",
                    "sim": 0.6238,
                    "source": {
                        "title": "heraldonline",
                        "uri": "www.heraldonline.com"
                    },
                    "time": "21:59:00",
                    "title": "Bayern advances 3-1 over Hamburg in German Cup",
                    "uri": "222632724",
                    "url": "http://www.heraldonline.com/2014/10/29/6472089/bayern-advances-3-1-over-hamburg.html#storylink%3Drss",
                    "wgt": 1
                },
                {
                    "body": "They played with 10 men from the 78th-minute following a red card to Son Heung-min.\n\nLeverkusen started the game on a good note as Hakan Calhanoglu scored the opener with a free-kick from 30 meters.\n\nIt was a short-lived joy for the topflight club as hosts Magdeburg fought back in the 28th minute. Christoph Siefkes utilised a fast break to restore parity.\n\nLeverkusen went off-track when Son Heung-min was sent off with a straight red card, for violent conduct in the 78th minute.\n\nMagdeburg took a 2-1 lead in the 111th minute through Niklas Brandt's powerful shot from 20 metres.\n\nPapadopoulos equalised five minutes later to force the fourth division team into a dramatic penalty shoot out, where goalkeeper Leno saved three penalties to turn the tide in Leverkusen's favour.\n\nBayern Munich marched ahead with a 3-1 victory over Hamburg into the last 16.\n\nThe defending champions scored two first-half goals on their way to a comfortable win. Robert Lewandowski opened the scoring in the 7th minute. David Alaba doubled the lead with a left-footed shot from 30 meters into the top left corner of the net.\n\nFranck Ribery put the game beyond doubt in the 55th minute before Hamburg reduced the lead through Pierre Michel Lasogga, with five minutes remaining.\n\nEintracht Frankfurt crashed out of the competition, beaten 1-2 by Borussia Monchengladbach.\n\nMonchengladbach's Thorgan Hazard put his side ahead in the 17th minute before Ibrahima Traore made it 2-0.\n\nFrankfurt reduced the margin as Vaclav Kadlec slotted home from a sharp angle, with one minute remaining.\n\nElsewhere, 1860 Munich lost 2-5 to Freiburg, courtesy of Admir Mehmedi's second-half hat-trick, Hoffenheim routed FSV Frankfurt 5-1, Wolfsburg crushed Heidenheim 4-1, Leipzig overpowered Aue 3-1 and Braunschweig edged past Wuerzburg 1-0.",
                    "date": "2014-10-30",
                    "eventUri": "1613358",
                    "id": "23896006",
                    "isDuplicate": false,
                    "lang": "eng",
                    "sim": 0.6236,
                    "source": {
                        "title": "Sify",
                        "uri": "www.sify.com"
                    },
                    "time": "07:42:00",
                    "title": "Bayern, Leverkusen advance; Frankfurt out of German Cup",
                    "uri": "222730000",
                    "url": "http://www.sify.com/news/bayern-leverkusen-advance-frankfurt-out-of-german-cup-news-others-ok4nancfafjjb.html",
                    "wgt": 1
                },
                {
                    "body": "BERLIN: Holders Bayern Munich eased into the last 16 of the German Cup on Wednesday (Oct 29) with a 3-1 second-round win away to Hamburg.\n\nRobert Lewandowski put Pep Guardiola's side ahead following some desperate defending before Austrian international David Alaba doubled their advantage from long range late in the first half.\n\nFranck Ribery marked his first start of the season after injury by finding the net with a deflected shot early in the second period, and the Frenchman was then struck in the face with the scarf of a spectator who invaded the pitch, before Pierre-Michel Lasogga got a late consolation for the hosts.\n\nElsewhere, Freiburg, Hoffenheim and Wolfsburg all beat lower-league opposition, while Borussia Moenchengladbach, who are second in the Bundesliga, won 2-1 at Eintracht Frankfurt.\n\nBayer Leverkusen needed penalties to win at regional league side Magdeburg, but it could have been worse for Roger Schmidt's side. They took an early lead through Hakan Calhanoglu but were pegged back and fell behind after having South Korean star Heung-Min Son sent off.\n\nHowever, Kyriakos Papadopoulos equalised before the top-flight side eventually progressed in a shoot-out.\n\nHertha Berlin and Hanover succumbed to lower-league opponents on Tuesday, but Borussia Dortmund advanced to the last 16 along with Werder Bremen and Cologne.",
                    "date": "2014-10-30",
                    "eventUri": "1613358",
                    "id": "23867817",
                    "isDuplicate": false,
                    "lang": "eng",
                    "sim": 0.6127,
                    "source": {
                        "title": "Channel NewsAsia",
                        "uri": "www.channelnewsasia.com"
                    },
                    "time": "00:13:00",
                    "title": "Football: Bayern ease through in German Cup",
                    "uri": "222659724",
                    "url": "http://www.channelnewsasia.com/news/sport/football-bayern-ease/1442666.html",
                    "wgt": 1
                },
                {
                    "body": "BERLIN, Germany (AFP) -- Leaders Bayern Munich dropped their first Bundesliga points for over a month after being held to a goalless draw at second-placed Borussia Moenchengladbach in yesterday's high-tempo clash.\n\nGladbach threatened to inflict a first defeat of the season on Pep Guardiola's Bavarians despite less than 30 per cent possession, counter-attacking relentlessly.\n\nThe hosts' tactics were to soak up Bayern's pressure and hit the league leaders on the counter in an intense game and it nearly paid off.\n\nBayern goalkeeper Manuel Neuer had a busy night to deny Gladbach forwards Raffael, Max Kruse and Patrick Herrmann, while at the other end Munich's David Alaba hit the post in the first-half.\n\nPoland striker Robert Lewandowski also fired wide for Bayern while replacement Claudio Pizarro squandered a chance in the dying stages.\n\nBayern drew for only the third time this season after six consecutive wins -- including Tuesday's stunning 7-1 thrashing of Roma in the Champions League -- but stay four points clear of second-placed Gladbach.\n\nEarlier, VfL Wolfsburg moved up to third after inflicting Mainz's first defeat of the season on their guests with a 3-0 win.\n\nGoals by Naldo, Ivan Perisic and Daniel Caliguri gave the hosts the three points.\n\nWolfsburg -- for whom Belgian playmaker Kevin de Bruyne was outstanding -- took the lead when Brazilian defender Naldo headed home from a corner after only 15 minutes.\n\nMainz's goalkeeper Loris Karius denied De Bruyne when he pushed the former Chelsea midfielder's fierce strike over the bar on 58 minutes, but Wolves' second goal came from the resulting corner.\n\nNaldo was again left unmarked in the area and he headed on for Croatian international Perisic to guide his header past Karius from close range.\n\nCaliguri made sure of the win on 87 minutes when he tapped home a cross by Belgium Under-21 international Junior Malanda.\n\n\"You could see that we were really on top of things. Mainz started strongly, but we showed our potential,\" enthused Wolves' coach Dieter Hecking.\n\n\"The way we played, Mainz couldn't take anything off us and they were really a class below us.\"\n\nOn Saturday, Borussia Dortmund's horror run of domestic league results continued as a 1-0 defeat -- their fourth successive loss -- by Hanover 96 left them 15th and just a point above the relegation places.\n\nThey have the daunting task of facing Bayern next Saturday in Munich.\n\nDortmund's terrible domestic form is in stark contrast to their Champions League campaign, where they top their group with three straight wins after Wednesday's impressive 4-0 victory at Galatasaray.\n\nIn a bid to bring their European form to the Bundesliga, Dortmund even had special permission to face Hanover in their Champions League strip, but to no avail.\n\nRoberto di Matteo failed to pick up his third straight win as Schalke 04 coach on Saturday evening as the Royal Blues lost 1-0 at ten-man Bayer Leverkusen in the battle between two of Germany's Champions League sides.\n\nTurkey midfielder Hakan Calhanoglu settled the matter with a superbly-struck free-kick on 53 minutes although the hosts suffered a blow with the loss of German international midfielder Stefan Reinartz for three months after fracturing an eye socket.\n\nBottom side Werder Bremen sacked coach Robin Dutt on Saturday, less than 24 hours after his side's 1-0 defeat at home to Cologne.\n\nThe 49-year-old is the third Bundesliga coach casualty this season after Mirko Slomka (from Hamburg) and Jens Keller (Schalke 04).\n\nBremen's Under-23 coach Viktor Skripnik has been appointed as caretaker coach, with ex-Germany midfielder Torsten Frings during the search for Dutt's successor.",
                    "date": "2014-10-27",
                    "eventUri": "1613358",
                    "id": "23574902",
                    "isDuplicate": false,
                    "lang": "eng",
                    "sim": 0.4274,
                    "source": {
                        "title": "Jamaica Observer",
                        "uri": "www.jamaicaobserver.com"
                    },
                    "time": "20:31:00",
                    "title": "Leaders Bayern drop points in goal-less draw with 'Gladbach'",
                    "uri": "221882078",
                    "url": "http://www.jamaicaobserver.com/sport/Leaders-Bayern-drop-points-in-goal-less-draw-with--Gladbach-_17809326",
                    "wgt": 1
                },
                {
                    "body": "They may not be genuine title contenders but Borussia M\u00f6nchengladbach came closest to anyone this season to defeating Pep Guardiola's side\n\nA 0-0 draw at home perhaps wasn't the strongest possible endorsement of Borussia M\u00f6nchengladbach's new role as Bayern hunters in chief but in the red empire that is the Bundesliga, one is grateful for every small sign of a rebellion making a stand. By general consensus, the well-drilled Foals came closer than any team, anywhere, to administering a first defeat on Pep Guardiola and co this season in the Borussia Park on Sunday. Manuel Neuer needed to be at his best to stop a couple of lightening-quick counterattacks, one of which resulted in a shot by Andr\u00e9 Hahn that had the winger convinced the ball was going in. \"The octopus\" (Spiegel) in the Bayern goal dived down and struck out his left hand to palm it away. \"Without Neuer, Bayern would have conceded one or two,\" said Borussia midfielder Christoph Kramer.\n\nThe visitors were thwarted by the equally splendid Yann Sommer and also could have won the match on another day. It said much about the level of Borussia's resistance that Philipp Lahm later thought that a draw, was a respectable outcome. \"We can live with a point against the second-placed team,\" said the captain. Guardiola, too, expressed \"pride\" in his side negotiating their toughest match of the campaign thus far without suffering any damage. (During the match the Catalan had not been quite so calm, with the fourth official Bibiana Steinhaus bearing the brunt of his anger)\n\nWhile the subsequent attempt to paint Gladbach as genuine title contenders felt a little forced - \"We accept our position,\" coach Lucien Favre replied with a smile after some aggressive questioning - the game did feel as if it had wider significance. Not so much for Bayern, whose successful defence of the title will be solely down to Guardiola's motivational powers and knack for clever rotating but certainly for Gladbach, a club inching ever forward towards former glory days. Ever since Favre took over in 2011 to save the team from the drop and lead them to a sensational fourth-placed finish the following season, the side have become the latest poster-boys for the joys of organic growth, German-style. The recipe is simple, finding the right ingredients less so. Take one tactically astute manager, add half a dozen of slighty-ahead-of-the-curve signings like Sommer, Hahn, Kramer and Max Kruse, bulk up the squad just enough to deal with the odd high-profile defection (Dante, Marco Reus) and sprinkle everything with fantastic support and strong sense of togetherness. Voil\u00e0.\n\nThe title will be beyond them but finishing in the Champions League places would mark the next milestone on their long journey back to greatness. Sunday's draw against \"the best team in the world\" (Hahn) served as a huge confidence booster. Gladbach's transfer dealings were also validated yet again. Favre was able to rotate five players from the starting line-up against Limassol (4-0 home win) in the Europe League without any ill-effects. The Foals are in no mood to belittle that competition. This is only their second taste of international football since 1997.\n\nTheir valiant performance on Sunday should serve as a final warning, if one was still needed, that the Bundesliga elite will have make room for another team at the top. Getting into Europe's top competition again will prove a lot more difficult for Leverkusen (5th), Schalke (11th) and Dortmund (15th) after their slow - and in the latter's case disastrous - starts to the season. Third-placed Hoffenheim (1-0 v Paderborn) and VfL Wolfsburg (3-0 over Mainz) look also poised to take advantage of the big boys' weakness. Favre won't mind if someone else takes over the (extremely flimsy) mantle as Bayern's challengers over the coming weeks. The Swiss mastermind would probably prefer it if Borussia could make well-timed, late challenge from the \"depths of space\" (as the saying in Germany goes), like the mythical long-haired Gladbach midfielder G\u00fcnter Netzer in the 70s, to achieve their goals. The Bayern stalemate showed, however, that his side's brilliance has become too pronounced to be hidden in the shadows any longer.\n\n* In the ABC of Bundesliga coaching, \"P\" stands for \"Pretending to have all the answers\". J\u00fcrgen Klopp is well past acting Mr Clever, however. After Dortmund's sixth defeat of the season, a 1-0 loss at home to Hannover 96, the BVB coach admitted that there were no easy explanations, let alone solutions for the team's ills. \"The reason why things turn out the way they turn out at the moment has to do with our long bad run,\" he said. In other words: the crisis has become self-perpetuating. Dortmund had enough chances to stop the rot but low confidence, as Marco Reus intimated, and the first signs of disunity (Mats Hummels blamed Roman Weidenfeller for Hirohsi Kiyotake's free-kick goal before retracting the criticism the next day) have now joined up with mere bad luck to exacerbate the malaise. Dortmund travel to Bayern next. Maybe the ability to approach the match as underdogs will snap them out of their domestic stupor.\n\n* Frankfurt v Stuttgart was out of sight as far as spectacles go - no wonder Frankfurt forward Haris Seferovic reached for invisible binoculars to keep up with the goal-glut. Unfortunately, the linesman felt his authority somewhat undermined by the gesture, and the Swiss striker was sent off shortly after Stuttgart captain Christian Gentner had scored the ninth and last time during a maddening 90 minutes. \"Heaven and hell were very close today,\" said VfB's Martin Harnik. \"It was a game between outstanding and catastrophic,\" was Alexander Meier's verdict. \"It's enough to make you go nuts,\" said Stuttgart coach Armin Veh. Thomas Schaaf kept a cool head though. The Frankfurt boss quickly switched into Thomas Schaaf mode to bemoan \"bad individual mistakes at the back\". The former Werder manager has, in all likelihood, seen more bad individual mistakes from his teams than anyone else over the years. An ill-conceived experiment with three at the back that was abandoned after 20 minutes was his idea to bring \"stability\" to proceedings.\n\n* Speaking of Werder, the 1-0 defeat to K\u00f6ln put and end to Robin Dutt stealing a living as a Bundesliga coach. Viktor Skripnik, the U23 coach, and club icon Torsten Frings will take over the bottom-placed club. \"It's all a dream for me,\" said Skripnik, the former Werder midfielder. \"Every soldier wants to be general, and every manager wants to develop further.\" The Ukrainian certainly has the backing of the supporters: 1,000 turned out to see his first training session.\n\nResults: 1.FC K\u00f6ln 0-1 Bremen, Augsburg 2-0 Freiburg, Hertha 3-0 HSV, Frankfurt 4-5 Stuttgart, Hoffenheim 1-0 Paderborn, Dortmund 0-1 Hannover, Leverkusen 1-0 Schalke, Wolfsburg 3-0 Mainz, Gladbach 0-0 Bayern.",
                    "date": "2014-10-27",
                    "eventUri": "1613358",
                    "id": "23566208",
                    "isDuplicate": false,
                    "lang": "eng",
                    "sim": 0.3964,
                    "source": {
                        "title": "The Guardian",
                        "uri": "www.theguardian.com"
                    },
                    "time": "17:10:00",
                    "title": "Gladbach prove their mettle and slow the Bayern Bundesliga juggernaut",
                    "uri": "221939079",
                    "url": "http://www.theguardian.com/football/blog/2014/oct/27/gladbach-bayern-bundesliga",
                    "wgt": 1
                },
                {
                    "body": "Hopping on the Borussia M\u00f6nchengladbach bandwagon this season was an easy and popular thing to do. Die Fohlen soared to second in the Bundesliga as their opponents sunk, remaining unbeaten even when facing the horsepower of Bayern Munich and the exhaustion of the Europa League.\n\nEvery wagon is a fun ride until it gets a hitch. M\u00f6nchengladbach's came on Sunday, when 22-year-old playmaker Granit Xhaka needed trainers to strap an icepack to his ankle following a collision with Robert Lewandowski. The club's website revealed that he has a torn ligament and capsule in his ankle, an injury that could eliminate any remaining appearances in 2014.\n\nXhaka came to Germany two years ago, with M\u00f6nchengladbach purchasing him from FC Basel for \u20ac8.5 million as a 20-year-old. He is part of a golden generation of Swiss players that have taken several leagues in Europe by storm, but at 'Gladbach specifically, Xhaka is part of a larger rejuvenation Max Eberl has undertaken over the past six seasons. The sporting director used the development and sales of Marko Marin, Marco Reus, and Marc Andr\u00e9 ter Stegen to recruit some of the finest, young mid-table talent the Bundesliga has. Once a club staring relegation in the face, Eberl has fostered a top German club, but the injury to Xhaka casts a dark cloud ahead on the path to European class.\n\nAfter getting his feet wet the last two years, Xhaka is starting to come of age as a footballer. He has grown from a squad player to a centerpiece in Lucien Favre's side, unseating midfield incumbents quickly and prowling the center of the park in a relentless attacking system. But he isn't just one of the young studs the fans could swoon at the sight of. He is the one that has corralled the youth around him and herded them in the right direction. The role that Farve has Xhaka playing keeps him very involved, linking up the play from a solid blockade to the double-barreled cannon in front of him, and he leads the team with 81.3 touches and 66.4 passes per match\n\nIn short, Xhaka is currently one of the top midfielders in the Bundesliga, combining his playmaking skills and driven physical play to lift M\u00f6nchengladbach's game at both ends of the pitch. He was an axel to the wagon that Favre was trying to drive to 'Gladbach's first Champions League appearance since 1978. Now the Swiss manager has to find the spare parts to keep the wagon from driving into a ditch.\n\nChristoph Kramer alone cannot fill the vacuum left by Xhaka's injury. The duo of Xhaka and Kramer rivaled the amalgamation Bayern fielded when they came to town. The two shouldered the midfield load so well that Favre could play two strikers and not have to account for the lost presence in midfield. H\u00e5vard Nordveit, the rumored replacement, can keep 'Gladbach's sturdy spine intact, but an attack already in the middle of the pack will have even more trouble building the scoring chances it needs.\n\nThe exact timetable of Xhaka's absence is unknown, with some German news sources speculating a four-week hiatus. A more likely scenario is that he has played his last minutes in 2014. Even if he's out just a month, the Swiss midfielder will miss crucial tests against Hoffenheim, Borussia Dortmund, and VfL Wolfsburg, three clubs that could snatch points away from them. The club also must fulfill their the Europa League responsibilities, which will put a strain on Farve's midfield depth.\n\nM\u00f6nchengladbach may not have to maintain a rickety bandwagon for long. The German season has an imperative rest stop called the Winterpause, a six-week break halfway between the two halves of the domestic league campaign. M\u00f6nchengladbach has to get through 13 matches without Xhaka before they can comfortably extend his recovery timeline. Until then, Farve and 'Gladbach will have to rumble along the path, hoping that the divets in along the way do not steer them away from their Champions League dreams.",
                    "date": "2014-10-29",
                    "eventUri": "1613358",
                    "id": "23781319",
                    "isDuplicate": false,
                    "lang": "eng",
                    "sim": 0.2745,
                    "source": {
                        "title": "SBNation.com",
                        "uri": "www.sbnation.com"
                    },
                    "time": "09:07:00",
                    "title": "Xhaka's injury a major speed bump on M\u00f6nchengladbach's quest to reach the Champions League",
                    "uri": "222444530",
                    "url": "http://www.sbnation.com/soccer/2014/10/29/7087517/granit-xhaka-injury-borussia-monchengladbach-gladbach",
                    "wgt": 1
                }
            ]
        },
        "info": {
            "articleCount": 18,
            "averageDate": "2014-10-29",
            "avgCos": 0.4754,
            "categories": [],
            "customDate": false,
            "customLocation": false,
            "eventUri": "1613358",
            "extractedDate": "",
            "extractedDateEnd": "",
            "id": "1613358",
            "lang": "eng",
            "storyDate": "2014-10-29",
            "storyDateEnd": "",
            "uri": "850f305d-14db-4c75-b547-79470a557ea3-922302",
            "variance": 0.274
        }
    },
    "b738a3b7-2db3-4d38-88c8-76c4eb4f835b-248934": {
        "articles": {
            "resultCount": 5,
            "results": [
                {
                    "body": "B\u00f6se Zungen behaupten, nur der Hamburger Flitzer wurde den Bayern gef\u00e4hrlich.\n\nNach einem offensichtlichen Klassenunterschied zum deutschen Branchenf\u00fchrer beim 1:3 im DFB-Pokal machten sich die Hamburger hinterher selber Mut f\u00fcr die Bundesliga. \"Charakter und Leidenschaft stimmten bei uns\", sagte Lewis Holtby vor dem Heimspiel am Samstag gegen Bayer Leverkusen. Immerhin habe man die M\u00fcnchner zu Fehlp\u00e4ssen gezwungen und einen Treffer erzielt, was in der Bundesliga nur wenigen Konkurrenten gegen die \u00fcberm\u00e4chtigen S\u00fcddeutschen in dieser Saison gelungen ist.\n\n\"Das ist schon eine Granatenmannschaft, da haben wir uns gut verkauft\", sagte Trainer Josef Zinnbauer. Pierre-Michel Lasogga verspr\u00fchte in vier Versuchen die einzige Torgefahr beim HSV, der f\u00fcnfte (85.) ging nach Vorlage des sp\u00e4t eingewechselten Rafael van der Vaart ins Netz. \"Es ist sch\u00f6n, dass ich wieder ein Tor gemacht habe. Aber eigentlich will ich nur der Mannschaft helfen\", sagte der Torj\u00e4ger. Um das erste Heimspiel der Saison zu gewinnen, m\u00fcsse man Mut an den Tag legen.\n\nAuf Vorlagen des Kapit\u00e4ns wird er wohl auch gegen Leverkusen zun\u00e4chst verzichten m\u00fcssen. Zinnbauer setzt derweil auf den laufstarken Lewis Holtby als Ballverteiler. Van der Vaart musste am Donnerstag zum Auslaufen mit den Reservisten - fast Majest\u00e4tsbeleidigung. Der Niederl\u00e4nder setzt au\u00dfer guten Ecken und Freist\u00f6\u00dfen kaum noch Akzente und verlangsamt eher das Spiel. Es ist kein Geheimnis, dass der HSV den Topverdiener sp\u00e4testens zum Ende der Saison von der Gehaltsliste haben will. Sein Vertrag l\u00e4uft ohnehin aus. Nun wird sogar schon \u00fcber einen Abschied im Winter spekuliert.\n\nHoltby hat jedenfalls kein Problem mit van der Vaart: \"Ich verstehe mich sehr gut mit Rafa. Wir respektieren uns und wollen, dass der HSV gewinnt. Zwischen uns ist alles super.\" Der Holl\u00e4nder wirkte angefressen und wollte gar nichts sagen.\n\nHeiko Westermann dagegen hatte kein Problem, sich nach seinem kapitalen Fehler vor dem 0:1 durch Robert Lewandowski zu stellen: \"Ich spiele schon eine ganze Zeit lang Fu\u00dfball. Aber so etwas ist mir noch nie passiert. Irgendwie traf ich den Ball nicht richtig.\" Bei allen drei Toren der Bayern habe man mitgeholfen. \"Das darf uns am Samstag nicht passieren\", forderte der Innenverteidiger. Dass das Ergebnis nicht viel h\u00f6her ausfiel, hatte der HSV Jaroslav Drobny zu verdanken. Der Schlussmann verhinderte in der Schlussphase weitere Tore und erhielt von Zinnbauer ein Extralob: \"Drobo hat gro\u00dfartig gehalten: Kompliment. Positiv war auch, dass wir bis zum Schluss nicht aufgegeben haben.\"\n\nHSV-Homepage\n\nMelden Sie sich bitte an um einen Kommentar abzugeben. E-Mail-Adresse oder Benutzername Passwort Registrieren anmelden Passwort vergessen Das k\u00f6nnte Sie auch interessieren",
                    "date": "2014-10-30",
                    "eventUri": "1614231",
                    "id": "23925442",
                    "isDuplicate": false,
                    "lang": "deu",
                    "sim": 0.9646,
                    "source": {
                        "title": "NWZ Online",
                        "uri": "www.nwzonline.de"
                    },
                    "time": "12:46:00",
                    "title": "Die Leidenschaft stimmt: HSV trotz Pokalpleite positiv",
                    "uri": "222806776",
                    "url": "http://www.nwzonline.de/fussball/die-leidenschaft-stimmt-hsv-trotz-pokalpleite-positiv_a_19%2C0%2C3345978409.html",
                    "wgt": 1
                },
                {
                    "body": "Nach einem offensichtlichen Klassenunterschied zum deutschen Branchenf\u00fchrer beim 1:3 im DFB-Pokal machten sich die Hamburger hinterher selber Mut f\u00fcr die Bundesliga. \"Charakter und Leidenschaft stimmten bei uns\", sagte Lewis Holtby vor dem Heimspiel am Samstag gegen Bayer Leverkusen. Immerhin habe man die M\u00fcnchner zu Fehlp\u00e4ssen gezwungen und einen Treffer erzielt, was in der Bundesliga nur wenigen Konkurrenten gegen die \u00fcberm\u00e4chtigen S\u00fcddeutschen in dieser Saison gelungen ist.\n\n\"Das ist schon eine Granatenmannschaft, da haben wir uns gut verkauft\", sagte Trainer Josef Zinnbauer. Pierre-Michel Lasogga verspr\u00fchte in vier Versuchen die einzige Torgefahr beim HSV, der f\u00fcnfte (85.) ging nach Vorlage des sp\u00e4t eingewechselten Rafael van der Vaart ins Netz. \"Es ist sch\u00f6n, dass ich wieder ein Tor gemacht habe. Aber eigentlich will ich nur der Mannschaft helfen\", sagte der Torj\u00e4ger. Um das erste Heimspiel der Saison zu gewinnen, m\u00fcsse man Mut an den Tag legen.\n\nAuf Vorlagen des Kapit\u00e4ns wird er wohl auch gegen Leverkusen zun\u00e4chst verzichten m\u00fcssen. Zinnbauer setzt derweil auf den laufstarken Lewis Holtby als Ballverteiler. Van der Vaart musste am Donnerstag zum Auslaufen mit den Reservisten - fast Majest\u00e4tsbeleidigung. Der Niederl\u00e4nder setzt au\u00dfer guten Ecken und Freist\u00f6\u00dfen kaum noch Akzente und verlangsamt eher das Spiel. Es ist kein Geheimnis, dass der HSV den Topverdiener sp\u00e4testens zum Ende der Saison von der Gehaltsliste haben will. Sein Vertrag l\u00e4uft ohnehin aus. Nun wird sogar schon \u00fcber einen Abschied im Winter spekuliert.\n\nHoltby hat jedenfalls kein Problem mit van der Vaart: \"Ich verstehe mich sehr gut mit Rafa. Wir respektieren uns und wollen, dass der HSV gewinnt. Zwischen uns ist alles super.\" Der Holl\u00e4nder wirkte angefressen und wollte gar nichts sagen.\n\nHeiko Westermann dagegen hatte kein Problem, sich nach seinem kapitalen Fehler vor dem 0:1 durch Robert Lewandowski zu stellen: \"Ich spiele schon eine ganze Zeit lang Fu\u00dfball. Aber so etwas ist mir noch nie passiert. Irgendwie traf ich den Ball nicht richtig.\" Bei allen drei Toren der Bayern habe man mitgeholfen. \"Das darf uns am Samstag nicht passieren\", forderte der Innenverteidiger. Dass das Ergebnis nicht viel h\u00f6her ausfiel, hatte der HSV Jaroslav Drobny zu verdanken. Der Schlussmann verhinderte in der Schlussphase weitere Tore und erhielt von Zinnbauer ein Extralob: \"Drobo hat gro\u00dfartig gehalten: Kompliment. Positiv war auch, dass wir bis zum Schluss nicht aufgegeben haben.\"\n\nHSV-Homepage",
                    "date": "2014-10-30",
                    "eventUri": "1614231",
                    "id": "23922939",
                    "isDuplicate": false,
                    "lang": "deu",
                    "sim": 0.9623,
                    "source": {
                        "title": "www.schaumburger-zeitung.de",
                        "uri": "www.schaumburger-zeitung.de"
                    },
                    "time": "12:23:00",
                    "title": "Die Leidenschaft stimmt: HSV trotz Pokalpleite positiv",
                    "uri": "222800050",
                    "url": "http://www.schaumburger-zeitung.de/portal/sport/fussball_Die-Leidenschaft-stimmt-HSV-trotz-Pokalpleite-positiv-_arid%2C658156.html",
                    "wgt": 1
                },
                {
                    "body": "Hamburg (dpa) Der HSV hatte keine Chance gegen die Bayern, zieht aber viel Positives aus dem Gegentor f\u00fcr die Partie gegen Leverkusen. F\u00fcr Aufregung sorgte ein Flitzer, der Rib\u00e9ry mit einem Schal schlug.\n\nB\u00f6se Zungen behaupten, nur der Hamburger Flitzer wurde den Bayern gef\u00e4hrlich.\n\nNach einem offensichtlichen Klassenunterschied zum deutschen Branchenf\u00fchrer beim 1:3 im DFB-Pokal machten sich die Hamburger hinterher selber Mut f\u00fcr die Bundesliga. \"Charakter und Leidenschaft stimmten bei uns\", sagte Lewis Holtby vor dem Heimspiel am Samstag gegen Bayer Leverkusen. Immerhin habe man die M\u00fcnchner zu Fehlp\u00e4ssen gezwungen und einen Treffer erzielt, was in der Bundesliga nur wenigen Konkurrenten gegen die \u00fcberm\u00e4chtigen S\u00fcddeutschen in dieser Saison gelungen ist.\n\n\"Das ist schon eine Granatenmannschaft, da haben wir uns gut verkauft\", sagte Trainer Josef Zinnbauer. Pierre-Michel Lasogga verspr\u00fchte in vier Versuchen die einzige Torgefahr beim HSV, der f\u00fcnfte (85.) ging nach Vorlage des sp\u00e4t eingewechselten Rafael van der Vaart ins Netz. \"Es ist sch\u00f6n, dass ich wieder ein Tor gemacht habe. Aber eigentlich will ich nur der Mannschaft helfen\", sagte der Torj\u00e4ger. Um das erste Heimspiel der Saison zu gewinnen, m\u00fcsse man Mut an den Tag legen.\n\nAuf Vorlagen des Kapit\u00e4ns wird er wohl auch gegen Leverkusen zun\u00e4chst verzichten m\u00fcssen. Zinnbauer setzt derweil auf den laufstarken Lewis Holtby als Ballverteiler. Van der Vaart musste am Donnerstag zum Auslaufen mit den Reservisten - fast Majest\u00e4tsbeleidigung. Der Niederl\u00e4nder setzt au\u00dfer guten Ecken und Freist\u00f6\u00dfen kaum noch Akzente und verlangsamt eher das Spiel. Es ist kein Geheimnis, dass der HSV den Topverdiener sp\u00e4testens zum Ende der Saison von der Gehaltsliste haben will. Sein Vertrag l\u00e4uft ohnehin aus. Nun wird sogar schon \u00fcber einen Abschied im Winter spekuliert.\n\nHoltby hat jedenfalls kein Problem mit van der Vaart: \"Ich verstehe mich sehr gut mit Rafa. Wir respektieren uns und wollen, dass der HSV gewinnt. Zwischen uns ist alles super.\" Der Holl\u00e4nder wirkte angefressen und wollte gar nichts sagen.\n\nHeiko Westermann dagegen hatte kein Problem, sich nach seinem kapitalen Fehler vor dem 0:1 durch Robert Lewandowski zu stellen: \"Ich spiele schon eine ganze Zeit lang Fu\u00dfball. Aber so etwas ist mir noch nie passiert. Irgendwie traf ich den Ball nicht richtig.\" Bei allen drei Toren der Bayern habe man mitgeholfen. \"Das darf uns am Samstag nicht passieren\", forderte der Innenverteidiger. Dass das Ergebnis nicht viel h\u00f6her ausfiel, hatte der HSV Jaroslav Drobny zu verdanken. Der Schlussmann verhinderte in der Schlussphase weitere Tore und erhielt von Zinnbauer ein Extralob: \"Drobo hat gro\u00dfartig gehalten: Kompliment. Positiv war auch, dass wir bis zum Schluss nicht aufgegeben haben.\"\n\nHSV-Homepage",
                    "date": "2014-10-30",
                    "eventUri": "1614231",
                    "id": "23925379",
                    "isDuplicate": false,
                    "lang": "deu",
                    "sim": 0.9612,
                    "source": {
                        "title": "Lausitzer Rundschau",
                        "uri": "www.lr-online.de"
                    },
                    "time": "12:46:00",
                    "title": "Die Leidenschaft stimmt: HSV trotz Pokalpleite positiv",
                    "uri": "222806457",
                    "url": "http://www.lr-online.de/sport/fussball/Fussball-Panorama-Die-Leidenschaft-stimmt-HSV-trotz-Pokalpleite-positiv%3Bart16202%2C4793701",
                    "wgt": 1
                },
                {
                    "body": "B\u00f6se Zungen behaupten, nur der Hamburger Flitzer wurde den Bayern gef\u00e4hrlich.\n\nNach einem offensichtlichen Klassenunterschied zum deutschen Branchenf\u00fchrer beim 1:3 im DFB-Pokal machten sich die Hamburger hinterher selber Mut f\u00fcr die Bundesliga. \"Charakter und Leidenschaft stimmten bei uns\", sagte Lewis Holtby vor dem Heimspiel am Samstag gegen Bayer Leverkusen. Immerhin habe man die M\u00fcnchner zu Fehlp\u00e4ssen gezwungen und einen Treffer erzielt, was in der Bundesliga nur wenigen Konkurrenten gegen die \u00fcberm\u00e4chtigen S\u00fcddeutschen in dieser Saison gelungen ist.\n\n\"Das ist schon eine Granatenmannschaft, da haben wir uns gut verkauft\", sagte Trainer Josef Zinnbauer. Pierre-Michel Lasogga verspr\u00fchte in vier Versuchen die einzige Torgefahr beim HSV, der f\u00fcnfte (85.) ging nach Vorlage des sp\u00e4t eingewechselten Rafael van der Vaart ins Netz. \"Es ist sch\u00f6n, dass ich wieder ein Tor gemacht habe. Aber eigentlich will ich nur der Mannschaft helfen\", sagte der Torj\u00e4ger. Um das erste Heimspiel der Saison zu gewinnen, m\u00fcsse man Mut an den Tag legen.\n\nAuf Vorlagen des Kapit\u00e4ns wird er wohl auch gegen Leverkusen zun\u00e4chst verzichten m\u00fcssen. Zinnbauer setzt derweil auf den laufstarken Lewis Holtby als Ballverteiler. Van der Vaart musste am Donnerstag zum Auslaufen mit den Reservisten - fast Majest\u00e4tsbeleidigung. Der Niederl\u00e4nder setzt au\u00dfer guten Ecken und Freist\u00f6\u00dfen kaum noch Akzente und verlangsamt eher das Spiel. Es ist kein Geheimnis, dass der HSV den Topverdiener sp\u00e4testens zum Ende der Saison von der Gehaltsliste haben will. Sein Vertrag l\u00e4uft ohnehin aus. Nun wird sogar schon \u00fcber einen Abschied im Winter spekuliert.\n\nHoltby hat jedenfalls kein Problem mit van der Vaart: \"Ich verstehe mich sehr gut mit Rafa. Wir respektieren uns und wollen, dass der HSV gewinnt. Zwischen uns ist alles super.\" Der Holl\u00e4nder wirkte angefressen und wollte gar nichts sagen.\n\nHeiko Westermann dagegen hatte kein Problem, sich nach seinem kapitalen Fehler vor dem 0:1 durch Robert Lewandowski zu stellen: \"Ich spiele schon eine ganze Zeit lang Fu\u00dfball. Aber so etwas ist mir noch nie passiert. Irgendwie traf ich den Ball nicht richtig.\" Bei allen drei Toren der Bayern habe man mitgeholfen. \"Das darf uns am Samstag nicht passieren\", forderte der Innenverteidiger. Dass das Ergebnis nicht viel h\u00f6her ausfiel, hatte der HSV Jaroslav Drobny zu verdanken. Der Schlussmann verhinderte in der Schlussphase weitere Tore und erhielt von Zinnbauer ein Extralob: \"Drobo hat gro\u00dfartig gehalten: Kompliment. Positiv war auch, dass wir bis zum Schluss nicht aufgegeben haben.\"",
                    "date": "2014-10-30",
                    "eventUri": "1614231",
                    "id": "23922122",
                    "isDuplicate": false,
                    "lang": "deu",
                    "sim": 0.9611,
                    "source": {
                        "title": "inFranken.de",
                        "uri": "www.infranken.de"
                    },
                    "time": "12:15:00",
                    "title": "Die Leidenschaft stimmt: HSV trotz Pokalpleite positiv",
                    "uri": "222798026",
                    "url": "http://www.infranken.de/regional/archiv/fussball/Fussball-DFB-Pokal-Hamburg-Muenchen-Die-Leidenschaft-stimmt-HSV-trotz-Pokalpleite-positiv%3Bart227%2C851917",
                    "wgt": 1
                },
                {
                    "body": "Senioren mit Herpes-Infektion erkranken doppelt so h\u00e4ufig an Alzheimer wie \u00e4ltere Menschen ohne Antik\u00f6rper. Das haben schwedische Forscher herausgefunden. Die Ergebnisse sind allerdings noch unsicher.\n\nVon Thomas M\u00fcller\n\nUME\u00c5. Kaum eine Erkrankung, bei der man nicht schon Bakterien oder Viren als Haupt- oder zumindest Begleitfaktoren vermutet hat, Demenzen bilden hier keine Ausnahme. Auch wenn die Fachwelt bei neurodegenerativen Erkrankungen vor allem Gene und Umwelteinfl\u00fcsse am Werke sieht, so gibt es durchaus auch Bef\u00fcrworter einer Infektionshypothese.\n\nNach dieser k\u00f6nnte ein schw\u00e4chelndes Immunsystem im Alter die Ausbreitung von HSV im Gehirn beg\u00fcnstigen. Das vermutet jedenfalls der schwedische Forscher Professor Hugo L\u00f6vheim von der Universit\u00e4t in Ume\u00e5 (Schweden).\n\nSeine Arbeitsgruppe hat in den vergangenen Wochen zwei epidemiologische Studien vorgelegt (Alzheimer's & Dementia 2014, online 17. Juli, Alzheimer's & Dementia 2014, online 7. Oktober), die einen Einfluss von HSV bei der Alzheimerentstehung nahelegen. Zuvor konnten Forscher schon HSV-1 in Alzheimerplaques nachweisen, auch brachten die Viren in Zellkulturen die Produktion von Amyloid-Beta und Tau-Protein in Schwung.\n\nIn einer ihrer Analysen schauten sich die Forscher um L\u00f6vheim nun Plasmaproben von 360 Alzheimerpatienten und 360 gleich alten Personen ohne Demenz an. Bei den Demenzpatienten waren die Proben im Schnitt zehn Jahre vor der Diagnose eingefroren worden, bei den Kontrollpersonen lag die Probenentnahme vergleichbar lange zur\u00fcck.\n\nVon den Alzheimerpatienten zeigten knapp 94 Prozent IgG-Antik\u00f6rper gegen HSV-1, etwas weniger (90 Prozent) waren es bei den Kontrollen. Der Unterschied war jedoch nicht signifikant. Erst als die Forscher Untergruppen bildeten, wurden sie f\u00fcndig: So waren Alzheimerpatienten, bei denen mehr als sechseinhalb Jahre zuvor Proben eingefroren waren, deutlich h\u00e4ufiger IgG-positiv als Kontrollen (96 versus 90 Prozent).\n\nDaraus lie\u00df sich f\u00fcr HSV-1-Infizierte ein etwa doppelt so hohes Alzheimerrisiko berechnen wie bei den wenigen Menschen, die es zeitlebens schaffen, dem Virus aus dem Weg zu gehen.\n\nL\u00f6vheim und Mitarbeiter vermuten daher, HSV k\u00f6nnte lange vor der Demenzdiagnose eine Bedeutung in der Alzheimerpathogenese haben. Allerdings sind solche Interpretationen, die auf wenigen HSV-freien Individuen beruhen, wohl mit viel Vorsicht zu genie\u00dfen.\n\nInteressanter ist daher vielleicht eine andere Beobachtung der schwedischen Forscher: So gab es relativ betrachtet viel gr\u00f6\u00dfere Unterschiede zwischen dem Anteil der Personen mit IgM-Antik\u00f6rpern gegen HSV-1: 5,6 Prozent der Kontrollen und 7,5 Prozent der Alzheimerkranken waren IgM-positiv.\n\nIgM-Befunde deuten auf eine reaktivierte HSV-Infektion. Dummerweise war der Unterschied hier nicht signifikant.\n\nEtwas mehr Gl\u00fcck hatten L\u00f6vheim und Mitarbeiter bei der Analyse von Daten der Betula-Studie mit \u00fcber 3400 Teilnehmern. Zu Beginn waren die Beteiligten im Schnitt 63 Jahre alt und kognitiv gesund. Im Laufe von etwa elf Jahren entwickelten 245 Teilnehmer eine Alzheimerdemenz.\n\nAuch in dieser Studie hatten die Studien\u00e4rzte zu Beginn Serumproben eingefroren. Knapp 3 Prozent der Teilnehmer waren IgM-HSV-1-positiv. Von diesen entwickelten 15 Prozent eine Alzheimerdemenz, nur etwa halb so hoch war der Anteil bei den IgM-Negativen (6,9 Prozent).\n\n\u00c4hnlich sah es bei den IgG-Positiven aus (insgesamt 88 Prozent). 7,6 Prozent der Betroffenen entwickelten eine Alzheimerdemenz, nur 3,6 Prozent waren es bei den IgG-Negativen. Signifikant war der Unterschied hier aber nur f\u00fcr IgM.\n\nRein rechnerisch w\u00e4re das Alzheimerrisiko bei HSV-Negativen etwa viermal geringer als bei solchen mit reaktivierten Viren, doch auch hier sollte man, die Signifikanzniveaus vor Augen, mit Interpretationen vorsichtig sein.\n\nImmerhin k\u00f6nnte sich eine \u00dcberpr\u00fcfung der HSV-Hypothese in gr\u00f6\u00dferen prospektiven Studien lohnen, denn gegen HSV l\u00e4sst sich behandeln. Eine antivirale Therapie f\u00fcr Senioren mit reaktivierten HSV w\u00e4re zumindest einmal ein neuer Ansatz bei der Alzheimerpr\u00e4vention.",
                    "date": "2014-10-30",
                    "eventUri": "1614231",
                    "id": "23884962",
                    "isDuplicate": false,
                    "lang": "deu",
                    "sim": 0.3984,
                    "source": {
                        "title": "Arzte Zeitung",
                        "uri": "www.aerztezeitung.de"
                    },
                    "time": "04:46:00",
                    "title": "Demenz - Forschung : Herpes kann Alzheimer beg\u00fcnstigen",
                    "uri": "222700730",
                    "url": "http://www.aerztezeitung.de/medizin/krankheiten/demenz/article/872111/demenz-forschung-herpes-kann-alzheimer-beguenstigen.html",
                    "wgt": 1
                }
            ]
        },
        "info": {
            "articleCount": 5,
            "averageDate": "2014-10-30",
            "avgCos": 0.6007,
            "categories": [],
            "customDate": false,
            "customLocation": false,
            "eventUri": "1614231",
            "extractedDate": "",
            "extractedDateEnd": "",
            "id": "1614231",
            "lang": "deu",
            "location": {
                "country": {
                    "labelEng": "Germany",
                    "lat": 51.5,
                    "long": 10.5,
                    "wikiUri": "http://en.wikipedia.org/wiki/Germany"
                },
                "labelEng": "Hamburg",
                "lat": 53.58333,
                "long": 10,
                "wikiUri": "http://en.wikipedia.org/wiki/Hamburg"
            },
            "storyDate": "2014-10-30",
            "storyDateEnd": "",
            "uri": "b738a3b7-2db3-4d38-88c8-76c4eb4f835b-248934",
            "variance": 0.1392
        }
    },
    "meta": {
        "CCAArticleMatchCount": 30,
        "CCAArticleMatchRatio": 0.4615384615384616,
        "CCAAvgCosSim": 0.8480750000000001,
        "CCAAvgMatchWgt": 56.06666666666667,
        "_articleUri1": "222806776",
        "_articleUri2": "222646777",
        "_datetime": "2015-02-19 17:48:15",
        "_ruleBasedShouldMerge": false,
        "_storyUri1": "b738a3b7-2db3-4d38-88c8-76c4eb4f835b-248934",
        "_storyUri2": "850f305d-14db-4c75-b547-79470a557ea3-922302",
        "_username": "Evgenia Belyaeva",
        "artCount1": 5,
        "artCount2": 18,
        "avgCosSimStory1": 0.6007,
        "avgCosSimStory2": 0.4754,
        "categorySim": 0,
        "conceptCosSim": 0.3009655786009428,
        "conceptJaccardSim": 0.1348314606741573,
        "coreTime1": 129988.7666666667,
        "coreTime2": 129932.5166666667,
        "coreTimeStDev1": 3.116789658892756,
        "coreTimeStDev2": 12.76938868256449,
        "entityCosSim": 0.4758214009427481,
        "entityJaccardSim": 0.2058823529411765,
        "extractedDateJaccardSim": 0,
        "extractedDatesStory1": 0,
        "extractedDatesStory2": 1,
        "hasSameLocation": -1,
        "keywordCosSim": 0.2386554371703267,
        "keywordJaccardSim": 0.09090909090909091,
        "lang1": "deu",
        "lang2": "eng",
        "matchingDateCount": 0,
        "matchingDateRatio": 0,
        "ratioAnnotatedArticlesStory1": 1,
        "ratioAnnotatedArticlesStory2": 1,
        "shouldMerge": false,
        "storyQuality1": 13,
        "storyQuality2": 13,
        "timeAvg1": 129994.9866666667,
        "timeAvg2": 129977.4648148148,
        "timeStDev1": 3.116789658892756,
        "timeStDev2": 17.02414306765287,
        "varianceStory1": 0.1392,
        "varianceStory2": 0.274
    }
}