{
    "850f305d-14db-4c75-b547-79470a557ea3-605043": {
        "articles": {
            "resultCount": 13,
            "results": [
                {
                    "body": "Last Updated Jul 28, 2014 2:23 PM EDT\n\nNEW YORK - Major stock market indexes drifted between slight gains and losses Monday afternoon, as traders prepare for a week full of reports on the economy and corporate profits.\n\nAs of 2:23 p.m. ET, the Standard & Poor's 500 index was up one point to 1,979. The Dow Jones industrial average edged up 20 points to 16,980 while the Nasdaq composite was down two points to 4,448.\n\nFamily Dollar soared after Dollar Tree announced plans to buy the rival discount store for roughly $8.5 billion. Family Dollar has responded to recent struggles by cutting prices, shedding workers and closing stores. Last month, Carl Icahn, who has built up a stake in the company, urged Family Dollar to put itself up for sale. In afternoon trading, Family Dollar's stock shot up $14.34, or 24 percent, to $75, the biggest gain in the S&P 500.\n\nTrulia jumped on news that Zillow, a rival real-estate listing service, said it has agreed to buy it for $3.5 billion. Boards of both companies have already signed off on the deal, but shareholders need to approve it. Trulia advanced $9.66, or 17 percent, to an even $66. Zillow gained $3.06, or 2 percent, to $161.76.\n\nTyson Foods announced higher quarterly profits as well as a plan to sell its chicken business in Mexico and Brazil for $575 million in cash. The company said the sale to JBS SA, the Brazilian beef company, should be finished by the end of the year. Tyson Foods climbed $1.05, or 3 percent, to $40.59.\n\nWall Street is in the middle of second-quarter earnings season, when big companies turn in their springtime results and tell investors how they think the rest of the year will shape up. This week, ExxonMobil and MasterCard are among the heavyweights posting earnings. American Express and Merck report Tuesday.\n\nSo far, the news has been much better than many expected. Of the 229 companies that have posted results, nearly seven out of 10 have reported higher profits than analysts projected, according to S&P Capital IQ. Banks have been the big surprise.\n\nTensions between Western powers and Russia remained a concern for investors. On Monday, an international court ordered Russia to pay over $50 billion to a group of investors for the expropriation of now-defunct oil company Yukos. The ruling comes as European countries are considering imposing sanctions on trade in defense, technology and other goods and restricting access to European capital markets for Russia's state-owned companies.\n\n\"I think the market is doing what it should be doing,\" said Robert Pavlik, chief market strategist at Banyan Partners, a wealth management firm. \"It's not getting sucked into all the bad news out there. Russia is lobbing bombs into Ukraine, and that appears like it could spiral out of control. The Middle East looks out of control. But the stock market is trading near an all-time high.\"\n\nA collection of major U.S. economic data comes out later this week. On Wednesday, the government will release a report on gross domestic product between April and June, and the Federal Reserve will release a statement when it wraps up a two-day meeting. On Friday, economists forecast that the monthly jobs report will show employers added between 235,000 and 255,000 workers to their payrolls in July.\n\nIn European markets, France's CAC 40 rose 0.3 percent while Germany's DAX shed 0.5 percent. Britain's FTSE 100 slipped 0.1 percent.\n\nNews that profits at China's industrial enterprises soared 17.9 percent in June over a year earlier suggested that the world's No. 2 economy has stabilized and gave Asian markets a boost. China's benchmark Shanghai Composite Index surged 2.4 percent.\n\nThe euro edged up to $1.3436 from the previous session's $1.3431. The dollar rose to 101.85 yen from 101.83 yen. The price of benchmark U.S. crude oil declined 36 cents to $101.73 per barrel.",
                    "date": "2014-07-28",
                    "eventUri": "1079139",
                    "id": "16319791",
                    "isDuplicate": false,
                    "lang": "eng",
                    "sim": 0.9079,
                    "source": {
                        "title": "CNET",
                        "uri": "www.cbsnews.com"
                    },
                    "time": "17:07:00",
                    "title": "US stocks flip between gains and losses",
                    "uri": "200209141",
                    "url": "http://www.cbsnews.com/news/wall-street-lower-following-housing-report/",
                    "wgt": 1
                },
                {
                    "body": "NEW YORK (AP) - Major stock market indexes drifted between slight gains and losses Monday afternoon, as traders prepare for a week full of reports on the economy and corporate profits.\n\nKEEPING SCORE: As of 1:30 p.m. Eastern time, the Standard & Poor's 500 index was up two points, less than 0.1 percent, to 1,980. The Dow Jones industrial average edged up 22 points, or 0.2 percent, to 16,986 while the Nasdaq composite rose three points, less than 0.1 percent, to 4,452.\n\nFOR SALE: Family Dollar soared after Dollar Tree announced plans to buy the rival discount store for roughly $8.5 billion. Family Dollar has responded to recent struggles by cutting prices, shedding workers and closing stores. Last month, Carl Icahn, who has built up a stake in the company, urged Family Dollar to put itself up for sale. In afternoon trading, Family Dollar's stock shot up $14.34, or 24 percent, to $75, the biggest gain in the S&P 500.\n\nHOUSE SURFING: Trulia jumped on news that Zillow, a rival real-estate listing service, said it has agreed to buy it for $3.5 billion. Boards of both companies have already signed off on the deal, but shareholders need to approve it. Trulia advanced $9.66, or 17 percent, to an even $66. Zillow gained $3.06, or 2 percent, to $161.76.\n\nCHICKEN DEAL: Tyson Foods announced higher quarterly profits as well as a plan to sell its chicken business in Mexico and Brazil for $575 million in cash. The company said the sale to JBS SA, the Brazilian beef company, should be finished by the end of the year. Tyson Foods climbed $1.05, or 3 percent, to $40.59.\n\nEARNINGS PARADE: Wall Street is in the middle of second-quarter earnings season, when big companies turn in their springtime results and tell investors how they think the rest of the year will shape up. This week, ExxonMobil and MasterCard are among the heavyweights posting earnings. American Express and Merck report Tuesday.\n\nNOT BAD: So far, the news has been much better than many expected. Of the 229 companies that have posted results, nearly seven out of 10 have reported higher profits than analysts projected, according to S&P Capital IQ. Banks have been the big surprise.\n\nRUSSIA: Tensions between Western powers and Russia remained a concern for investors. On Monday, an international court ordered Russia to pay over $50 billion to a group of investors for the expropriation of now-defunct oil company Yukos. The ruling comes as European countries are considering imposing sanctions on trade in defense, technology and other goods and restricting access to European capital markets for Russia's state-owned companies.\n\nTHE BIG PICTURE: \"I think the market is doing what it should be doing,\" said Robert Pavlik, chief market strategist at Banyan Partners, a wealth management firm. \"It's not getting sucked into all the bad news out there. Russia is lobbing bombs into Ukraine, and that appears like it could spiral out of control. The Middle East looks out of control. But the stock market is trading near an all-time high.\"\n\nKEY REPORTS: A collection of major U.S. economic data comes out later this week. On Wednesday, the government will release a report on gross domestic product between April and June, and the Federal Reserve will release a statement when it wraps up a two-day meeting. On Friday, economists forecast that the monthly jobs report will show employers added between 235,000 and 255,000 workers to their payrolls in July.\n\nEUROPE: In European markets, France's CAC 40 rose 0.3 percent while Germany's DAX shed 0.5 percent. Britain's FTSE 100 slipped 0.1 percent.\n\nCHINA'S STABLE SIGNS: News that profits at China's industrial enterprises soared 17.9 percent in June over a year earlier suggested that the world's No. 2 economy has stabilized and gave Asian markets a boost. China's benchmark Shanghai Composite Index surged 2.4 percent.\n\nCURRENCIES, OIL: The euro edged up to $1.3436 from the previous session's $1.3431. The dollar rose to 101.85 yen from 101.83 yen. The price of benchmark U.S. crude oil declined 36 cents to $101.73 per barrel.\n\nCopyright 2014 The Associated Press. All rights reserved. This material may not be published, broadcast, rewritten or redistributed.",
                    "date": "2014-07-28",
                    "eventUri": "1079139",
                    "id": "16310877",
                    "isDuplicate": false,
                    "lang": "eng",
                    "sim": 0.9062,
                    "source": {
                        "title": "WFSB TV 3",
                        "uri": "www.wfsb.com"
                    },
                    "time": "18:31:00",
                    "title": "US stocks flip between slight gains and losses",
                    "uri": "200185295",
                    "url": "http://www.wfsb.com/story/26125685/us-stocks-flip-between-slight-gains-and-losses",
                    "wgt": 1
                },
                {
                    "body": "NEW YORK (AP) - Major stock market indexes drifted between slight gains and losses late Monday afternoon, as traders prepared for a week loaded with reports on the economy and corporate profits.\n\nKEEPING SCORE: As of 3:21 p.m. Eastern time, the Standard & Poor's 500 index was up one point, or 0.06 percent, to 1,979. The Dow Jones industrial average edged up 22 points, or 0.1 percent, to 16,982 while the Nasdaq composite edged lower by one point, or 0.02 percent, to 4,448.\n\nFOR SALE: Family Dollar soared after Dollar Tree announced plans to buy the rival discount store for roughly $8.5 billion. Family Dollar has responded to recent struggles by cutting prices, shedding workers and closing stores. Last month, Carl Icahn, who has built up a stake in the company, urged Family Dollar to put itself up for sale. In afternoon trading, Family Dollar's stock rose the most in the S&P 500, soaring $14.65, or 24 percent, to $75.31.\n\nHOUSE SURFING: Trulia jumped on news that Zillow, a rival real-estate listing service, said it has agreed to buy it for $3.5 billion. Boards of both companies have already signed off on the deal, but shareholders need to approve it. Trulia advanced $9.93, or 18 percent, to an even $66.28. Zillow gained $2.54, or 2 percent, to $161.40.\n\nCHICKEN DEAL: Tyson Foods announced a higher quarterly profit as well as a plan to sell its chicken business in Mexico and Brazil for $575 million in cash. The company said the sale to JBS SA, the Brazilian beef company, should be finished by the end of the year. Tyson Foods climbed 94 cents, or 2 percent, to $40.48.\n\nEARNINGS PARADE: Wall Street is in the middle of second-quarter earnings season, when big companies turn in their springtime results and tell investors how they think the rest of the year will shape up. This week, ExxonMobil and MasterCard are among the heavyweights posting earnings. American Express and Merck report Tuesday.\n\nNOT BAD: So far, the news has been much better than many expected. Of the 229 companies that have posted results, nearly seven out of 10 have reported higher profits than analysts projected, according to S&P Capital IQ. Banks have been the big surprise.\n\nRUSSIA: Tensions between Western powers and Russia remained a concern for investors. On Monday, an international court ordered Russia to pay over $50 billion to a group of investors for the expropriation of now-defunct oil company Yukos. The ruling comes as European countries are considering imposing sanctions on trade in defense, technology and other goods and restricting access to European capital markets for Russia's state-owned companies.\n\nTHE BIG PICTURE: \"I think the market is doing what it should be doing,\" said Robert Pavlik, chief market strategist at Banyan Partners, a wealth management firm. \"It's not getting sucked into all the bad news out there. Russia is lobbing bombs into Ukraine, and that appears like it could spiral out of control. The Middle East looks out of control. But the stock market is trading near an all-time high.\"\n\nKEY REPORTS: A collection of major U.S. economic data comes out later this week. On Wednesday, the government will release a report on gross domestic product between April and June, and the Federal Reserve will release a statement when it wraps up a two-day meeting. On Friday, economists forecast that the monthly jobs report will show employers added between 235,000 and 255,000 workers to their payrolls in July.\n\nEUROPE: In European markets, France's CAC 40 ended up 0.3 percent while Germany's DAX shed 0.5 percent. Britain's FTSE 100 finished lower by 0.1 percent.\n\nCHINA'S STABLE SIGNS: News that profits at China's industrial enterprises soared 17.9 percent in June over a year earlier suggested that the world's No. 2 economy has stabilized and gave Asian markets a boost. China's benchmark Shanghai Composite Index surged 2.4 percent.\n\nOIL: The price of benchmark U.S. crude oil fell 38 cents to $101.71 per barrel in New York.\n\n___\n\nBusiness Writer Joe McDonald contributed to this report from Beijing.\n\nCopyright 2014 The Associated Press. All rights reserved. This material may not be published, broadcast, rewritten or redistributed.",
                    "date": "2014-07-28",
                    "eventUri": "1079139",
                    "id": "16315678",
                    "isDuplicate": false,
                    "lang": "eng",
                    "sim": 0.8965,
                    "source": {
                        "title": "WFSB TV 3",
                        "uri": "www.wfsb.com"
                    },
                    "time": "20:03:00",
                    "title": "Stocks drift sideways in late afternoon trading",
                    "uri": "200198468",
                    "url": "http://www.wfsb.com/story/26125685/stocks-drift-sideways-in-late-afternoon-trading",
                    "wgt": 1
                },
                {
                    "body": "NEW YORK (AP) - Major U.S. stock market indexes nudged lower in midday trading on Monday, weighed down by a report of sluggish sales in the housing market.\n\nKEEPING SCORE: As of 12:24 p.m. Eastern time, the Standard & Poor's 500 index was down four points, or 0.2 percent, to 1,973. The Dow Jones industrial average lost 30 points, 0.2 percent, to 16,930 while the Nasdaq composite dropped 17 points, or 0.4 percent, to 4,431.\n\nHOUSING: Fewer Americans signed contracts to buy homes in June, as the real estate market appears to have cooled off this summer. The National Association of Realtors said that pending home sales index slipped 1.1 percent last month. A combination of meager wage growth and higher home prices have helped slow down sales.\n\nFOR SALE: Family Dollar soared after Dollar Tree announced plans to buy the rival discount store for roughly $8.5 billion. Family Dollar has responded to recent struggles by cutting prices, shedding workers and closing stores. Last month, Carl Icahn, who has built up a stake in the company, urged Family Dollar to put itself up for sale. In midday trading, Family Dollar's stock shot up $14.34, or 24 percent, to $75. It rose the most in the S&P 500.\n\nHOUSE SURFING: Trulia jumped on news that Zillow, a rival real-estate listing service, said it has agreed to buy it for $3.5 billion. Boards of both companies have already signed off on the deal, but shareholders need to approve it. Trulia advanced $6.88, or 12 percent, to $63.23. Zillow slumped $3.46, or 2 percent, to $155.40.\n\nEARNINGS PARADE: Wall Street is in the middle of second-quarter earnings season, when big companies turn in their springtime results and tell investors how they think the rest of the year will shape up. This week, ExxonMobil and MasterCard are among the heavyweights posting earnings. American Express and Merck report Tuesday.\n\nNOT BAD: So far, the news has been much better than many expected. Of the 229 companies that have posted results, nearly seven out of 10 have reported higher profits than analysts projected, according to S&P Capital IQ. Banks have been the big surprise.\n\nRUSSIA: Tensions between Western powers and Russia remained a concern for investors. On Monday, an international court ordered Russia to pay over $50 billion to a group of investors for the expropriation of now-defunct oil company Yukos. The ruling comes as European countries are considering imposing sanctions on trade in defense, technology and other goods and restricting access to European capital markets for Russia's state-owned companies.\n\nSTRATEGIST'S VIEW: \"I think the market is doing what it should be doing,\" said Robert Pavlik, chief market strategist at Banyan Partners, a wealth management firm. \"It's not getting sucked into all the bad news out there. Russia is lobbing bombs into Ukraine, and that appears like it could spiral out of control. The Middle East looks out of control. But the stock market is trading near an all-time high.\"\n\nKEY REPORTS: A collection of major U.S. economic data comes out later this week. On Wednesday, the government's report on second-quarter gross domestic product is expected to show growth picking up. On Friday, economists forecast that the monthly jobs report will show employers added between 235,000 and 255,000 workers to their payrolls in July.\n\nEUROPE: In European markets, France's CAC 40 rose 0.3 percent while Germany's DAX shed 0.5 percent. Britain's FTSE 100 was flat.\n\nCHINA'S STABLE SIGNS: News that profits at China's industrial enterprises soared 17.9 percent in June over a year earlier suggested that the world's No. 2 economy has stabilized and gave Asian markets a boost. China's benchmark Shanghai Composite Index surged 2.4 percent.\n\nCURRENCIES, OIL: The euro edged up to $1.3436 from the previous session's $1.3431. The dollar rose to 101.85 yen from 101.83 yen. The price of benchmark U.S. crude oil declined 79 cents to $101.30 per barrel.\n\nCopyright 2014 The Associated Press. All rights reserved. This material may not be published, broadcast, rewritten or redistributed.",
                    "date": "2014-07-28",
                    "eventUri": "1079139",
                    "id": "16304970",
                    "isDuplicate": false,
                    "lang": "eng",
                    "sim": 0.8681,
                    "source": {
                        "title": "WFSB TV 3",
                        "uri": "www.wfsb.com"
                    },
                    "time": "16:57:00",
                    "title": "US stocks remain lower at midday",
                    "uri": "200170065",
                    "url": "http://www.wfsb.com/story/26125685/us-stocks-remain-lower-at-midday",
                    "wgt": 1
                },
                {
                    "body": "New York * Major U.S. stock market indexes nudged lower in midday trading on Monday, weighed down by a report of sluggish sales in the housing market.\n\nKEEPING SCORE: As of 12:24 p.m. Eastern time, the Standard & Poor's 500 index was down four points, or 0.2 percent, to 1,973. The Dow Jones industrial average lost 30 points, 0.2 percent, to 16,930 while the Nasdaq composite dropped 17 points, or 0.4 percent, to 4,431.\n\nHOUSING: Fewer Americans signed contracts to buy homes in June, as the real estate market appears to have cooled off this summer. The National Association of Realtors said that pending home sales index slipped 1.1 percent last month. A combination of meager wage growth and higher home prices have helped slow down sales.\n\nFOR SALE: Family Dollar soared after Dollar Tree announced plans to buy the rival discount store for roughly $8.5 billion. Family Dollar has responded to recent struggles by cutting prices, shedding workers and closing stores. Last month, Carl Icahn, who has built up a stake in the company, urged Family Dollar to put itself up for sale. In midday trading, Family Dollar's stock shot up $14.34, or 24 percent, to $75. It rose the most in the S&P 500.\n\nHOUSE SURFING: Trulia jumped on news that Zillow, a rival real-estate listing service, said it has agreed to buy it for $3.5 billion. Boards of both companies have already signed off on the deal, but shareholders need to approve it. Trulia advanced $6.88, or 12 percent, to $63.23. Zillow slumped $3.46, or 2 percent, to $155.40.\n\nEARNINGS PARADE: Wall Street is in the middle of second-quarter earnings season, when big companies turn in their springtime results and tell investors how they think the rest of the year will shape up. This week, ExxonMobil and MasterCard are among the heavyweights posting earnings. American Express and Merck report Tuesday.\n\nNOT BAD: So far, the news has been much better than many expected. Of the 229 companies that have posted results, nearly seven out of 10 have reported higher profits than analysts projected, according to S&P Capital IQ. Banks have been the big surprise.\n\nRUSSIA: Tensions between Western powers and Russia remained a concern for investors. On Monday, an international court ordered Russia to pay over $50 billion to a group of investors for the expropriation of now-defunct oil company Yukos. The ruling comes as European countries are considering imposing sanctions on trade in defense, technology and other goods and restricting access to European capital markets for Russia's state-owned companies.\n\nSTRATEGIST'S VIEW: \"I think the market is doing what it should be doing,\" said Robert Pavlik, chief market strategist at Banyan Partners, a wealth management firm. \"It's not getting sucked into all the bad news out there. Russia is lobbing bombs into Ukraine, and that appears like it could spiral out of control. The Middle East looks out of control. But the stock market is trading near an all-time high.\"\n\nKEY REPORTS: A collection of major U.S. economic data comes out later this week. On Wednesday, the government's report on second-quarter gross domestic product is expected to show growth picking up. On Friday, economists forecast that the monthly jobs report will show employers added between 235,000 and 255,000 workers to their payrolls in July.\n\nEUROPE: In European markets, France's CAC 40 rose 0.3 percent while Germany's DAX shed 0.5 percent. Britain's FTSE 100 was flat.\n\nCHINA'S STABLE SIGNS: News that profits at China's industrial enterprises soared 17.9 percent in June over a year earlier suggested that the world's No. 2 economy has stabilized and gave Asian markets a boost. China's benchmark Shanghai Composite Index surged 2.4 percent.\n\nCURRENCIES, OIL: The euro edged up to $1.3436 from the previous session's $1.3431. The dollar rose to 101.85 yen from 101.83 yen. The price of benchmark U.S. crude oil declined 79 cents to $101.30 per barrel.",
                    "date": "2014-07-28",
                    "eventUri": "1079139",
                    "id": "16319823",
                    "isDuplicate": false,
                    "lang": "eng",
                    "sim": 0.8659,
                    "source": {
                        "title": "The Salt Lake Tribune",
                        "uri": "www.sltrib.com"
                    },
                    "time": "15:27:00",
                    "title": "Sluggish housing market sends U.S. stocks down",
                    "uri": "200209168",
                    "url": "http://www.sltrib.com/sltrib/money/58232613-79/percent-market-dollar-housing.html.csp",
                    "wgt": 1
                },
                {
                    "body": "NEW YORK (AP) -- After dawdling between small gains and losses in a slow day of summer trading, the stock market ended little changed on Monday.\n\nInstead of worrying about the conflict between Russia and Ukraine or trouble in the world's other hot spots, investors appeared to sit tight.\n\nThe main reason, said Robert Pavlik, chief market strategist at Banyan Partners, a wealth management firm, is that the news that's most likely to move the market comes out later in the week.\n\nOn Wednesday, the Federal Reserve wraps up a two-day meeting then issues a statement that investors will study for any hints about the Fed's next interest-rate move. On Friday, the government releases its closely watched monthly jobs report.\n\n\"If you're a professional investor,\" Pavlik said, \"the big things you focus on this week are what the Federal Reserve says Wednesday and Friday's monthly employment report.\"\n\nA scattering of merger announcements drove some trading on Monday. Family Dollar rose the most in the Standard & Poor's 500 index -- with a 25 percent gain -- after Dollar Tree announced plans to buy the rival discount store for roughly $8.5 billion. Family Dollar's stock surged $15.08 to $75.74.\n\nTrulia jumped on news that Zillow, a rival real-estate listing service, was buying it for $3.5 billion. Trulia advanced $8.69, or 15 percent, to $65.04. Zillow picked up $1.46, or 1 percent, to $160.32.\n\nThe S&P 500 index edged up 0.57 of a point, or 0.03 percent, to close at 1,978.91.\n\nThe Dow Jones industrial average rose 22.02 points, 0.1 percent, to 16,982.59, while the Nasdaq composite slipped 4.65 points, or 0.1 percent, to 4,444.91.\n\nWall Street is in the middle of second-quarter earnings season, when big companies turn in their springtime results and tell investors how they think the rest of the year will shape up. This week, ExxonMobil and MasterCard are among the heavyweights posting earnings. American Express and Merck report Tuesday.\n\nSo far, the news has been better than many expected. Of the 229 companies that have posted results, nearly seven out of 10 have turned in higher profits than analysts projected, according to S&P Capital IQ.\n\nAmong the handful of companies reporting Monday, Tyson Foods announced higher quarterly profits as well as a plan to sell its chicken business in Mexico and Brazil for $575 million in cash. Tyson Foods climbed $1.02, or 3 percent, to $40.56.\n\nTensions between Western powers and Russia remained a concern for investors. On Monday, an international court ordered Russia to pay over $50 billion to a group of investors for the expropriation of now-defunct oil company Yukos. The ruling comes as European countries consider imposing sanctions on trade in defense, technology and other goods and restricting access to European capital markets for Russia's state-owned companies.\n\nPavlik said most U.S. investors have managed to set aside their worries over world politics and focus on the improving economy, though the conflicts could still rattle markets\n\n\"I think the market is doing what it should be doing,\" he said. \"It's not getting sucked into all the bad news out there. Russia is lobbing bombs into Ukraine, and that appears like it could spiral out of control. The Middle East looks out of control. But the stock market is trading near an all-time high.\"\n\nIn other trading on Monday, France's CAC 40 rose 0.3 percent while Germany's DAX shed 0.5 percent. Britain's FTSE 100 slipped 0.1 percent.\n\nNews that profits at China's industrial enterprises soared 17.9 percent in June over a year earlier suggested that the world's No. 2 economy has stabilized and gave Asian markets a boost. China's benchmark Shanghai Composite Index surged 2.4 percent.\n\nThe price of oil fell as traders awaited this week's economic reports. Benchmark U.S. crude oil fell 42 cents to $101.67 a barrel on the New York Mercantile Exchange. Brent crude, a benchmark for international oils, fell 82 cents to $107.57 on the ICE Futures exchange in London.\n\nBONDS: In U.S. government bonds, the yield on the 10-year Treasury note inched up to 2.48 percent from 2.47 percent late Friday. Bond yields rise when prices fall.",
                    "date": "2014-07-28",
                    "eventUri": "1079139",
                    "id": "16322511",
                    "isDuplicate": false,
                    "lang": "eng",
                    "sim": 0.8586,
                    "source": {
                        "title": "Times Union",
                        "uri": "www.timesunion.com"
                    },
                    "time": "21:59:00",
                    "title": "Stocks pause as traders await key economic news",
                    "uri": "200216230",
                    "url": "http://www.timesunion.com/business/energy/article/China-profits-boost-Asian-stock-markets-5650692.php",
                    "wgt": 1
                },
                {
                    "body": "NEW YORK (AP) - After dawdling between small gains and losses in a slow day of summer trading, the stock market ended little changed on Monday.\n\nInstead of worrying about the conflict between Russia and Ukraine or trouble in the world's other hot spots, investors appeared to sit tight.\n\nThe main reason, said Robert Pavlik, chief market strategist at Banyan Partners, a wealth management firm, is that the news that's most likely to move the market comes out later in the week.\n\nOn Wednesday, the Federal Reserve wraps up a two-day meeting then issues a statement that investors will study for any hints about the Fed's next interest-rate move. On Friday, the government releases its closely watched monthly jobs report.\n\n\"If you're a professional investor,\" Pavlik said, \"the big things you focus on this week are what the Federal Reserve says Wednesday and Friday's monthly employment report.\"\n\nA scattering of merger announcements drove some trading on Monday. Family Dollar rose the most in the Standard & Poor's 500 index - with a 25 percent gain - after Dollar Tree announced plans to buy the rival discount store for roughly $8.5 billion. Family Dollar's stock surged $15.08 to $75.74.\n\nTrulia jumped on news that Zillow, a rival real-estate listing service, was buying it for $3.5 billion. Trulia advanced $8.69, or 15 percent, to $65.04. Zillow picked up $1.46, or 1 percent, to $160.32.\n\nThe S&P 500 index edged up 0.57 of a point, or 0.03 percent, to close at 1,978.91.\n\nThe Dow Jones industrial average rose 22.02 points, 0.1 percent, to 16,982.59, while the Nasdaq composite slipped 4.65 points, or 0.1 percent, to 4,444.91.\n\nWall Street is in the middle of second-quarter earnings season, when big companies turn in their springtime results and tell investors how they think the rest of the year will shape up. This week, ExxonMobil and MasterCard are among the heavyweights posting earnings. American Express and Merck report Tuesday.\n\nSo far, the news has been better than many expected. Of the 229 companies that have posted results, nearly seven out of 10 have turned in higher profits than analysts projected, according to S&P Capital IQ.\n\nAmong the handful of companies reporting Monday, Tyson Foods announced higher quarterly profits as well as a plan to sell its chicken business in Mexico and Brazil for $575 million in cash. Tyson Foods climbed $1.02, or 3 percent, to $40.56.\n\nTensions between Western powers and Russia remained a concern for investors. On Monday, an international court ordered Russia to pay over $50 billion to a group of investors for the expropriation of now-defunct oil company Yukos. The ruling comes as European countries consider imposing sanctions on trade in defense, technology and other goods and restricting access to European capital markets for Russia's state-owned companies.\n\nPavlik said most U.S. investors have managed to set aside their worries over world politics and focus on the improving economy, though the conflicts could still rattle markets\n\n\"I think the market is doing what it should be doing,\" he said. \"It's not getting sucked into all the bad news out there. Russia is lobbing bombs into Ukraine, and that appears like it could spiral out of control. The Middle East looks out of control. But the stock market is trading near an all-time high.\"\n\nIn other trading on Monday, France's CAC 40 rose 0.3 percent while Germany's DAX shed 0.5 percent. Britain's FTSE 100 slipped 0.1 percent.\n\nNews that profits at China's industrial enterprises soared 17.9 percent in June over a year earlier suggested that the world's No. 2 economy has stabilized and gave Asian markets a boost. China's benchmark Shanghai Composite Index surged 2.4 percent.\n\nThe price of oil fell as traders awaited this week's economic reports. Benchmark U.S. crude oil fell 42 cents to $101.67 a barrel on the New York Mercantile Exchange. Brent crude, a benchmark for international oils, fell 82 cents to $107.57 on the ICE Futures exchange in London.\n\nBONDS: In U.S. government bonds, the yield on the 10-year Treasury note inched up to 2.48 percent from 2.47 percent late Friday. Bond yields rise when prices fall.\n\n___\n\nBusiness Writer Joe McDonald contributed to this report from Beijing.\n\nCopyright 2014 The Associated Press. All rights reserved. This material may not be published, broadcast, rewritten or redistributed.",
                    "date": "2014-07-28",
                    "eventUri": "1079139",
                    "id": "16317646",
                    "isDuplicate": false,
                    "lang": "eng",
                    "sim": 0.8553,
                    "source": {
                        "title": "WFSB TV 3",
                        "uri": "www.wfsb.com"
                    },
                    "time": "20:49:00",
                    "title": "Stocks pause as traders await key economic news",
                    "uri": "200204915",
                    "url": "http://www.wfsb.com/story/26125685/stocks-pause-as-traders-await-key-economic-news",
                    "wgt": 1
                },
                {
                    "body": "Last Updated Jul 28, 2014 5:23 PM EDT\n\nNEW YORK - After dawdling between small gains and losses in a slow day of summer trading, the stock market ended little changed on Monday.\n\nInstead of worrying about the conflict between Russia and Ukraine or trouble in the world's other hot spots, investors appeared to sit tight.\n\nThe main reason, said Robert Pavlik, chief market strategist at Banyan Partners, a wealth management firm, is that the news that's most likely to move the market comes out later in the week.\n\nOn Wednesday, the Federal Reserve wraps up a two-day policy-setting meeting, then issues a statement that investors will study for any hints about the Fed's next interest rate move. On Friday, the government releases its closely watched monthly jobs report.\n\n\"If you're a professional investor,\" Pavlik said, \"the big things you focus on this week are what the Federal Reserve says Wednesday and Friday's monthly employment report.\"\n\nA scattering of merger announcements drove some trading on Monday. Family Dollar (FDO) rose the most in the Standard & Poor's 500 index -- with a 25 percent gain -- after Dollar Tree (DLTR) announced plans to buy the rival discount store for roughly $8.5 billion. Family Dollar's stock surged $15.08 to $75.74.\n\nTrulia (TRLA) jumped on news that Zillow (Z), a rival real-estate listing service, was buying it for $3.5 billion. Trulia advanced $8.69, or 15 percent, to $65.04. Zillow picked up $1.46, or 1 percent, to $160.32.\n\nThe S&P 500 index edged up 0.57 of a point, or 0.03 percent, to close at 1,978.91.\n\nThe Dow Jones industrial average rose 22.02 points, 0.1 percent, to end at 16,982.59, while the Nasdaq composite slipped 4.65 points, or 0.1 percent, finishing at 4,444.91.\n\nWall Street is in the middle of second-quarter earnings season, when big companies turn in their springtime results and tell investors how they think the rest of the year will shape up. This week, Exxon Mobil (XOM) and MasterCard (MA) are among the heavyweights posting earnings. American Express (AXP) and Merck (MRK) report Tuesday.\n\nSo far, the news has been better than many expected. Of the 229 companies that have posted results, nearly seven out of 10 have turned in higher profits than analysts projected, according to S&P Capital IQ.\n\nAmong the handful of companies reporting Monday, Tyson Foods (TSN) announced higher quarterly profits as well as a plan to sell its chicken business in Mexico and Brazil for $575 million in cash. Tyson Foods climbed $1.02, or 3 percent, to $40.56.\n\nTensions between Western powers and Russia remained a concern for investors. On Monday, an international court ordered Russia to pay over $50 billion to a group of investors for the expropriation of now-defunct oil company Yukos. The ruling comes as European countries consider imposing sanctions on trade in defense, technology and other goods and restricting access to European capital markets for Russia's state-owned companies.\n\nPavlik said most U.S. investors have managed to set aside their worries over world politics and focus on the improving economy, though the conflicts could still rattle markets\n\n\"I think the market is doing what it should be doing,\" he said. \"It's not getting sucked into all the bad news out there. Russia is lobbing bombs into Ukraine, and that appears like it could spiral out of control. The Middle East looks out of control. But the stock market is trading near an all-time high.\"\n\nIn other trading on Monday, France's CAC 40 rose 0.3 percent while Germany's DAX shed 0.5 percent. Britain's FTSE 100 slipped 0.1 percent.\n\nNews that profits at China's industrial enterprises soared 17.9 percent in June over a year earlier suggested that the world's No. 2 economy has stabilized and gave Asian markets a boost. China's benchmark Shanghai Composite Index surged 2.4 percent.\n\nThe price of oil fell as traders awaited this week's economic reports. Benchmark U.S. crude oil fell 42 cents to $101.67 a barrel on the New York Mercantile Exchange. Brent crude, a benchmark for international oils, fell 82 cents to $107.57 on the ICE Futures exchange in London.\n\nBONDS: In U.S. government bonds, the yield on the 10-year Treasury note inched up to 2.48 percent from 2.47 percent late Friday. Bond yields rise when prices fall.",
                    "date": "2014-07-28",
                    "eventUri": "1079139",
                    "id": "16322584",
                    "isDuplicate": false,
                    "lang": "eng",
                    "sim": 0.8402,
                    "source": {
                        "title": "CNET",
                        "uri": "www.cbsnews.com"
                    },
                    "time": "22:00:00",
                    "title": "Stocks end slightly higher in tentative trading",
                    "uri": "200216450",
                    "url": "http://www.cbsnews.com/news/wall-street-lower-following-housing-report/?utm_source=feedburner&utm_medium=feed&utm_campaign=Feed%253A%2Bcbsnews%252Ffeed%2B%2528CBSNews.com%2529",
                    "wgt": 1
                },
                {
                    "body": "Despite two good-sized company deals, stocks were down on July 28, 2014. This is from March 8, 2010. (Credit: AP / Mark Lennihan)\n\nMajor stock market indexes drifted between slight gains and losses Monday afternoon, as traders prepared for a week loaded with reports on the economy and corporate profits.\n\nAt the close on Wall Street, the Standard & Poor's 500 index was up 0.6 point, or 0.03 percent, to 1,978.9. The Dow Jones industrial average edged up 22 points, or 0.1 percent, to 16,982.6, and the Nasdaq composite was off 4.7 points, about 0.10 percent at 4,445.\n\nFOR SALE: Family Dollar soared after Dollar Tree announced plans to buy the rival discount store for roughly $8.5 billion. Family Dollar has responded to recent struggles by cutting prices, shedding workers and closing stores. Last month, Carl Icahn, who has built up a stake in the company, urged Family Dollar to put itself up for sale. In afternoon trading, Family Dollar's stock rose the most in the S&P 500, soaring $14.65, or 24 percent, to $75.31.\n\nHOUSE SURFING: Trulia jumped on news that Zillow, a rival real estate listing service, said it has agreed to buy it for $3.5 billion. Boards of both companies have already signed off on the deal, but shareholders need to approve it. Trulia advanced $9.93, or 18 percent, to an even $66.28. Zillow gained $2.54, or 2 percent, to $161.40.\n\nCHICKEN DEAL: Tyson Foods announced a higher quarterly profit as well as a plan to sell its chicken businesses in Mexico and Brazil for $575 million in cash. The company said the sale to JBS SA, the Brazilian beef company, should be finished by the end of the year. Tyson Foods climbed 94 cents, or 2 percent, to $40.48.\n\nEARNINGS PARADE: Wall Street is in the middle of second-quarter earnings season, when big companies turn in their springtime results and tell investors how they think the rest of the year will shape up. This week, ExxonMobil and MasterCard are among the heavyweights posting earnings. American Express and Merck report Tuesday.\n\nNOT BAD: So far, the news has been much better than many expected. Of the 229 companies that have posted results, nearly seven out of 10 have reported higher profits than analysts projected, according to S&P Capital IQ. Banks have been the big surprise.\n\nRUSSIA: Tensions between Western powers and Russia remained a concern for investors. On Monday, an international court ordered Russia to pay over $50 billion to a group of investors for the expropriation of now-defunct oil company Yukos. The ruling comes as European countries are considering imposing sanctions on trade in defense, technology and other goods and restricting access to European capital markets for Russia's state-owned companies.\n\nTHE BIG PICTURE: \"I think the market is doing what it should be doing,\" said Robert Pavlik, chief market strategist at Banyan Partners, a wealth management firm. \"It's not getting sucked into all the bad news out there. Russia is lobbing bombs into Ukraine, and that appears like it could spiral out of control. The Middle East looks out of control. But the stock market is trading near an all-time high.\"\n\nKEY REPORTS: A collection of major U.S. economic data comes out later this week. On Wednesday, the government will release a report on gross domestic product between April and June, and the Federal Reserve will release a statement when it wraps up a two-day meeting. On Friday, economists forecast that the monthly jobs report will show employers added between 235,000 and 255,000 workers to their payrolls in July.",
                    "date": "2014-07-28",
                    "eventUri": "1079139",
                    "id": "16326741",
                    "isDuplicate": false,
                    "lang": "eng",
                    "sim": 0.8367,
                    "source": {
                        "title": "Newsday",
                        "uri": "www.newsday.com"
                    },
                    "time": "19:07:00",
                    "title": "After downward day, stocks recover slightly",
                    "uri": "200228095",
                    "url": "http://www.newsday.com/business/stocks-down-in-early-trading-1.8906579",
                    "wgt": 1
                },
                {
                    "body": "NEW YORK (AP) -- U.S. stocks are ending little changed as traders wait for key economic and earnings reports later this week.\n\nThe Standard & Poor's 500 index rose less than a point to close at 1,978 on Monday. The Dow Jones industrial average edged up 22 points to 16,982. The Nasdaq fell. The tech-heavy index dropped four points to 4,444.\n\nWall Street is in the middle of second-quarter earnings season, when big companies report springtime results and tell investors how they think the rest of the year will shape up. ExxonMobil and MasterCard are among the heavyweights posting earnings this week. On Wednesday, the government will release a report on gross domestic product between April and June.\n\nFamily Dollar soared 25 percent after Dollar Tree announced plans to buy the rival discount store.",
                    "date": "2014-07-28",
                    "eventUri": "1079139",
                    "id": "16316652",
                    "isDuplicate": false,
                    "lang": "eng",
                    "sim": 0.6671,
                    "source": {
                        "title": "Yahoo! News",
                        "uri": "news.yahoo.com"
                    },
                    "time": "20:28:00",
                    "title": "Stocks end little changed ahead of earnings rush",
                    "uri": "200201944",
                    "url": "http://news.yahoo.com/stocks-end-little-changed-ahead-earnings-rush-202040652--finance.html",
                    "wgt": 1
                },
                {
                    "body": "NEW YORK (AP) - U.S. stocks are ending little changed as traders wait for key economic and earnings reports later this week.\n\nThe Standard & Poor's 500 index rose less than a point to close at 1,978 on Monday. The Dow Jones industrial average edged up 22 points to 16,982. The Nasdaq fell. The tech-heavy index dropped four points to 4,444.\n\nWall Street is in the middle of second-quarter earnings season, when big companies report springtime results and tell investors how they think the rest of the year will shape up. ExxonMobil and MasterCard are among the heavyweights posting earnings this week. On Wednesday, the government will release a report on gross domestic product between April and June.\n\nFamily Dollar soared 25 percent after Dollar Tree announced plans to buy the rival discount store.\n\nCopyright 2014 The Associated Press. All rights reserved. This material may not be published, broadcast, rewritten or redistributed.",
                    "date": "2014-07-28",
                    "eventUri": "1079139",
                    "id": "16317645",
                    "isDuplicate": false,
                    "lang": "eng",
                    "sim": 0.6574,
                    "source": {
                        "title": "WFSB TV 3",
                        "uri": "www.wfsb.com"
                    },
                    "time": "20:49:00",
                    "title": "Stocks end little changed ahead of earnings rush",
                    "uri": "200204916",
                    "url": "http://www.wfsb.com/story/26132434/stocks-end-little-changed-ahead-of-earnings-rush",
                    "wgt": 1
                },
                {
                    "body": "US stocks are ending little changed as traders wait for key economic and earnings reports later this week.\n\nThe Standard & Poor's 500 index rose less than a point to close at 1,978 today. The Dow Jones industrial average edged up 22 points to 16,982. The Nasdaq fell. The tech-heavy index dropped four points to 4,444.\n\nWall Street is in the middle of second-quarter earnings season, when big companies report springtime results and tell investors how they think the rest of the year will shape up. ExxonMobil and MasterCard are among the heavyweights posting earnings this week. On Wednesday, the government will release a report on gross domestic product between April and June.\n\nFamily Dollar soared 25% after Dollar Tree announced plans to buy the rival discount store.",
                    "date": "2014-07-28",
                    "eventUri": "1079139",
                    "id": "16321464",
                    "isDuplicate": false,
                    "lang": "eng",
                    "sim": 0.6257,
                    "source": {
                        "title": "www.expressandstar.com",
                        "uri": "www.expressandstar.com"
                    },
                    "time": "21:38:00",
                    "title": "Stocks unchanged ahead of key data",
                    "uri": "200213387",
                    "url": "http://www.expressandstar.com/business/city-news/2014/07/28/stocks-unchanged-ahead-of-key-data/?utm_source=feedburner&utm_medium=feed&utm_campaign=Feed%253A%2Bexpressandstar_main%2B%2528expressandstar.com%2BMain%2BFeed%2529",
                    "wgt": 1
                },
                {
                    "body": "Mixed corporate news and economic reports in the US has provided no direction for local stocks ahead of Tuesday's opening.\n\nWhat you need2know:\n\n* SPI futures down 2 points to 5527\n\n* AUD at 94.08 US cents, 95.86 Japanese yen, 70.05 Euro cents and 55.41 British pence\n\n* On Wall St, S&P 500 flat, Dow +0.1%, Nasdaq -0.1%\n\n* In Europe, Euro Stoxx 50 -0.1%, FTSE -0.1%, CAC +0.3%, DAX -0.5%\n\n* Spot gold down 0.1% to $US1305.28 an ounce\n\n* Brent oil down 0.8 per cent to $US107.51 per barrel\n\nWhat's on today\n\nAustralia: June new home sales;\n\nUS: Federal Reserve's Federal Open Market Committee (FOMC) begins two-day meeting on interest rates, US July consumer confidence, US May Case Shiller home prices;\n\nUK: Bank of England deputy governor speaks.\n\nStocks to watch\n\nAlacer Gold is set to report earnings.\n\nAdvertisement\n\nQueensland-based BPS Technology, the global payments provider that owns Bartercard and customer payment app Bucqi, is set to list on the stock exchange in a deal that values the company at $58.5 million.\n\nDeutsche Bank has a 'hold' recommendation on Sirius Resources and a $3.85 target price.\n\nDeutsche Bank has a 'buy' recommendation on Sonic Healthcare and a $20 target price. Deutsche said an \"improving US outlook for the remainder of 2014 is encouraging\".\n\nCurrencies\n\nThe US dollar traded mostly flat against a basket of major currencies, halting last week's advance but still hovering near six-month highs as traders awaited a glut of economic data and policy releases.\n\nThe greenback inched lower against the euro but still traded near eight-month highs against the shared currency ahead of Wednesday's release of US second-quarter gross domestic product growth and a Federal Reserve policy announcement. Traders also await Friday's report on US nonfarm payrolls growth for July.\n\nCommodities\n\nHedge funds and money managers trimmed net long or 'buy' positions in copper markets from more-than-eight-year highs, the Commodity Futures Trading Commission said.\n\nOil prices dipped as signs of excess supplies of North Sea and West African crude and weak demand in Europe and Asia offset fears of escalating tensions in Ukraine and the Middle East.\n\nUnited States\n\nUS stocks ended nearly flat on Monday as the latest deal news offset losses following soft data on the housing market and services sector.\n\nAn index of pending home sales unexpectedly fell 1.1 per cent in June, according to the National Association of Realtors. The report followed a drop of 8.1 per cent in June new home sales, the biggest slump in almost a year.\n\nActivity in the US services sector stayed at its highest level in 4-1/2 years in July, though readings for new business and employment growth weakened, according to financial data firm Markit's preliminary data.\n\nDollar Tree agreed to buy rival discount chain Family Dollar Stores for $US8.5 billion to fend off growing competition from Wal-Mart Stores and fellow discounter Dollar General.\n\nZillow said it would buy smaller rival Trulia for $US3.5 billion in stock, combining the two most-popular US real estate website operators at a time when more prospective homebuyers are screening properties online.\n\nEurope\n\nEuropean equities have barely budged from their levels at the end of June, inching back from multi-year highs on doubts over the pace of economic recovery in the euro zone and the impact of conflicts in Ukraine and across the Middle East.\n\nLloyds Banking Group could face further punishment after agreeing to pay fines totalling $US370 million for its part in a global interest rate rigging scandal and for attempting to manipulate fees for a government lending scheme to help banks.\n\nWhat happened yesterday\n\nShares eased on Monday after company reporting season got off to a disappointing start, with fund managers and equity strategists eager for evidence that the sharemarket's recent six-year highs are justified.\n\nThe S&P/ASX 200 slid 6.1 points, or 0.11pc, to 5577.4.",
                    "date": "2014-07-28",
                    "eventUri": "1079139",
                    "id": "16319329",
                    "isDuplicate": false,
                    "lang": "eng",
                    "sim": 0.3773,
                    "source": {
                        "title": "The Age",
                        "uri": "www.theage.com.au"
                    },
                    "time": "21:04:00",
                    "title": "need2know: Caution signals steady start",
                    "uri": "200208167",
                    "url": "http://www.theage.com.au/business/markets/need2know-caution-signals-steady-start-20140729-3cq9q.html",
                    "wgt": 1
                }
            ]
        },
        "info": {
            "articleCount": 13,
            "averageDate": "2014-07-28",
            "avgCos": 0.7818,
            "categories": [],
            "customDate": false,
            "customLocation": false,
            "eventUri": "1079139",
            "extractedDate": "",
            "extractedDateEnd": "",
            "id": "1079139",
            "lang": "eng",
            "location": {
                "country": {
                    "labelEng": "United States",
                    "lat": 39.76,
                    "long": -98.5,
                    "wikiUri": "http://en.wikipedia.org/wiki/United_States"
                },
                "labelEng": "New York",
                "lat": 43.00035,
                "long": -75.4999,
                "wikiUri": "http://en.wikipedia.org/wiki/New_York"
            },
            "storyDate": "2014-07-28",
            "storyDateEnd": "",
            "uri": "850f305d-14db-4c75-b547-79470a557ea3-605043",
            "variance": 0.3888
        }
    },
    "e7e700df-6a06-44ea-a4f3-f736278fc36b-231661": {
        "articles": {
            "resultCount": 6,
            "results": [
                {
                    "body": "Ferrovial ha acordado lanzar un plan de recompra de acciones propias por el que se har\u00e1 con t\u00edtulos representativos de hasta un 3,5% de su capital social por un importe m\u00e1ximo de 350 millones de euros, seg\u00fan inform\u00f3 el grupo de construcci\u00f3n y servicios.\n\nMADRID, 28 (EUROPA PRESS)\n\nCon este programa, la compa\u00f1\u00eda que preside Rafael del Pino pretende complementar la retribuci\u00f3n al accionista y aumentar la liquidez de la acci\u00f3n, seg\u00fan detall\u00f3 la empresa a la Comisi\u00f3n Nacional del Mercado de Valores (CNMV).\n\nEn concreto, en virtud del plan de recompra de acciones, aprobado en la \u00faltima junta de accionistas del grupo, FERROVIAL (FER.MC)comprar\u00e1 en el mercado un m\u00e1ximo de 25,67 millones de acciones propias, representativas del 3,5% de su capital. La inversi\u00f3n en el programa ser\u00e1 de un m\u00e1ximo de 350 millones de euros.\n\nEl plan de compra de t\u00edtulos estar\u00e1 vigente hasta el 15 de diciembre de este a\u00f1o, si bien concluir\u00e1 con anterioridad si se alcanzasen antes los m\u00e1ximos establecidos de inversi\u00f3n y de acciones.\n\nFerrovial se compromete a comprar los t\u00edtulos a precio de mercado y a no adquirir m\u00e1s del 25% del volumen medio diario de las acciones de Ferrovial en el mercado regulado en el que se efect\u00fae la compra.",
                    "date": "2014-07-28",
                    "eventUri": "1079139",
                    "id": "16306415",
                    "isDuplicate": false,
                    "lang": "spa",
                    "sim": 0.8779,
                    "source": {
                        "title": "El Economista",
                        "uri": "www.eleconomista.es"
                    },
                    "time": "17:25:00",
                    "title": "Ferrovial lanza un plan de recompra de acciones al que destinar\u00e1 un m\u00e1ximo de 350 millones de euros",
                    "uri": "200174732",
                    "url": "http://www.eleconomista.es/economia/noticias/5974295/07/14/Ferrovial-lanza-un-plan-de-recompra-de-acciones-al-que-destinara-un-maximo-de-350-millones-de-euros.html",
                    "wgt": 1
                },
                {
                    "body": "Ferrovial ha acordado lanzar un plan de recompra de acciones propias por el que se har\u00e1 con t\u00edtulos representativos de hasta un 3,5% de su capital social por un importe m\u00e1ximo de 350 millones de euros, seg\u00fan inform\u00f3 el grupo de construcci\u00f3n y servicios.\n\nCon este programa, la compa\u00f1\u00eda que preside Rafael del Pino pretende complementar la retribuci\u00f3n al accionista y aumentar la liquidez de la acci\u00f3n, seg\u00fan detall\u00f3 la empresa a la Comisi\u00f3n Nacional del Mercado de Valores (CNMV).\n\nEn concreto, en virtud del plan de recompra de acciones, aprobado en la \u00faltima junta de accionistas del grupo, FERROVIAL (FER.MC)comprar\u00e1 en el mercado un m\u00e1ximo de 25,67 millones de acciones propias, representativas del 3,5% de su capital. La inversi\u00f3n en el programa ser\u00e1 de un m\u00e1ximo de 350 millones de euros.\n\nEl plan de compra de t\u00edtulos estar\u00e1 vigente hasta el 15 de diciembre de este a\u00f1o, si bien concluir\u00e1 con anterioridad si se alcanzasen antes los m\u00e1ximos establecidos de inversi\u00f3n y de acciones.\n\nFerrovial se compromete a comprar los t\u00edtulos a precio de mercado y a no adquirir m\u00e1s del 25% del volumen medio diario de las acciones de Ferrovial en el mercado regulado en el que se efect\u00fae la compra.",
                    "date": "2014-07-28",
                    "eventUri": "1079139",
                    "id": "16305572",
                    "isDuplicate": false,
                    "lang": "spa",
                    "sim": 0.8747,
                    "source": {
                        "title": "El Economista",
                        "uri": "www.eleconomista.es"
                    },
                    "time": "17:07:00",
                    "title": "Econom\u00eda/Empresas.- Ferrovial lanza un plan de recompra de acciones al que destinar\u00e1 un m\u00e1ximo de 350 millones de euros",
                    "uri": "200171887",
                    "url": "http://www.eleconomista.es/mercados-cotizaciones/noticias/5974290/07/14/Economia-Empresas-Ferrovial-lanza-un-plan-de-recompra-de-acciones-al-que-destinara-un-maximo-de-350-millones-de-euros.html",
                    "wgt": 1
                },
                {
                    "body": "FERROVIAL (FER.MC)ha acordado lanzar un plan de recompra de acciones propias con una inversi\u00f3n m\u00e1xima de 350 millones de euros y un tope de adquisici\u00f3n de 25,67 millones de acciones propias.\n\nCon el lanzamiento del programa la compa\u00f1\u00eda pretende contribuir a la pol\u00edtica de retribuci\u00f3n al accionista y favorecer la liquidez de la acci\u00f3n, seg\u00fan inform\u00f3 este lunes el grupo de construcci\u00f3n y servicios en una comunicaci\u00f3n remitida a la Comisi\u00f3n Nacional del Mercado de Valores (CNMV).\n\nLa inversi\u00f3n m\u00e1xima del programa ser\u00e1 de 350 millones y en ning\u00fan caso el n\u00famero de acciones a adquirir bajo el programa de recompra podr\u00e1 exceder de 25,67 millones de t\u00edtulos.\n\nEn lo que respecta al volumen de contrataci\u00f3n, la compa\u00f1\u00eda no comprar\u00e1 m\u00e1s del 25% del volumen medio diario de las acciones de Ferrovial en el mercado regulado en que se lleve a cabo la compra, aplic\u00e1ndose este l\u00edmite a la totalidad del programa de recompra.\n\nLa vigencia del programa est\u00e1 prevista hasta el pr\u00f3ximo 15 de diciembre. No obstante, Ferrovial se reserva el derecho a finalizar el programa si con anterioridad a esta fecha l\u00edmite hubiera adquirido acciones por un precio de adquisici\u00f3n que alcanzara el importe de la inversi\u00f3n m\u00e1xima. El programa podr\u00eda finalizar tambi\u00e9n si se alcanzara el n\u00famero m\u00e1ximo de acciones autorizado por la Junta General, o si concurriera otra circunstancia que as\u00ed lo aconsejara.",
                    "date": "2014-07-28",
                    "eventUri": "1079139",
                    "id": "16311064",
                    "isDuplicate": false,
                    "lang": "spa",
                    "sim": 0.8019,
                    "source": {
                        "title": "El Economista",
                        "uri": "www.eleconomista.es"
                    },
                    "time": "18:34:00",
                    "title": "Ferrovial lanza un programa de recompra de acciones con una inversi\u00f3n m\u00e1xima de 350 millones",
                    "uri": "200185873",
                    "url": "http://www.eleconomista.es/economia/noticias/5974462/07/14/Ferrovial-lanza-un-programa-de-recompra-de-acciones-con-una-inversion-maxima-de-350-millones.html",
                    "wgt": 1
                },
                {
                    "body": "Ferrovial ha acordado lanzar un plan de recompra de acciones propias con una inversi\u00f3n m\u00e1xima de 350 millones de euros y un tope de adquisici\u00f3n de 25,67 millones de acciones propias. Con el lanzamiento del programa la compa\u00f1\u00eda pretende contribuir a la pol\u00edtica de retribuci\u00f3n al accionista y favorecer la liquidez de la acci\u00f3n, seg\u00fan inform\u00f3 este lunes el grupo de construcci\u00f3n y servicios en una comunicaci\u00f3n remitida a la Comisi\u00f3n Nacional del Mercado de Valores (CNMV). La inversi\u00f3n m\u00e1xima del programa ser\u00e1 de 350 millones y en ning\u00fan caso el n\u00famero de acciones a adquirir bajo el programa de recompra podr\u00e1 exceder de 25,67 millones de t\u00edtulos.",
                    "date": "2014-07-28",
                    "eventUri": "1079139",
                    "id": "16310371",
                    "isDuplicate": false,
                    "lang": "spa",
                    "sim": 0.7787,
                    "source": {
                        "title": "El Economista",
                        "uri": "www.eleconomista.es"
                    },
                    "time": "18:28:00",
                    "title": "Ferrovial lanza un programa de recompra de acciones de hasta 350 millones",
                    "uri": "200184470",
                    "url": "http://www.eleconomista.es/empresas-finanzas/noticias/5974498/07/14/Ferrovial-lanza-un-programa-de-recompra-de-acciones-de-hasta-350-millones.html",
                    "wgt": 1
                },
                {
                    "body": "MADRID (Reuters) - El grupo espa\u00f1ol de infraestructuras Ferrovial dijo el lunes que su resultado operativo bruto de los primeros seis meses del a\u00f1o subi\u00f3 casi un 5 por ciento a 435 millones de euros, mientras que su beneficio neto cay\u00f3 m\u00e1s de un 40 por ciento debido a la ausencia de resultados extraordinarios que impactaron en las cuentas de 2013.\n\nFERROVIAL (FER.MC)atribuy\u00f3 el descenso de su beneficio a la inclusi\u00f3n en 2013 de resultados no recurrentes como la venta de Stansted o la plusval\u00eda en la venta de las sociedades conjuntas de su filial brit\u00e1nica Amey.\n\nLos ingresos del grupo de construcci\u00f3n y servicios subieron un 11,5 por ciento a 4.159 millones de euros entre enero y junio, despu\u00e9s de que un aumento pr\u00f3xima al 30 por ciento en su divisi\u00f3n de servicios - en la que ya consolida plenamente Enterprise tras integrarse en Amey - contribuyera a compensar las ca\u00eddas en aeropuertos, construcci\u00f3n y autopistas.\n\nLa cartera pendiente de ejecuci\u00f3n de Ferrovial alcanz\u00f3 un m\u00e1ximo hist\u00f3rico de 18.141 millones de euros.\n\nEn total, la cartera - de la que el 71 por ciento proviene de contratos fuera de Espa\u00f1a - baj\u00f3 un 7 por ciento a 7.297 millones de euros respecto a junio de 2013. La empresa destac\u00f3 que no incluye la adjudicaci\u00f3n de nuevos contratos por unos 1.100 millones de euros.\n\nLa deuda neta consolidada del grupo controlado por la familia Del Pino se situ\u00f3 en 5.563 millones de euros, frente a los 5.526 millones de euros de finales de marzo.\n\nFerrovial, a la que la agencia de calificaci\u00f3n Fitch mejor\u00f3 su nota crediticia a BBB a principios de mes, cerr\u00f3 en abril una l\u00ednea de liquidez sindicada de 750 millones de euros a cinco a\u00f1os y un coste de 80 puntos b\u00e1sicos que sustituy\u00f3 a varias l\u00edneas antiguas.\n\nAdem\u00e1s, en junio emiti\u00f3 su tercer bono corporativo por 300 millones de euros a 10 a\u00f1os y con un cup\u00f3n del 2,5 por ciento, y a partir del martes pondr\u00e1 en marcha un programa de recompra de acciones aprobado en su junta de accionistas por 350 millones de euros.\n\nEl grupo se refiri\u00f3 a las incertidumbres relacionadas con tres de sus autopistas, la estadounidense Indiana Toll Road (ITR) y las espa\u00f1olas R-4 y la AP-36 Oca\u00f1a-La Roda, ambas en suspensi\u00f3n de pagos.\n\n\"Creemos que deber\u00edamos poder llegar a un acuerdo muy pronto\", dijo en la conferencia con analistas Francisco Clemente, de la filial Cintra, refiri\u00e9ndose a las negociaciones con los acreedores de la autopista estadounidense para refinanciar la deuda.\n\nLa ITR tiene unos n\u00fameros rojos superiores a los 2.800 millones de euros, aunque Ferrovial destac\u00f3 que su valor consolidado en las cuentas es de cero.\n\n\"Las principales incertidumbres durante el segundo semestre son la recuperaci\u00f3n de los tr\u00e1ficos (en Espa\u00f1a) y la soluci\u00f3n final de las dos sociedades de autopistas espa\u00f1olas\", dijo el grupo en su nota de prensa.\n\nLa AP-36 iba a celebrar una junta de acreedores el pasado d\u00eda 18, pero se ha aplazado hasta el 19 de septiembre, dijo Ferrovial, mientras contin\u00faa la negociaci\u00f3n entre el Gobierno, la banca y las empresas para el rescate de nueve autopistas privadas de peaje que est\u00e1n quebradas.\n\nLas dos autopistas de Ferrovial suman una deuda superior a los 1.100 millones de euros. La empresa ha afirmado tenerlas ya provisionadas en sus cuentas.\n\nFerrovial, que public\u00f3 sus resultados al cierre de la sesi\u00f3n, cay\u00f3 el lunes un 1,28 por ciento a 15,7 euros.",
                    "date": "2014-07-28",
                    "eventUri": "1079139",
                    "id": "16312056",
                    "isDuplicate": false,
                    "lang": "spa",
                    "sim": 0.5962,
                    "source": {
                        "title": "El Economista",
                        "uri": "www.eleconomista.es"
                    },
                    "time": "18:52:00",
                    "title": "Ferrovial mejora un 4,8% Ebitda, beneficio cae por menos extraordinarios",
                    "uri": "200188301",
                    "url": "http://www.eleconomista.es/mercados-cotizaciones/noticias/5974531/07/14/Ferrovial-mejora-un-48-Ebitda-beneficio-cae-por-menos-extraordinarios.html",
                    "wgt": 1
                },
                {
                    "body": "El grupo logra en el exterior el 72% de sus ingresos y el 78% de su Ebitda\n\nMADRID, 31 (EUROPA PRESS)\n\nFERROVIAL (FER.MC)ha realizado una reordenaci\u00f3n societaria por la que ha segregado e integrado en tres empresas el negocio internacional que desarrolla con cada una de sus tres divisiones, infraestructuras, concesiones y servicios.\n\nAs\u00ed a partir de ahora, cada una de estas tres \u00e1reas de actividad del grupo agrupar\u00e1 sus activos y su actividad en el exterior en una empresa espec\u00edfica, todas ellas con sede en Espa\u00f1a, seg\u00fan informaron a Europa Press en fuentes de la empresa.\n\nLa compa\u00f1\u00eda que preside Rafael del Pino considera que, dado el crecimiento de su actividad internacional, esta reestructuraci\u00f3n \"mejorar\u00e1 el potencial de licitaci\u00f3n de los negocios y ahorrar\u00e1 costes financieros\".\n\nAs\u00ed, a partir de ahora, la constructora Ferrovial Agrom\u00e1n canalizar\u00e1 su actividad internacional a trav\u00e9s de Ferrovial Agrom\u00e1n Internacional.\n\nDe su lado, Cintra Infraestructuras Espa\u00f1a se quedar\u00e1 con las concesiones en el pa\u00eds y Cintra Infraestructuras asumir\u00e1 las for\u00e1neas, y el mismo proceso se realizar\u00e1 en Ferrovial Servicios para que una nueva sociedad filial canalice el negocio internacional.\n\nSeg\u00fan datos de cierre de 2013, Espa\u00f1a supone el 28% de la facturaci\u00f3n total del grupo Ferrovial y el 22% de su beneficio bruto de explotaci\u00f3n (Ebitda). El 72% de sus ingresos y el 78% del Ebitda ya proceden de la actividad exterior.\n\nEn concreto, Gran Breta\u00f1a es el primer mercado de la compa\u00f1\u00eda, dado que obtiene en este pa\u00eds el 42% del total de sus ingresos, por delante de Espa\u00f1a. Posteriormente se sit\u00faan Estados Unidos y Canad\u00e1, donde la compa\u00f1\u00eda genera el 18% de su facturaci\u00f3n total y Polonia, con otro 7%.\n\nCRECIMIENTO Y EXPANSION.\n\nFerrovial est\u00e1 actualmente inmersa en una estrategia de crecimiento y expansi\u00f3n internacional, liderada por su negocio de servicios y la rama de concesiones, tanto de aeropuertos y como de autopistas.\n\nEn el marco de esta pol\u00edtica, con ocasi\u00f3n de la junta de accionistas que celebr\u00f3 el pasado mes de junio, Ferrovial avanz\u00f3 que en la segunda mitad del a\u00f1o prev\u00e9 pujar por siete autopistas de distintos pa\u00edses y que no descarta adquisiciones para reforzar sus negocios.\n\nAsimismo, la compa\u00f1\u00eda controlada por la familia Del Pino busca entrar en M\u00e9xico a trav\u00e9s de los planes de inversi\u00f3n en infraestructuras que este pa\u00eds ha puesto en marcha. De esta forma, extender\u00eda su negocio a toda Norteam\u00e9rica.",
                    "date": "2014-07-31",
                    "eventUri": "1079139",
                    "id": "16516234",
                    "isDuplicate": false,
                    "lang": "spa",
                    "sim": 0.5839,
                    "source": {
                        "title": "El Economista",
                        "uri": "www.eleconomista.es"
                    },
                    "time": "11:43:00",
                    "title": "Econom\u00eda/Empresas.- Ferrovial reorganiza en tres empresas su negocio internacional",
                    "uri": "200765979",
                    "url": "http://www.eleconomista.es/mercados-cotizaciones/noticias/5981986/07/14/Economia-Empresas-Ferrovial-reorganiza-en-tres-empresas-su-negocio-internacional.html",
                    "wgt": 1
                }
            ]
        },
        "info": {
            "articleCount": 6,
            "averageDate": "2014-07-29",
            "avgCos": 0.7522,
            "categories": [],
            "customDate": false,
            "customLocation": false,
            "eventUri": "1079139",
            "extractedDate": "",
            "extractedDateEnd": "",
            "id": "1127614",
            "lang": "spa",
            "location": {
                "country": {
                    "labelEng": "Spain",
                    "lat": 40,
                    "long": -4,
                    "wikiUri": "http://en.wikipedia.org/wiki/Spain"
                },
                "labelEng": "Madrid",
                "lat": 40.42526,
                "long": -3.69063,
                "wikiUri": "http://en.wikipedia.org/wiki/Madrid"
            },
            "storyDate": "2014-07-29",
            "storyDateEnd": "",
            "uri": "e7e700df-6a06-44ea-a4f3-f736278fc36b-231661",
            "variance": 0.4342
        }
    },
    "meta": {
        "CCAArticleMatchCount": 22,
        "CCAArticleMatchRatio": 0.1517241379310345,
        "CCAAvgCosSim": 0.8434909090909088,
        "CCAAvgMatchWgt": 34.04545454545455,
        "_articleUri1": "200209141",
        "_articleUri2": "200174732",
        "_datetime": "2015-02-19 17:48:52",
        "_ruleBasedShouldMerge": false,
        "_storyUri1": "850f305d-14db-4c75-b547-79470a557ea3-605043",
        "_storyUri2": "e7e700df-6a06-44ea-a4f3-f736278fc36b-231661",
        "_username": "Evgenia Belyaeva",
        "artCount1": 13,
        "artCount2": 6,
        "avgCosSimStory1": 0.7818,
        "avgCosSimStory2": 0.7522,
        "categorySim": 0,
        "conceptCosSim": 0.03271640314539036,
        "conceptJaccardSim": 0.04301075268817205,
        "coreTime1": 127746.5166666667,
        "coreTime2": 127745.1166666667,
        "coreTimeStDev1": 2.011536972500819,
        "coreTimeStDev2": 24.46694056385935,
        "entityCosSim": 0.0008548953078503938,
        "entityJaccardSim": 0.02777777777777778,
        "extractedDateJaccardSim": 0,
        "extractedDatesStory1": 4,
        "extractedDatesStory2": 0,
        "hasSameLocation": 0,
        "keywordCosSim": 0.04725555920502301,
        "keywordJaccardSim": 0.05263157894736842,
        "lang1": "eng",
        "lang2": "spa",
        "matchingDateCount": 0,
        "matchingDateRatio": 0,
        "ratioAnnotatedArticlesStory1": 1,
        "ratioAnnotatedArticlesStory2": 1,
        "shouldMerge": false,
        "storyQuality1": 26,
        "storyQuality2": 15,
        "timeAvg1": 127747.691025641,
        "timeAvg2": 127757.025,
        "timeStDev1": 2.025822776656918,
        "timeStDev2": 24.46694056385935,
        "varianceStory1": 0.3888,
        "varianceStory2": 0.4342
    }
}