{
    "850f305d-14db-4c75-b547-79470a557ea3-251977": {
        "articles": {
            "resultCount": 6,
            "results": [
                {
                    "body": "PLYMOUTH, Wash.  (AP) -- An explosion and fire at a Williams Northwest Pipeline plant near the Washington-Oregon border have injured one worker and prompted evacuations at the facility and at nearby homes.\n Company spokeswoman Michele Swaner says all employees were evacuated and accounted for after the explosion Monday morning at the Plymouth, Wash., , plant, where liquefied natural gas is converted into vapor.  She says one employee was burned but will recover.\n Benton County Emergency Operations spokeswoman Carol Cimrhakl (sim-mer-hawk-ell) says people in a 2-mile radius of the plant are being evacuated.\n The Tri-City Herald reports (http://bit.ly/1ffbgRD ) Highway 14 through Plymouth is being closed.\n The fire was still burning at 10 a.m. Swaner says it's too early to determine the extent of the damage or how it happened.\n Williams operates two liquefied natural gas tanks at Plymouth, which is across the Columbia River from Umatilla, Ore.",
                    "date": "2014-03-31",
                    "eventUri": "512572",
                    "id": "8684947",
                    "isDuplicate": false,
                    "lang": "eng",
                    "sim": 0.9567,
                    "source": {
                        "title": "KMOV kmov.com",
                        "uri": "www.kmov.com"
                    },
                    "time": "17:50:00",
                    "title": "1 hurt in natural gas blast at Washington plant",
                    "uri": "172051941",
                    "url": "http://www.kmov.com/news/national/253231041.html",
                    "wgt": 1
                },
                {
                    "body": "PLYMOUTH, Wash.  - An explosion and fire at a Williams Northwest Pipeline plant near the Washington-Oregon border have injured one worker and prompted evacuations at the facility and at nearby homes.\n Company spokeswoman Michele Swaner says all employees were evacuated and accounted for after the explosion Monday morning at the Plymouth, Wash., , plant, where liquefied natural gas is converted into vapor.  She says one employee was burned but will recover.\n Benton County Emergency Operations spokeswoman Carol Cimrhakl says people in a 2-mile radius of the plant are being evacuated.\n The Tri-City Herald reports Highway 14 through Plymouth is being closed.\n The fire was still burning at 10 a.m. Swaner says it's too early to determine the extent of the damage or how it happened.\n Williams operates two liquefied natural gas tanks at Plymouth, which is across the Columbia River from Umatilla, Ore.",
                    "date": "2014-03-31",
                    "eventUri": "512572",
                    "id": "8684781",
                    "isDuplicate": false,
                    "lang": "eng",
                    "sim": 0.9394,
                    "source": {
                        "title": "Fox News",
                        "uri": "www.foxnews.com"
                    },
                    "time": "17:47:00",
                    "title": "1 injured in natural gas explosion at Washington plant",
                    "uri": "172051198",
                    "url": "http://www.foxnews.com/us/2014/03/31/1-injured-in-natural-gas-explosion-at-washington-plant/?utm_source=feedburner&utm_medium=feed&utm_campaign=Feed%253A%2Bfoxnews%252Fnational%2B%2528Internal%2B-%2BUS%2BLatest%2B-%2BText%2529",
                    "wgt": 1
                },
                {
                    "body": "Company spokeswoman Michele Swaner says all employees were evacuated and accounted for after the explosion Monday morning at the Plymouth, Wash., , plant, where liquefied natural gas is converted into vapor.  She says one employee was burned but will recover.\n Benton County Emergency Operations spokeswoman Carol Cimrhakl (sim-mer-hawk-ell) says people in a 2-mile radius of the plant are being evacuated.\n The Tri-City Herald reports (http://bit.ly/1ffbgRD ) Highway 14 through Plymouth is being closed.\n The fire was still burning at 10 a.m. Swaner says it's too early to determine the extent of the damage or how it happened.\n Williams operates two liquefied natural gas tanks at Plymouth, which is across the Columbia River from Umatilla, Ore.",
                    "date": "2014-03-31",
                    "eventUri": "512572",
                    "id": "8684614",
                    "isDuplicate": false,
                    "lang": "eng",
                    "sim": 0.8845,
                    "source": {
                        "title": "kansascity",
                        "uri": "www.kansascity.com"
                    },
                    "time": "17:44:00",
                    "title": "1 hurt in natural gas blast at Washington plant",
                    "uri": "172050624",
                    "url": "http://www.kansascity.com/2014/03/31/4927445/1-hurt-in-natural-gas-blast-at.html#storylink%3Drss",
                    "wgt": 1
                },
                {
                    "body": "PLYMOUTH, Wash.  -- An explosion and fire at a Williams Northwest Pipeline plant near the Washington-Oregon border have injured one worker and prompted evacuations at the facility and at nearby homes.\n Company spokeswoman Michele Swaner says all employees were evacuated and accounted for after the explosion Monday morning at the Plymouth, Wash., , plant, where liquefied natural gas is converted into vapor.  She says one employee was burned but will recover.\n Benton County Emergency Operations spokeswoman Carol Cimrhakl says people in a 2-mile radius of the plant are being evacuated.\n The Tri-City Herald reported Highway 14 through Plymouth is being closed.\n The fire was still burning at 10 a.m. Swaner says it's too early to determine the extent of the damage or how it happened.",
                    "date": "2014-03-31",
                    "eventUri": "512572",
                    "id": "8691529",
                    "isDuplicate": false,
                    "lang": "eng",
                    "sim": 0.8802,
                    "source": {
                        "title": "www.lagrandeobserver.com",
                        "uri": "www.lagrandeobserver.com"
                    },
                    "time": "20:23:00",
                    "title": "1 hurt in natural gas blast at Washington plant",
                    "uri": "172068617",
                    "url": "http://www.lagrandeobserver.com/News/Local-News/1-hurt-in-natural-gas-blast-at-Washington-plant?utm_source=feedburner&utm_medium=feed&utm_campaign=Feed%253A%2BLaGrandeObserver%2B%2528La%2BGrande%2BObserver%2529&utm_content=FeedBurner",
                    "wgt": 1
                },
                {
                    "body": "A natural gas fire is burning at a Williams company storage facility at Plymouth, Wash.\n A Benton County Emergency Operations spokeswoman, Carol Cimrhakl (sim-mer-hawk-ell) says it happened at 8:20 a.m. Monday.\n She says the Plymouth area is being evacuated while firefighters and other emergency people respond.\n She can't confirm any reports of injuries.\n Williams operates two liquefied natural gas tanks at Plymouth, which is across the Columbia River from Umatilla, Ore.\n KONA (http://www.610kona.com/ ) reports there was an explosion.\n Tri-City Herald reports (http://bit.ly/1ffbgRD ) Highway 14 through Plymouth is being closed.",
                    "date": "2014-03-31",
                    "eventUri": "512572",
                    "id": "8681522",
                    "isDuplicate": false,
                    "lang": "eng",
                    "sim": 0.7085,
                    "source": {
                        "title": "The Seattle Times",
                        "uri": "seattletimes.com"
                    },
                    "time": "16:40:00",
                    "title": "Natural gas explosion reported at Plymouth, Wash.",
                    "uri": "172037559",
                    "url": "http://seattletimes.com/html/nationworld/2023269247_apxnaturalgasexplosion.html",
                    "wgt": 1
                },
                {
                    "body": "RICHLAND, Wash.  -- A Hanford contractor is still trying to find the source of vapors that have sickened 25 workers in the past couple of weeks around waste storage tanks on the nuclear reservation.\n Washington River Protection Solutions' spokesman John Britton tells KONA the chemical exposure was low, but officials are still concerned about the number of incidents.\n A senior project manager has been asked to take over the investigation.",
                    "date": "2014-04-02",
                    "eventUri": "512572",
                    "id": "8806634",
                    "isDuplicate": false,
                    "lang": "eng",
                    "sim": 0.339,
                    "source": {
                        "title": "KGW",
                        "uri": "www.kgw.com"
                    },
                    "time": "18:40:00",
                    "title": "Source of sickening Hanford fumes a mystery",
                    "uri": "172605760",
                    "url": "http://www.kgw.com/news/local/Source-of-sickening-Hanford-fumes-still-a-mystery-253580761.html",
                    "wgt": 1
                }
            ]
        },
        "info": {
            "articleCount": 6,
            "averageDate": "2014-04-01",
            "avgCos": 0.7847,
            "categories": [],
            "customDate": false,
            "customLocation": false,
            "eventUri": "512572",
            "extractedDate": "",
            "extractedDateEnd": "",
            "id": "491050",
            "lang": "eng",
            "location": {
                "country": {
                    "labelEng": "United States",
                    "lat": 39.76,
                    "long": -98.5,
                    "wikiUri": "http://en.wikipedia.org/wiki/United_States"
                },
                "labelEng": "Washington, D.C.",
                "lat": 38.91706,
                "long": -77.00025,
                "wikiUri": "http://en.wikipedia.org/wiki/Washington,_D.C."
            },
            "storyDate": "2014-04-01",
            "storyDateEnd": "",
            "uri": "850f305d-14db-4c75-b547-79470a557ea3-251977",
            "variance": 0.3842
        }
    },
    "e7e700df-6a06-44ea-a4f3-f736278fc36b-123277": {
        "articles": {
            "resultCount": 5,
            "results": [
                {
                    "body": "Su compa\u00f1ero, considerado c\u00f3mplice, es condenado a once meses de c\u00e1rcel\nSANTANDER, 31 (EUROPA PRESS)\nEl Juzgado de lo Penal n\u00famero Dos de Santander ha condenado a tres a\u00f1os de prisi\u00f3n al instalador de una placa de cocina y a once meses de c\u00e1rcel a su compa\u00f1ero por la explosi\u00f3n del edificio Jai Alai de Laredo, en el que perdieron la vida seis personas y otras siete resultaron heridas.\n La sentencia, notificada este lunes, condena al primero como autor y al segundo como c\u00f3mplice de un delito de estragos por imprudencia grave en concurso con seis delitos de homicidio por imprudencia grave y tres delitos de lesiones por imprudencia grave.\n Adem\u00e1s de las penas de prisi\u00f3n, el juez les inhabilita como montadores e instaladores de electrodom\u00e9sticos por cinco a\u00f1os -para el principal acusado- y por dos a\u00f1os y medio -para el c\u00f3mplice.\n Junto a ello, deber\u00e1n indemnizar juntos y solidariamente con las aseguradoras a las familias de los fallecidos, a los lesionados y a los afectados por los da\u00f1os en el edificio por un valor total de 1,8 millones de euros.\n La sentencia considera probado que ambos acusados procedieron a la instalaci\u00f3n de una placa de cocina de gas natural cuando el servicio de gas del edificio era propano.\n Sin tener cualificaci\u00f3n adecuada y sin ser instaladores autorizados, procedieron modificar la instalaci\u00f3n existente, con el fin de conectar los tubos de la cocina y de la placa, que ten\u00edan distintas secciones y di\u00e1metro.\n Una vez efectuada la conexi\u00f3n, abrieron la llave del gas y comprobaron que la llama que sal\u00eda era excesiva, debido a que los quemadores instalados eran para gas natural y no para propano.\n Entonces, los acusados abandonaron el lugar indicando a su propietario que para utilizar la placa abrieran la llave al m\u00ednimo y que al d\u00eda siguiente volver\u00edan a cambiar los quemadores de gas ciudad por los de propano.\n Seg\u00fan se\u00f1ala la resoluci\u00f3n, no advirtieron del peligro que conllevaba tal instalaci\u00f3n, ni se aseguraron de que las llaves de paso estuvieran cerradas, ni se cercioraron de que por la uni\u00f3n realizada no se produc\u00edan perdidas de gas.\n Horas m\u00e1s tarde -de madrugada- se produjo una explosi\u00f3n en la vivienda, cuya causa fue una fuga de gas propano que se produjo en el tramo instalado por los acusados, consecuencia de la perdida continua de gas, siendo el detonante el re\u00f3stato del frigor\u00edfico que al ponerse en marcha gener\u00f3 una chispa que fue el detonante de la explosi\u00f3n del gas acumulado.",
                    "date": "2014-03-31",
                    "eventUri": "506706",
                    "id": "8665807",
                    "isDuplicate": false,
                    "lang": "spa",
                    "sim": 0.927,
                    "source": {
                        "title": "LaVanguardia",
                        "uri": "www.lavanguardia.com"
                    },
                    "time": "10:57:00",
                    "title": "Tres a\u00f1os de prisi\u00f3n al instalador de la placa de cocina que ocasion\u00f3 la explosi\u00f3n del Jai Alai de Laredo",
                    "uri": "171973788",
                    "url": "http://www.lavanguardia.com/local/cantabria/20140331/54405297779/tres-anos-de-prision-al-instalador-de-la-placa-de-cocina-que-ocasiono-la-explosion-del-jai-alai-de.html",
                    "wgt": 1
                },
                {
                    "body": "Foto: EUROPA PRESS A su compa\u00f1ero, considerado c\u00f3mplice, se le condena a once meses de prisi\u00f3n\nSANTANDER, 31 Mar. (EUROPA PRESS) -\nEl Juzgado de lo Penal n\u00famero Dos de Santander ha condenado a tres a\u00f1os de prisi\u00f3n al instalador de una placa de cocina y a once meses de c\u00e1rcel a su compa\u00f1ero por la explosi\u00f3n e incendio del edificio Jai Alai de Laredo, ocurrida el 27 de julio de 2006, en el que perdieron la vida seis personas y otras siete resultaron heridas.\n La sentencia, notificada este lunes, condena al primero, Alberto M.P., como autor, y al segundo, \u00d3scar B.P., como c\u00f3mplice de un delito de estragos por imprudencia grave en concurso con seis delitos de homicidio por imprudencia grave y tres delitos de lesiones por imprudencia grave.\n Adem\u00e1s de las penas de prisi\u00f3n, el juez les inhabilita como montadores e instaladores de electrodom\u00e9sticos por cinco a\u00f1os -para el principal acusado- y por dos a\u00f1os y medio -para el c\u00f3mplice.\n Junto a ello, deber\u00e1n indemnizar juntos y solidariamente con las aseguradoras a las familias de los fallecidos, a los lesionados y a los afectados por los da\u00f1os en el edificio por un valor total de 1,8 millones de euros.\n La sentencia considera probado que ambos acusados procedieron a la instalaci\u00f3n de una placa de cocina de gas natural cuando el servicio de gas del edificio era propano.\n Sin tener cualificaci\u00f3n adecuada y sin ser instaladores autorizados, procedieron modificar la instalaci\u00f3n existente, con el fin de conectar los tubos de la cocina y de la placa, que ten\u00edan distintas secciones y di\u00e1metro.\n Una vez efectuada la conexi\u00f3n, abrieron la llave del gas y comprobaron que la llama que sal\u00eda era excesiva, debido a que los quemadores instalados eran para gas natural y no para propano.\n Entonces, los acusados abandonaron el lugar indicando a su propietario que para utilizar la placa abrieran la llave al m\u00ednimo y que al d\u00eda siguiente volver\u00edan a cambiar los quemadores de gas ciudad por los de propano.\n Seg\u00fan se\u00f1ala la resoluci\u00f3n, no advirtieron del peligro que conllevaba tal instalaci\u00f3n, ni se aseguraron de que las llaves de paso estuvieran cerradas, ni se cercioraron de que por la uni\u00f3n realizada no se produc\u00edan perdidas de gas.\n Horas m\u00e1s tarde -de madrugada- se produjo una explosi\u00f3n en la vivienda, cuya causa fue una fuga de gas propano que se produjo en el tramo instalado por los acusados, consecuencia de la perdida continua de gas, siendo el detonante el re\u00f3stato del frigor\u00edfico que al ponerse en marcha gener\u00f3 una chispa que fue el detonante de la explosi\u00f3n del gas acumulado.\n JUICIO\nEl juicio por la explosi\u00f3n del Jai Alai qued\u00f3 visto para sentencia el pasado 15 de marzo despu\u00e9s de que la fiscal mantuviera los delitos y la pena de cuatro a\u00f1os de prisi\u00f3n que hab\u00eda solicitado para cada uno de los dos imputados, a los que acusaba de un delito de estragos por imprudencia grave en concurso con seis de homicidio imprudente y tres de lesiones por imprudencia grave.\n En el juicio, los acusados afirmaron que s\u00f3lo hab\u00edan llevado la placa, que era mixta --electricidad y gas natural-- y la hab\u00edan dejado colocada a la encimera pero no conectada, ya que de eso se encargar\u00eda posteriormente un instalador autorizado.\n Sin embargo, la fiscal consider\u00f3 acreditado que fueron ellos quienes la instalaron y opin\u00f3, bas\u00e1ndose entre otras en declaraciones de testigos, que era \"imposible\" que la instalaci\u00f3n de la cocina se realizase despu\u00e9s de que se marcharan los acusados.\n Asimismo, descart\u00f3 que el due\u00f1o de la casa, que en un principio figur\u00f3 como imputado en la causa y cuya esposa muri\u00f3 en el suceso, supiera de cocinas o de su instalaci\u00f3n.\n De hecho, la fiscal dio credibilidad a la declaraci\u00f3n de este \u00faltimo, que, seg\u00fan los acusados, pudo ser quien conect\u00f3 la placa y no ellos para hacer la cena esa noche, horas antes de la explosi\u00f3n causada por una fuga de gas.\n Aparte de las penas de prisi\u00f3n, la fiscal reclamaba a los acusados indemnizaciones por m\u00e1s de 1,6 millones de euros, de los que 982.963 corresponden a los da\u00f1os en las viviendas y edificio, y 620.982 a da\u00f1os personales y fallecimientos, cifra que no inclu\u00eda la de cuatro fallecidos.\n Tambi\u00e9n reclamaba la inhabilitaci\u00f3n para el ejercicio de la profesi\u00f3n de montadores e instaladores de aparatos electrodom\u00e9sticos durante seis a\u00f1os.\n Por su parte las acusaciones particulares, se adhirieron, casi en la totalidad de aspectos, a la descripci\u00f3n de los hechos y la tipificaci\u00f3n de los delitos de la fiscal.\n S\u00f3lo una de ellas realiz\u00f3 una distinci\u00f3n en la petici\u00f3n de penas para los acusados, ya que solicit\u00f3 cuatro a\u00f1os de prisi\u00f3n para Alberto M.P. como autor y dos para \u00d3scar B.P.",
                    "date": "2014-03-31",
                    "eventUri": "506706",
                    "id": "8666355",
                    "isDuplicate": false,
                    "lang": "spa",
                    "sim": 0.8698,
                    "source": {
                        "title": "europapress.es",
                        "uri": "www.europapress.es"
                    },
                    "time": "11:44:00",
                    "title": "Tres a\u00f1os al instalador de la placa que ocasion\u00f3 la explosi\u00f3n del Jai Alai",
                    "uri": "171976122",
                    "url": "http://www.europapress.es/cantabria/noticia-am-tribunales-tres-anos-carcel-instalador-placa-cocina-ocasiono-explosion-jai-alai-laredo-20140331132358.html",
                    "wgt": 1
                },
                {
                    "body": "El Tribunal Superior de Justicia de Cantabria ha condenado a tres a\u00f1os de prisi\u00f3n al instalador de la placa de cocina que caus\u00f3 el terrible incendio en el Jai Alai, en Laredo, en el que murieron seis personas y otras siete resultaron heridas.  Adem\u00e1s, el juzgado de lo penal tambi\u00e9n condena al compa\u00f1ero, considerado c\u00f3mplice, a once meses de c\u00e1rcel por un delito de estragos por imprudencia grave.\n El juez les inhabilita como montadores e instaladores de electrodom\u00e9sticos por cinco a\u00f1os -para el principal acusado- y por dos a\u00f1os y medio -para el c\u00f3mplice y deber\u00e1n indemnizar juntos y solidariamente con las aseguradoras a las familias de los fallecidos, a los lesionados y a los afectados por los da\u00f1os en el edificio por un valor total de 1,8 millones de euros.\n La sentencia considera probado que ambos acusados, sin tener la cualificaci\u00f3n adecuada y sin ser instaladores autorizados, procedieron a la instalaci\u00f3n de una placa de cocina de gas natural cuando el servicio de gas del edificio era propano.  Una vez efectuada la conexi\u00f3n, abrieron la llave del gas y comprobaron que la llama que sal\u00eda era excesiva, debido a que los quemadores instalados eran para gas natural y no para propano.  Los imputados abandonaron el lugar indicando a su propietario que para utilizar la placa abrieran la llave al m\u00ednimo y que al d\u00eda siguiente volver\u00edan a cambiar los quemadores de gas ciudad por los de propano.\n Seg\u00fan se\u00f1ala la resoluci\u00f3n, no advirtieron del peligro que conllevaba tal instalaci\u00f3n, ni se aseguraron de que las llaves de paso estuvieran cerradas, ni se cercioraron de que por la uni\u00f3n realizada no se produc\u00edan perdidas de gas.\n Horas m\u00e1s tarde -de madrugada- se produjo una explosi\u00f3n en la vivienda, cuya causa fue una fuga de gas propano que se produjo en el tramo instalado por los acusados, consecuencia de la perdida continua de gas, siendo el detonante el re\u00f3stato del frigor\u00edfico que al ponerse en marcha gener\u00f3 una chispa que fue el detonante de la explosi\u00f3n del gas acumulado.",
                    "date": "2014-03-31",
                    "eventUri": "506706",
                    "id": "8666063",
                    "isDuplicate": false,
                    "lang": "spa",
                    "sim": 0.8695,
                    "source": {
                        "title": "El Diario Montanes",
                        "uri": "www.eldiariomontanes.es"
                    },
                    "time": "11:38:00",
                    "title": "Condenado a tres a\u00f1os el instalador de la cocina que provoc\u00f3 el incendio del Jai Alai",
                    "uri": "171974880",
                    "url": "http://www.eldiariomontanes.es/20140331/local/castro-oriental/condenado-tres-anos-prision-201403311258.html?utm_source=eldiariomontanes.es&utm_medium=rss&utm_content=ultima-rss&utm_campaign=traffic-rss",
                    "wgt": 1
                },
                {
                    "body": "Los condenados deber\u00e1n indemnizar a los afectados por los da\u00f1os en el edificio con 1,8 millones de euros.  / Rafael S\u00e1nchez\nEl Juzgado de lo Penal n\u00famero Dos de Santander ha condenado a tres a\u00f1os de prisi\u00f3n al instalador de una placa de cocina y a once meses de c\u00e1rcel a su compa\u00f1ero por la explosi\u00f3n del edificio Jai Alai de Laredo (Cantabria), en el que perdieron la vida seis personas y otras siete resultaron heridas.  La sentencia, notificada este lunes, condena al primero como autor y al segundo como c\u00f3mplice de un delito de estragos por imprudencia grave en concurso con seis delitos de homicidio por imprudencia grave y tres delitos de lesiones por imprudencia grave.  Adem\u00e1s de las penas de prisi\u00f3n, el juez les inhabilita como montadores e instaladores de electrodom\u00e9sticos por cinco a\u00f1os -para el principal acusado- y por dos a\u00f1os y medio para el c\u00f3mplice.\n Junto a ello, deber\u00e1n indemnizar juntos y solidariamente con las aseguradoras a las familias de los fallecidos, a los lesionados y a los afectados por los da\u00f1os en el edificio por un valor total de 1,8 millones de euros.  La sentencia considera probado que ambos acusados procedieron a la instalaci\u00f3n de una placa de cocina de gas natural cuando el servicio de gas del edificio era propano.\n Sin tener cualificaci\u00f3n adecuada y sin ser instaladores autorizados, procedieron modificar la instalaci\u00f3n existente, con el fin de conectar los tubos de la cocina y de la placa, que ten\u00edan distintas secciones y di\u00e1metro.  Una vez efectuada la conexi\u00f3n, abrieron la llave del gas y comprobaron que la llama que sal\u00eda era excesiva, debido a que los quemadores instalados eran para gas natural y no para propano.  Entonces, los acusados abandonaron el lugar indicando a su propietario que para utilizar la placa abrieran la llave al m\u00ednimo y que al d\u00eda siguiente volver\u00edan a cambiar los quemadores de gas ciudad por los de propano.\n Seg\u00fan se\u00f1ala la resoluci\u00f3n, no advirtieron del peligro que conllevaba tal instalaci\u00f3n, ni se aseguraron de que las llaves de paso estuvieran cerradas, ni se cercioraron de que por la uni\u00f3n realizada no se produc\u00edan perdidas de gas.  Horas m\u00e1s tarde -de madrugada- se produjo una explosi\u00f3n en la vivienda, cuya causa fue una fuga de gas propano que se produjo en el tramo instalado por los acusados, consecuencia de la perdida continua de gas, siendo el detonante el re\u00f3stato del frigor\u00edfico que al ponerse en marcha gener\u00f3 una chispa que fue el detonante de la explosi\u00f3n del gas acumulado.\n Seis muertos\nUn matrimonio septuagenario de Bilbao y su hija de 37 a\u00f1os; una anciana impedida de Getxo y su cuidadora boliviana y una mujer vizca\u00edna de 40 a\u00f1os fueron las v\u00edctimas mortales del tr\u00e1gico suceso que tuvo lugar el 27 de julio de 2006.\n Las v\u00edctimas veraneaban \"desde siempre\" en Laredo y eran \"muy queridas\", dijo en su d\u00eda el alcalde de entonces, Santos Fern\u00e1ndez.  Se trata del matrimonio de Bilbao formado por Jaime Bilbao, de 78 a\u00f1os, y Trinidad L\u00f3pez, de 70, y su hija Ana Mar\u00eda, de 37 a\u00f1os; de Reyes Barreras, de 40 a\u00f1os y vecina de Getxo, y de Emilia Ballesteros, de 93 a\u00f1os y vecina de Getxo, y Elsa Taboada, de 44.",
                    "date": "2014-03-31",
                    "eventUri": "506706",
                    "id": "8666851",
                    "isDuplicate": false,
                    "lang": "spa",
                    "sim": 0.8463,
                    "source": {
                        "title": "Bizkaia - El Correo.com",
                        "uri": "www.elcorreo.com"
                    },
                    "time": "11:56:00",
                    "title": "Tres a\u00f1os de c\u00e1rcel para el instalador de una placa de cocina que ocasion\u00f3 seis muertes en Laredo",
                    "uri": "171978377",
                    "url": "http://www.elcorreo.com/vizcaya/20140331/mas-actualidad/sociedad/tres-anos-carcel-para-201403311349.html?utm_source=elcorreodigital.com&utm_medium=rss&utm_content=sociedad-rss&utm_campaign=traffic-rss",
                    "wgt": 1
                },
                {
                    "body": "Ser\u00e1n juzgados esta semana en la Audiencia Provincial\nSANTANDER, 29 (EUROPA PRESS)\nLa Fiscal\u00eda de Cantabria pide un total de 22 a\u00f1os de c\u00e1rcel para los cuatro acusados de dar una paliza a un hombre en el exterior del bar 'Kroker' de Torrelavega en noviembre de 2008.  El juicio se celebrar\u00e1 esta semana, el mi\u00e9rcoles 2 de abril, en la Audiencia Provincial.\n Los acusados, tres de ellos con antecedentes penales, se enfrentan a penas de cinco a\u00f1os y medio por un delito de lesiones.  Seg\u00fan consta en el relato del fiscal, los cuatro golpearon a la v\u00edctima hasta tirarle al suelo, donde continuaron \"pate\u00e1ndole\", y tambi\u00e9n golpearon a un amigo que acudi\u00f3 en su auxilio.\n Adem\u00e1s, el fiscal pide un a\u00f1o m\u00e1s de c\u00e1rcel por un delito de atentado a la autoridad para uno de los acusados, que se abalanz\u00f3 contra un agente de la Polic\u00eda Nacional cuando vio que su hija menor de edad estaba siendo retenida.\n La v\u00edctima sufri\u00f3 numerosas lesiones que tard\u00f3 en curar 375 d\u00edas y m\u00faltiples secuelas por las que la Fiscal\u00eda pide a los acusados una indemnizaci\u00f3n de m\u00e1s de 48.000 euros.  Por su parte, la acusaci\u00f3n particular pide cinco a\u00f1os de c\u00e1rcel para cada uno de ellos y 95.000 euros de indemnizaci\u00f3n.",
                    "date": "2014-03-29",
                    "eventUri": "506706",
                    "id": "8603179",
                    "isDuplicate": false,
                    "lang": "spa",
                    "sim": 0.4291,
                    "source": {
                        "title": "LaVanguardia",
                        "uri": "www.lavanguardia.com"
                    },
                    "time": "18:20:00",
                    "title": "Fiscal\u00eda pide 23 a\u00f1os de c\u00e1rcel para los cuatro acusados de una paliza en un bar de Torrelavega en 2008",
                    "uri": "171609096",
                    "url": "http://www.lavanguardia.com/local/cantabria/20140329/54404245933/fiscalia-pide-23-anos-de-carcel-para-los-cuatro-acusados-de-una-paliza-en-un-bar-de-torrelavega-en.html",
                    "wgt": 1
                }
            ]
        },
        "info": {
            "articleCount": 5,
            "averageDate": "2014-03-31",
            "avgCos": 0.7883,
            "categories": [],
            "customDate": false,
            "customLocation": false,
            "eventUri": "506706",
            "extractedDate": "",
            "extractedDateEnd": "",
            "id": "506706",
            "lang": "spa",
            "storyDate": "2014-03-31",
            "storyDateEnd": "",
            "uri": "e7e700df-6a06-44ea-a4f3-f736278fc36b-123277",
            "variance": 0.3785
        }
    },
    "meta": {
        "CCAArticleMatchCount": 4,
        "CCAArticleMatchRatio": 0.06666666666666667,
        "CCAAvgCosSim": 0.8708875,
        "CCAAvgMatchWgt": 13.25,
        "_articleUri1": "172051941",
        "_articleUri2": "171973788",
        "_datetime": "2015-02-19 17:49:26",
        "_ruleBasedShouldMerge": false,
        "_storyUri1": "850f305d-14db-4c75-b547-79470a557ea3-251977",
        "_storyUri2": "e7e700df-6a06-44ea-a4f3-f736278fc36b-123277",
        "_username": "Evgenia Belyaeva",
        "artCount1": 6,
        "artCount2": 5,
        "avgCosSimStory1": 0.7847,
        "avgCosSimStory2": 0.7883,
        "categorySim": 0,
        "conceptCosSim": 0,
        "conceptJaccardSim": 0,
        "coreTime1": 124888.6666666667,
        "coreTime2": 124842.3333333333,
        "coreTimeStDev1": 18.14199565022759,
        "coreTimeStDev2": 16.49498240206729,
        "entityCosSim": 0,
        "entityJaccardSim": 0,
        "extractedDateJaccardSim": -1,
        "extractedDatesStory1": 0,
        "extractedDatesStory2": 0,
        "hasSameLocation": -1,
        "keywordCosSim": 0,
        "keywordJaccardSim": 0,
        "lang1": "eng",
        "lang2": "spa",
        "matchingDateCount": 0,
        "matchingDateRatio": 0,
        "ratioAnnotatedArticlesStory1": 1,
        "ratioAnnotatedArticlesStory2": 1,
        "shouldMerge": false,
        "storyQuality1": 18,
        "storyQuality2": 17,
        "timeAvg1": 124898.1777777778,
        "timeAvg2": 124875.3166666667,
        "timeStDev1": 18.14199565022759,
        "timeStDev2": 16.49498240206729,
        "varianceStory1": 0.3842,
        "varianceStory2": 0.3785
    }
}