{
    "850f305d-14db-4c75-b547-79470a557ea3-544817": {
        "articles": {
            "resultCount": 5,
            "results": [
                {
                    "body": "Tibetans are able to adapt to high altitudes because of a gene they picked up when their ancestors mated with a species of human they helped push to extinction, according to a new study.\n According to the study, an unusual variant of a gene involved in regulating the body's production of hemoglobin became widespread in Tibetans after they moved onto the high-altitude areas many years ago.  That particular hemoglobin allowed them to survive despite low oxygen levels at 15,000 feet or more.\n \"We have very clear evidence that this version of the gene came from Denisovans,\" a mysterious human relative that went extinct 40,000-50,000 years ago, around the same time as the more well-known Neanderthals, under pressure from modern humans, said principal author Rasmus Nielsen, UC Berkeley professor of integrative biology in the press release.  \"This shows very clearly and directly that humans evolved and adapted to new environments by getting their genes from another species.\" \"\n\"We found part of the EPAS1 gene in Tibetans is almost identical to the gene in Denisovans and very different from all other humans,\" Nielsen added.  \"We can do a statistical analysis to show that this must have come from Denisovans.  There is no other way of explaining the data.\" \"\nResearchers had reported the prevalence of high-altitude version of EPAS1 in Tibetans in 2010.  Back then, they based their findings on sequencing the genomes of numerous Han Chinese and Tibetans.\n \"There might be many other species from which we also got DNA, but we don't know because we don't have the genomes,\" Nielsen said in the press release.  \"The only reason we can say that this bit of DNA is Denisovan is because of this lucky accident of sequencing DNA from a little bone found in a cave in Siberia.  We found the Denisovan species at the DNA level, but how many other species are out there that we haven't sequenced?\"",
                    "date": "2014-07-03",
                    "eventUri": "937263",
                    "id": "14243761",
                    "isDuplicate": false,
                    "lang": "eng",
                    "sim": 0.7431,
                    "source": {
                        "title": "Counsel & Heal",
                        "uri": "www.counselheal.com"
                    },
                    "time": "11:06:00",
                    "title": "Here's How Tibetans Cope In High Altitudes",
                    "uri": "194258248",
                    "url": "http://www.counselheal.com/articles/10333/20140703/heres-tibetans-cope-high-altitudes.htm",
                    "wgt": 1
                },
                {
                    "body": "Tibetans were able to adapt to high altitudes thanks to what is sometimes called the super-athlete gene, or more prosaically, EPAS1, they acquired when their ancestors bred with Denisovans - a mysterious group of prehistoric hominins that went extinct around 45,000 years ago.\n EPAS1 is activated when oxygen levels in the blood drop, triggering production of more hemoglobin.  This gene has been referred to as the super-athlete gene because at low elevations, some variants of it help athletes quickly boost hemoglobin and thus the oxygen-carrying capacity of their blood, upping endurance.\n An unusual variant of EPAS1 became widespread in Tibetans after they moved onto the high-altitude plateau several thousand years ago.  This variant allowed them to survive despite low oxygen levels at elevations of 4,500 meters or more.\n \"We have very clear evidence that this version of the gene came from Denisovans.  This shows very clearly and directly that humans evolved and adapted to new environments by getting their genes from another species,\" said Prof Rasmus Nielsen of the University of California, Berkeley, who is the senior author of a paper published in the journal Nature.\n For their study, Prof Nielsen' team sequenced the EPAS1 gene in 40 Tibetans and 40 Han Chinese individuals.\n The data revealed that the high-altitude variant of EPAS1 is so unusual that it could only have come from Denisovans.  Aside from its low frequency in Han Chinese, it occurs in no other known humans, not even Melanesians whose genomes are nearly 5 percent Denisovan.\n The variant (or allele) of EPAS1 found in Tibetans raises hemoglobin and red blood cell levels only slightly at high elevations, avoiding the side effects seen in most people who relocate to elevations above 4,000 meters.\n \"We found that part of the EPAS1 gene in Tibetans is almost identical to the gene in Denisovans and very different from all other humans.  We can do a statistical analysis to show that this must have come from Denisovans.  There is no other way of explaining the data,\" Prof Nielsen said.\n Prof Nielsen described a possible scenario leading to this result: \"modern humans coming out of Africa interbred with Denisovan populations in Eurasia as they passed through that area into China, and their descendants still retain a small percentage - perhaps 0.1 percent - of Denisovan DNA.\" \"\n\"The group that invaded China eventually split, with one population moving into Tibet and the other, now known as Han Chinese, dominating the lower elevations.\" \"\nProf Nielsen added: \"there might be many other species from which we also got DNA, but we don't know because we don't have the genomes.\" \"\n\"The only reason we can say that this bit of DNA is Denisovan is because of this lucky accident of sequencing DNA from a little bone found in a cave in Siberia.  We found the Denisovan species at the DNA level, but how many other species are out there that we haven't sequenced?\"",
                    "date": "2014-07-03",
                    "eventUri": "937263",
                    "id": "14243763",
                    "isDuplicate": false,
                    "lang": "eng",
                    "sim": 0.7202,
                    "source": {
                        "title": "www.sci-news.com",
                        "uri": "www.sci-news.com"
                    },
                    "time": "10:46:00",
                    "title": "Tibetans Inherit Super-Athlete Gene from Denisovans",
                    "uri": "194258250",
                    "url": "http://www.sci-news.com/genetics/science-tibetans-super-athlete-gene-denisovans-02038.html",
                    "wgt": 1
                },
                {
                    "body": "Clue to late puberty in sheep discovered by AgResearch\nA needle-in-a-haystack search for the genetic cause of delayed puberty in a flock of Romney ewes has paid off for a team of AgResearch scientists.\n Understanding what regulates the arrival of puberty is important for livestock breeding as well as human health.\n Researchers in AgResearch's Animal Reproduction team at Invermay had noticed that late puberty was a family trait in their research flock.  This caused the late developers to miss out on lambing during what could be their first breeding season.  They had previously demonstrated that late developers also produce fewer lambs during their lifespans.\n A family tree search traced the trait back to a common grand-sire from the Davisdale line of Romneys.  This line of sheep, which has become an important research tool, was established by retired AgResearch scientist Dr George Davis from the flock of his father, Stan Davis.\n The researchers had the entire genome of the sire and three of his sons sequenced, and then began hunting for a gene variant that could be responsible for delayed puberty in their descendent ewes.\n \"We focussed our search on 60 genes known to be involved in reproductive function, as well as those involved in growth and body composition, because these are also related to puberty onset,\" said co-author and Science Team Leader Dr Sara Edwards.\n They then looked for the gene variants in the female descendants' DNA and matched their occurrence with age at puberty.\n \"We found a strong association between age of puberty and a naturally occurring gene variant,\" says lead researcher Dr Jenny Juengel.  \"Those ewes who were the oldest when they reached puberty had inherited two copies of the leptin receptor gene variant.  This was a new finding.\" \"\nLeptin is an important hormone for controlling fat deposition and regulating appetite.\n The leptin receptor sits on the surface of cells, detecting and receiving the leptin hormone as it circulates through the body.  The receptor is known to be associated with puberty onset in mice, humans and cattle.\n The research has been published in the international academic journal Biology of Reproduction.\n \"There is more work to be done before we can be absolutely certain that the variant we found is responsible for the late puberty onset,\" points out Dr Juengel.  \"But the current evidence is compelling.\" \"\nSearching for the responsible gene was made possible with the use of new technology that allows entire genomes to be sequenced affordably in a matter of weeks.  \"Screening genes for variants on this scale would not have been feasible even five years ago,\" says Dr Edwards.  Much of the screening work was carried out by Research Associate Michelle French.\n The next step of the project is to work with AgResearch's Animal Genomics team to find out how common the leptin receptor variant is in the national flock.  The team also aims to confirm whether the variant directly affects lambing rates throughout a ewe's reproductive life.  Breeding the trait out of flocks could significantly increase lifetime reproductive rates, and therefore farm profitability.\n The research was carried out in collaboration with the Indian Council of Agriculture Research Complex for North Eastern Hill Region, and funded by the Ministry of Business, Innovation and Employment, AgResearch Core funding and an Indian Biotechnology Overseas Associateship grant.",
                    "date": "2014-07-08",
                    "eventUri": "937263",
                    "id": "14441694",
                    "isDuplicate": false,
                    "lang": "eng",
                    "sim": 0.6869,
                    "source": {
                        "title": "Scoop",
                        "uri": "www.scoop.co.nz"
                    },
                    "time": "22:47:00",
                    "title": "Clue to late puberty in sheep discovered by AgResearch - Scoop.co.nz (press release)",
                    "uri": "195189984",
                    "url": "http://www.scoop.co.nz/stories/SC1407/S00023/clue-to-late-puberty-in-sheep-discovered-by-agresearch.htm",
                    "wgt": 1
                },
                {
                    "body": "A needle-in-a-haystack search for the genetic cause of delayed puberty in a flock of Romney ewes has paid off for a team of AgResearch scientists.C Clue to late puberty in sheep discovered by AgResearch\nA needle-in-a-haystack search for the genetic cause of delayed puberty in a flock of Romney ewes has paid off for a team of AgResearch scientists.\n Understanding what regulates the arrival of puberty is important for livestock breeding as well as human health.\n Researchers in AgResearch's Animal Reproduction team at Invermay had noticed that late puberty was a family trait in their research flock.  This caused the late developers to miss out on lambing during what could be their first breeding season.  They had previously demonstrated that late developers also produce fewer lambs during their lifespans.\n A family tree search traced the trait back to a common grand-sire from the Davisdale line of Romneys.  This line of sheep, which has become an important research tool, was established by retired AgResearch scientist Dr George Davis from the flock of his father, Stan Davis.\n The researchers had the entire genome of the sire and three of his sons sequenced, and then began hunting for a gene variant that could be responsible for delayed puberty in their descendent ewes.\n \"We focussed our search on 60 genes known to be involved in reproductive function, as well as those involved in growth and body composition, because these are also related to puberty onset,\" said co-author and Science Team Leader Dr Sara Edwards.\n They then looked for the gene variants in the female descendants' DNA and matched their occurrence with age at puberty.\n \"We found a strong association between age of puberty and a naturally occurring gene variant,\" says lead researcher Dr Jenny Juengel.  \"Those ewes who were the oldest when they reached puberty had inherited two copies of the leptin receptor gene variant.  This was a new finding.\" \"\nLeptin is an important hormone for controlling fat deposition and regulating appetite.\n The leptin receptor sits on the surface of cells, detecting and receiving the leptin hormone as it circulates through the body.  The receptor is known to be associated with puberty onset in mice, humans and cattle.\n The research has been published in the international academic journal Biology of Reproduction.\n \"There is more work to be done before we can be absolutely certain that the variant we found is responsible for the late puberty onset,\" points out Dr Juengel.  \"But the current evidence is compelling.\" \"\nSearching for the responsible gene was made possible with the use of new technology that allows entire genomes to be sequenced affordably in a matter of weeks.  \"Screening genes for variants on this scale would not have been feasible even five years ago,\" says Dr Edwards.  Much of the screening work was carried out by Research Associate Michelle French.\n The next step of the project is to work with AgResearch's Animal Genomics team to find out how common the leptin receptor variant is in the national flock.  The team also aims to confirm whether the variant directly affects lambing rates throughout a ewe's reproductive life.  Breeding the trait out of flocks could significantly increase lifetime reproductive rates, and therefore farm profitability.\n The research was carried out in collaboration with the Indian Council of Agriculture Research Complex for North Eastern Hill Region, and funded by the Ministry of Business, Innovation and Employment, AgResearch Core funding and an Indian Biotechnology Overseas Associateship grant.",
                    "date": "2014-07-08",
                    "eventUri": "937263",
                    "id": "14441090",
                    "isDuplicate": false,
                    "lang": "eng",
                    "sim": 0.6808,
                    "source": {
                        "title": "business.scoop.co.nz",
                        "uri": "business.scoop.co.nz"
                    },
                    "time": "23:13:00",
                    "title": "Clue to late puberty in sheep discovered by AgResearch - Scoop.co.nz (press release)",
                    "uri": "195186927",
                    "url": "http://business.scoop.co.nz/2014/07/09/clue-to-late-puberty-in-sheep-discovered-by-agresearch/",
                    "wgt": 1
                },
                {
                    "body": "NEW YORK -- Tibetans living on the ''roof of the world'' can thank an extinct human relative for providing a gene that helps them adapt to the high altitude, a study suggests.\n Past research has concluded that a particular gene helps people live in the thin air of the Tibetan plateau.  Now scientists report that the Tibetan version of that gene is found in DNA from Denisovans, a poorly understood human relative more closely related to Neanderthals than modern people.\n Continue reading below\nDenisovans are known only from fossils in a Siberian cave that are dated to about 50,000 years ago.  Some of their DNA has also been found in other modern populations, indicating they interbred with ancient members of today's human race.\n But the version of the high-altitude gene shared by Denisovans and Tibetans is found in virtually no other population today, researchers report in an article released Wednesday by the journal Nature.\n That suggests that Denisovans or close relatives of theirs introduced the gene variant into the modern human species, but that it remained rare until some people started moving into the Tibetan plateau, said the study's main author, Rasmus Nielsen of the University of California, Berkeley.\n At that point, it conferred a survival advantage and so spread through the Tibetan population, he said in an e-mail.  It's not clear whether the Denisovans were also adapted to high altitudes, he said.\n The results show that as early members of today's human species expanded outside of Africa and encountered new environments, they could call on their genetic legacies from other species, he said.\n Continue reading below\nThe Tibetan plateau rises above 13,000 feet in elevation.  The genetic variant helps by affecting the amount of oxygen the blood can carry when a person is in thin air.  Apart from Tibetans, it is found very rarely in Han Chinese and also exists in Mongolians and Sherpas, who are also related to Tibetans and may have picked it up relatively recently, Nielsen said.  The researchers found no trace of it outside East Asia.",
                    "date": "2014-07-10",
                    "eventUri": "937263",
                    "id": "14469865",
                    "isDuplicate": false,
                    "lang": "eng",
                    "sim": 0.6524,
                    "source": {
                        "title": "BostonGlobe.com",
                        "uri": "www.bostonglobe.com"
                    },
                    "time": "03:18:00",
                    "title": "Scientists find ancient Tibetan altitude gene",
                    "uri": "194196271",
                    "url": "http://www.bostonglobe.com/news/science/2014/07/02/ancient-gene-aids-tibetans-with-high-altitude/vfGTfn7ImpBuxh4sgWJDVL/story.html",
                    "wgt": 1
                }
            ]
        },
        "info": {
            "articleCount": 5,
            "averageDate": "2014-07-06",
            "avgCos": 0.4926,
            "categories": [
                {
                    "label": "Science/Biology/Genetics",
                    "uri": "http://www.dmoz.org/Science/Biology/Genetics",
                    "wgt": 30
                }
            ],
            "customDate": false,
            "customLocation": false,
            "eventUri": "937263",
            "extractedDate": "",
            "extractedDateEnd": "",
            "id": "945790",
            "lang": "eng",
            "storyDate": "2014-07-06",
            "storyDateEnd": "",
            "uri": "850f305d-14db-4c75-b547-79470a557ea3-544817",
            "variance": 0.2573
        }
    },
    "e7e700df-6a06-44ea-a4f3-f736278fc36b-199403": {
        "articles": {
            "resultCount": 5,
            "results": [
                {
                    "body": "Un equipo de investigadores del Vall d'Hebron Institut de Recerca (VHIR) ha participado en una investigaci\u00f3n internacional que ha identificado 518 nuevas microbacterias, completamente desconocidas hasta ahora, en la microbiota (flora intestinal) humana.\n La investigaci\u00f3n, en la que los cient\u00edficos han empleado un nuevo enfoque de an\u00e1lisis bioinform\u00e1tico, ha ampliado adem\u00e1s el cat\u00e1logo de genes microbianos conocidos, de 3 a 10 millones.\n Los resultados de esta investigaci\u00f3n, que publica hoy la revista 'Nature Biotechnology', forman parte del proyecto europeo MetaHIT (Metagenomics Human Intestinal Tract), dotado con 11,4 millones de euros para investigar c\u00f3mo se relaciona el microbioma humano con la salud y la enfermedad.\n El Vall d'Hebron Institut de Recerca (VHIR) es uno de los 13 que participan en este proyecto -y el \u00fanico centro espa\u00f1ol-, bajo la direcci\u00f3n del doctor Francisco Guarner, quien ha explicado que no todas las muestras estudiadas poseen esta cantidad de especies desconocidas.\n Las muestras de la flora intestinal de algunos individuos tienen muy pocas de estas especies y, al analizarlo con detalle, han visto que se trata de las muestras de pacientes con enfermedad de Crohn.\n \"Esto plantea que estas especies, hasta ahora desconocidas, son posiblemente las que marcan la diferencia entre la microbiota de las personas sanas y la de las enfermas\", ha anunciado Guarner.\n Seg\u00fan el investigador, estos datos abren estrategias para intentar recuperar estas especies con intervenciones nutricionales: administrando fibras, prebi\u00f3ticos que ayuden al crecimiento selectivo de algunas especies o probi\u00f3ticos.\n Estas bacterias desconocidas son, probablemente, de las llamadas \"bacterias buenas\" pues al no ser las t\u00edpicas que producen una infecci\u00f3n, ni se conocen ni se han aislado antes.\n Seg\u00fan Guarner, las bacterias descubiertas no pueden ser aisladas porque \"casi con toda seguridad no sobrevivir\u00edan fuera del colon para poder ser trasplantadas\".\n El responsable del trabajo e investigador del Grupo de Fisiolog\u00eda y Fisiopatolog\u00eda Digestiva del VHIR ha se\u00f1alado que las nuevas especies descubiertas \"no son cultivables, son muy sensibles al ox\u00edgeno, es decir, son anaerobias muy estrictas y establecen una gran dependencia con su entorno para poder sobrevivir\".\n \"Por ese mismo motivo, cuando acudimos a las bases de datos no hallamos ni rastro y hasta ahora no sab\u00edamos nada de ellas\", ha indicado Guarner.\n El descubrimiento ha sido posible gracias a un nuevo enfoque de an\u00e1lisis bioinform\u00e1tico que permitido \"aflorar\" estas especies.\n \"Actualmente -seg\u00fan Guarner-, solo se conoce con un 95 % de fiabilidad el 10 % del material gen\u00e9tico secuenciado.  Esto deja una enorme zona gris en la que se est\u00e1 trabajando ahora mismo\".\n El estudio ha detectado 741 especies metagen\u00f3micas distintas, llamadas as\u00ed por la imposibilidad de adjudicarles un nombre.\n Al contrastarlas con las bases de datos, los investigadores han visto que 115 de estas especies ya eran conocidas, mientras que 518 son desconocidas; las 108 restantes son parcialmente conocidas.\n \"Ahora sabemos c\u00f3mo es el genoma de estas especies metagen\u00f3micas pero no sus nombres y apellidos\", ha explicado Guarner.\n Existe un peque\u00f1o n\u00famero cuya especie no es conocida, pero s\u00ed su g\u00e9nero o la familia a la que pertenecen, y aproximadamente 200 especies metagen\u00f3micas de las descritas no se pueden clasificar de ning\u00fan modo, pues m\u00e1s del 80 % de sus genes son totalmente desconocidos a d\u00eda de hoy.\n Seg\u00fan los cient\u00edficos, los microorganismos que viven en los humanos son unos 100 billones, 10 veces m\u00e1s que el n\u00famero total de c\u00e9lulas humanas.\n Los resultados iniciales de este mismo proyecto, en el a\u00f1o 2010, apuntaron a 3.300.000 genes diferentes, traducidos en 20.000 funciones diferentes, 5.000 de las cuales eran totalmente desconocidas hasta el momento.\n Cada persona tiene unos 600.000 de estos genes microbianos y 300.000 se repiten de manera constante entre todos los individuos.\n \"En este nuevo estudio la cifra se multiplica por tres y se alcanzan los 9.879.896 genes diferentes\", ha destacado Guarner.",
                    "date": "2014-07-07",
                    "eventUri": "937263",
                    "id": "14381667",
                    "isDuplicate": false,
                    "lang": "spa",
                    "sim": 0.9034,
                    "source": {
                        "title": "El Peri\u00f3dico",
                        "uri": "www.elperiodico.com"
                    },
                    "time": "18:10:00",
                    "title": "Descubiertos m\u00e1s de 500 microbios hasta ahora desconocios en la ... - El Peri\u00f3dico",
                    "uri": "194904312",
                    "url": "http://www.elperiodico.com/es/noticias/ciencia/500-microbios-desconocidos-flora-intestinal-humana-3358723",
                    "wgt": 1
                },
                {
                    "body": "La Razon / Un equipo de investigadores del Vall d'Hebron Institut de Recerca (VHIR) ha participado en una investigaci\u00f3n internacional que ha identificado 518 nuevas microbacterias, completamente desconocidas hasta ahora, en la microbiota (flora intestinal) humana.\n La investigaci\u00f3n, en la que los cient\u00edficos han empleado un nuevo enfoque de an\u00e1lisis bioinform\u00e1tico, ha ampliado adem\u00e1s el cat\u00e1logo de genes microbianos conocidos, de 3 a 10 millones.\n Los resultados de esta investigaci\u00f3n, que publica hoy la revista \"Nature Biotechnology\", forman parte del proyecto europeo MetaHIT (Metagenomics Human Intestinal Tract), dotado con 11,4 millones de euros para investigar c\u00f3mo se relaciona el microbioma humano con la salud y la enfermedad.\n El Vall d'Hebron Institut de Recerca (VHIR) es uno de los trece que participan en este proyecto -y el \u00fanico centro espa\u00f1ol-, bajo la direcci\u00f3n del doctor Francisco Guarner, quien ha explicado que no todas las muestras estudiadas poseen esta cantidad de especies desconocidas.\n Las muestras de la flora intestinal de algunos individuos tienen muy pocas de estas especies y, al analizarlo con detalle, han visto que se trata de las muestras de pacientes con enfermedad de Crohn.\n \"Esto plantea que estas especies, hasta ahora desconocidas, son posiblemente las que marcan la diferencia entre la microbiota de las personas sanas y la de las enfermas\", ha anunciado Guarner.\n Seg\u00fan el investigador, estos datos abren estrategias para intentar recuperar estas especies con intervenciones nutricionales: administrando fibras, prebi\u00f3ticos que ayuden al crecimiento selectivo de algunas especies o probi\u00f3ticos.\n Estas bacterias desconocidas son, probablemente, de las llamadas \"bacterias buenas\" pues al no ser las t\u00edpicas que producen una infecci\u00f3n, ni se conocen ni se han aislado antes.\n Seg\u00fan Guarner, las bacterias descubiertas no pueden ser aisladas porque \"casi con toda seguridad no sobrevivir\u00edan fuera del colon para poder ser trasplantadas\".\n El responsable del trabajo e investigador del Grupo de Fisiolog\u00eda y Fisiopatolog\u00eda Digestiva del VHIR ha se\u00f1alado que las nuevas especies descubiertas \"no son cultivables, son muy sensibles al ox\u00edgeno, es decir, son anaerobias muy estrictas y establecen una gran dependencia con su entorno para poder sobrevivir\".\n \"Por ese mismo motivo, cuando acudimos a las bases de datos no hallamos ni rastro y hasta ahora no sab\u00edamos nada de ellas\", ha indicado Guarner.\n El descubrimiento ha sido posible gracias a un nuevo enfoque de an\u00e1lisis bioinform\u00e1tico que permitido \"aflorar\" estas especies.\n \"Actualmente -seg\u00fan Guarner-, solo se conoce con un 95 % de fiabilidad el 10 % del material gen\u00e9tico secuenciado.  Esto deja una enorme zona gris en la que se est\u00e1 trabajando ahora mismo\".\n El estudio ha detectado 741 especies metagen\u00f3micas distintas, llamadas as\u00ed por la imposibilidad de adjudicarles un nombre.\n Al contrastarlas con las bases de datos, los investigadores han visto que 115 de estas especies ya eran conocidas, mientras que 518 son desconocidas; las 108 restantes son parcialmente conocidas.\n \"Ahora sabemos c\u00f3mo es el genoma de estas especies metagen\u00f3micas pero no sus nombres y apellidos\", ha explicado Guarner.\n Existe un peque\u00f1o n\u00famero cuya especie no es conocida, pero s\u00ed su g\u00e9nero o la familia a la que pertenecen, y aproximadamente 200 especies metagen\u00f3micas de las descritas no se pueden ni clasificar de ning\u00fan modo, pues m\u00e1s del 80 % de sus genes son totalmente desconocidos a d\u00eda de hoy.\n Seg\u00fan los cient\u00edficos, los microorganismos que viven en los humanos son unos 100 billones, 10 veces m\u00e1s que el n\u00famero total de c\u00e9lulas humanas.\n Los resultados iniciales de este mismo proyecto, en el a\u00f1o 2010, apuntaron a 3.300.000 genes diferentes, traducidos en 20.000 funciones diferentes, 5.000 de las cuales eran totalmente desconocidas hasta el momento.\n Cada persona tiene unos 600.000 de estos genes microbianos y 300.000 se repiten de manera constante entre todos los individuos.\n \"En este nuevo estudio la cifra se multiplica por tres y se alcanzan los 9.879.896 genes diferentes\", ha destacado Guarner.\n \"Ahora podr\u00edamos especular sobre el papel que juega est\u00e1 diversidad de especies no conocidas en las diferentes enfermedades inflamatorias y la correlaci\u00f3n parece evidente, aunque ahora habr\u00e1 que dise\u00f1ar estudios basados en la intervenci\u00f3n, para los que ya estamos buscando financiaci\u00f3n\", ha anunciado Guarner.\n Con Informaci\u00f3n de La Razon",
                    "date": "2014-07-06",
                    "eventUri": "937263",
                    "id": "14358818",
                    "isDuplicate": false,
                    "lang": "spa",
                    "sim": 0.8997,
                    "source": {
                        "title": "www.entornointeligente.com",
                        "uri": "www.entornointeligente.com"
                    },
                    "time": "19:00:00",
                    "title": "ESPA\u00d1A: Descubren m\u00e1s de 500 microbios desconocidos en la ... - EntornoInteligente",
                    "uri": "194795293",
                    "url": "http://www.entornointeligente.com/articulo/2781073/ESPANA-Descubren-mas-de-500-microbios-desconocidos-en-la-flora-intestinal-humana-06072014",
                    "wgt": 1
                },
                {
                    "body": "La informaci\u00f3n abre nuevas v\u00edas para intentar recuperar estas especies con intervenciones nutricionales: fibras, prebi\u00f3ticos que ayuden al crecimiento selectivo de algunas especies o probi\u00f3ticos FOTOLIA Nuestro intestino est\u00e1 lleno de bacterias\nUn equipo de investigadores del Vall d'Hebron Institut de Recerca (VHIR) ha participado en una investigaci\u00f3n internacional que ha identificado 518 nuevas microbacterias, completamente desconocidas hasta ahora, en la microbiota (flora intestinal) humana.  La investigaci\u00f3n, en la que los cient\u00edficos han empleado un nuevo enfoque de an\u00e1lisis bioinform\u00e1tico, ha ampliado adem\u00e1s el cat\u00e1logo de genes microbianos conocidos, de 3 a 10 millones.\n Los resultados de esta investigaci\u00f3n, que publica hoy la revista \"Nature Biotechnology\", forman parte del proyecto europeo MetaHIT (Metagenomics Human Intestinal Tract), dotado con 11,4 millones de euros para investigar c\u00f3mo se relaciona el microbioma humano con la salud y la enfermedad.\n El Vall d'Hebron Institut de Recerca (VHIR) es uno de los trece que participan en este proyecto, bajo la direcci\u00f3n de Francisco Guarner, quien ha explicado que no todas las muestras estudiadas poseen esta cantidad de especies desconocidas.  Las muestras de la flora intestinal de algunos individuos tienen muy pocas de estas especies y, al analizarlo con detalle, han visto que se trata de las muestras de pacientes con enfermedad de Crohn.  \"Esto plantea que estas especies, hasta ahora desconocidas, son posiblemente las que marcan la diferencia entre la microbiota de las personas sanas y la de las enfermas\", se\u00f1ala Guarner.\n Bacterias buenas\nSeg\u00fan el investigador, estos datos abren estrategias para intentar recuperar estas especies con intervenciones nutricionales: administrando fibras, prebi\u00f3ticos que ayuden al crecimiento selectivo de algunas especies o probi\u00f3ticos.  Estas bacterias desconocidas son, probablemente, de las llamadas \"bacterias buenas\" pues al no ser las t\u00edpicas que producen una infecci\u00f3n, ni se conocen ni se han aislado antes.\n Seg\u00fan Guarner, las bacterias descubiertas no pueden ser aisladas porque \"casi con toda seguridad no sobrevivir\u00edan fuera del colon para poder ser trasplantadas\".  El experto explica que las nuevas especies descubiertas \"no son cultivables, son muy sensibles al ox\u00edgeno, es decir, son anaerobias muy estrictas y establecen una gran dependencia con su entorno para poder sobrevivir.  Por ese mismo motivo, cuando acudimos a las bases de datos no hallamos ni rastro y hasta ahora no sab\u00edamos nada de ellas\".\n El descubrimiento ha sido posible gracias a un nuevo enfoque de an\u00e1lisis bioinform\u00e1tico que permitido \"aflorar\" estas especies.  \"Actualmente -seg\u00fan Guarner-, solo se conoce con un 95 % de fiabilidad el 10 % del material gen\u00e9tico secuenciado.  Esto deja una enorme zona gris en la que se est\u00e1 trabajando ahora mismo\".\n El estudio ha detectado 741 especies metagen\u00f3micas distintas, llamadas as\u00ed por la imposibilidad de adjudicarles un nombre.  Al contrastarlas con las bases de datos, los investigadores han visto que 115 de estas especies ya eran conocidas, mientras que 518 son desconocidas; las 108 restantes son parcialmente conocidas.  \"Ahora sabemos c\u00f3mo es el genoma de estas especies metagen\u00f3micas pero no sus nombres y apellidos\", ha explicado Guarner.\n M\u00e1s genes\nExiste un peque\u00f1o n\u00famero cuya especie no es conocida, pero s\u00ed su g\u00e9nero o la familia a la que pertenecen, y aproximadamente 200 especies metagen\u00f3micas de las descritas no se pueden clasificar de ning\u00fan modo, pues m\u00e1s del 80 % de sus genes son totalmente desconocidos a d\u00eda de hoy.  Seg\u00fan los cient\u00edficos, los microorganismos que viven en los humanos son unos 100 billones, 10 veces m\u00e1s que el n\u00famero total de c\u00e9lulas humanas.\n Los resultados iniciales de este mismo proyecto, en el a\u00f1o 2010, apuntaron a 3.300.000 genes diferentes, traducidos en 20.000 funciones diferentes, 5.000 de las cuales eran totalmente desconocidas hasta el momento.  Cada persona tiene unos 600.000 de estos genes microbianos y 300.000 se repiten de manera constante entre todos los individuos.  \"En este nuevo estudio la cifra se multiplica por tres y se alcanzan los 9.879.896 genes diferentes\", a\u00f1ade Guarner.",
                    "date": "2014-07-07",
                    "eventUri": "937263",
                    "id": "14364566",
                    "isDuplicate": false,
                    "lang": "spa",
                    "sim": 0.8197,
                    "source": {
                        "title": "ABC.ES",
                        "uri": "www.abc.es"
                    },
                    "time": "06:15:00",
                    "title": "Hallan 500 micobacterias que ayudan a comprender la enfermedad ... - ABC.es",
                    "uri": "194829200",
                    "url": "http://www.abc.es/salud/noticias/20140707/abci-bacterias-genes-barcelona-201407070757.html",
                    "wgt": 1
                },
                {
                    "body": "Escherichia coli, una de las muchas especies de bacterias presentes en el intestino humano.  Imagen: Rocky Mountain Laboratories, NIAID, NIH - NIAID.  Fuente: Wikipedia.  El proyecto Genoma Humano secuenci\u00f3 la informaci\u00f3n gen\u00e9tica contenida en el 10% de las c\u00e9lulas que forman nuestro cuerpo.  Pero el 90% restante de nuestro organismo no est\u00e1 compuesto por c\u00e9lulas humanas, sino por un aut\u00e9ntico ecosistema de unos cien billones de bacterias.\n Este ingente conjunto de min\u00fasculas entidades recibe el nombre de \"microbioma\" (o microbiota normal).  Y la ciencia est\u00e1 descubriendo cada d\u00eda nuevas pruebas que demuestran que este microbioma resulta fundamental para nuestra supervivencia.\n Una de las iniciativas de investigaci\u00f3n sobre \u00e9l, es el proyecto MetaHIT, patrocinado por la Comisi\u00f3n Europea con 11,4 millones de euros.  MetaHIT investiga concretamente c\u00f3mo se relaciona el microbioma humano con la salud y la enfermedad.\n M\u00e1s de 500 especies nuevas identificadas\nEn su marco, investigadores de 13 centros, entre ellos el Vall d'Hebron Institut de Recerca (VHIR) de Barcelona, con el Dr. Francisco Guarner a la cabeza, acaban de conseguir ampliar el cat\u00e1logo de genes microbianos conocidos de tres a 10 millones; as\u00ed como identificar m\u00e1s de 500 especies de bacterias intestinales totalmente desconocidas hasta el momento.\n Este \u00faltimo avance ha sido posible gracias a un nuevo enfoque de an\u00e1lisis que consiste, seg\u00fan ha explicado Sinc, en detectar un gen de un microorganismo y ver en qu\u00e9 cantidad se halla en cada individuo.  Entonces buscar todos aquellos genes que siguen un mismo patr\u00f3n, es decir que se hallan en cantidades similares en los mismos individuos.  De esta manera, si en la muestra de un individuo aparecen en cantidades similares determinados genes, se asume que van todos juntos, es decir, que pertenecen a los mismos microorganismos.\n \"Este m\u00e9todo permite a los investigadores identificar y recoger genomas de organismos previamente desconocidos, incluso en sociedades microbianas altamente complejas.  Nos proporciona una perspectiva con la que antes no hab\u00edamos contado\", explica uno de los investigadores del proyecto, el profesor S\u00f8ren Brunak, de la Universidad T\u00e9cnica de Dinamarca, en declaraciones recogidas por la revista MedicalExpress.\n De hecho, gracias a este sistema, se han detectado 741 especies metagen\u00f3micas distintas, llamadas as\u00ed precisamente por la imposibilidad de adjudicar a la inmensa mayor\u00eda de ellas un nombre.  Al contrastarlo con las bases de datos, se ha visto que 115 de estas especies ya eran conocidas, mientras que 518 eran desconocidas; las 108 restantes resultaron ser parcialmente conocidas.\n El avance podr\u00eda ayudar a comprender y tratar una gran cantidad de enfermedades, como la diabetes de tipo 2, el asma o la obesidad, se\u00f1alan los expertos.",
                    "date": "2014-07-07",
                    "eventUri": "937263",
                    "id": "14368523",
                    "isDuplicate": false,
                    "lang": "spa",
                    "sim": 0.5896,
                    "source": {
                        "title": "Tendencias 21. Ciencia, tecnolog\u00eda, sociedad y cultura",
                        "uri": "www.tendencias21.net"
                    },
                    "time": "11:05:00",
                    "title": "Identifican m\u00e1s de 500 nuevas especies en el 'ecosistema' del intestino humano",
                    "uri": "194848826",
                    "url": "http://www.tendencias21.net/Identifican-mas-de-500-nuevas-especies-en-el-ecosistema-del-intestino-humano_a35342.html",
                    "wgt": 1
                },
                {
                    "body": "Distrito Federal -- El padre de Kendall Jones, la porrista que presume en internet las fotograf\u00edas de los mam\u00edferos africanos que ha cazado, asegura que su hija no es una asesina a sangre fr\u00eda, sino una joven humanitaria.\n En una entrevista con TMZ, Cody Jones dijo que la joven mat\u00f3 al le\u00f3n con el que aparece en una de las im\u00e1genes por caridad, pues el felino era viejo y ya no pod\u00eda continuar con su manada.\n Sobre el rinoceronte blanco, especie en peligro de extinci\u00f3n, dijo que s\u00f3lo estaba herido y lo tranquilizaron para llevarlo con un veterinario.\n Curiosamente, el comentario que Kendall escribi\u00f3 junto a la foto de ese animal fue editado.  En el original dec\u00eda que ella le hab\u00eda dado con un dardo, y que un veterinario lo examin\u00f3, lo atendi\u00f3 de una lesi\u00f3n en una pierna y le administr\u00f3 antibi\u00f3ticos.\n En el mensaje editado, la joven omiti\u00f3 la parte del dardo, pero destac\u00f3 que ella hab\u00eda ayudado a curar al mam\u00edfero y que sola hac\u00eda sentirse muy orgullosa, pues de ese modo colaboraba con la conservaci\u00f3n de la especie.\n El padre de Kendall, de 19 a\u00f1os, admiti\u00f3 que la chica s\u00ed mat\u00f3 a unos leopardos, elefantes y leones, pero que son especies que no est\u00e1n en peligro.\n Con todo, para la organizaci\u00f3n PETA, los argumentos del padre de la texana no son v\u00e1lidos.\n \"Su \u00fanico inter\u00e9s est\u00e1 en matar vida salvaje a cambio de una emoci\u00f3n barata y en su intento desesperado por asegurar un reality show macabro\", declar\u00f3 un integrante de la organizaci\u00f3n.\n Y el repudio de miles de personas va en aumento, pues ahora 105 mil personas han firmado una petici\u00f3n en Change.org para que no se le permita a la chica ingresar en pa\u00edses africanos.\n \"Kendall Jones es una cazadora nata que ha entrado al continente a cazar la fauna africana bajo la fachada de ayudar a la conservaci\u00f3n\", escribi\u00f3 la sudafricana Kieron Brown, precursora de la propuesta.\n La originaria de Texas argument\u00f3 en su red social que caza a los animales para ayudar a la preservaci\u00f3n de las especies y destac\u00f3 que las cuotas que los cazadores pagan sirven para financiar a los propietarios de las granjas africanas.\n Incluso se compar\u00f3 con el ex presidente de Estados Unidos, Theodore Roosevelt, conocido por su postura en favor de la conservaci\u00f3n y por ser precursor del sistema de parques nacionales.\n \"\u00c9l tambi\u00e9n fue un cazador, \u00bfo no?  Mat\u00f3 a las mismas especies que los cazadores persiguen con la presi\u00f3n de muchos.\n \"A\u00fan as\u00ed, \u00bfc\u00f3mo es posible que alguien pueda amar la tierra y al mismo tiempo arrebatarle a la Tierra algo en nombre de la conservaci\u00f3n?  Algunos nunca lo entender\u00e1n; el resto de nosotros nacimos as\u00ed.  Dios bendiga a Teddy (Roosevelt)\".",
                    "date": "2014-07-04",
                    "eventUri": "937263",
                    "id": "14284603",
                    "isDuplicate": false,
                    "lang": "spa",
                    "sim": 0.3091,
                    "source": {
                        "title": "diario.mx",
                        "uri": "diario.mx"
                    },
                    "time": "07:29:00",
                    "title": "Es cazadora de buen coraz\u00f3n, dice su pap\u00e1 - Diario Digital Ju\u00e1rez",
                    "uri": "194406553",
                    "url": "http://diario.mx/Espectaculos/2014-07-03_99032b34/es-cazadora-de-buen-corazon-dice-su-papa",
                    "wgt": 1
                }
            ]
        },
        "info": {
            "articleCount": 5,
            "averageDate": "2014-07-06",
            "avgCos": 0.6036,
            "categories": [],
            "customDate": false,
            "customLocation": false,
            "eventUri": "937263",
            "extractedDate": "",
            "extractedDateEnd": "",
            "id": "937263",
            "lang": "spa",
            "location": {
                "country": {
                    "labelEng": "Palestine",
                    "lat": 31.92157,
                    "long": 35.20329,
                    "wikiUri": "http://en.wikipedia.org/wiki/Palestine"
                },
                "labelEng": "Hebron",
                "lat": 31.52935,
                "long": 35.0938,
                "wikiUri": "http://en.wikipedia.org/wiki/Hebron"
            },
            "storyDate": "2014-07-06",
            "storyDateEnd": "",
            "uri": "e7e700df-6a06-44ea-a4f3-f736278fc36b-199403",
            "variance": 0.3356
        }
    },
    "meta": {
        "CCAArticleMatchCount": 4,
        "CCAArticleMatchRatio": 0.04,
        "CCAAvgCosSim": 0.8089999999999999,
        "CCAAvgMatchWgt": 38.5,
        "_articleUri1": "194829200",
        "_articleUri2": "194258248",
        "_datetime": "2015-02-19 18:06:07",
        "_ruleBasedShouldMerge": false,
        "_storyUri1": "e7e700df-6a06-44ea-a4f3-f736278fc36b-199403",
        "_storyUri2": "850f305d-14db-4c75-b547-79470a557ea3-544817",
        "_username": "Evgenia Belyaeva",
        "artCount1": 5,
        "artCount2": 5,
        "avgCosSimStory1": 0.6036,
        "avgCosSimStory2": 0.4926,
        "categorySim": 0,
        "conceptCosSim": 0.1313723373259932,
        "conceptJaccardSim": 0.09375,
        "coreTime1": 127159.4833333333,
        "coreTime2": 127139.1,
        "coreTimeStDev1": 29.82584151741819,
        "coreTimeStDev2": 70.08676923801127,
        "entityCosSim": 0.006903864757084452,
        "entityJaccardSim": 0.1111111111111111,
        "extractedDateJaccardSim": -1,
        "extractedDatesStory1": 0,
        "extractedDatesStory2": 0,
        "hasSameLocation": -1,
        "keywordCosSim": 0.140069805835357,
        "keywordJaccardSim": 0.09090909090909091,
        "lang1": "spa",
        "lang2": "eng",
        "matchingDateCount": 0,
        "matchingDateRatio": 0,
        "ratioAnnotatedArticlesStory1": 1,
        "ratioAnnotatedArticlesStory2": 1,
        "shouldMerge": false,
        "storyQuality1": 10,
        "storyQuality2": 8,
        "timeAvg1": 127217.1966666667,
        "timeAvg2": 127223.8333333333,
        "timeStDev1": 29.82584151741819,
        "timeStDev2": 70.08676923801127,
        "varianceStory1": 0.3356,
        "varianceStory2": 0.2573
    }
}