{
    "850f305d-14db-4c75-b547-79470a557ea3-73264": {
        "articles": {
            "resultCount": 4,
            "results": [
                {
                    "body": "ALBANY - More than six months after he stood alongside the Canadian ambassador to announce the end of a bitter dispute over the Peace Bridge Authority, Gov. Andrew M. Cuomo Friday night vetoed a bill that New York lawmakers say helped resolve the border fight last year.\n The legislation, which sought to abolish the binational panel that runs the span's operations, was viewed by some New York officials as a hammer to help show Canadian officials last year that New York was serious about killing off the authority that has operated the bridge since the 1930s.\n New York had accused Canada of slowing down work on the U.S. side of the bridge, a claim the Canadians dismissed throughout the battle.\n The state cut a deal with Canada in late June that included a memorandum of understanding concerning the timetable and scope of construction projects at the span; in return, the Cuomo administration agreed that the legislation to abolish the authority \"will not take legal effect,'' according to the June memo.\n Still, while the legislation was approved June 12 by the Senate and Assembly in Albany - a couple of weeks before Cuomo and Canadian Ambassador Gary Doer announced their d\u00e9tente plan - the Governor's Office did not ask the Legislature to send the bill to Cuomo until late December.\n During that previous six-month period while the bill's fate was still not finally resolved, Assemblyman Sean Ryan, a Buffalo Democrat and sponsor of the legislation, had said that letting the bill hang during the summer and fall helped prod the authority to agree to certain construction schedules contained in the June arrangement.\n Canadian sources had said they did not know what prodding was needed since they had already approved a number of projects on the American side.\n Thursday, Ryan wrote to Mylan Denerstein, Cuomo's counsel, to say that the legislation helped serve as a \"necessary catalyst'' to get the deal in June with Canadian officials.\n \"Given the fact that the goals for progress at the Peace Bridge have already been achieved, I feel that the legislation does not need to become law, and I would respectfully request that the governor not sign the legislation into law,'' Ryan wrote.\n The rift between New York and Canada was ugly in public and behind the scenes, and eventually involved federal officials from Ottawa and Washington.\n Canadian officials maintained throughout that the Ottawa-appointed board members on the bridge panel long supported improvements to the New York side of the span. In the end, individuals involved say little more than a traffic study came out of the dispute, while New York officials insist coming improvements to the plaza in Buffalo, which they say will ease congestion, were pushed along faster because of the dispute and its resolution.\n The death of the legislation comes as federal and bridge officials announced that a pilot pre-inspection program, in which U.S. border patrol agents will be stationed on the Canadian side to clear commercial traffic coming into the United States, is set to begin this month.\n \"That project will be up and running in the third week in January, so this is great news heading into that,'' Anthony Annunziata, the Canadian-appointed chairman of the Peace Bridge Authority, said Friday.",
                    "date": "2014-01-11",
                    "eventUri": "154208",
                    "id": "2313774",
                    "isDuplicate": false,
                    "lang": "eng",
                    "sim": 0.6147,
                    "source": {
                        "title": "www.buffaloNews.com",
                        "uri": "www.buffalonews.com"
                    },
                    "time": "12:13:00",
                    "title": "Cuomo vetoes bill abolishing Peace Bridge Authority",
                    "uri": "149708106",
                    "url": "http://www.buffalonews.com/city-region/state/cuomo-vetoes-bill-abolishing-peace-bridge-authority-20140110",
                    "wgt": 1
                },
                {
                    "body": "ALBANY -- Gov. Andrew Cuomo vetoed a measure would have granted a Park Avenue caterer a liquor license despite its proximity to a church.  Instead he directed the involved parties to work it out between themselves.\n At issue was a piece of legislation to grant special dispensation to Rose Group Park LLC for a liquor license for its catering hall at 583 Park Avenue.  The New York Times wrote about the dispute here.\n Assemblyman Dan Quart sponsored the measure.  Despite vocal opposition from State Senator Liz Kreuger, it passed the Assembly 133 to 9 and the Senate 43 to 20 last June.\n In his veto notice, Cuomo said both sides made reasonable arguments.\n \"The core issues raised, however, center around the differing views of what constitutes a good quality of life in the impacted neighborhood,\" he wrote.  \"There is a lack of consensus in that neighborhood between public officials and within the community on this bill and those issues, and this concerns me...  I urge the interested parties to reach agreement on this matter.\" \"",
                    "date": "2014-01-11",
                    "eventUri": "154208",
                    "id": "2286096",
                    "isDuplicate": false,
                    "lang": "eng",
                    "sim": 0.6121,
                    "source": {
                        "title": "Capital New York",
                        "uri": "www.capitalnewyork.com"
                    },
                    "time": "03:42:00",
                    "title": "Cuomo passes on a Manhattan liquor-license feud",
                    "uri": "149631713",
                    "url": "http://www.capitalnewyork.com/article/albany/2014/01/8538654/cuomo-passes-manhattan-liquor-license-feud",
                    "wgt": 1
                },
                {
                    "body": "I haven't bumped into Rob Astorino at my weekend coffee place recently, so I thought I'd use this column to pass him some advice.  Don't fantasize any longer about running against Gov. Andrew Cuomo next year.  It's not just that you will lose.  It's that humiliation is likely.\n I know, state Republican Party Chairman Ed Cox and others are whispering sweet nothings in your ear.  Anything can happen in politics, they tell you.  You have a terrific record as Westchester County executive.  The governor is more vulnerable than the polls suggest (even though they put his approval rating above 60% and his margin over you a landslide of the same proportion).\n Here's a reality check.\n You will raise no money.  Mr. Cuomo's war chest was bulging with about $30 million as of Aug. 1, and he maintains the ability to raise almost whatever sum he wants.  He will not only seek contributions, he will make it clear that anyone who gives to you will become an enemy.  Political givers see their contributions as an investment; they don't buy sure losers.  The conservative super PACs won't give you money, either, because Mr. Cuomo isn't running for president if Hillary Clinton does, so there is no need for them to damage him.  The media don't give much attention to fundraising losers, either.\n Mr. Cuomo has a real record and you really don't.  Fundamentally, the governor has restrained state spending, cut taxes on the middle class, reformed Medicaid, stood by education reform, fought public-sector unions to curb retirement costs, won gun-control legislation and tamed one of the world's worst legislatures.  You have modestly controlled the Westchester County budget and kept a lid on sky-high property taxes but remain hampered by the Democratic control of the county Legislature.\n You have no winning issues to run on.  Given the Cuomo record, maybe you think you can propose an income-tax cut for the rich.  That would be politically disastrous.  Maybe you are considering taking the pro-gun position, given that you allowed gun shows back into Westchester when you took office, which might win a few rural votes upstate but would be a big loser downstate (where the voters are).  You could crusade for hydrofracking, which would be good for parts of New York but remains controversial.\n Look at history.  Review what happened to Pierre Rinfret or Herb London or Peter Vallone Sr. when they took on popular incumbents.  Talk to John Faso, as solid a candidate as any the Republicans have produced, who was ignored as he traveled around the state in 2006 and lost to Eliot Spitzer in the largest defeat ever for a Republican candidate.\n Remember, Andrew Cuomo doesn't just want to be re-elected.  He wants a margin of victory greater than his father ever achieved.  Keeping him from his goal seems like a fool's errand.\n A version of this article appears in the December 2, 2013, print issue of Crain's New York Business.",
                    "date": "2014-01-14",
                    "eventUri": "154208",
                    "id": "2541176",
                    "isDuplicate": false,
                    "lang": "eng",
                    "sim": 0.6084,
                    "source": {
                        "title": "Crain's New York Business",
                        "uri": "www.crainsnewyork.com"
                    },
                    "time": "01:20:00",
                    "title": "Run against Cuomo? A reality check",
                    "uri": "150300238",
                    "url": "http://www.crainsnewyork.com/article/20131201/BLOGS01/312019974/run-against-cuomo-a-reality-check?CSAuthResp=1%253A773524673201957%253A220276%253A3%253A24%253Aapproved%253AC2E16CE05552066F5B3A0B68F09B0E2A",
                    "wgt": 1
                },
                {
                    "body": "We're not sure about some of the things Gov. Andrew Cuomo proposed in his State of the State speech Wednesday - corporate tax cuts and medical marijuana, for instance - but on other things he mentioned, we know where we stand:\nVALLEY - Out of the blue, Gov. Cuomo plugged the mythical Interstate 98, the \"Rooftop Highway\" across the top of the state.  The reason this project has stalled for decades is that it's a terrible idea - a ridiculously expensive project that would do great harm to small businesses in towns along U.S. Route 11 and state Route 3.  The same thing happened along U.S. Route 9 when the I-87 Northway was built, but then, at least, the Northway cut many hours off north-south travel times.  I-98 would save truckers just a few minutes as they race through our region.  It would block wildlife migration, eat up rural farmland (often taken by eminent domain) and degrade the area's rural character.  The cons so outweigh the pros, we continue to be amazed that people keep this bad idea alive.  It would exemplify the worst kind of government waste.\n ---\nMOUNTAIN - We're OK with the state extending the Regional Economic Development Council grant program for a fourth year.  This program has been good to the North Country, but we're glad that the way Gov. Cuomo announced it assumes the REDCs will end relatively soon.  The state has already gradually reduced its grant awards each of the three years.  This is a stimulus plan for hard economic times, which hopefully are nearing an end.  Taxpayers don't need to subsidize private developers in the long term.\n ---\nMOUNTAIN - It's good Gov. Cuomo is keeping our region in the public eye.  After saying the state had ignored the North Country in the past, he cited Trudeau Institute and \"a new hotel in Saranac Lake\" as signs that state stimulus is helping the area economically.  We'll have to see how those initiatives play out, but still, we, too, are optimistic.\n ---\nMOUNTAIN - Gov. Cuomo has a great record of promoting tourism, and he's continuing that.\n ---\nVALLEY - The governor keeps plugging Start-Up NY, which would let businesses go tax-free - no business tax, no local property tax and even no income tax for employees - if they set up on or near state colleges.  We still think it will create long-term problems to give away the farm like this.  Worse, it's only for college towns, which in our experience are less in need of economic stimulus than non-college towns.  If the state is going to do something like this to lure jobs, it should do so in places like Tupper Lake.\n VALLEY - Gov. Cuomo now wants to extend the state's universal pre-kindergarten to all-day statewide, but that would be incredibly expensive - and the state doesn't fulfill its current promise to pay for half-day UPK, as those in the Saranac Lake area know well.  This school district has had to choose between paying for it partly with local property taxes, having a lottery system to see who gets in, and (what's happening now) farming the program out to private providers who will do it cheaper.  UPK hurts many local day-care providers, though; you can't compete with free (to users, not taxpayers).  UPK is all the rage these days, with New York City's new mayor plugging it, but other aspects of education should be higher priorities - foreign languages, for instance.\n ----\nVALLEY - We don't think the governor's $20,000 bonus for teachers who score high on evaluations is very productive, especially when schools statewide are having to lay off teachers due to state budget cuts, and when school communities are in turmoil over the botched rollout of the Common Core - something the governor didn't mention Wednesday.  It's such a turbulent time in education today, New Yorkers need Gov. Cuomo to stabilize things: by publicly addressing and trying to improve the problems, and by funding education properly and fairly - not too much and not too little.  Without the latter, it's just more unfunded mandates.\n MOUNTAIN - We agree with the governor's call for tougher penalties for texting while driving and repeatedly driving while intoxicated.\n ---\nMOUNTAIN - We love the idea to have a person's driver's license show his or her other state licenses, such as hunting and fishing.  This makes a great deal of sense.",
                    "date": "2014-01-11",
                    "eventUri": "154208",
                    "id": "2294168",
                    "isDuplicate": false,
                    "lang": "eng",
                    "sim": 0.6,
                    "source": {
                        "title": "Adirondack Daily Enterprise",
                        "uri": "www.adirondackdailyenterprise.com"
                    },
                    "time": "06:12:00",
                    "title": "Mountains & Valleys of the State of the State",
                    "uri": "149652724",
                    "url": "http://www.adirondackdailyenterprise.com/page/content.detail/id/540797.html",
                    "wgt": 1
                }
            ]
        },
        "info": {
            "articleCount": 4,
            "averageDate": "2014-01-11",
            "avgCos": 0.4305,
            "categories": [],
            "customDate": false,
            "customLocation": false,
            "eventUri": "154208",
            "extractedDate": "",
            "extractedDateEnd": "",
            "id": "195560",
            "lang": "eng",
            "storyDate": "2014-01-11",
            "storyDateEnd": "",
            "uri": "850f305d-14db-4c75-b547-79470a557ea3-73264",
            "variance": 0.3147
        }
    },
    "e7e700df-6a06-44ea-a4f3-f736278fc36b-47401": {
        "articles": {
            "resultCount": 9,
            "results": [
                {
                    "body": "Foto: EUROPA PRESS/AYTODAIMIEL\nMADRID, 10 Ene. (EUROPA PRESS) -\nEl Consejo de Ministros ha aprobado, a propuesta del Ministerio de Agricultura, Alimentaci\u00f3n y Medio Ambiente, la ampliaci\u00f3n de los l\u00edmites del Parque Nacional de las Tablas de Daimiel (Ciudad Real) en un total de 1.102,51 hect\u00e1reas sobre fincas de titularidad p\u00fablica.\n As\u00ed, las nuevas fincas de la ampliaci\u00f3n son terrenos colindantes al parque que son propiedad del Organismo Aut\u00f3nomo Parques Nacionales y de la Fundaci\u00f3n Biodiversidad, que son complementarios de los sistemas naturales representados en el Parque Nacional.\n Con esta ampliaci\u00f3n, Tablas de Daimiel alcanza las 3.030 hect\u00e1reas, que incluyen una representaci\u00f3n de un encinar sobre calizas, con su correspondiente sotobosque, una amplia representaci\u00f3n de una dehesa manchega, as\u00ed como diversas tipolog\u00edas de vegetaci\u00f3n de dep\u00f3sitos e\u00f3licos, seg\u00fan el ministerio.  Todos estos ecosistemas est\u00e1n acompa\u00f1ados de su correspondiente fauna, flora y valores geomorfol\u00f3gicos asociados.\n Asimismo, el Ejecutivo considera que esta ampliaci\u00f3n constituye un \"paso fundamental\" para lograr la conservaci\u00f3n del sistema h\u00eddrico completo de las Tablas de Daimiel e incentiva futuras ampliaciones, hasta lograr una superficie homog\u00e9nea y \u00f3ptima para su conservaci\u00f3n.\n El Gobierno destaca tambi\u00e9n que, ante las \"dificultades de conservaci\u00f3n\" del Parque Nacional de las Tablas de Daimiel, debido fundamentalmente a los ciclos clim\u00e1ticos y a la sobreexplotaci\u00f3n del acu\u00edfero del que se alimenta, el Organismo Aut\u00f3nomo de Parques Nacionales ha adquirido desde 2001 fincas y derechos de agua legalmente inscritos en el Parque Nacional y en su zona de protecci\u00f3n.  As\u00ed, hasta el momento se han tramitado 110 expedientes para la adquisici\u00f3n de m\u00e1s de 1.900 hect\u00e1reas y en torno a los 4,4 hect\u00f3metros c\u00fabicos de derechos de agua.\n RED DE PARQUES NACIONALES\nEn 2012, los 14 Parques Nacionales inclu\u00edan una superficie de 346.654,49 hect\u00e1reas, lo que supon\u00eda que el 0,69 por ciento del territorio espa\u00f1ol gozaba de la m\u00e1xima protecci\u00f3n que pueden tener los espacios naturales.\n En 2013, se ha declarado el nuevo Parque Nacional de la Sierra de Guadarrama (33.960 ha) y se ha ampliado el Parque Nacional de las Tablas de Daimiel (1.102,51 ha), lo que supone un incremento de 35.062 hect\u00e1reas en la Red de Parques Nacionales.\n En total, los 15 Parques Nacionales que conforman actualmente la Red suponen un 0,76 por ciento del territorio nacional al sumar una superficie de 381.716,49 hect\u00e1reas, lo que implica un incremento cercano al 10 por ciento de estos espacios protegidos.",
                    "date": "2014-01-10",
                    "eventUri": "154208",
                    "id": "2219266",
                    "isDuplicate": false,
                    "lang": "spa",
                    "sim": 0.8767,
                    "source": {
                        "title": "europapress.es",
                        "uri": "www.europapress.es"
                    },
                    "time": "15:43:00",
                    "title": "Ampliado en 1.102 hect\u00e1reas el Parque Nacional de las Tablas de Daimiel",
                    "uri": "149477686",
                    "url": "http://www.europapress.es/sociedad/medio-ambiente-00647/noticia-ampliado-1102-hectareas-parque-nacional-tablas-daimiel-20140110161712.html",
                    "wgt": 1
                },
                {
                    "body": "Foto: EUROPA PRESS\nMADRID/CIUDAD REAL, 10 Ene. (EUROPA PRESS) -\nEl Consejo de Ministros ha aprobado, a propuesta del Ministerio de Agricultura, Alimentaci\u00f3n y Medio Ambiente, la ampliaci\u00f3n de los l\u00edmites del Parque Nacional de las Tablas de Daimiel (Ciudad Real) en un total de 1.102,51 hect\u00e1reas sobre fincas de titularidad p\u00fablica.\n En la actualidad, el parque cuenta con una superficie total de 381.716,49 hect\u00e1reas.  As\u00ed, las nuevas fincas de la ampliaci\u00f3n son terrenos colindantes al parque que son propiedad del Organismo Aut\u00f3nomo Parques Nacionales y de la Fundaci\u00f3n Biodiversidad, que son complementarios de los sistemas naturales representados en el Parque Nacional.\n Con esta ampliaci\u00f3n, se incluye una representaci\u00f3n de un encinar sobre calizas, con su correspondiente sotobosque, una amplia representaci\u00f3n de una dehesa manchega, as\u00ed como diversas tipolog\u00edas de vegetaci\u00f3n de dep\u00f3sitos e\u00f3licos, seg\u00fan el ministerio.  Todos estos ecosistemas est\u00e1n acompa\u00f1ados de su correspondiente fauna, flora y valores geomorfol\u00f3gicos asociados.\n Asimismo, el Ejecutivo considera que esta ampliaci\u00f3n constituye un \"paso fundamental\" para lograr la conservaci\u00f3n del sistema h\u00eddrico completo de las Tablas de Daimiel e incentiva futuras ampliaciones, hasta lograr una superficie homog\u00e9nea y \u00f3ptima para su conservaci\u00f3n.\n El Gobierno destaca tambi\u00e9n que, ante las \"dificultades de conservaci\u00f3n\" del Parque Nacional de las Tablas de Daimiel, debido fundamentalmente a los ciclos clim\u00e1ticos y a la sobreexplotaci\u00f3n del acu\u00edfero del que se alimenta, el Organismo Aut\u00f3nomo de Parques Nacionales ha adquirido desde 2001 fincas y derechos de agua legalmente inscritos en el Parque Nacional y en su zona de protecci\u00f3n.  As\u00ed, hasta el momento se han tramitado 110 expedientes para la adquisici\u00f3n de m\u00e1s de 1.900 hect\u00e1reas y en torno a los 4,4 hect\u00f3metros c\u00fabicos de derechos de agua.\n RED DE PARQUES NACIONALES\nEn 2012, los 14 Parques Nacionales inclu\u00edan una superficie de 346.654,49 hect\u00e1reas, lo que supon\u00eda que el 0,69 por ciento del territorio espa\u00f1ol gozaba de la m\u00e1xima protecci\u00f3n que pueden tener los espacios naturales.\n En 2013, se ha declarado el nuevo Parque Nacional de la Sierra de Guadarrama (33.960 ha) y se ha ampliado el Parque Nacional de las Tablas de Daimiel (1.102,51 ha), lo que supone un incremento de 35.062 hect\u00e1reas en la Red de Parques Nacionales.\n En total, los 15 Parques Nacionales que conforman actualmente la Red suponen un 0,76 por ciento del territorio nacional al sumar una superficie de 381.716,49 hect\u00e1reas, lo que implica un incremento cercano al 10 por ciento de estos espacios protegidos.",
                    "date": "2014-01-10",
                    "eventUri": "154208",
                    "id": "2204438",
                    "isDuplicate": false,
                    "lang": "spa",
                    "sim": 0.8685,
                    "source": {
                        "title": "europapress.es",
                        "uri": "www.europapress.es"
                    },
                    "time": "13:22:00",
                    "title": "Las Tablas de Daimiel 'crece' 1.102 hect\u00e1reas",
                    "uri": "149440867",
                    "url": "http://www.europapress.es/castilla-lamancha/noticia-gobierno-amplia-1102-hectareas-parque-nacional-tablas-daimiel-ciudad-real-20140110140744.html",
                    "wgt": 1
                },
                {
                    "body": "El Parque Nacional Tablas de Daimiel empieza la primavera inundado de agua\nEl Consejo de Ministros ha aprobado, a propuesta del Ministerio de Agricultura, la ampliaci\u00f3n de los l\u00edmites del Parque Nacional de las Tablas de Daimiel con una superficie de 1.102,51 hect\u00e1reas sobre fincas de titularidad p\u00fablica.\n As\u00ed lo ha asegurado el Ministerio de Agricultura en una nota de prensa.  Esta ampliaci\u00f3n comprende terrenos colindantes al parque, propiedad del Organismo Aut\u00f3nomo Parques Nacionales y de la Fundaci\u00f3n Biodiversidad, y que son complementarios de los sistemas naturales representados en el Parque Nacional.\n Con esta ampliaci\u00f3n se incluye una excelente representaci\u00f3n de un encinar sobre calizas, con su correspondiente sotobosque, una amplia representaci\u00f3n de una dehesa manchega, as\u00ed como diversas tipolog\u00edas de vegetaci\u00f3n de dep\u00f3sitos e\u00f3licos.  Todos estos ecosistemas est\u00e1n acompa\u00f1ados de su correspondiente fauna, flora y valores geomorfol\u00f3gicos asociados.\n Adem\u00e1s, el Ejecutivo ha asegurado que constituye \"un paso fundamental\" para lograr la conservaci\u00f3n del sistema h\u00eddrico completo de las Tablas de Daimiel e incentiva futuras ampliaciones, hasta lograr una superficie homog\u00e9nea y \u00f3ptima para su conservaci\u00f3n.\n El Organismo de Parques Nacionales ha adquirido desde 2001 fincas y derechos de agua legalmente inscritos en el Parque Nacional y en su zona de protecci\u00f3n.  Esto sucede tras las dificultades de conservaci\u00f3n del Parque Nacional de las Tablas de Daimiel, debido fundamentalmente a los ciclos clim\u00e1ticos y a la sobreexplotaci\u00f3n del acu\u00edfero del que se alimenta.\n As\u00ed, hasta el momento se han tramitado 110 expedientes para la adquisici\u00f3n de m\u00e1s de 1.900 hect\u00e1reas y en torno a los 4,4 hect\u00f3metros c\u00fabicos de derechos de agua.\n En el a\u00f1o 2012, los 14 Parques Nacionales inclu\u00edan una superficie de 346.654,49 hect\u00e1reas, lo que supon\u00eda que el 0,69% del territorio espa\u00f1ol gozaba de la m\u00e1xima protecci\u00f3n que pueden tener los espacios naturales.\n Durante 2013 se ha trabajado para conseguir una significativa ampliaci\u00f3n de estos espacios protegidos.  As\u00ed, este a\u00f1o se ha declarado el nuevo Parque Nacional de la Sierra de Guadarrama (33.960 ha.) ) y se ha ampliado el Parque Nacional de las Tablas de Daimiel (1.102,51 ha.) ), lo que supone un incremento de 35.062 hect\u00e1reas en la Red de Parques Nacionales.\n Seg\u00fan ha asegurado el ministro de Agricultura, Miguel Arias Ca\u00f1ete, los 15 Parques Nacionales que conforman actualmente la Red suponen un 0,76% del territorio nacional al sumar una superficie de 381.716,49 hect\u00e1reas.  Esto supone un incremento cercano al 10% de estos espacios protegidos.",
                    "date": "2014-01-10",
                    "eventUri": "154208",
                    "id": "2220322",
                    "isDuplicate": false,
                    "lang": "spa",
                    "sim": 0.863,
                    "source": {
                        "title": "RTVE.es",
                        "uri": "www.rtve.es"
                    },
                    "time": "15:54:00",
                    "title": "El Consejo de Ministros aprueba la ampliaci\u00f3n del Parque Nacional de las Tablas de Daimiel",
                    "uri": "149480429",
                    "url": "http://www.rtve.es/noticias/20140110/consejo-ministros-aprueba-ampliacion-del-parque-nacional-tablas-daimiel/844920.shtml",
                    "wgt": 1
                },
                {
                    "body": "El Consejo de Ministros ha aprobado, a propuesta del Ministerio de Agricultura, Alimentaci\u00f3n y Medio Ambiente, la ampliaci\u00f3n de los l\u00edmites del Parque Nacional de las Tablas de Daimiel (Ciudad Real) en un total de 1.102,51 hect\u00e1reas sobre fincas de titularidad p\u00fablica.\n En la actualidad, el parque cuenta con una superficie total de 381.716,49 hect\u00e1reas.  As\u00ed, las nuevas fincas de la ampliaci\u00f3n son terrenos colindantes al parque que son propiedad del Organismo Aut\u00f3nomo Parques Nacionales y de la Fundaci\u00f3n Biodiversidad, que son complementarios de los sistemas naturales representados en el Parque Nacional.\n Con esta ampliaci\u00f3n, se incluye una representaci\u00f3n de un encinar sobre calizas, con su correspondiente sotobosque, una amplia representaci\u00f3n de una dehesa manchega, as\u00ed como diversas tipolog\u00edas de vegetaci\u00f3n de dep\u00f3sitos e\u00f3licos, seg\u00fan el ministerio.  Todos estos ecosistemas est\u00e1n acompa\u00f1ados de su correspondiente fauna, flora y valores geomorfol\u00f3gicos asociados.\n Asimismo, el Ejecutivo considera que esta ampliaci\u00f3n constituye un \"paso fundamental\" para lograr la conservaci\u00f3n del sistema h\u00eddrico completo de las Tablas de Daimiel e incentiva futuras ampliaciones, hasta lograr una superficie homog\u00e9nea y \u00f3ptima para su conservaci\u00f3n.\n El Gobierno destaca tambi\u00e9n que, ante las \"dificultades de conservaci\u00f3n\" del Parque Nacional de las Tablas de Daimiel, debido fundamentalmente a los ciclos clim\u00e1ticos y a la sobreexplotaci\u00f3n del acu\u00edfero del que se alimenta, el Organismo Aut\u00f3nomo de Parques Nacionales ha adquirido desde 2001 fincas y derechos de agua legalmente inscritos en el Parque Nacional y en su zona de protecci\u00f3n.  As\u00ed, hasta el momento se han tramitado 110 expedientes para la adquisici\u00f3n de m\u00e1s de 1.900 hect\u00e1reas y en torno a los 4,4 hect\u00f3metros c\u00fabicos de derechos de agua.\n RED DE PARQUES NACIONALES\nEn 2012, los 14 Parques Nacionales inclu\u00edan una superficie de 346.654,49 hect\u00e1reas, lo que supon\u00eda que el 0,69 por ciento del territorio espa\u00f1ol gozaba de la m\u00e1xima protecci\u00f3n que pueden tener los espacios naturales.\n En 2013, se ha declarado el nuevo Parque Nacional de la Sierra de Guadarrama (33.960 ha) y se ha ampliado el Parque Nacional de las Tablas de Daimiel (1.102,51 ha), lo que supone un incremento de 35.062 hect\u00e1reas en la Red de Parques Nacionales.\n En total, los 15 Parques Nacionales que conforman actualmente la Red suponen un 0,76 por ciento del territorio nacional al sumar una superficie de 381.716,49 hect\u00e1reas, lo que implica un incremento cercano al 10 por ciento de estos espacios protegidos.",
                    "date": "2014-01-10",
                    "eventUri": "154208",
                    "id": "2220773",
                    "isDuplicate": false,
                    "lang": "spa",
                    "sim": 0.8387,
                    "source": {
                        "title": "LanzaDigital",
                        "uri": "www.lanzadigital.com"
                    },
                    "time": "15:59:00",
                    "title": "El Gobierno ampl\u00eda en 1.102 hect\u00e1reas el Parque Nacional de las Tablas de Daimiel",
                    "uri": "149481570",
                    "url": "http://www.lanzadigital.com//actualidad/el_gobierno_amplia_en_1102_hectareas_el_parque_nacional_de_las_tablas_de_daimiel-58630.html",
                    "wgt": 1
                },
                {
                    "body": "El Gobierno ha aprobado la ampliaci\u00f3n de los l\u00edmites del Parque Nacional de las Tablas de Daimiel, (Ciudad Real), el parque m\u00e1s peque\u00f1o de los 15 que existen en Espa\u00f1a, al que ahora se sumar\u00e1n 1.102 hect\u00e1reas m\u00e1s.\n Las nuevas fincas de ampliaci\u00f3n, que se suman a las cerca de 2.000 hect\u00e1reas de terreno con las que ya contaba la zona protegida, son tierras colindantes propiedad del Organismo Aut\u00f3nomo Parques Nacionales y la Fundaci\u00f3n Biodiversidad, que ha dado su autorizaci\u00f3n, seg\u00fan ha se\u00f1alado la vicepresidenta del Gobierno, Soraya S\u00e1enz de Santamar\u00eda, en rueda de prensa posterior al Consejo de Ministros.\n Con esta ampliaci\u00f3n, se incluye una representaci\u00f3n de un encinar sobre calizas, con su correspondiente sotobosque, una amplia representaci\u00f3n de una dehesa manchega, as\u00ed como diversas tipolog\u00edas de vegetaci\u00f3n de dep\u00f3sitos e\u00f3licos, seg\u00fan el Ministerio de Medio Ambiente.  Todos estos ecosistemas est\u00e1n acompa\u00f1ados de su correspondiente fauna, flora y valores geomorfol\u00f3gicos asociados.\n Asimismo, el Ejecutivo considera que esta ampliaci\u00f3n constituye un \"paso fundamental\" para lograr la conservaci\u00f3n del sistema h\u00eddrico completo de las Tablas de Daimiel e incentiva futuras ampliaciones, hasta lograr una superficie homog\u00e9nea y \u00f3ptima para su conservaci\u00f3n.\n El Gobierno destaca tambi\u00e9n que, ante las \"dificultades de conservaci\u00f3n\" del Parque Nacional de las Tablas de Daimiel, debido fundamentalmente a los ciclos clim\u00e1ticos y a la sobreexplotaci\u00f3n del acu\u00edfero del que se alimenta, el Organismo Aut\u00f3nomo de Parques Nacionales ha adquirido desde 2001 fincas y derechos de agua legalmente inscritos en el Parque Nacional y en su zona de protecci\u00f3n.  As\u00ed, hasta el momento se han tramitado 110 expedientes para la adquisici\u00f3n de m\u00e1s de 1.900 hect\u00e1reas y en torno a los 4,4 hect\u00f3metros c\u00fabicos de derechos de agua.\n Las Tablas de Daimiel, con 40 a\u00f1os de vida, fue declarado Parque Nacional en 1973, pero no hab\u00eda sido remodelado desde su reclasificaci\u00f3n en 1980.\n Varias organizaciones ecologistas reclamaban para el parque una mayor ampliaci\u00f3n que incluyera extenderse hasta los Ojos del Guadiana, aunque por el momento no se ha contemplado esa posibilidad.\n Los humedales de las Tablas de Daimiel, \u00fanicos en Europa, son el \u00faltimo representante del ecosistema denominado tablas fluviales, antes caracter\u00edsticos de la zona central de la Pen\u00ednsula.",
                    "date": "2014-01-10",
                    "eventUri": "154208",
                    "id": "2214826",
                    "isDuplicate": false,
                    "lang": "spa",
                    "sim": 0.8031,
                    "source": {
                        "title": "Publico",
                        "uri": "www.publico.es"
                    },
                    "time": "13:39:00",
                    "title": "1.102 hect\u00e1reas m\u00e1s de Parque Nacional en las Tablas de Daimiel",
                    "uri": "149466345",
                    "url": "http://www.publico.es/actualidad/494289/1-102-hectareas-mas-de-parque-nacional-en-las-tablas-de-daimiel",
                    "wgt": 1
                },
                {
                    "body": "Arias Ca\u00f1ete, durante la rueda de prensa posterior al Consejo de Ministros en la que se anunci\u00f3 la ampliaci\u00f3n.  EFE\nEl Gobierno ha aprobado hoy en Consejo de Ministros la ampliaci\u00f3n del Parque Nacional de las Tablas de Daimiel en 1.102 hect\u00e1reas, con lo que este espacio protegido de la provincia de Ciudad Real ocupar\u00e1 a partir de ahora algo m\u00e1s de 3.000 hect\u00e1reas.\n As\u00ed lo ha explicado el ministro de Agricultura, Alimentaci\u00f3n y Medio Ambiente, Miguel Arias Ca\u00f1ete, en la rueda de prensa posterior al Consejo y ha calificado la decisi\u00f3n de \"importante\" porque supondr\u00e1 una mayor protecci\u00f3n de las Tablas.\n Seg\u00fan el Ejecutivo, la ampliaci\u00f3n constituye un \"paso fundamental\" para lograr la conservaci\u00f3n del sistema h\u00eddrico completo de las Tablas e \"incentiva futuras ampliaciones, hasta lograr una superficie homog\u00e9nea y \u00f3ptima para su conservaci\u00f3n\".\n Los terrenos que se suman hoy son propiedad del Organismo Aut\u00f3nomo Parques Nacionales y de la Fundaci\u00f3n Biodiversidad, y suponen la inclusi\u00f3n de una peque\u00f1a pero excelente representaci\u00f3n de un encinar sobre calizas con su correspondiente sotobosque de matorral, tomillar, y pastizal.\n El r\u00edo Cig\u00fcela, a su paso por la zona de protecci\u00f3n del Parque Nacional de las Tablas de Daimiel.  VALLEGAS\nCon la ampliaci\u00f3n, tambi\u00e9n se incluyen a la biodiversidad del parque nuevas especies como el elanio azul, alcot\u00e1n o el sis\u00f3n, entre otras, adem\u00e1s del \u00e1guila imperial ib\u00e9rica, el \u00e1guila culebrera o la avutarda.\n Ante las dificultades de conservaci\u00f3n de este parque, debido fundamentalmente a los ciclos clim\u00e1ticos y a la sobreexplotaci\u00f3n del acu\u00edfero del que se alimenta, el organismo aut\u00f3nomo de Parques Nacionales ha adquirido desde 2001 fincas y derechos de agua legalmente inscritos en el Parque Nacional y en su zona de protecci\u00f3n.\n As\u00ed, y seg\u00fan ha informado hoy el Gobierno, hasta el momento se han tramitado 110 expedientes para la adquisici\u00f3n de m\u00e1s de 1.900 hect\u00e1reas y en torno a los 4,4 hect\u00f3metros c\u00fabicos de derechos de agua.\n Humedal \u00fanico en Europa\nEl parque, que est\u00e1 considerado un humedal \u00fanico en Europa por ser el \u00faltimo representante del ecosistema denominado tablas fluviales, sufri\u00f3 hace a\u00f1os la amenaza de ser desclasificado como Reserva de la Biosfera por parte de la Unesco, debido a la citada sobrexplotaci\u00f3n del acu\u00edfero tras un largo periodo de fuertes sequ\u00edas.\n Pero actualmente se encuentra en un buen momento debido a que la bondad pluviom\u00e9trica de los \u00faltimos a\u00f1os ha impulsado la recuperaci\u00f3n del acu\u00edfero de La Mancha Occidental hasta hacer resurgir los manantiales del r\u00edo desaparecidos hace 30 a\u00f1os.\n Su complejo ecosistema que mezcla las caracter\u00edsticas de una llanura de inundaci\u00f3n con la de un \u00e1rea de descarga de aguas subterr\u00e1neas procedente del citado acu\u00edfero, provoca grandes desbordamientos que llevan emparejados el desarrollo de una potente cubierta vegetal que constituye un excepcional h\u00e1bitat para toda la fauna ligada al medio acu\u00e1tico.\n Este hecho convierte a este espacio en un lugar fundamental para la conservaci\u00f3n de las aves acu\u00e1ticas en Europa.\n Reclamaciones ecologistas\nLas principales ONG ecologistas vienen defendiendo, de momento sin \u00e9xito, una ampliaci\u00f3n del parque m\u00e1s ambiciosa que incluya el r\u00edo Guadiana y los manantiales conocidos como Ojos del Guadiana, para poder cumplir, afirman, con la exigencias de conservaci\u00f3n que demandan las Tablas de Daimiel y el conjunto lacustre del Guadiana.\n Con la ampliaci\u00f3n hoy de las Tablas de Daimiel, que fue declarado parque en 1973, los quince Parques Nacionales que conforman actualmente la Red espa\u00f1ola suponen un 0,76 % del territorio nacional y suman una superficie de 381.716,49 hect\u00e1reas.",
                    "date": "2014-01-10",
                    "eventUri": "154208",
                    "id": "2230593",
                    "isDuplicate": false,
                    "lang": "spa",
                    "sim": 0.7443,
                    "source": {
                        "title": "ELMUNDO",
                        "uri": "www.elmundo.es"
                    },
                    "time": "17:23:00",
                    "title": "Ampl\u00edan en 1.102 hect\u00e1reas el Parque Nacional de las Tablas de Daimiel",
                    "uri": "149504607",
                    "url": "http://www.elmundo.es/espana/2014/01/10/52d0155b268e3ed9278b457f.html",
                    "wgt": 1
                },
                {
                    "body": "El ministro de Agricultura, Alimentaci\u00f3n y Medio Ambiente, Miguel Arias Ca\u00f1ete, durante ...\n Madrid/Ciudad Real, 10 ene (EFE).- - El Gobierno ha aprobado hoy en Consejo de Ministros la ampliaci\u00f3n del Parque Nacional de las Tablas de Daimiel en 1.102 hect\u00e1reas, con lo que este espacio protegido de la provincia de Ciudad Real ocupar\u00e1 a partir de ahora algo m\u00e1s de 3.000 hect\u00e1reas.\n As\u00ed lo ha explicado el ministro de Agricultura, Alimentaci\u00f3n y Medio Ambiente, Miguel Arias Ca\u00f1ete, en la rueda de prensa posterior al Consejo y ha calificado la decisi\u00f3n de \"importante\" porque supondr\u00e1 una mayor protecci\u00f3n de las Tablas.\n Seg\u00fan el Ejecutivo, la ampliaci\u00f3n constituye un \"paso fundamental\" para lograr la conservaci\u00f3n del sistema h\u00eddrico completo de las Tablas e \"incentiva futuras ampliaciones, hasta lograr una superficie homog\u00e9nea y \u00f3ptima para su conservaci\u00f3n\".\n Los terrenos que se suman hoy son propiedad del Organismo Aut\u00f3nomo Parques Nacionales y de la Fundaci\u00f3n Biodiversidad, y suponen la inclusi\u00f3n de una peque\u00f1a pero excelente representaci\u00f3n de un encinar sobre calizas con su correspondiente sotobosque de matorral, tomillar, y pastizal.\n Con la ampliaci\u00f3n, tambi\u00e9n se incluyen a la biodiversidad del parque nuevas especies como el elanio azul, alcot\u00e1n o el sis\u00f3n, entre otras, adem\u00e1s del \u00e1guila imperial ib\u00e9rica, el \u00e1guila culebrera o la avutarda.\n Ante las dificultades de conservaci\u00f3n de este parque, debido fundamentalmente a los ciclos clim\u00e1ticos y a la sobreexplotaci\u00f3n del acu\u00edfero del que se alimenta, el organismo aut\u00f3nomo de Parques Nacionales ha adquirido desde 2001 fincas y derechos de agua legalmente inscritos en el Parque Nacional y en su zona de protecci\u00f3n.\n As\u00ed, y seg\u00fan ha informado hoy el Gobierno, hasta el momento se han tramitado 110 expedientes para la adquisici\u00f3n de m\u00e1s de 1.900 hect\u00e1reas y en torno a los 4,4 hect\u00f3metros c\u00fabicos de derechos de agua.\n El parque, que est\u00e1 considerado un humedal \u00fanico en Europa por ser el \u00faltimo representante del ecosistema denominado tablas fluviales, sufri\u00f3 hace a\u00f1os la amenaza de ser desclasificado como Reserva de la Biosfera por parte de la Unesco, debido a la citada sobrexplotaci\u00f3n del acu\u00edfero tras un largo periodo de fuertes sequ\u00edas.\n Pero actualmente se encuentra en un buen momento debido a que la bondad pluviom\u00e9trica de los \u00faltimos a\u00f1os ha impulsado la recuperaci\u00f3n del acu\u00edfero de La Mancha Occidental hasta hacer resurgir los manantiales del r\u00edo desaparecidos hace 30 a\u00f1os.\n Su complejo ecosistema que mezcla las caracter\u00edsticas de una llanura de inundaci\u00f3n con la de un \u00e1rea de descarga de aguas subterr\u00e1neas procedente del citado acu\u00edfero, provoca grandes desbordamientos que llevan emparejados el desarrollo de una potente cubierta vegetal que constituye un excepcional h\u00e1bitat para toda la fauna ligada al medio acu\u00e1tico.\n Este hecho convierte a este espacio en un lugar fundamental para la conservaci\u00f3n de las aves acu\u00e1ticas en Europa.\n Las principales ONG ecologistas vienen defendiendo, de momento sin \u00e9xito, una ampliaci\u00f3n del parque m\u00e1s ambiciosa que incluya el r\u00edo Guadiana y los manantiales conocidos como Ojos del Guadiana, para poder cumplir, afirman, con la exigencias de conservaci\u00f3n que demandan las Tablas de Daimiel y el conjunto lacustre del Guadiana.\n Con la ampliaci\u00f3n hoy de las Tablas de Daimiel, que fue declarado parque en 1973, los quince Parques Nacionales que conforman actualmente la Red espa\u00f1ola suponen un 0,76 % del territorio nacional y suman una superficie de 381.716,49 hect\u00e1reas.",
                    "date": "2014-01-10",
                    "eventUri": "154208",
                    "id": "2219883",
                    "isDuplicate": false,
                    "lang": "spa",
                    "sim": 0.7373,
                    "source": {
                        "title": "es.noticias.yahoo.com",
                        "uri": "es.noticias.yahoo.com"
                    },
                    "time": "15:49:00",
                    "title": "El Parque Nacional de las Tablas de Daimiel se ampl\u00eda en 1.102 hect\u00e1reas",
                    "uri": "149479145",
                    "url": "http://es.noticias.yahoo.com/parque-nacional-tablas-daimiel-ampl%C3%ADa-1-102-hect%C3%A1reas-144532696.html",
                    "wgt": 1
                },
                {
                    "body": "MADRID (Reuters) - El Gobierno ampli\u00f3 el viernes los l\u00edmites del Parque Nacional de las Tablas de Daimiel hasta las 3.000 hect\u00e1reas, en un intento de proteger uno de los principales humedales de Espa\u00f1a que ha visto revivir en los \u00faltimos a\u00f1os su esplendor tras d\u00e9cadas de sequ\u00eda.\n El parque castellanomanchego, que ha sido ampliado en 1.102 hect\u00e1reas, cuenta con una importante representaci\u00f3n de fauna y flora de los ecosistema h\u00famedos, lo que llev\u00f3 a que hace 40 a\u00f1os se le incluyera en la red de Parques Nacionales.\n La decisi\u00f3n supone un paso fundamental para lograr la conservaci\u00f3n del sistema h\u00eddrico completo de las Tablas de Daimiel e incentiva futuras ampliaciones para lograr una superficie homog\u00e9nea y \u00f3ptima para su conservaci\u00f3n, seg\u00fan explic\u00f3 el ministro de Medio Ambiente, Miguel Arias Ca\u00f1ete, en la rueda de prensa posterior al Consejo de Ministros.\n La superficie ampliada cuenta con encinar sobre calizas con su correspondiente sotobosque, una representaci\u00f3n de una dehesa manchega, as\u00ed como diversas tipolog\u00edas de vegetaci\u00f3n de dep\u00f3sitos e\u00f3licos y todos estos ecosistemas est\u00e1n acompa\u00f1ados de su correspondiente fauna, flora y valores meteorol\u00f3gicos asociados, seg\u00fan las referencias del Consejo de Ministros.\n Los 15 Parques Nacionales con los que cuenta Espa\u00f1a, incluido el recientemente designado de la Sierra de Guadarrama, en Madrid y Segovia, representan una superficie de 381.716,49 hect\u00e1reas, un 0,76 por ciento del territorio del pa\u00eds, lo que seg\u00fan el ministro sit\u00faa a Espa\u00f1a entre los pa\u00edses con m\u00e1s \u00e1rea protegida.",
                    "date": "2014-01-10",
                    "eventUri": "154208",
                    "id": "2225587",
                    "isDuplicate": false,
                    "lang": "spa",
                    "sim": 0.6658,
                    "source": {
                        "title": "es.noticias.yahoo.com",
                        "uri": "es.noticias.yahoo.com"
                    },
                    "time": "16:38:00",
                    "title": "Aprobada la ampliaci\u00f3n del Parque Nacional de las Tablas de Daimiel",
                    "uri": "149492669",
                    "url": "http://es.noticias.yahoo.com/aprobada-la-ampliaci%C3%B3n-del-parque-nacional-las-tablas-153731030.html",
                    "wgt": 1
                },
                {
                    "body": "La consejera de Agricultura de Castilla-La Mancha, Mar\u00eda Luisa Soriano, ha afirmado este viernes que \"el Parque Nacional de las Tablas de Daimiel es uno de los ecosistemas m\u00e1s valiosos del mundo, perteneciente a la Mancha H\u00fameda, y la ampliaci\u00f3n de sus l\u00edmites contribuir\u00e1 a protegerlo y ponerlo en valor\".\n As\u00ed se ha referido Soriano a la decisi\u00f3n del Consejo de Ministros de Espa\u00f1a, que ha aprobado ampliar este Parque Nacional ubicado en la provincia de Ciudad Real en m\u00e1s de 1.102 hect\u00e1reas, propiedad del organismo aut\u00f3nomo Parques Nacionales excepto una peque\u00f1a parcela titularidad de la Fundaci\u00f3n Biodiversidad, seg\u00fan ha informado la Junta en nota de prensa.\n Soriano ha valorado de forma \"muy positiva\" esta medida, que ha contado con el respaldo y el impulso del Gobierno regional y que, de hecho, el Ejecutivo nacional ha tomado a propuesta de la Comisi\u00f3n Mixta que gestiona Tablas de Daimiel, compuesta de forma paritaria por representantes del Ministerio y de la Consejer\u00eda de Agricultura.\n La titular de Agricultura ha apuntado que la nueva superficie \"incorpora sistemas naturales valiosos, algunos de los cuales no estaban presentes en el Parque, como las dehesas de encinas\".  Adem\u00e1s, se ha mostrado convencida de que con esta iniciativa \"se da un nuevo empuje al Parque Nacional, que adem\u00e1s de ser un gran pulm\u00f3n para Castilla-La Mancha tiene un gran valor tur\u00edstico, lo que incide de forma directa sobre la econom\u00eda y el empleo de la zona\".",
                    "date": "2014-01-10",
                    "eventUri": "154208",
                    "id": "2225217",
                    "isDuplicate": false,
                    "lang": "spa",
                    "sim": 0.5233,
                    "source": {
                        "title": "www.lavozlibre.com",
                        "uri": "www.lavozlibre.com"
                    },
                    "time": "16:35:00",
                    "title": "C-LM celebra la ampliaci\u00f3n de Tablas de Daimiel por ayudar a conservar \"uno de los ecosistemas m\u00e1s valiosos del mundo\"",
                    "uri": "149491324",
                    "url": "http://www.lavozlibre.com/noticias/ampliar/862057/c-lm-celebra-la-ampliacion-de-tablas-de-daimiel-por-ayudar-a-conservar-uno-de-los-ecosistemas-mas-valiosos-del-mundo",
                    "wgt": 1
                }
            ]
        },
        "info": {
            "articleCount": 9,
            "averageDate": "2014-01-10",
            "avgCos": 0.6384,
            "categories": [],
            "customDate": false,
            "customLocation": false,
            "eventUri": "154208",
            "extractedDate": "",
            "extractedDateEnd": "",
            "id": "154208",
            "lang": "spa",
            "location": {
                "country": {
                    "labelEng": "Spain",
                    "lat": 40,
                    "long": -4,
                    "wikiUri": "http://en.wikipedia.org/wiki/Spain"
                },
                "labelEng": "Daimiel",
                "lat": 39.07004,
                "long": -3.61498,
                "wikiUri": "http://en.wikipedia.org/wiki/Daimiel"
            },
            "storyDate": "2014-01-10",
            "storyDateEnd": "",
            "uri": "e7e700df-6a06-44ea-a4f3-f736278fc36b-47401",
            "variance": 0.3146
        }
    },
    "meta": {
        "CCAArticleMatchCount": 7,
        "CCAArticleMatchRatio": 0.1707317073170732,
        "CCAAvgCosSim": 0.7001642857142857,
        "CCAAvgMatchWgt": 26.85714285714286,
        "_articleUri1": "149708106",
        "_articleUri2": "149477686",
        "_datetime": "2015-02-19 18:48:41",
        "_ruleBasedShouldMerge": false,
        "_storyUri1": "850f305d-14db-4c75-b547-79470a557ea3-73264",
        "_storyUri2": "e7e700df-6a06-44ea-a4f3-f736278fc36b-47401",
        "_username": "Evgenia Belyaeva",
        "artCount1": 4,
        "artCount2": 9,
        "avgCosSimStory1": 0.4305,
        "avgCosSimStory2": 0.6384,
        "categorySim": 0,
        "conceptCosSim": 0.003523194733055967,
        "conceptJaccardSim": 0.02083333333333333,
        "coreTime1": 122979.7,
        "coreTime2": 122965.3666666667,
        "coreTimeStDev1": 28.7292494560079,
        "coreTimeStDev2": 1.258668161922549,
        "entityCosSim": 0,
        "entityJaccardSim": 0,
        "extractedDateJaccardSim": 0,
        "extractedDatesStory1": 0,
        "extractedDatesStory2": 2,
        "hasSameLocation": -1,
        "keywordCosSim": 0.005030539756029399,
        "keywordJaccardSim": 0.03448275862068966,
        "lang1": "eng",
        "lang2": "spa",
        "matchingDateCount": 0,
        "matchingDateRatio": 0,
        "ratioAnnotatedArticlesStory1": 1,
        "ratioAnnotatedArticlesStory2": 1,
        "shouldMerge": false,
        "storyQuality1": 5,
        "storyQuality2": 16,
        "timeAvg1": 122999.8625,
        "timeAvg2": 122967.6703703704,
        "timeStDev1": 28.7292494560079,
        "timeStDev2": 1.258668161922549,
        "varianceStory1": 0.3147,
        "varianceStory2": 0.3146
    }
}